ISO-10303-21;
HEADER;
/* Generated by software containing ST-Developer
 * from STEP Tools, Inc. (www.steptools.com) 
 */
/* OPTION: using custom renumber hook */

FILE_DESCRIPTION(
/* description */ ('STEP AP242 Edition 2',
'CAx-IF Rec.Pracs.---Representation and Presentation of Product Manufa
cturing Information (PMI)---4.0---2014-10-13',
'CAx-IF Rec.Pracs.---3D Tessellated Geometry---0.4---2014-09-14','2;1',
'CAx-IF Rec.Pracs.---User Defined Attributes---1.5---2016-08-15'),
/* implementation_level */ '2;1');

FILE_NAME(
/* name */ 'Part Studio 1',
/* time_stamp */ '2026-08-13T19:21:45Z',
/* author */ (''),
/* organization */ (''),
/* preprocessor_version */ 'ST-DEVELOPER v20',
/* originating_system */ 'ONSHAPE BY PTC INC, 1.219',
/* authorisation */ '  ');

FILE_SCHEMA (('AP242_MANAGED_MODEL_BASED_3D_ENGINEERING_MIM_LF { 1 0 10303 442 3 1 4 }'));
ENDSEC;

DATA;
#10=SHAPE_REPRESENTATION_RELATIONSHIP('','',#6018,#11);
#11=ADVANCED_BREP_SHAPE_REPRESENTATION('',(#6016),#13868);
#12=CONICAL_SURFACE('',#6225,0.245298072887973,0.0499583957219428);
#13=CIRCLE('',#6028,0.244798072887973);
#14=CIRCLE('',#6029,0.244798072887973);
#15=CIRCLE('',#6031,0.246798072887973);
#16=CIRCLE('',#6032,0.0126547850557921);
#17=CIRCLE('',#6033,0.0126995716790858);
#18=CIRCLE('',#6034,0.00427207146991824);
#19=CIRCLE('',#6035,0.0037173157474158);
#20=CIRCLE('',#6036,0.00365830947004647);
#21=CIRCLE('',#6037,0.232798072887975);
#22=CIRCLE('',#6038,0.0147170394);
#23=CIRCLE('',#6039,0.0147170458762264);
#24=CIRCLE('',#6040,0.0147170458762264);
#25=CIRCLE('',#6041,0.0147170458762264);
#26=CIRCLE('',#6042,0.0038158318263594);
#27=CIRCLE('',#6043,0.00511384853458098);
#28=CIRCLE('',#6044,0.00487287980718908);
#29=CIRCLE('',#6045,0.00261593345427079);
#30=CIRCLE('',#6046,0.00260246638731858);
#31=CIRCLE('',#6047,0.00280917348493365);
#32=CIRCLE('',#6048,0.001619107748207);
#33=CIRCLE('',#6050,0.245298072887973);
#34=CIRCLE('',#6051,0.246798072887973);
#35=CIRCLE('',#6089,0.0126547850557921);
#36=CIRCLE('',#6100,0.0037173157474158);
#37=CIRCLE('',#6102,0.00365830947004647);
#38=CIRCLE('',#6105,0.232798072887975);
#39=CIRCLE('',#6108,0.0147170394);
#40=CIRCLE('',#6113,0.0147170458762264);
#41=CIRCLE('',#6116,0.0147170458762264);
#42=CIRCLE('',#6128,0.00511384853458098);
#43=CIRCLE('',#6130,0.00487287980718908);
#44=CIRCLE('',#6133,0.00261593345427079);
#45=CIRCLE('',#6135,0.00260246638731858);
#46=CIRCLE('',#6138,0.00280917348493365);
#47=CIRCLE('',#6159,0.001619107748207);
#48=CIRCLE('',#6197,0.0126995716790858);
#49=CIRCLE('',#6199,0.00427207146991824);
#50=CIRCLE('',#6202,0.0147170458762264);
#51=CIRCLE('',#6206,0.0038158318263594);
#52=CYLINDRICAL_SURFACE('',#6027,0.244798072887973);
#53=CYLINDRICAL_SURFACE('',#6059,0.246798072887973);
#54=CYLINDRICAL_SURFACE('',#6088,0.0126547850557921);
#55=CYLINDRICAL_SURFACE('',#6099,0.0037173157474158);
#56=CYLINDRICAL_SURFACE('',#6101,0.00365830947004647);
#57=CYLINDRICAL_SURFACE('',#6104,0.232798072887975);
#58=CYLINDRICAL_SURFACE('',#6107,0.0147170394);
#59=CYLINDRICAL_SURFACE('',#6112,0.0147170458762264);
#60=CYLINDRICAL_SURFACE('',#6115,0.0147170458762264);
#61=CYLINDRICAL_SURFACE('',#6127,0.00511384853458098);
#62=CYLINDRICAL_SURFACE('',#6129,0.00487287980718908);
#63=CYLINDRICAL_SURFACE('',#6132,0.00261593345427079);
#64=CYLINDRICAL_SURFACE('',#6134,0.00260246638731858);
#65=CYLINDRICAL_SURFACE('',#6137,0.00280917348493365);
#66=CYLINDRICAL_SURFACE('',#6158,0.001619107748207);
#67=CYLINDRICAL_SURFACE('',#6196,0.0126995716790858);
#68=CYLINDRICAL_SURFACE('',#6198,0.00427207146991824);
#69=CYLINDRICAL_SURFACE('',#6201,0.0147170458762264);
#70=CYLINDRICAL_SURFACE('',#6205,0.0038158318263594);
#71=PLANE('',#6020);
#72=PLANE('',#6021);
#73=PLANE('',#6022);
#74=PLANE('',#6023);
#75=PLANE('',#6024);
#76=PLANE('',#6025);
#77=PLANE('',#6026);
#78=PLANE('',#6030);
#79=PLANE('',#6049);
#80=PLANE('',#6052);
#81=PLANE('',#6053);
#82=PLANE('',#6054);
#83=PLANE('',#6055);
#84=PLANE('',#6056);
#85=PLANE('',#6057);
#86=PLANE('',#6058);
#87=PLANE('',#6060);
#88=PLANE('',#6061);
#89=PLANE('',#6062);
#90=PLANE('',#6063);
#91=PLANE('',#6064);
#92=PLANE('',#6065);
#93=PLANE('',#6066);
#94=PLANE('',#6067);
#95=PLANE('',#6068);
#96=PLANE('',#6069);
#97=PLANE('',#6070);
#98=PLANE('',#6071);
#99=PLANE('',#6072);
#100=PLANE('',#6073);
#101=PLANE('',#6074);
#102=PLANE('',#6075);
#103=PLANE('',#6076);
#104=PLANE('',#6077);
#105=PLANE('',#6078);
#106=PLANE('',#6079);
#107=PLANE('',#6080);
#108=PLANE('',#6081);
#109=PLANE('',#6082);
#110=PLANE('',#6083);
#111=PLANE('',#6084);
#112=PLANE('',#6085);
#113=PLANE('',#6086);
#114=PLANE('',#6087);
#115=PLANE('',#6090);
#116=PLANE('',#6091);
#117=PLANE('',#6092);
#118=PLANE('',#6093);
#119=PLANE('',#6094);
#120=PLANE('',#6095);
#121=PLANE('',#6096);
#122=PLANE('',#6097);
#123=PLANE('',#6098);
#124=PLANE('',#6103);
#125=PLANE('',#6106);
#126=PLANE('',#6109);
#127=PLANE('',#6110);
#128=PLANE('',#6111);
#129=PLANE('',#6114);
#130=PLANE('',#6117);
#131=PLANE('',#6118);
#132=PLANE('',#6119);
#133=PLANE('',#6120);
#134=PLANE('',#6121);
#135=PLANE('',#6122);
#136=PLANE('',#6123);
#137=PLANE('',#6124);
#138=PLANE('',#6125);
#139=PLANE('',#6126);
#140=PLANE('',#6131);
#141=PLANE('',#6136);
#142=PLANE('',#6139);
#143=PLANE('',#6140);
#144=PLANE('',#6141);
#145=PLANE('',#6142);
#146=PLANE('',#6143);
#147=PLANE('',#6144);
#148=PLANE('',#6145);
#149=PLANE('',#6146);
#150=PLANE('',#6147);
#151=PLANE('',#6148);
#152=PLANE('',#6149);
#153=PLANE('',#6150);
#154=PLANE('',#6151);
#155=PLANE('',#6152);
#156=PLANE('',#6153);
#157=PLANE('',#6154);
#158=PLANE('',#6155);
#159=PLANE('',#6156);
#160=PLANE('',#6157);
#161=PLANE('',#6160);
#162=PLANE('',#6161);
#163=PLANE('',#6162);
#164=PLANE('',#6163);
#165=PLANE('',#6164);
#166=PLANE('',#6165);
#167=PLANE('',#6166);
#168=PLANE('',#6167);
#169=PLANE('',#6168);
#170=PLANE('',#6169);
#171=PLANE('',#6170);
#172=PLANE('',#6171);
#173=PLANE('',#6172);
#174=PLANE('',#6173);
#175=PLANE('',#6174);
#176=PLANE('',#6175);
#177=PLANE('',#6176);
#178=PLANE('',#6177);
#179=PLANE('',#6178);
#180=PLANE('',#6179);
#181=PLANE('',#6180);
#182=PLANE('',#6181);
#183=PLANE('',#6182);
#184=PLANE('',#6183);
#185=PLANE('',#6184);
#186=PLANE('',#6185);
#187=PLANE('',#6186);
#188=PLANE('',#6187);
#189=PLANE('',#6188);
#190=PLANE('',#6189);
#191=PLANE('',#6190);
#192=PLANE('',#6191);
#193=PLANE('',#6192);
#194=PLANE('',#6193);
#195=PLANE('',#6194);
#196=PLANE('',#6195);
#197=PLANE('',#6200);
#198=PLANE('',#6203);
#199=PLANE('',#6204);
#200=PLANE('',#6207);
#201=PLANE('',#6208);
#202=PLANE('',#6209);
#203=PLANE('',#6210);
#204=PLANE('',#6211);
#205=PLANE('',#6212);
#206=PLANE('',#6213);
#207=PLANE('',#6214);
#208=PLANE('',#6215);
#209=PLANE('',#6216);
#210=PLANE('',#6217);
#211=PLANE('',#6218);
#212=PLANE('',#6219);
#213=PLANE('',#6220);
#214=PLANE('',#6221);
#215=PLANE('',#6222);
#216=PLANE('',#6223);
#217=PLANE('',#6224);
#218=B_SPLINE_CURVE_WITH_KNOTS('',3,(#7210,#7211,#7212,#7213),
 .UNSPECIFIED.,.F.,.F.,(4,4),(0.,1.),.UNSPECIFIED.);
#219=B_SPLINE_CURVE_WITH_KNOTS('',3,(#7217,#7218,#7219,#7220),
 .UNSPECIFIED.,.F.,.F.,(4,4),(0.,0.000819301801572272),.UNSPECIFIED.);
#220=B_SPLINE_CURVE_WITH_KNOTS('',3,(#7327,#7328,#7329,#7330,#7331,#7332,
#7333,#7334,#7335,#7336,#7337,#7338,#7339,#7340,#7341,#7342,#7343,#7344,
#7345,#7346,#7347,#7348,#7349,#7350,#7351,#7352,#7353,#7354,#7355,#7356,
#7357,#7358,#7359,#7360,#7361),.UNSPECIFIED.,.F.,.F.,(4,1,1,1,1,1,1,1,1,
1,1,1,1,1,1,1,1,1,1,1,1,1,1,1,1,1,1,1,1,1,1,1,4),(0.,0.03125,0.0625,0.09375,
0.125,0.15625,0.1875,0.21875,0.25,0.28125,0.3125,0.375,0.4375,0.5,0.5625,
0.625,0.65625,0.6875,0.71875,0.734375,0.75,0.765625,0.78125,0.796875,0.8125,
0.828125,0.84375,0.859375,0.875,0.90625,0.9375,0.96875,1.),
 .UNSPECIFIED.);
#221=B_SPLINE_CURVE_WITH_KNOTS('',3,(#7365,#7366,#7367,#7368,#7369,#7370,
#7371,#7372,#7373,#7374,#7375,#7376,#7377,#7378,#7379,#7380,#7381,#7382,
#7383,#7384,#7385,#7386,#7387,#7388,#7389,#7390,#7391,#7392,#7393),
 .UNSPECIFIED.,.F.,.F.,(4,1,1,1,1,1,1,1,1,1,1,1,1,1,1,1,1,1,1,1,1,1,1,1,
1,1,4),(0.,0.00244557822105454,0.00366836733158182,0.00489115644210909,
0.00611394555263636,0.00733673466316363,0.00855952377369091,0.00978231288421818,
0.0110051019947455,0.0122278911052727,0.0146734693263273,0.0171190475473818,
0.0195646257684364,0.0220102039894909,0.0244557822105454,0.0256785713210727,
0.0269013604316,0.0281241495421273,0.0293469386526545,0.0305697277631818,
0.0317925168737091,0.0330153059842364,0.0336267005395,0.0342380950947636,
0.0354608842052909,0.0366836733158182,0.0391292515368727),.UNSPECIFIED.);
#222=B_SPLINE_CURVE_WITH_KNOTS('',3,(#7505,#7506,#7507,#7508,#7509,#7510,
#7511,#7512,#7513,#7514,#7515,#7516,#7517,#7518,#7519,#7520,#7521,#7522,
#7523,#7524,#7525,#7526,#7527,#7528,#7529,#7530,#7531,#7532,#7533,#7534,
#7535,#7536,#7537,#7538,#7539,#7540,#7541,#7542,#7543,#7544,#7545),
 .UNSPECIFIED.,.F.,.F.,(4,1,1,1,1,1,1,1,1,1,1,1,1,1,1,1,1,1,1,1,1,1,1,1,
1,1,1,1,1,1,1,1,1,1,1,1,1,1,4),(0.,0.015625,0.03125,0.0625,0.09375,0.125,
0.1875,0.25,0.3125,0.34375,0.375,0.40625,0.421875,0.4375,0.453125,0.46875,
0.484375,0.5,0.515625,0.53125,0.546875,0.5625,0.59375,0.625,0.65625,0.6875,
0.71875,0.734375,0.75,0.765625,0.78125,0.796875,0.8125,0.828125,0.84375,
0.875,0.90625,0.9375,1.),.UNSPECIFIED.);
#223=B_SPLINE_CURVE_WITH_KNOTS('',3,(#7549,#7550,#7551,#7552,#7553,#7554,
#7555,#7556,#7557,#7558,#7559,#7560,#7561,#7562,#7563,#7564,#7565,#7566,
#7567,#7568,#7569,#7570,#7571,#7572,#7573,#7574,#7575,#7576,#7577,#7578),
 .UNSPECIFIED.,.F.,.F.,(4,1,1,1,1,1,1,1,1,1,1,1,1,1,1,1,1,1,1,1,1,1,1,1,
1,1,1,4),(3.87895961444886E-18,0.00040869116190142,0.000817382323802836,
0.00163476464760567,0.00326952929521133,0.004904293942817,0.00653905859042266,
0.00817382323802833,0.00899120556183116,0.00980858788563399,0.0102172790475354,
0.0106259702094368,0.0110346613713382,0.0114433525332397,0.0122607348570425,
0.0130781171808453,0.0138954995046482,0.014712881828451,0.0163476464760567,
0.0179824111236623,0.0187997934474652,0.019617175771268,0.0204345580950708,
0.0212519404188736,0.0220693227426765,0.0228867050664793,0.024521469714085,
0.0261562343616906),.UNSPECIFIED.);
#224=B_SPLINE_CURVE_WITH_KNOTS('',3,(#7624,#7625,#7626,#7627,#7628,#7629,
#7630,#7631,#7632,#7633,#7634,#7635),.UNSPECIFIED.,.F.,.F.,(4,1,1,1,1,1,
1,1,1,4),(0.,0.0625,0.125,0.25,0.375,0.5,0.625,0.75,0.875,1.),
 .UNSPECIFIED.);
#225=B_SPLINE_CURVE_WITH_KNOTS('',3,(#7639,#7640,#7641,#7642,#7643,#7644,
#7645,#7646),.UNSPECIFIED.,.F.,.F.,(4,1,1,1,1,4),(1.65263710547239E-15,
0.000645760324238045,0.00129152064847444,0.00258304129694722,0.00387456194542001,
0.00516608259389279),.UNSPECIFIED.);
#226=B_SPLINE_CURVE_WITH_KNOTS('',3,(#7706,#7707,#7708,#7709,#7710,#7711,
#7712,#7713,#7714,#7715,#7716,#7717,#7718,#7719,#7720,#7721,#7722,#7723,
#7724,#7725,#7726,#7727),.UNSPECIFIED.,.F.,.F.,(4,1,1,1,1,1,1,1,1,1,1,1,
1,1,1,1,1,1,1,4),(0.,0.0625,0.125,0.1875,0.25,0.3125,0.375,0.5,0.5625,0.625,
0.6875,0.75,0.8125,0.875,0.90625,0.9375,0.953125,0.96875,0.984375,1.),
 .UNSPECIFIED.);
#227=B_SPLINE_CURVE_WITH_KNOTS('',3,(#7731,#7732,#7733,#7734,#7735,#7736,
#7737,#7738,#7739,#7740,#7741,#7742,#7743,#7744,#7745,#7746),
 .UNSPECIFIED.,.F.,.F.,(4,1,1,1,1,1,1,1,1,1,1,1,1,4),(0.,0.00024916861306857,
0.00049833722613714,0.00099667445227428,0.00199334890454856,0.00299002335682284,
0.00398669780909712,0.00598004671364568,0.00797339561819424,0.0099667445227428,
0.0119600934272914,0.0139534423318399,0.0149501167841142,0.0159467912363885),
 .UNSPECIFIED.);
#228=B_SPLINE_CURVE_WITH_KNOTS('',3,(#7794,#7795,#7796,#7797,#7798,#7799,
#7800,#7801,#7802,#7803,#7804,#7805,#7806,#7807,#7808,#7809,#7810,#7811,
#7812),.UNSPECIFIED.,.F.,.F.,(4,1,1,1,1,1,1,1,1,1,1,1,1,1,1,1,4),(0.,0.03125,
0.0625,0.125,0.1875,0.25,0.375,0.5,0.625,0.6875,0.75,0.8125,0.875,0.90625,
0.9375,0.96875,1.),.UNSPECIFIED.);
#229=B_SPLINE_CURVE_WITH_KNOTS('',3,(#7813,#7814,#7815,#7816,#7817,#7818,
#7819,#7820,#7821,#7822,#7823,#7824,#7825),.UNSPECIFIED.,.F.,.F.,(4,1,1,
1,1,1,1,1,1,1,4),(0.,0.000673047923512733,0.00134609584702547,0.0020191437705382,
0.00269219169405093,0.0040382875410764,0.00538438338810186,0.00673047923512733,
0.0080765750821528,0.00942267092917826,0.0107687667762037),
 .UNSPECIFIED.);
#230=B_SPLINE_CURVE_WITH_KNOTS('',3,(#7849,#7850,#7851,#7852,#7853,#7854,
#7855,#7856,#7857,#7858),.UNSPECIFIED.,.F.,.F.,(4,1,1,1,1,1,1,4),(0.,0.0625,
0.125,0.1875,0.25,0.375,0.5,1.),.UNSPECIFIED.);
#231=B_SPLINE_CURVE_WITH_KNOTS('',3,(#7862,#7863,#7864,#7865,#7866,#7867,
#7868),.UNSPECIFIED.,.F.,.F.,(4,1,1,1,4),(0.,0.000867917323565424,0.00173583464713085,
0.00260375197069627,0.0034716692942617),.UNSPECIFIED.);
#232=B_SPLINE_CURVE_WITH_KNOTS('',3,(#7957,#7958,#7959,#7960,#7961,#7962,
#7963,#7964,#7965,#7966,#7967,#7968,#7969,#7970,#7971,#7972,#7973,#7974,
#7975,#7976,#7977,#7978,#7979,#7980,#7981,#7982,#7983,#7984,#7985,#7986),
 .UNSPECIFIED.,.F.,.F.,(4,1,1,1,1,1,1,1,1,1,1,1,1,1,1,1,1,1,1,1,1,1,1,1,
1,1,1,4),(0.,0.03125,0.0625,0.09375,0.109375,0.125,0.140625,0.15625,0.1875,
0.25,0.3125,0.375,0.4375,0.5,0.5625,0.59375,0.625,0.6875,0.71875,0.75,0.78125,
0.8125,0.84375,0.875,0.90625,0.9375,0.96875,1.),.UNSPECIFIED.);
#233=B_SPLINE_CURVE_WITH_KNOTS('',3,(#7990,#7991,#7992,#7993,#7994,#7995,
#7996,#7997,#7998,#7999,#8000,#8001,#8002,#8003,#8004,#8005,#8006,#8007,
#8008,#8009,#8010,#8011,#8012,#8013,#8014),.UNSPECIFIED.,.F.,.F.,(4,1,1,
1,1,1,1,1,1,1,1,1,1,1,1,1,1,1,1,1,1,1,4),(0.,0.00117374026032541,0.00234748052065082,
0.00352122078097623,0.00469496104130164,0.00586870130162705,0.00704244156195246,
0.00938992208260328,0.0117374026032541,0.0140848831239049,0.0164323636445557,
0.0187798441652066,0.0211273246858574,0.0234748052065082,0.025822285727159,
0.0281697662478098,0.0305172467684606,0.0316909870287861,0.0328647272891115,
0.0340384675494369,0.0352122078097623,0.0363859480700877,0.0375596883304131),
 .UNSPECIFIED.);
#234=B_SPLINE_CURVE_WITH_KNOTS('',3,(#8023,#8024,#8025,#8026),
 .UNSPECIFIED.,.F.,.F.,(4,4),(0.,1.),.UNSPECIFIED.);
#235=B_SPLINE_CURVE_WITH_KNOTS('',3,(#8030,#8031,#8032,#8033),
 .UNSPECIFIED.,.F.,.F.,(4,4),(0.,0.0001374701984384),.UNSPECIFIED.);
#236=B_SPLINE_CURVE_WITH_KNOTS('',3,(#8054,#8055,#8056,#8057,#8058,#8059,
#8060,#8061,#8062),.UNSPECIFIED.,.F.,.F.,(4,1,1,1,1,1,4),(0.,0.25,0.5,0.625,
0.75,0.875,1.),.UNSPECIFIED.);
#237=B_SPLINE_CURVE_WITH_KNOTS('',3,(#8066,#8067,#8068,#8069,#8070,#8071,
#8072,#8073),.UNSPECIFIED.,.F.,.F.,(4,1,1,1,1,4),(0.,0.000546708676646275,
0.00109341735329255,0.00136677169161569,0.00164012602993883,0.0021868347065851),
 .UNSPECIFIED.);
#238=B_SPLINE_CURVE_WITH_KNOTS('',3,(#8122,#8123,#8124,#8125,#8126,#8127,
#8128,#8129,#8130,#8131),.UNSPECIFIED.,.F.,.F.,(4,1,1,1,1,1,1,4),(0.,0.25,
0.5,0.625,0.75,0.8125,0.875,1.),.UNSPECIFIED.);
#239=B_SPLINE_CURVE_WITH_KNOTS('',3,(#8135,#8136,#8137,#8138,#8139,#8140,
#8141,#8142),.UNSPECIFIED.,.F.,.F.,(4,1,1,1,1,4),(0.,0.00139589225663267,
0.00279178451326533,0.004187676769898,0.00488562289821433,0.00558356902653067),
 .UNSPECIFIED.);
#240=B_SPLINE_CURVE_WITH_KNOTS('',3,(#8146,#8147,#8148,#8149),
 .UNSPECIFIED.,.F.,.F.,(4,4),(0.5249343832021,0.832020997375328),
 .UNSPECIFIED.);
#241=B_SPLINE_CURVE_WITH_KNOTS('',3,(#8192,#8193,#8194,#8195,#8196,#8197,
#8198,#8199,#8200,#8201,#8202,#8203,#8204,#8205,#8206,#8207,#8208,#8209),
 .UNSPECIFIED.,.F.,.F.,(4,1,1,1,1,1,1,1,1,1,1,1,1,1,1,4),(0.,0.03125,0.0625,
0.125,0.1875,0.25,0.3125,0.375,0.5,0.5625,0.625,0.6875,0.75,0.8125,0.875,
1.),.UNSPECIFIED.);
#242=B_SPLINE_CURVE_WITH_KNOTS('',3,(#8210,#8211,#8212,#8213,#8214,#8215,
#8216,#8217,#8218,#8219,#8220,#8221,#8222,#8223,#8224),.UNSPECIFIED.,.F.,
 .F.,(4,1,1,1,1,1,1,1,1,1,1,1,4),(0.,0.00208832894917964,0.00417665789835928,
0.00522082237294909,0.00626498684753891,0.00835331579671855,0.0104416447458982,
0.0125299736950778,0.0135741381696676,0.0146183026442575,0.0156624671188473,
0.0161845493561422,0.0167066315934371),.UNSPECIFIED.);
#243=B_SPLINE_CURVE_WITH_KNOTS('',3,(#8236,#8237,#8238,#8239),
 .UNSPECIFIED.,.F.,.F.,(4,4),(1.72791039930335E-6,0.999998693734721),
 .UNSPECIFIED.);
#244=B_SPLINE_CURVE_WITH_KNOTS('',3,(#8243,#8244,#8245,#8246),
 .UNSPECIFIED.,.F.,.F.,(4,4),(1.99847673472452E-15,0.000200918351158982),
 .UNSPECIFIED.);
#245=B_SPLINE_CURVE_WITH_KNOTS('',3,(#8316,#8317,#8318,#8319,#8320,#8321,
#8322,#8323,#8324,#8325,#8326,#8327,#8328,#8329,#8330,#8331,#8332,#8333,
#8334,#8335),.UNSPECIFIED.,.F.,.F.,(4,1,1,1,1,1,1,1,1,1,1,1,1,1,1,1,1,4),
(0.,0.0625,0.125,0.25,0.3125,0.375,0.5,0.625,0.75,0.78125,0.8125,0.84375,
0.875,0.90625,0.921875,0.9375,0.96875,1.),.UNSPECIFIED.);
#246=B_SPLINE_CURVE_WITH_KNOTS('',3,(#8339,#8340,#8341,#8342,#8343,#8344,
#8345,#8346,#8347,#8348,#8349,#8350,#8351,#8352,#8353,#8354,#8355,#8356),
 .UNSPECIFIED.,.F.,.F.,(4,1,1,1,1,1,1,1,1,1,1,1,1,1,1,4),(1.99493199737333E-17,
0.00202779261187481,0.0040555852237496,0.005069481529687,0.00608337783562439,
0.00811117044749918,0.010138963059374,0.0121667556712488,0.0131806519771862,
0.0141945482831236,0.0147014964360923,0.0152084445890609,0.0154619186655453,
0.0157153927420296,0.015968866818514,0.0162223408949983),.UNSPECIFIED.);
#247=B_SPLINE_CURVE_WITH_KNOTS('',3,(#8395,#8396,#8397,#8398,#8399,#8400,
#8401,#8402,#8403),.UNSPECIFIED.,.F.,.F.,(4,1,1,1,1,1,4),(0.,0.25,0.5,0.625,
0.75,0.875,1.),.UNSPECIFIED.);
#248=B_SPLINE_CURVE_WITH_KNOTS('',3,(#8407,#8408,#8409,#8410,#8411,#8412,
#8413),.UNSPECIFIED.,.F.,.F.,(4,1,1,1,4),(4.71895803986192E-17,0.00126492718770868,
0.00252985437541731,0.00379478156312594,0.00505970875083457),
 .UNSPECIFIED.);
#249=B_SPLINE_CURVE_WITH_KNOTS('',3,(#8427,#8428,#8429,#8430),
 .UNSPECIFIED.,.F.,.F.,(4,4),(0.,1.),.UNSPECIFIED.);
#250=B_SPLINE_CURVE_WITH_KNOTS('',3,(#8434,#8435,#8436,#8437),
 .UNSPECIFIED.,.F.,.F.,(4,4),(2.60301023540003E-16,0.000624282376069898),
 .UNSPECIFIED.);
#251=B_SPLINE_CURVE_WITH_KNOTS('',3,(#8441,#8442,#8443,#8444),
 .UNSPECIFIED.,.F.,.F.,(4,4),(0.5249343832021,0.832020997375328),
 .UNSPECIFIED.);
#252=B_SPLINE_CURVE_WITH_KNOTS('',3,(#8489,#8490,#8491,#8492,#8493,#8494,
#8495,#8496,#8497,#8498,#8499),.UNSPECIFIED.,.F.,.F.,(4,1,1,1,1,1,1,1,4),
(0.,0.125,0.25,0.375,0.5,0.625,0.75,0.875,1.),.UNSPECIFIED.);
#253=B_SPLINE_CURVE_WITH_KNOTS('',3,(#8503,#8504,#8505,#8506,#8507,#8508,
#8509),.UNSPECIFIED.,.F.,.F.,(4,1,1,1,4),(0.,0.000641567996765844,0.00128313599353169,
0.00256627198706338,0.00513254397412675),.UNSPECIFIED.);
#254=B_SPLINE_CURVE_WITH_KNOTS('',3,(#8517,#8518,#8519,#8520,#8521,#8522,
#8523,#8524,#8525,#8526,#8527,#8528,#8529,#8530,#8531,#8532,#8533,#8534,
#8535,#8536,#8537,#8538,#8539,#8540,#8541,#8542,#8543,#8544,#8545,#8546,
#8547,#8548,#8549,#8550,#8551,#8552,#8553),.UNSPECIFIED.,.F.,.F.,(4,1,1,
1,1,1,1,1,1,1,1,1,1,1,1,1,1,1,1,1,1,1,1,1,1,1,1,1,1,1,1,1,1,1,4),(0.,0.0334966852412794,
0.05721744820273,0.0800524919593691,0.107475642198395,0.130757244911057,
0.1557168626071,0.180543781977107,0.205373905005534,0.229535330944633,0.254356425847183,
0.280643066113327,0.302547089426405,0.325464538625536,0.34768890271156,
0.373166645484851,0.400102611053571,0.427537454671249,0.457215978160127,
0.496584425180976,0.539928256636994,0.576404929917503,0.608785786809724,
0.645163168665288,0.679121578768386,0.710949419455375,0.742623207539124,
0.776564419761207,0.805401275399217,0.839790203723601,0.870439671710716,
0.900621900759491,0.930799423576671,0.955223574413276,1.),.UNSPECIFIED.);
#255=B_SPLINE_CURVE_WITH_KNOTS('',3,(#8557,#8558,#8559,#8560,#8561,#8562,
#8563,#8564,#8565,#8566,#8567,#8568,#8569,#8570,#8571,#8572),
 .UNSPECIFIED.,.F.,.F.,(4,3,1,1,1,1,1,1,1,1,1,4),(-0.0415000027956211,0.,
0.119827932634235,0.223162695957376,0.272542794886857,0.389593722250179,
0.528890661753712,0.637782109416488,0.736604486692797,0.826363183421648,
0.910242260359879,1.),.UNSPECIFIED.);
#256=B_SPLINE_CURVE_WITH_KNOTS('',3,(#8576,#8577,#8578,#8579,#8580,#8581,
#8582,#8583,#8584,#8585,#8586,#8587,#8588,#8589,#8590,#8591,#8592,#8593,
#8594,#8595,#8596,#8597,#8598,#8599,#8600,#8601,#8602,#8603,#8604,#8605,
#8606,#8607,#8608,#8609,#8610,#8611,#8612,#8613,#8614,#8615),
 .UNSPECIFIED.,.F.,.F.,(4,1,1,1,1,1,1,1,1,1,1,1,1,1,1,1,1,1,1,1,1,1,1,1,
1,1,1,1,1,1,1,1,1,1,1,1,1,4),(0.,0.025405665026622,0.0497614310989853,0.0733564153539916,
0.0981235825885357,0.116567317285999,0.135062019914667,0.162289777587301,
0.192228947267813,0.220640228266428,0.246572027198533,0.271547155818375,
0.290220869621622,0.315236623366608,0.340192684816954,0.365966738561168,
0.395810119835665,0.431916336552611,0.471260069728154,0.507989686707014,
0.540154092428367,0.574716661705261,0.607010940965294,0.636709611040892,
0.663993337865251,0.688797545387318,0.714649189280481,0.738391392827129,
0.762743777044364,0.790422603060857,0.818833578885393,0.844281555111313,
0.870820316345244,0.895852671646814,0.920925216536753,0.94692389930239,
0.973358722475471,1.),.UNSPECIFIED.);
#257=B_SPLINE_CURVE_WITH_KNOTS('',3,(#8619,#8620,#8621,#8622,#8623,#8624,
#8625,#8626,#8627,#8628,#8629,#8630,#8631,#8632,#8633),.UNSPECIFIED.,.F.,
 .F.,(4,3,1,1,1,1,1,3,4),(-0.0808085694381582,0.,0.170920084897399,0.349571737115358,
0.514335254164168,0.680896872825654,0.85616514836292,1.,1.02887157395084),
 .UNSPECIFIED.);
#258=B_SPLINE_CURVE_WITH_KNOTS('',3,(#8637,#8638,#8639,#8640,#8641,#8642,
#8643,#8644,#8645,#8646,#8647,#8648,#8649,#8650,#8651,#8652,#8653,#8654,
#8655,#8656,#8657,#8658,#8659,#8660,#8661,#8662,#8663,#8664,#8665,#8666,
#8667,#8668,#8669,#8670,#8671,#8672,#8673,#8674,#8675,#8676,#8677,#8678,
#8679,#8680),.UNSPECIFIED.,.F.,.F.,(4,1,1,1,1,1,1,1,1,1,1,1,1,1,1,1,1,1,
1,1,1,1,1,1,1,1,1,1,1,1,1,1,1,1,1,1,1,1,1,1,1,4),(0.,0.0190193317922645,
0.0392154990970306,0.0591786202467508,0.0809177146473249,0.100873557921293,
0.124791819924198,0.150896825292048,0.175947893047156,0.201662764526727,
0.22738761386324,0.247908947581231,0.272531894668127,0.299606720286584,
0.322361492170165,0.34639650879378,0.370513682950492,0.400219866469132,
0.430243061484957,0.470202073436429,0.502380719898103,0.54284353013417,
0.573882664614222,0.604784839928738,0.632124077942297,0.657530919546773,
0.683055453718789,0.706957348370678,0.730313867722815,0.753731865373954,
0.771555968199054,0.793154352912445,0.814261600675072,0.835525439849262,
0.85656067944079,0.875844845093631,0.894904298674518,0.911485243348704,
0.933192812663894,0.952543024480753,0.972839646472555,1.),.UNSPECIFIED.);
#259=B_SPLINE_CURVE_WITH_KNOTS('',3,(#8684,#8685,#8686,#8687,#8688,#8689,
#8690,#8691,#8692,#8693,#8694),.UNSPECIFIED.,.F.,.F.,(4,1,1,1,1,1,1,1,4),
(0.,0.1247558085251,0.17452042696347,0.328397329394661,0.478003062285733,
0.641180048096774,0.770214530516361,0.894159404117917,1.),.UNSPECIFIED.);
#260=B_SPLINE_CURVE_WITH_KNOTS('',3,(#8698,#8699,#8700,#8701,#8702,#8703,
#8704,#8705,#8706,#8707,#8708,#8709,#8710,#8711,#8712,#8713,#8714,#8715,
#8716,#8717,#8718,#8719,#8720,#8721,#8722,#8723,#8724,#8725,#8726,#8727,
#8728,#8729,#8730,#8731,#8732,#8733,#8734,#8735,#8736,#8737,#8738),
 .UNSPECIFIED.,.F.,.F.,(4,1,1,1,1,1,1,1,1,1,1,1,1,1,1,1,1,1,1,1,1,1,1,1,
1,1,1,1,1,1,1,1,1,1,1,1,1,1,4),(0.,0.0257858379781039,0.0514728100866634,
0.0767540775548467,0.101724907487409,0.128546218370913,0.156834885129413,
0.184011605424831,0.214745479041706,0.24368377893864,0.272850295808681,
0.301625266399379,0.326864877691978,0.352812008804997,0.377503817827853,
0.404708530798379,0.43643611534327,0.467253733650852,0.499653724714343,
0.529187199388567,0.560701784842851,0.588587930389922,0.615541904574983,
0.646169481291028,0.67169117107439,0.697307115740075,0.723836421996693,
0.75199817647446,0.775205329986843,0.801593877344473,0.825246557940906,
0.846573341177093,0.8681793946359,0.887615134890965,0.907876499239469,0.932212485819866,
0.95919072639714,0.97887918579684,1.),.UNSPECIFIED.);
#261=B_SPLINE_CURVE_WITH_KNOTS('',3,(#8742,#8743,#8744,#8745,#8746,#8747,
#8748,#8749,#8750,#8751,#8752,#8753,#8754,#8755),.UNSPECIFIED.,.F.,.F.,
(4,1,1,1,1,1,1,1,3,4),(0.,0.119643338980422,0.268160016537389,0.416386540729743,
0.538486323581261,0.669864028528411,0.786811315486988,0.879134829933849,
1.,1.04909955863184),.UNSPECIFIED.);
#262=B_SPLINE_CURVE_WITH_KNOTS('',2,(#8822,#8823,#8824),.UNSPECIFIED.,.F.,
 .F.,(3,3),(0.,1.),.PIECEWISE_BEZIER_KNOTS.);
#263=B_SPLINE_CURVE_WITH_KNOTS('',2,(#8827,#8828,#8829),.UNSPECIFIED.,.F.,
 .F.,(3,3),(0.,1.),.PIECEWISE_BEZIER_KNOTS.);
#264=B_SPLINE_CURVE_WITH_KNOTS('',2,(#8831,#8832,#8833),.UNSPECIFIED.,.F.,
 .F.,(3,3),(0.,1.),.PIECEWISE_BEZIER_KNOTS.);
#265=B_SPLINE_CURVE_WITH_KNOTS('',2,(#8835,#8836,#8837),.UNSPECIFIED.,.F.,
 .F.,(3,3),(0.,1.),.PIECEWISE_BEZIER_KNOTS.);
#266=B_SPLINE_CURVE_WITH_KNOTS('',2,(#8839,#8840,#8841),.UNSPECIFIED.,.F.,
 .F.,(3,3),(0.,1.),.PIECEWISE_BEZIER_KNOTS.);
#267=B_SPLINE_CURVE_WITH_KNOTS('',2,(#8843,#8844,#8845),.UNSPECIFIED.,.F.,
 .F.,(3,3),(0.,1.),.PIECEWISE_BEZIER_KNOTS.);
#268=B_SPLINE_CURVE_WITH_KNOTS('',2,(#8847,#8848,#8849),.UNSPECIFIED.,.F.,
 .F.,(3,3),(0.,1.),.PIECEWISE_BEZIER_KNOTS.);
#269=B_SPLINE_CURVE_WITH_KNOTS('',2,(#8855,#8856,#8857),.UNSPECIFIED.,.F.,
 .F.,(3,3),(0.,1.),.PIECEWISE_BEZIER_KNOTS.);
#270=B_SPLINE_CURVE_WITH_KNOTS('',2,(#8859,#8860,#8861),.UNSPECIFIED.,.F.,
 .F.,(3,3),(0.,1.),.PIECEWISE_BEZIER_KNOTS.);
#271=B_SPLINE_CURVE_WITH_KNOTS('',2,(#8863,#8864,#8865),.UNSPECIFIED.,.F.,
 .F.,(3,3),(0.,1.),.PIECEWISE_BEZIER_KNOTS.);
#272=B_SPLINE_CURVE_WITH_KNOTS('',2,(#8877,#8878,#8879),.UNSPECIFIED.,.F.,
 .F.,(3,3),(0.,1.),.PIECEWISE_BEZIER_KNOTS.);
#273=B_SPLINE_CURVE_WITH_KNOTS('',2,(#8881,#8882,#8883),.UNSPECIFIED.,.F.,
 .F.,(3,3),(0.,1.),.PIECEWISE_BEZIER_KNOTS.);
#274=B_SPLINE_CURVE_WITH_KNOTS('',2,(#8885,#8886,#8887),.UNSPECIFIED.,.F.,
 .F.,(3,3),(0.,1.),.PIECEWISE_BEZIER_KNOTS.);
#275=B_SPLINE_CURVE_WITH_KNOTS('',2,(#8889,#8890,#8891),.UNSPECIFIED.,.F.,
 .F.,(3,3),(0.,1.),.PIECEWISE_BEZIER_KNOTS.);
#276=B_SPLINE_CURVE_WITH_KNOTS('',2,(#8893,#8894,#8895),.UNSPECIFIED.,.F.,
 .F.,(3,3),(0.,1.),.PIECEWISE_BEZIER_KNOTS.);
#277=B_SPLINE_CURVE_WITH_KNOTS('',2,(#8901,#8902,#8903),.UNSPECIFIED.,.F.,
 .F.,(3,3),(0.,1.),.PIECEWISE_BEZIER_KNOTS.);
#278=B_SPLINE_CURVE_WITH_KNOTS('',2,(#8905,#8906,#8907),.UNSPECIFIED.,.F.,
 .F.,(3,3),(0.,1.),.PIECEWISE_BEZIER_KNOTS.);
#279=B_SPLINE_CURVE_WITH_KNOTS('',2,(#8909,#8910,#8911),.UNSPECIFIED.,.F.,
 .F.,(3,3),(0.,1.),.PIECEWISE_BEZIER_KNOTS.);
#280=B_SPLINE_CURVE_WITH_KNOTS('',2,(#8919,#8920,#8921),.UNSPECIFIED.,.F.,
 .F.,(3,3),(0.,1.),.PIECEWISE_BEZIER_KNOTS.);
#281=B_SPLINE_CURVE_WITH_KNOTS('',2,(#8923,#8924,#8925),.UNSPECIFIED.,.F.,
 .F.,(3,3),(0.,1.),.PIECEWISE_BEZIER_KNOTS.);
#282=B_SPLINE_CURVE_WITH_KNOTS('',2,(#8974,#8975,#8976),.UNSPECIFIED.,.F.,
 .F.,(3,3),(0.,1.),.PIECEWISE_BEZIER_KNOTS.);
#283=B_SPLINE_CURVE_WITH_KNOTS('',2,(#8979,#8980,#8981),.UNSPECIFIED.,.F.,
 .F.,(3,3),(0.,1.),.PIECEWISE_BEZIER_KNOTS.);
#284=B_SPLINE_CURVE_WITH_KNOTS('',2,(#8983,#8984,#8985),.UNSPECIFIED.,.F.,
 .F.,(3,3),(0.,1.),.PIECEWISE_BEZIER_KNOTS.);
#285=B_SPLINE_CURVE_WITH_KNOTS('',2,(#8987,#8988,#8989),.UNSPECIFIED.,.F.,
 .F.,(3,3),(0.,1.),.PIECEWISE_BEZIER_KNOTS.);
#286=B_SPLINE_CURVE_WITH_KNOTS('',2,(#8997,#8998,#8999),.UNSPECIFIED.,.F.,
 .F.,(3,3),(0.,1.),.PIECEWISE_BEZIER_KNOTS.);
#287=B_SPLINE_CURVE_WITH_KNOTS('',2,(#9001,#9002,#9003),.UNSPECIFIED.,.F.,
 .F.,(3,3),(0.,1.),.PIECEWISE_BEZIER_KNOTS.);
#288=B_SPLINE_CURVE_WITH_KNOTS('',2,(#9005,#9006,#9007),.UNSPECIFIED.,.F.,
 .F.,(3,3),(0.,1.),.PIECEWISE_BEZIER_KNOTS.);
#289=B_SPLINE_CURVE_WITH_KNOTS('',2,(#9009,#9010,#9011),.UNSPECIFIED.,.F.,
 .F.,(3,3),(0.,1.),.PIECEWISE_BEZIER_KNOTS.);
#290=B_SPLINE_CURVE_WITH_KNOTS('',2,(#9013,#9014,#9015),.UNSPECIFIED.,.F.,
 .F.,(3,3),(0.,1.),.PIECEWISE_BEZIER_KNOTS.);
#291=B_SPLINE_CURVE_WITH_KNOTS('',2,(#9017,#9018,#9019),.UNSPECIFIED.,.F.,
 .F.,(3,3),(0.,1.),.PIECEWISE_BEZIER_KNOTS.);
#292=B_SPLINE_CURVE_WITH_KNOTS('',2,(#9021,#9022,#9023),.UNSPECIFIED.,.F.,
 .F.,(3,3),(0.,1.),.PIECEWISE_BEZIER_KNOTS.);
#293=B_SPLINE_CURVE_WITH_KNOTS('',2,(#9025,#9026,#9027),.UNSPECIFIED.,.F.,
 .F.,(3,3),(0.,1.),.PIECEWISE_BEZIER_KNOTS.);
#294=B_SPLINE_CURVE_WITH_KNOTS('',2,(#9029,#9030,#9031),.UNSPECIFIED.,.F.,
 .F.,(3,3),(0.,1.),.PIECEWISE_BEZIER_KNOTS.);
#295=B_SPLINE_CURVE_WITH_KNOTS('',2,(#9033,#9034,#9035),.UNSPECIFIED.,.F.,
 .F.,(3,3),(0.,1.),.PIECEWISE_BEZIER_KNOTS.);
#296=B_SPLINE_CURVE_WITH_KNOTS('',2,(#9039,#9040,#9041),.UNSPECIFIED.,.F.,
 .F.,(3,3),(0.,1.),.PIECEWISE_BEZIER_KNOTS.);
#297=B_SPLINE_CURVE_WITH_KNOTS('',2,(#9043,#9044,#9045),.UNSPECIFIED.,.F.,
 .F.,(3,3),(0.,1.),.PIECEWISE_BEZIER_KNOTS.);
#298=B_SPLINE_CURVE_WITH_KNOTS('',2,(#9047,#9048,#9049),.UNSPECIFIED.,.F.,
 .F.,(3,3),(0.,1.),.PIECEWISE_BEZIER_KNOTS.);
#299=B_SPLINE_CURVE_WITH_KNOTS('',2,(#9051,#9052,#9053),.UNSPECIFIED.,.F.,
 .F.,(3,3),(0.,1.),.PIECEWISE_BEZIER_KNOTS.);
#300=B_SPLINE_CURVE_WITH_KNOTS('',2,(#9055,#9056,#9057),.UNSPECIFIED.,.F.,
 .F.,(3,3),(0.,1.),.PIECEWISE_BEZIER_KNOTS.);
#301=B_SPLINE_CURVE_WITH_KNOTS('',2,(#9059,#9060,#9061),.UNSPECIFIED.,.F.,
 .F.,(3,3),(0.,1.),.PIECEWISE_BEZIER_KNOTS.);
#302=B_SPLINE_CURVE_WITH_KNOTS('',2,(#9063,#9064,#9065),.UNSPECIFIED.,.F.,
 .F.,(3,3),(0.,1.),.PIECEWISE_BEZIER_KNOTS.);
#303=B_SPLINE_CURVE_WITH_KNOTS('',2,(#9066,#9067,#9068),.UNSPECIFIED.,.F.,
 .F.,(3,3),(0.,1.),.PIECEWISE_BEZIER_KNOTS.);
#304=B_SPLINE_CURVE_WITH_KNOTS('',2,(#9077,#9078,#9079),.UNSPECIFIED.,.F.,
 .F.,(3,3),(0.,1.),.PIECEWISE_BEZIER_KNOTS.);
#305=B_SPLINE_CURVE_WITH_KNOTS('',2,(#9083,#9084,#9085),.UNSPECIFIED.,.F.,
 .F.,(3,3),(0.,1.),.PIECEWISE_BEZIER_KNOTS.);
#306=B_SPLINE_CURVE_WITH_KNOTS('',2,(#9109,#9110,#9111),.UNSPECIFIED.,.F.,
 .F.,(3,3),(0.,1.),.PIECEWISE_BEZIER_KNOTS.);
#307=B_SPLINE_CURVE_WITH_KNOTS('',2,(#9117,#9118,#9119),.UNSPECIFIED.,.F.,
 .F.,(3,3),(0.,1.),.PIECEWISE_BEZIER_KNOTS.);
#308=B_SPLINE_CURVE_WITH_KNOTS('',2,(#9121,#9122,#9123),.UNSPECIFIED.,.F.,
 .F.,(3,3),(0.,1.),.PIECEWISE_BEZIER_KNOTS.);
#309=B_SPLINE_CURVE_WITH_KNOTS('',2,(#9125,#9126,#9127),.UNSPECIFIED.,.F.,
 .F.,(3,3),(0.,1.),.PIECEWISE_BEZIER_KNOTS.);
#310=B_SPLINE_CURVE_WITH_KNOTS('',2,(#9129,#9130,#9131),.UNSPECIFIED.,.F.,
 .F.,(3,3),(0.,1.),.PIECEWISE_BEZIER_KNOTS.);
#311=B_SPLINE_CURVE_WITH_KNOTS('',2,(#9147,#9148,#9149),.UNSPECIFIED.,.F.,
 .F.,(3,3),(0.,1.),.PIECEWISE_BEZIER_KNOTS.);
#312=B_SPLINE_CURVE_WITH_KNOTS('',2,(#9151,#9152,#9153),.UNSPECIFIED.,.F.,
 .F.,(3,3),(0.,1.),.PIECEWISE_BEZIER_KNOTS.);
#313=B_SPLINE_CURVE_WITH_KNOTS('',2,(#9155,#9156,#9157),.UNSPECIFIED.,.F.,
 .F.,(3,3),(0.,1.),.PIECEWISE_BEZIER_KNOTS.);
#314=B_SPLINE_CURVE_WITH_KNOTS('',2,(#9165,#9166,#9167),.UNSPECIFIED.,.F.,
 .F.,(3,3),(0.,1.),.PIECEWISE_BEZIER_KNOTS.);
#315=B_SPLINE_CURVE_WITH_KNOTS('',2,(#9169,#9170,#9171),.UNSPECIFIED.,.F.,
 .F.,(3,3),(0.,1.),.PIECEWISE_BEZIER_KNOTS.);
#316=B_SPLINE_CURVE_WITH_KNOTS('',2,(#9173,#9174,#9175),.UNSPECIFIED.,.F.,
 .F.,(3,3),(0.,1.),.PIECEWISE_BEZIER_KNOTS.);
#317=B_SPLINE_CURVE_WITH_KNOTS('',2,(#9177,#9178,#9179),.UNSPECIFIED.,.F.,
 .F.,(3,3),(0.,1.),.PIECEWISE_BEZIER_KNOTS.);
#318=B_SPLINE_CURVE_WITH_KNOTS('',2,(#9181,#9182,#9183),.UNSPECIFIED.,.F.,
 .F.,(3,3),(0.,1.),.PIECEWISE_BEZIER_KNOTS.);
#319=B_SPLINE_CURVE_WITH_KNOTS('',2,(#9185,#9186,#9187),.UNSPECIFIED.,.F.,
 .F.,(3,3),(0.,1.),.PIECEWISE_BEZIER_KNOTS.);
#320=B_SPLINE_CURVE_WITH_KNOTS('',2,(#9207,#9208,#9209),.UNSPECIFIED.,.F.,
 .F.,(3,3),(0.,1.),.PIECEWISE_BEZIER_KNOTS.);
#321=B_SPLINE_CURVE_WITH_KNOTS('',2,(#9211,#9212,#9213),.UNSPECIFIED.,.F.,
 .F.,(3,3),(0.,1.),.PIECEWISE_BEZIER_KNOTS.);
#322=B_SPLINE_CURVE_WITH_KNOTS('',2,(#9215,#9216,#9217),.UNSPECIFIED.,.F.,
 .F.,(3,3),(0.,1.),.PIECEWISE_BEZIER_KNOTS.);
#323=B_SPLINE_CURVE_WITH_KNOTS('',2,(#9219,#9220,#9221),.UNSPECIFIED.,.F.,
 .F.,(3,3),(0.,1.),.PIECEWISE_BEZIER_KNOTS.);
#324=B_SPLINE_CURVE_WITH_KNOTS('',2,(#9225,#9226,#9227),.UNSPECIFIED.,.F.,
 .F.,(3,3),(0.,1.),.PIECEWISE_BEZIER_KNOTS.);
#325=B_SPLINE_CURVE_WITH_KNOTS('',2,(#9229,#9230,#9231),.UNSPECIFIED.,.F.,
 .F.,(3,3),(0.,1.),.PIECEWISE_BEZIER_KNOTS.);
#326=B_SPLINE_CURVE_WITH_KNOTS('',2,(#9233,#9234,#9235),.UNSPECIFIED.,.F.,
 .F.,(3,3),(0.,1.),.PIECEWISE_BEZIER_KNOTS.);
#327=B_SPLINE_CURVE_WITH_KNOTS('',2,(#9243,#9244,#9245),.UNSPECIFIED.,.F.,
 .F.,(3,3),(0.,1.),.PIECEWISE_BEZIER_KNOTS.);
#328=B_SPLINE_CURVE_WITH_KNOTS('',2,(#9247,#9248,#9249),.UNSPECIFIED.,.F.,
 .F.,(3,3),(0.,1.),.PIECEWISE_BEZIER_KNOTS.);
#329=B_SPLINE_CURVE_WITH_KNOTS('',2,(#9251,#9252,#9253),.UNSPECIFIED.,.F.,
 .F.,(3,3),(0.,1.),.PIECEWISE_BEZIER_KNOTS.);
#330=B_SPLINE_CURVE_WITH_KNOTS('',2,(#9255,#9256,#9257),.UNSPECIFIED.,.F.,
 .F.,(3,3),(0.,1.),.PIECEWISE_BEZIER_KNOTS.);
#331=B_SPLINE_CURVE_WITH_KNOTS('',2,(#9265,#9266,#9267),.UNSPECIFIED.,.F.,
 .F.,(3,3),(0.,1.),.PIECEWISE_BEZIER_KNOTS.);
#332=B_SPLINE_CURVE_WITH_KNOTS('',2,(#9269,#9270,#9271),.UNSPECIFIED.,.F.,
 .F.,(3,3),(0.,1.),.PIECEWISE_BEZIER_KNOTS.);
#333=B_SPLINE_CURVE_WITH_KNOTS('',2,(#9273,#9274,#9275),.UNSPECIFIED.,.F.,
 .F.,(3,3),(0.,1.),.PIECEWISE_BEZIER_KNOTS.);
#334=B_SPLINE_CURVE_WITH_KNOTS('',2,(#9277,#9278,#9279),.UNSPECIFIED.,.F.,
 .F.,(3,3),(0.,1.),.PIECEWISE_BEZIER_KNOTS.);
#335=B_SPLINE_CURVE_WITH_KNOTS('',2,(#9294,#9295,#9296),.UNSPECIFIED.,.F.,
 .F.,(3,3),(0.,1.),.PIECEWISE_BEZIER_KNOTS.);
#336=B_SPLINE_CURVE_WITH_KNOTS('',2,(#9299,#9300,#9301),.UNSPECIFIED.,.F.,
 .F.,(3,3),(0.,1.),.PIECEWISE_BEZIER_KNOTS.);
#337=B_SPLINE_CURVE_WITH_KNOTS('',2,(#9303,#9304,#9305),.UNSPECIFIED.,.F.,
 .F.,(3,3),(0.,1.),.PIECEWISE_BEZIER_KNOTS.);
#338=B_SPLINE_CURVE_WITH_KNOTS('',2,(#9307,#9308,#9309),.UNSPECIFIED.,.F.,
 .F.,(3,3),(0.,1.),.PIECEWISE_BEZIER_KNOTS.);
#339=B_SPLINE_CURVE_WITH_KNOTS('',2,(#9311,#9312,#9313),.UNSPECIFIED.,.F.,
 .F.,(3,3),(0.,1.),.PIECEWISE_BEZIER_KNOTS.);
#340=B_SPLINE_CURVE_WITH_KNOTS('',2,(#9315,#9316,#9317),.UNSPECIFIED.,.F.,
 .F.,(3,3),(0.,1.),.PIECEWISE_BEZIER_KNOTS.);
#341=B_SPLINE_CURVE_WITH_KNOTS('',2,(#9321,#9322,#9323),.UNSPECIFIED.,.F.,
 .F.,(3,3),(0.,1.),.PIECEWISE_BEZIER_KNOTS.);
#342=B_SPLINE_CURVE_WITH_KNOTS('',2,(#9325,#9326,#9327),.UNSPECIFIED.,.F.,
 .F.,(3,3),(0.,1.),.PIECEWISE_BEZIER_KNOTS.);
#343=B_SPLINE_CURVE_WITH_KNOTS('',2,(#9329,#9330,#9331),.UNSPECIFIED.,.F.,
 .F.,(3,3),(0.,1.),.PIECEWISE_BEZIER_KNOTS.);
#344=B_SPLINE_CURVE_WITH_KNOTS('',2,(#9333,#9334,#9335),.UNSPECIFIED.,.F.,
 .F.,(3,3),(0.,1.),.PIECEWISE_BEZIER_KNOTS.);
#345=B_SPLINE_CURVE_WITH_KNOTS('',2,(#9337,#9338,#9339),.UNSPECIFIED.,.F.,
 .F.,(3,3),(0.,1.),.PIECEWISE_BEZIER_KNOTS.);
#346=B_SPLINE_CURVE_WITH_KNOTS('',2,(#9341,#9342,#9343),.UNSPECIFIED.,.F.,
 .F.,(3,3),(0.,1.),.PIECEWISE_BEZIER_KNOTS.);
#347=B_SPLINE_CURVE_WITH_KNOTS('',2,(#9345,#9346,#9347),.UNSPECIFIED.,.F.,
 .F.,(3,3),(0.,1.),.PIECEWISE_BEZIER_KNOTS.);
#348=B_SPLINE_CURVE_WITH_KNOTS('',2,(#9374,#9375,#9376),.UNSPECIFIED.,.F.,
 .F.,(3,3),(0.,1.),.PIECEWISE_BEZIER_KNOTS.);
#349=B_SPLINE_CURVE_WITH_KNOTS('',2,(#9379,#9380,#9381),.UNSPECIFIED.,.F.,
 .F.,(3,3),(0.,1.),.PIECEWISE_BEZIER_KNOTS.);
#350=B_SPLINE_CURVE_WITH_KNOTS('',2,(#9383,#9384,#9385),.UNSPECIFIED.,.F.,
 .F.,(3,3),(0.,1.),.PIECEWISE_BEZIER_KNOTS.);
#351=B_SPLINE_CURVE_WITH_KNOTS('',2,(#9387,#9388,#9389),.UNSPECIFIED.,.F.,
 .F.,(3,3),(0.,1.),.PIECEWISE_BEZIER_KNOTS.);
#352=B_SPLINE_CURVE_WITH_KNOTS('',2,(#9391,#9392,#9393),.UNSPECIFIED.,.F.,
 .F.,(3,3),(0.,1.),.PIECEWISE_BEZIER_KNOTS.);
#353=B_SPLINE_CURVE_WITH_KNOTS('',2,(#9395,#9396,#9397),.UNSPECIFIED.,.F.,
 .F.,(3,3),(0.,1.),.PIECEWISE_BEZIER_KNOTS.);
#354=B_SPLINE_CURVE_WITH_KNOTS('',2,(#9401,#9402,#9403),.UNSPECIFIED.,.F.,
 .F.,(3,3),(0.,1.),.PIECEWISE_BEZIER_KNOTS.);
#355=B_SPLINE_CURVE_WITH_KNOTS('',2,(#9405,#9406,#9407),.UNSPECIFIED.,.F.,
 .F.,(3,3),(0.,1.),.PIECEWISE_BEZIER_KNOTS.);
#356=B_SPLINE_CURVE_WITH_KNOTS('',2,(#9409,#9410,#9411),.UNSPECIFIED.,.F.,
 .F.,(3,3),(0.,1.),.PIECEWISE_BEZIER_KNOTS.);
#357=B_SPLINE_CURVE_WITH_KNOTS('',2,(#9413,#9414,#9415),.UNSPECIFIED.,.F.,
 .F.,(3,3),(0.,1.),.PIECEWISE_BEZIER_KNOTS.);
#358=B_SPLINE_CURVE_WITH_KNOTS('',2,(#9417,#9418,#9419),.UNSPECIFIED.,.F.,
 .F.,(3,3),(0.,1.),.PIECEWISE_BEZIER_KNOTS.);
#359=B_SPLINE_CURVE_WITH_KNOTS('',2,(#9421,#9422,#9423),.UNSPECIFIED.,.F.,
 .F.,(3,3),(0.,1.),.PIECEWISE_BEZIER_KNOTS.);
#360=B_SPLINE_CURVE_WITH_KNOTS('',2,(#9425,#9426,#9427),.UNSPECIFIED.,.F.,
 .F.,(3,3),(0.,1.),.PIECEWISE_BEZIER_KNOTS.);
#361=B_SPLINE_CURVE_WITH_KNOTS('',3,(#9431,#9432,#9433,#9434),
 .UNSPECIFIED.,.F.,.F.,(4,4),(0.,1.),.UNSPECIFIED.);
#362=B_SPLINE_CURVE_WITH_KNOTS('',3,(#9437,#9438,#9439,#9440,#9441,#9442,
#9443,#9444,#9445,#9446,#9447,#9448,#9449,#9450,#9451,#9452,#9453,#9454,
#9455,#9456,#9457,#9458,#9459,#9460,#9461,#9462,#9463,#9464,#9465,#9466,
#9467,#9468,#9469,#9470,#9471,#9472,#9473,#9474,#9475,#9476,#9477,#9478,
#9479,#9480,#9481,#9482,#9483,#9484,#9485,#9486,#9487,#9488,#9489,#9490,
#9491,#9492,#9493,#9494,#9495,#9496,#9497,#9498,#9499,#9500,#9501,#9502,
#9503,#9504,#9505,#9506,#9507,#9508,#9509,#9510,#9511,#9512,#9513),
 .UNSPECIFIED.,.F.,.F.,(4,1,1,1,1,1,1,1,1,1,1,1,1,1,1,1,1,1,1,1,1,1,1,1,
1,1,1,1,1,1,1,1,1,1,1,1,1,1,1,1,1,1,1,1,1,1,1,1,1,1,1,1,1,1,1,1,1,1,1,1,
1,1,1,1,1,1,1,1,1,1,1,1,1,1,4),(0.,0.015625,0.0234375,0.02734375,0.029296875,
0.03125,0.033203125,0.03515625,0.0390625,0.04296875,0.046875,0.05078125,
0.0546875,0.0625,0.078125,0.09375,0.109375,0.125,0.140625,0.15625,0.171875,
0.1875,0.21875,0.234375,0.25,0.28125,0.3125,0.328125,0.34375,0.3515625,
0.359375,0.3671875,0.375,0.3828125,0.390625,0.40625,0.421875,0.4375,0.453125,
0.46875,0.484375,0.4921875,0.5,0.5078125,0.515625,0.53125,0.546875,0.5625,
0.5703125,0.578125,0.5859375,0.59375,0.6015625,0.609375,0.6171875,0.625,
0.6328125,0.640625,0.65625,0.6875,0.71875,0.75,0.78125,0.8125,0.84375,0.875,
0.90625,0.9375,0.9453125,0.953125,0.9609375,0.96875,0.9765625,0.984375,
1.),.UNSPECIFIED.);
#363=B_SPLINE_CURVE_WITH_KNOTS('',3,(#9515,#9516,#9517,#9518,#9519,#9520,
#9521,#9522,#9523,#9524,#9525,#9526,#9527,#9528,#9529,#9530,#9531,#9532,
#9533,#9534,#9535,#9536,#9537),.UNSPECIFIED.,.F.,.F.,(4,1,1,1,1,1,1,1,1,
1,1,1,1,1,1,1,1,1,1,1,4),(0.,0.0625,0.125,0.1875,0.21875,0.25,0.28125,0.3125,
0.375,0.4375,0.46875,0.484375,0.5,0.515625,0.53125,0.5625,0.625,0.6875,
0.75,0.875,1.),.UNSPECIFIED.);
#364=B_SPLINE_CURVE_WITH_KNOTS('',3,(#9541,#9542,#9543,#9544,#9545,#9546,
#9547,#9548,#9549,#9550,#9551,#9552),.UNSPECIFIED.,.F.,.F.,(4,1,1,1,1,1,
1,1,1,4),(0.,0.125,0.25,0.375,0.4375,0.5,0.5625,0.625,0.75,1.),
 .UNSPECIFIED.);
#365=B_SPLINE_CURVE_WITH_KNOTS('',3,(#9556,#9557,#9558,#9559,#9560,#9561,
#9562,#9563,#9564,#9565),.UNSPECIFIED.,.F.,.F.,(4,1,1,1,1,1,1,4),(0.,0.125,
0.25,0.375,0.5,0.625,0.75,1.),.UNSPECIFIED.);
#366=B_SPLINE_CURVE_WITH_KNOTS('',3,(#9567,#9568,#9569,#9570,#9571,#9572,
#9573,#9574,#9575,#9576,#9577,#9578,#9579,#9580,#9581,#9582,#9583,#9584,
#9585,#9586,#9587,#9588,#9589,#9590,#9591,#9592,#9593,#9594,#9595,#9596,
#9597,#9598,#9599,#9600,#9601,#9602,#9603,#9604,#9605,#9606,#9607,#9608,
#9609,#9610,#9611,#9612,#9613,#9614,#9615,#9616,#9617,#9618,#9619,#9620,
#9621,#9622,#9623,#9624,#9625,#9626,#9627,#9628,#9629,#9630,#9631,#9632,
#9633,#9634,#9635,#9636,#9637,#9638,#9639,#9640,#9641,#9642,#9643,#9644,
#9645,#9646,#9647),.UNSPECIFIED.,.F.,.F.,(4,1,1,1,1,1,1,1,1,1,1,1,1,1,1,
1,1,1,1,1,1,1,1,1,1,1,1,1,1,1,1,1,1,1,1,1,1,1,1,1,1,1,1,1,1,1,1,1,1,1,1,
1,1,1,1,1,1,1,1,1,1,1,1,1,1,1,1,1,1,1,1,1,1,1,1,1,1,1,4),(0.,0.0078125,
0.01171875,0.015625,0.0234375,0.03125,0.046875,0.0625,0.078125,0.09375,
0.125,0.140625,0.15625,0.1875,0.203125,0.21875,0.234375,0.25,0.265625,0.28125,
0.296875,0.3125,0.328125,0.34375,0.359375,0.375,0.390625,0.40625,0.421875,
0.4296875,0.4375,0.4453125,0.453125,0.46875,0.484375,0.5,0.5078125,0.515625,
0.53125,0.546875,0.5546875,0.5625,0.5703125,0.578125,0.59375,0.625,0.640625,
0.65625,0.6640625,0.671875,0.6796875,0.6875,0.6953125,0.703125,0.7109375,
0.71875,0.7265625,0.734375,0.7421875,0.75,0.765625,0.7734375,0.78125,0.796875,
0.8046875,0.8125,0.8203125,0.828125,0.8359375,0.84375,0.859375,0.875,0.90625,
0.921875,0.9375,0.953125,0.96875,0.984375,1.),.UNSPECIFIED.);
#367=B_SPLINE_CURVE_WITH_KNOTS('',3,(#9649,#9650,#9651,#9652,#9653,#9654,
#9655,#9656,#9657,#9658,#9659,#9660,#9661,#9662),.UNSPECIFIED.,.F.,.F.,
(4,1,1,1,1,1,1,1,1,1,1,4),(0.,0.0625,0.125,0.25,0.3125,0.375,0.4375,0.5,
0.5625,0.625,0.75,1.),.UNSPECIFIED.);
#368=B_SPLINE_CURVE_WITH_KNOTS('',3,(#9666,#9667,#9668,#9669,#9670,#9671,
#9672,#9673,#9674,#9675,#9676,#9677,#9678,#9679),.UNSPECIFIED.,.F.,.F.,
(4,1,1,1,1,1,1,1,1,1,1,4),(0.,0.0625,0.125,0.1875,0.25,0.375,0.5,0.625,
0.75,0.875,0.9375,1.),.UNSPECIFIED.);
#369=B_SPLINE_CURVE_WITH_KNOTS('',3,(#9683,#9684,#9685,#9686,#9687,#9688,
#9689,#9690,#9691,#9692,#9693,#9694,#9695,#9696,#9697,#9698,#9699,#9700,
#9701,#9702,#9703,#9704,#9705,#9706,#9707,#9708,#9709,#9710,#9711,#9712,
#9713,#9714,#9715,#9716,#9717,#9718,#9719,#9720,#9721,#9722,#9723,#9724),
 .UNSPECIFIED.,.F.,.F.,(4,1,1,1,1,1,1,1,1,1,1,1,1,1,1,1,1,1,1,1,1,1,1,1,
1,1,1,1,1,1,1,1,1,1,1,1,1,1,1,4),(0.,0.03125,0.0625,0.078125,0.09375,0.125,
0.1875,0.21875,0.25,0.28125,0.3125,0.375,0.4375,0.5,0.5625,0.59375,0.625,
0.65625,0.6875,0.71875,0.734375,0.7421875,0.75,0.7578125,0.765625,0.7734375,
0.78125,0.7890625,0.796875,0.8125,0.828125,0.84375,0.859375,0.875,0.890625,
0.90625,0.9375,0.96875,0.984375,1.),.UNSPECIFIED.);
#370=B_SPLINE_CURVE_WITH_KNOTS('',3,(#9726,#9727,#9728,#9729,#9730,#9731,
#9732,#9733,#9734,#9735,#9736,#9737,#9738,#9739,#9740,#9741,#9742,#9743,
#9744,#9745,#9746,#9747,#9748,#9749,#9750,#9751,#9752,#9753,#9754,#9755,
#9756,#9757,#9758,#9759,#9760,#9761,#9762,#9763,#9764,#9765,#9766,#9767,
#9768,#9769,#9770,#9771,#9772,#9773,#9774,#9775,#9776,#9777,#9778,#9779,
#9780,#9781,#9782,#9783,#9784,#9785,#9786,#9787,#9788,#9789,#9790,#9791,
#9792,#9793,#9794,#9795,#9796,#9797,#9798,#9799,#9800,#9801,#9802,#9803,
#9804),.UNSPECIFIED.,.F.,.F.,(4,1,1,1,1,1,1,1,1,1,1,1,1,1,1,1,1,1,1,1,1,
1,1,1,1,1,1,1,1,1,1,1,1,1,1,1,1,1,1,1,1,1,1,1,1,1,1,1,1,1,1,1,1,1,1,1,1,
1,1,1,1,1,1,1,1,1,1,1,1,1,1,1,1,1,1,1,4),(0.,0.015625,0.0234375,0.03125,
0.0390625,0.046875,0.0546875,0.0625,0.0703125,0.078125,0.09375,0.109375,
0.1171875,0.125,0.140625,0.15625,0.1875,0.203125,0.21875,0.234375,0.25,
0.265625,0.28125,0.296875,0.3125,0.328125,0.3359375,0.34375,0.359375,0.3671875,
0.375,0.3828125,0.390625,0.40625,0.421875,0.4375,0.453125,0.46875,0.5,0.53125,
0.546875,0.5625,0.5703125,0.578125,0.5859375,0.59375,0.609375,0.625,0.65625,
0.6875,0.703125,0.71875,0.734375,0.7421875,0.75,0.7578125,0.765625,0.7734375,
0.78125,0.796875,0.8125,0.828125,0.84375,0.859375,0.875,0.890625,0.90625,
0.921875,0.9375,0.953125,0.9609375,0.96484375,0.96875,0.97265625,0.9765625,
0.984375,1.),.UNSPECIFIED.);
#371=B_SPLINE_CURVE_WITH_KNOTS('',3,(#9810,#9811,#9812,#9813,#9814,#9815,
#9816,#9817,#9818,#9819,#9820,#9821,#9822,#9823),.UNSPECIFIED.,.F.,.F.,
(4,1,1,1,1,1,1,1,1,1,1,4),(1.19338008844701E-7,0.0625001118793833,0.125000104420758,
0.187500096962132,0.250000089503507,0.375000074586256,0.500000059669004,
0.625000044751753,0.750000029834502,0.875000014917251,0.937500007458625,
1.),.UNSPECIFIED.);
#372=B_SPLINE_CURVE_WITH_KNOTS('',3,(#9827,#9828,#9829,#9830,#9831,#9832,
#9833,#9834,#9835,#9836,#9837,#9838,#9839,#9840,#9841,#9842,#9843,#9844,
#9845,#9846,#9847,#9848,#9849,#9850,#9851,#9852,#9853,#9854,#9855,#9856,
#9857,#9858,#9859,#9860,#9861,#9862,#9863,#9864,#9865,#9866,#9867),
 .UNSPECIFIED.,.F.,.F.,(4,1,1,1,1,1,1,1,1,1,1,1,1,1,1,1,1,1,1,1,1,1,1,1,
1,1,1,1,1,1,1,1,1,1,1,1,1,1,4),(0.,0.03125,0.046875,0.0625,0.09375,0.125,
0.15625,0.1875,0.21875,0.25,0.28125,0.3125,0.375,0.4375,0.5,0.5625,0.59375,
0.625,0.65625,0.6875,0.71875,0.75,0.78125,0.796875,0.8046875,0.8125,0.8203125,
0.828125,0.84375,0.859375,0.875,0.90625,0.921875,0.9296875,0.9375,0.9453125,
0.953125,0.96875,1.),.UNSPECIFIED.);
#373=B_SPLINE_CURVE_WITH_KNOTS('',3,(#9869,#9870,#9871,#9872,#9873,#9874,
#9875,#9876,#9877,#9878,#9879,#9880,#9881,#9882,#9883,#9884,#9885,#9886,
#9887,#9888,#9889,#9890,#9891,#9892,#9893,#9894,#9895,#9896),
 .UNSPECIFIED.,.F.,.F.,(4,1,1,1,1,1,1,1,1,1,1,1,1,1,1,1,1,1,1,1,1,1,1,1,
1,4),(0.,0.03125,0.0625,0.09375,0.125,0.1875,0.21875,0.25,0.28125,0.3125,
0.375,0.4375,0.5,0.5625,0.625,0.6875,0.75,0.78125,0.8125,0.84375,0.875,
0.890625,0.90625,0.9375,0.96875,1.),.UNSPECIFIED.);
#374=B_SPLINE_CURVE_WITH_KNOTS('',3,(#9898,#9899,#9900,#9901,#9902,#9903,
#9904,#9905,#9906,#9907,#9908,#9909,#9910,#9911,#9912,#9913,#9914,#9915,
#9916,#9917,#9918,#9919,#9920,#9921,#9922,#9923,#9924,#9925,#9926,#9927,
#9928,#9929,#9930,#9931,#9932,#9933,#9934,#9935),.UNSPECIFIED.,.F.,.F.,
(4,1,1,1,1,1,1,1,1,1,1,1,1,1,1,1,1,1,1,1,1,1,1,1,1,1,1,1,1,1,1,1,1,1,1,
4),(0.,0.03125,0.046875,0.0625,0.078125,0.09375,0.109375,0.1171875,0.125,
0.1328125,0.140625,0.1484375,0.15625,0.171875,0.1875,0.21875,0.25,0.28125,
0.3125,0.34375,0.375,0.40625,0.4375,0.5,0.5625,0.625,0.65625,0.6875,0.75,
0.8125,0.84375,0.875,0.90625,0.9375,0.96875,1.),.UNSPECIFIED.);
#375=B_SPLINE_CURVE_WITH_KNOTS('',3,(#9939,#9940,#9941,#9942,#9943,#9944,
#9945,#9946,#9947,#9948,#9949,#9950,#9951,#9952,#9953,#9954),
 .UNSPECIFIED.,.F.,.F.,(4,1,1,1,1,1,1,1,1,1,1,1,1,4),(0.,0.0625,0.125,0.1875,
0.25,0.375,0.5,0.625,0.75,0.8125,0.875,0.90625,0.9375,1.),.UNSPECIFIED.);
#376=B_SPLINE_CURVE_WITH_KNOTS('',3,(#9958,#9959,#9960,#9961,#9962,#9963,
#9964,#9965,#9966,#9967,#9968,#9969,#9970,#9971),.UNSPECIFIED.,.F.,.F.,
(4,1,1,1,1,1,1,1,1,1,1,4),(0.,0.25,0.375,0.4375,0.5,0.5625,0.625,0.6875,
0.75,0.875,0.9375,1.),.UNSPECIFIED.);
#377=B_SPLINE_CURVE_WITH_KNOTS('',3,(#9972,#9973,#9974,#9975,#9976,#9977,
#9978,#9979,#9980,#9981,#9982,#9983,#9984,#9985,#9986,#9987,#9988,#9989,
#9990,#9991,#9992,#9993,#9994,#9995,#9996,#9997,#9998,#9999,#10000,#10001,
#10002,#10003,#10004,#10005,#10006,#10007,#10008),.UNSPECIFIED.,.F.,.F.,
(4,1,1,1,1,1,1,1,1,1,1,1,1,1,1,1,1,1,1,1,1,1,1,1,1,1,1,1,1,1,1,1,1,1,4),
(0.,0.0334966852412794,0.05721744820273,0.0800524919593691,0.107475642198395,
0.130757244911057,0.1557168626071,0.180543781977107,0.205373905005534,0.229535330944633,
0.254356425847183,0.280643066113327,0.302547089426405,0.325464538625536,
0.34768890271156,0.373166645484851,0.400102611053571,0.427537454671249,
0.457215978160127,0.496584425180976,0.539928256636994,0.576404929917503,
0.608785786809724,0.645163168665288,0.679121578768386,0.710949419455375,
0.742623207539124,0.776564419761207,0.805401275399217,0.839790203723601,
0.870439671710716,0.900621900759491,0.930799423576671,0.955223574413276,
1.),.UNSPECIFIED.);
#378=B_SPLINE_CURVE_WITH_KNOTS('',3,(#10013,#10014,#10015,#10016,#10017,
#10018,#10019,#10020,#10021,#10022,#10023),.UNSPECIFIED.,.F.,.F.,(4,1,1,
1,1,1,1,1,4),(0.,0.119643338980422,0.268160016537389,0.416386540729743,
0.538486323581261,0.669864028528411,0.786811315486988,0.879134829933849,
1.),.UNSPECIFIED.);
#379=B_SPLINE_CURVE_WITH_KNOTS('',3,(#10027,#10028,#10029,#10030,#10031,
#10032,#10033,#10034,#10035,#10036,#10037,#10038,#10039,#10040,#10041,#10042,
#10043,#10044,#10045,#10046,#10047,#10048,#10049,#10050,#10051,#10052,#10053,
#10054,#10055,#10056,#10057,#10058,#10059,#10060,#10061,#10062,#10063,#10064,
#10065,#10066,#10067),.UNSPECIFIED.,.F.,.F.,(4,1,1,1,1,1,1,1,1,1,1,1,1,
1,1,1,1,1,1,1,1,1,1,1,1,1,1,1,1,1,1,1,1,1,1,1,1,1,4),(0.,0.0257858379781039,
0.0514728100866634,0.0767540775548467,0.101724907487409,0.128546218370913,
0.156834885129413,0.184011605424831,0.214745479041706,0.24368377893864,
0.272850295808681,0.301625266399379,0.326864877691978,0.352812008804997,
0.377503817827853,0.404708530798379,0.43643611534327,0.467253733650852,
0.499653724714343,0.529187199388567,0.560701784842851,0.588587930389922,
0.615541904574983,0.646169481291028,0.67169117107439,0.697307115740075,
0.723836421996693,0.75199817647446,0.775205329986843,0.801593877344473,
0.825246557940906,0.846573341177093,0.8681793946359,0.887615134890965,0.907876499239469,
0.932212485819866,0.95919072639714,0.97887918579684,1.),.UNSPECIFIED.);
#380=B_SPLINE_CURVE_WITH_KNOTS('',3,(#10071,#10072,#10073,#10074,#10075,
#10076,#10077,#10078,#10079,#10080,#10081),.UNSPECIFIED.,.F.,.F.,(4,1,1,
1,1,1,1,1,4),(0.,0.1247558085251,0.17452042696347,0.328397329394661,0.478003062285733,
0.641180048096774,0.770214530516361,0.894159404117917,1.),.UNSPECIFIED.);
#381=B_SPLINE_CURVE_WITH_KNOTS('',3,(#10085,#10086,#10087,#10088,#10089,
#10090,#10091,#10092,#10093,#10094,#10095,#10096,#10097,#10098,#10099,#10100,
#10101,#10102,#10103,#10104,#10105,#10106,#10107,#10108,#10109,#10110,#10111,
#10112,#10113,#10114,#10115,#10116,#10117,#10118,#10119,#10120,#10121,#10122,
#10123,#10124,#10125,#10126,#10127,#10128),.UNSPECIFIED.,.F.,.F.,(4,1,1,
1,1,1,1,1,1,1,1,1,1,1,1,1,1,1,1,1,1,1,1,1,1,1,1,1,1,1,1,1,1,1,1,1,1,1,1,
1,1,4),(0.,0.0190193317922645,0.0392154990970306,0.0591786202467508,0.0809177146473249,
0.100873557921293,0.124791819924198,0.150896825292048,0.175947893047156,
0.201662764526727,0.22738761386324,0.247908947581231,0.272531894668127,
0.299606720286584,0.322361492170165,0.34639650879378,0.370513682950492,
0.400219866469132,0.430243061484957,0.470202073436429,0.502380719898103,
0.54284353013417,0.573882664614222,0.604784839928738,0.632124077942297,
0.657530919546773,0.683055453718789,0.706957348370678,0.730313867722815,
0.753731865373954,0.771555968199054,0.793154352912445,0.814261600675072,
0.835525439849262,0.85656067944079,0.875844845093631,0.894904298674518,
0.911485243348704,0.933192812663894,0.952543024480753,0.972839646472555,
1.),.UNSPECIFIED.);
#382=B_SPLINE_CURVE_WITH_KNOTS('',3,(#10132,#10133,#10134,#10135,#10136,
#10137,#10138,#10139,#10140),.UNSPECIFIED.,.F.,.F.,(4,1,1,1,1,1,4),(0.,
0.170920084897399,0.349571737115358,0.514335254164168,0.680896872825654,
0.85616514836292,1.),.UNSPECIFIED.);
#383=B_SPLINE_CURVE_WITH_KNOTS('',3,(#10144,#10145,#10146,#10147,#10148,
#10149,#10150,#10151,#10152,#10153,#10154,#10155,#10156,#10157,#10158,#10159,
#10160,#10161,#10162,#10163,#10164,#10165,#10166,#10167,#10168,#10169,#10170,
#10171,#10172,#10173,#10174,#10175,#10176,#10177,#10178,#10179,#10180,#10181,
#10182,#10183),.UNSPECIFIED.,.F.,.F.,(4,1,1,1,1,1,1,1,1,1,1,1,1,1,1,1,1,
1,1,1,1,1,1,1,1,1,1,1,1,1,1,1,1,1,1,1,1,4),(0.,0.025405665026622,0.0497614310989853,
0.0733564153539916,0.0981235825885357,0.116567317285999,0.135062019914667,
0.162289777587301,0.192228947267813,0.220640228266428,0.246572027198533,
0.271547155818375,0.290220869621622,0.315236623366608,0.340192684816954,
0.365966738561168,0.395810119835665,0.431916336552611,0.471260069728154,
0.507989686707014,0.540154092428367,0.574716661705261,0.607010940965294,
0.636709611040892,0.663993337865251,0.688797545387318,0.714649189280481,
0.738391392827129,0.762743777044364,0.790422603060857,0.818833578885393,
0.844281555111313,0.870820316345244,0.895852671646814,0.920925216536753,
0.94692389930239,0.973358722475471,1.),.UNSPECIFIED.);
#384=B_SPLINE_CURVE_WITH_KNOTS('',3,(#10187,#10188,#10189,#10190,#10191,
#10192,#10193,#10194,#10195,#10196,#10197,#10198,#10199),.UNSPECIFIED.,
 .F.,.F.,(4,1,1,1,1,1,1,1,1,1,4),(0.,0.119827932634235,0.223162695957376,
0.272542794886857,0.389593722250179,0.528890661753712,0.637782109416488,
0.736604486692797,0.826363183421648,0.910242260359879,1.),.UNSPECIFIED.);
#385=B_SPLINE_CURVE_WITH_KNOTS('',2,(#10800,#10801,#10802),
 .UNSPECIFIED.,.F.,.F.,(3,3),(0.,1.),.PIECEWISE_BEZIER_KNOTS.);
#386=B_SPLINE_CURVE_WITH_KNOTS('',2,(#10813,#10814,#10815),
 .UNSPECIFIED.,.F.,.F.,(3,3),(0.,1.),.PIECEWISE_BEZIER_KNOTS.);
#387=B_SPLINE_CURVE_WITH_KNOTS('',2,(#10826,#10827,#10828),
 .UNSPECIFIED.,.F.,.F.,(3,3),(0.,1.),.PIECEWISE_BEZIER_KNOTS.);
#388=B_SPLINE_CURVE_WITH_KNOTS('',2,(#10839,#10840,#10841),
 .UNSPECIFIED.,.F.,.F.,(3,3),(0.,1.),.PIECEWISE_BEZIER_KNOTS.);
#389=B_SPLINE_CURVE_WITH_KNOTS('',2,(#10852,#10853,#10854),
 .UNSPECIFIED.,.F.,.F.,(3,3),(0.,1.),.PIECEWISE_BEZIER_KNOTS.);
#390=B_SPLINE_CURVE_WITH_KNOTS('',2,(#10865,#10866,#10867),
 .UNSPECIFIED.,.F.,.F.,(3,3),(0.,1.),.PIECEWISE_BEZIER_KNOTS.);
#391=B_SPLINE_CURVE_WITH_KNOTS('',2,(#10878,#10879,#10880),
 .UNSPECIFIED.,.F.,.F.,(3,3),(0.,1.),.PIECEWISE_BEZIER_KNOTS.);
#392=B_SPLINE_CURVE_WITH_KNOTS('',2,(#10899,#10900,#10901),
 .UNSPECIFIED.,.F.,.F.,(3,3),(0.,1.),.PIECEWISE_BEZIER_KNOTS.);
#393=B_SPLINE_CURVE_WITH_KNOTS('',2,(#10912,#10913,#10914),
 .UNSPECIFIED.,.F.,.F.,(3,3),(0.,1.),.PIECEWISE_BEZIER_KNOTS.);
#394=B_SPLINE_CURVE_WITH_KNOTS('',2,(#10925,#10926,#10927),
 .UNSPECIFIED.,.F.,.F.,(3,3),(0.,1.),.PIECEWISE_BEZIER_KNOTS.);
#395=B_SPLINE_CURVE_WITH_KNOTS('',2,(#10956,#10957,#10958),
 .UNSPECIFIED.,.F.,.F.,(3,3),(0.,1.),.PIECEWISE_BEZIER_KNOTS.);
#396=B_SPLINE_CURVE_WITH_KNOTS('',2,(#10969,#10970,#10971),
 .UNSPECIFIED.,.F.,.F.,(3,3),(0.,1.),.PIECEWISE_BEZIER_KNOTS.);
#397=B_SPLINE_CURVE_WITH_KNOTS('',2,(#10982,#10983,#10984),
 .UNSPECIFIED.,.F.,.F.,(3,3),(0.,1.),.PIECEWISE_BEZIER_KNOTS.);
#398=B_SPLINE_CURVE_WITH_KNOTS('',2,(#10995,#10996,#10997),
 .UNSPECIFIED.,.F.,.F.,(3,3),(0.,1.),.PIECEWISE_BEZIER_KNOTS.);
#399=B_SPLINE_CURVE_WITH_KNOTS('',2,(#11008,#11009,#11010),
 .UNSPECIFIED.,.F.,.F.,(3,3),(0.,1.),.PIECEWISE_BEZIER_KNOTS.);
#400=B_SPLINE_CURVE_WITH_KNOTS('',2,(#11029,#11030,#11031),
 .UNSPECIFIED.,.F.,.F.,(3,3),(0.,1.),.PIECEWISE_BEZIER_KNOTS.);
#401=B_SPLINE_CURVE_WITH_KNOTS('',2,(#11042,#11043,#11044),
 .UNSPECIFIED.,.F.,.F.,(3,3),(0.,1.),.PIECEWISE_BEZIER_KNOTS.);
#402=B_SPLINE_CURVE_WITH_KNOTS('',2,(#11055,#11056,#11057),
 .UNSPECIFIED.,.F.,.F.,(3,3),(0.,1.),.PIECEWISE_BEZIER_KNOTS.);
#403=B_SPLINE_CURVE_WITH_KNOTS('',2,(#11080,#11081,#11082),
 .UNSPECIFIED.,.F.,.F.,(3,3),(0.,1.),.PIECEWISE_BEZIER_KNOTS.);
#404=B_SPLINE_CURVE_WITH_KNOTS('',2,(#11093,#11094,#11095),
 .UNSPECIFIED.,.F.,.F.,(3,3),(0.,1.),.PIECEWISE_BEZIER_KNOTS.);
#405=B_SPLINE_CURVE_WITH_KNOTS('',2,(#11190,#11191,#11192),
 .UNSPECIFIED.,.F.,.F.,(3,3),(0.,1.),.PIECEWISE_BEZIER_KNOTS.);
#406=B_SPLINE_CURVE_WITH_KNOTS('',2,(#11203,#11204,#11205),
 .UNSPECIFIED.,.F.,.F.,(3,3),(0.,1.),.PIECEWISE_BEZIER_KNOTS.);
#407=B_SPLINE_CURVE_WITH_KNOTS('',2,(#11216,#11217,#11218),
 .UNSPECIFIED.,.F.,.F.,(3,3),(0.,1.),.PIECEWISE_BEZIER_KNOTS.);
#408=B_SPLINE_CURVE_WITH_KNOTS('',2,(#11229,#11230,#11231),
 .UNSPECIFIED.,.F.,.F.,(3,3),(0.,1.),.PIECEWISE_BEZIER_KNOTS.);
#409=B_SPLINE_CURVE_WITH_KNOTS('',2,(#11254,#11255,#11256),
 .UNSPECIFIED.,.F.,.F.,(3,3),(0.,1.),.PIECEWISE_BEZIER_KNOTS.);
#410=B_SPLINE_CURVE_WITH_KNOTS('',2,(#11267,#11268,#11269),
 .UNSPECIFIED.,.F.,.F.,(3,3),(0.,1.),.PIECEWISE_BEZIER_KNOTS.);
#411=B_SPLINE_CURVE_WITH_KNOTS('',2,(#11280,#11281,#11282),
 .UNSPECIFIED.,.F.,.F.,(3,3),(0.,1.),.PIECEWISE_BEZIER_KNOTS.);
#412=B_SPLINE_CURVE_WITH_KNOTS('',2,(#11293,#11294,#11295),
 .UNSPECIFIED.,.F.,.F.,(3,3),(0.,1.),.PIECEWISE_BEZIER_KNOTS.);
#413=B_SPLINE_CURVE_WITH_KNOTS('',2,(#11306,#11307,#11308),
 .UNSPECIFIED.,.F.,.F.,(3,3),(0.,1.),.PIECEWISE_BEZIER_KNOTS.);
#414=B_SPLINE_CURVE_WITH_KNOTS('',2,(#11319,#11320,#11321),
 .UNSPECIFIED.,.F.,.F.,(3,3),(0.,1.),.PIECEWISE_BEZIER_KNOTS.);
#415=B_SPLINE_CURVE_WITH_KNOTS('',2,(#11332,#11333,#11334),
 .UNSPECIFIED.,.F.,.F.,(3,3),(0.,1.),.PIECEWISE_BEZIER_KNOTS.);
#416=B_SPLINE_CURVE_WITH_KNOTS('',2,(#11345,#11346,#11347),
 .UNSPECIFIED.,.F.,.F.,(3,3),(0.,1.),.PIECEWISE_BEZIER_KNOTS.);
#417=B_SPLINE_CURVE_WITH_KNOTS('',2,(#11358,#11359,#11360),
 .UNSPECIFIED.,.F.,.F.,(3,3),(0.,1.),.PIECEWISE_BEZIER_KNOTS.);
#418=B_SPLINE_CURVE_WITH_KNOTS('',2,(#11371,#11372,#11373),
 .UNSPECIFIED.,.F.,.F.,(3,3),(0.,1.),.PIECEWISE_BEZIER_KNOTS.);
#419=B_SPLINE_CURVE_WITH_KNOTS('',2,(#11388,#11389,#11390),
 .UNSPECIFIED.,.F.,.F.,(3,3),(0.,1.),.PIECEWISE_BEZIER_KNOTS.);
#420=B_SPLINE_CURVE_WITH_KNOTS('',2,(#11401,#11402,#11403),
 .UNSPECIFIED.,.F.,.F.,(3,3),(0.,1.),.PIECEWISE_BEZIER_KNOTS.);
#421=B_SPLINE_CURVE_WITH_KNOTS('',2,(#11414,#11415,#11416),
 .UNSPECIFIED.,.F.,.F.,(3,3),(0.,1.),.PIECEWISE_BEZIER_KNOTS.);
#422=B_SPLINE_CURVE_WITH_KNOTS('',2,(#11427,#11428,#11429),
 .UNSPECIFIED.,.F.,.F.,(3,3),(0.,1.),.PIECEWISE_BEZIER_KNOTS.);
#423=B_SPLINE_CURVE_WITH_KNOTS('',2,(#11440,#11441,#11442),
 .UNSPECIFIED.,.F.,.F.,(3,3),(0.,1.),.PIECEWISE_BEZIER_KNOTS.);
#424=B_SPLINE_CURVE_WITH_KNOTS('',2,(#11453,#11454,#11455),
 .UNSPECIFIED.,.F.,.F.,(3,3),(0.,1.),.PIECEWISE_BEZIER_KNOTS.);
#425=B_SPLINE_CURVE_WITH_KNOTS('',2,(#11468,#11469,#11470),
 .UNSPECIFIED.,.F.,.F.,(3,3),(0.,1.),.PIECEWISE_BEZIER_KNOTS.);
#426=B_SPLINE_CURVE_WITH_KNOTS('',2,(#11493,#11494,#11495),
 .UNSPECIFIED.,.F.,.F.,(3,3),(0.,1.),.PIECEWISE_BEZIER_KNOTS.);
#427=B_SPLINE_CURVE_WITH_KNOTS('',2,(#11510,#11511,#11512),
 .UNSPECIFIED.,.F.,.F.,(3,3),(0.,1.),.PIECEWISE_BEZIER_KNOTS.);
#428=B_SPLINE_CURVE_WITH_KNOTS('',2,(#11577,#11578,#11579),
 .UNSPECIFIED.,.F.,.F.,(3,3),(0.,1.),.PIECEWISE_BEZIER_KNOTS.);
#429=B_SPLINE_CURVE_WITH_KNOTS('',2,(#11590,#11591,#11592),
 .UNSPECIFIED.,.F.,.F.,(3,3),(0.,1.),.PIECEWISE_BEZIER_KNOTS.);
#430=B_SPLINE_CURVE_WITH_KNOTS('',2,(#11603,#11604,#11605),
 .UNSPECIFIED.,.F.,.F.,(3,3),(0.,1.),.PIECEWISE_BEZIER_KNOTS.);
#431=B_SPLINE_CURVE_WITH_KNOTS('',2,(#11616,#11617,#11618),
 .UNSPECIFIED.,.F.,.F.,(3,3),(0.,1.),.PIECEWISE_BEZIER_KNOTS.);
#432=B_SPLINE_CURVE_WITH_KNOTS('',2,(#11657,#11658,#11659),
 .UNSPECIFIED.,.F.,.F.,(3,3),(0.,1.),.PIECEWISE_BEZIER_KNOTS.);
#433=B_SPLINE_CURVE_WITH_KNOTS('',2,(#11670,#11671,#11672),
 .UNSPECIFIED.,.F.,.F.,(3,3),(0.,1.),.PIECEWISE_BEZIER_KNOTS.);
#434=B_SPLINE_CURVE_WITH_KNOTS('',2,(#11683,#11684,#11685),
 .UNSPECIFIED.,.F.,.F.,(3,3),(0.,1.),.PIECEWISE_BEZIER_KNOTS.);
#435=B_SPLINE_CURVE_WITH_KNOTS('',2,(#11706,#11707,#11708),
 .UNSPECIFIED.,.F.,.F.,(3,3),(0.,1.),.PIECEWISE_BEZIER_KNOTS.);
#436=B_SPLINE_CURVE_WITH_KNOTS('',2,(#11719,#11720,#11721),
 .UNSPECIFIED.,.F.,.F.,(3,3),(0.,1.),.PIECEWISE_BEZIER_KNOTS.);
#437=B_SPLINE_CURVE_WITH_KNOTS('',2,(#11732,#11733,#11734),
 .UNSPECIFIED.,.F.,.F.,(3,3),(0.,1.),.PIECEWISE_BEZIER_KNOTS.);
#438=B_SPLINE_CURVE_WITH_KNOTS('',2,(#11745,#11746,#11747),
 .UNSPECIFIED.,.F.,.F.,(3,3),(0.,1.),.PIECEWISE_BEZIER_KNOTS.);
#439=B_SPLINE_CURVE_WITH_KNOTS('',2,(#11758,#11759,#11760),
 .UNSPECIFIED.,.F.,.F.,(3,3),(0.,1.),.PIECEWISE_BEZIER_KNOTS.);
#440=B_SPLINE_CURVE_WITH_KNOTS('',2,(#11771,#11772,#11773),
 .UNSPECIFIED.,.F.,.F.,(3,3),(0.,1.),.PIECEWISE_BEZIER_KNOTS.);
#441=B_SPLINE_CURVE_WITH_KNOTS('',2,(#11818,#11819,#11820),
 .UNSPECIFIED.,.F.,.F.,(3,3),(0.,1.),.PIECEWISE_BEZIER_KNOTS.);
#442=B_SPLINE_CURVE_WITH_KNOTS('',2,(#11831,#11832,#11833),
 .UNSPECIFIED.,.F.,.F.,(3,3),(0.,1.),.PIECEWISE_BEZIER_KNOTS.);
#443=B_SPLINE_CURVE_WITH_KNOTS('',2,(#11844,#11845,#11846),
 .UNSPECIFIED.,.F.,.F.,(3,3),(0.,1.),.PIECEWISE_BEZIER_KNOTS.);
#444=B_SPLINE_CURVE_WITH_KNOTS('',2,(#11857,#11858,#11859),
 .UNSPECIFIED.,.F.,.F.,(3,3),(0.,1.),.PIECEWISE_BEZIER_KNOTS.);
#445=B_SPLINE_CURVE_WITH_KNOTS('',2,(#11874,#11875,#11876),
 .UNSPECIFIED.,.F.,.F.,(3,3),(0.,1.),.PIECEWISE_BEZIER_KNOTS.);
#446=B_SPLINE_CURVE_WITH_KNOTS('',2,(#11887,#11888,#11889),
 .UNSPECIFIED.,.F.,.F.,(3,3),(0.,1.),.PIECEWISE_BEZIER_KNOTS.);
#447=B_SPLINE_CURVE_WITH_KNOTS('',2,(#11900,#11901,#11902),
 .UNSPECIFIED.,.F.,.F.,(3,3),(0.,1.),.PIECEWISE_BEZIER_KNOTS.);
#448=B_SPLINE_CURVE_WITH_KNOTS('',2,(#11923,#11924,#11925),
 .UNSPECIFIED.,.F.,.F.,(3,3),(0.,1.),.PIECEWISE_BEZIER_KNOTS.);
#449=B_SPLINE_CURVE_WITH_KNOTS('',2,(#11936,#11937,#11938),
 .UNSPECIFIED.,.F.,.F.,(3,3),(0.,1.),.PIECEWISE_BEZIER_KNOTS.);
#450=B_SPLINE_CURVE_WITH_KNOTS('',2,(#11949,#11950,#11951),
 .UNSPECIFIED.,.F.,.F.,(3,3),(0.,1.),.PIECEWISE_BEZIER_KNOTS.);
#451=B_SPLINE_CURVE_WITH_KNOTS('',2,(#11962,#11963,#11964),
 .UNSPECIFIED.,.F.,.F.,(3,3),(0.,1.),.PIECEWISE_BEZIER_KNOTS.);
#452=B_SPLINE_CURVE_WITH_KNOTS('',2,(#11987,#11988,#11989),
 .UNSPECIFIED.,.F.,.F.,(3,3),(0.,1.),.PIECEWISE_BEZIER_KNOTS.);
#453=B_SPLINE_CURVE_WITH_KNOTS('',2,(#12000,#12001,#12002),
 .UNSPECIFIED.,.F.,.F.,(3,3),(0.,1.),.PIECEWISE_BEZIER_KNOTS.);
#454=B_SPLINE_CURVE_WITH_KNOTS('',2,(#12013,#12014,#12015),
 .UNSPECIFIED.,.F.,.F.,(3,3),(0.,1.),.PIECEWISE_BEZIER_KNOTS.);
#455=B_SPLINE_CURVE_WITH_KNOTS('',2,(#12026,#12027,#12028),
 .UNSPECIFIED.,.F.,.F.,(3,3),(0.,1.),.PIECEWISE_BEZIER_KNOTS.);
#456=B_SPLINE_CURVE_WITH_KNOTS('',2,(#12063,#12064,#12065),
 .UNSPECIFIED.,.F.,.F.,(3,3),(0.,1.),.PIECEWISE_BEZIER_KNOTS.);
#457=B_SPLINE_CURVE_WITH_KNOTS('',2,(#12076,#12077,#12078),
 .UNSPECIFIED.,.F.,.F.,(3,3),(0.,1.),.PIECEWISE_BEZIER_KNOTS.);
#458=B_SPLINE_CURVE_WITH_KNOTS('',2,(#12089,#12090,#12091),
 .UNSPECIFIED.,.F.,.F.,(3,3),(0.,1.),.PIECEWISE_BEZIER_KNOTS.);
#459=B_SPLINE_CURVE_WITH_KNOTS('',2,(#12102,#12103,#12104),
 .UNSPECIFIED.,.F.,.F.,(3,3),(0.,1.),.PIECEWISE_BEZIER_KNOTS.);
#460=B_SPLINE_CURVE_WITH_KNOTS('',2,(#12115,#12116,#12117),
 .UNSPECIFIED.,.F.,.F.,(3,3),(0.,1.),.PIECEWISE_BEZIER_KNOTS.);
#461=B_SPLINE_CURVE_WITH_KNOTS('',2,(#12128,#12129,#12130),
 .UNSPECIFIED.,.F.,.F.,(3,3),(0.,1.),.PIECEWISE_BEZIER_KNOTS.);
#462=B_SPLINE_CURVE_WITH_KNOTS('',2,(#12145,#12146,#12147),
 .UNSPECIFIED.,.F.,.F.,(3,3),(0.,1.),.PIECEWISE_BEZIER_KNOTS.);
#463=B_SPLINE_CURVE_WITH_KNOTS('',2,(#12158,#12159,#12160),
 .UNSPECIFIED.,.F.,.F.,(3,3),(0.,1.),.PIECEWISE_BEZIER_KNOTS.);
#464=B_SPLINE_CURVE_WITH_KNOTS('',2,(#12171,#12172,#12173),
 .UNSPECIFIED.,.F.,.F.,(3,3),(0.,1.),.PIECEWISE_BEZIER_KNOTS.);
#465=B_SPLINE_CURVE_WITH_KNOTS('',2,(#12184,#12185,#12186),
 .UNSPECIFIED.,.F.,.F.,(3,3),(0.,1.),.PIECEWISE_BEZIER_KNOTS.);
#466=B_SPLINE_CURVE_WITH_KNOTS('',2,(#12197,#12198,#12199),
 .UNSPECIFIED.,.F.,.F.,(3,3),(0.,1.),.PIECEWISE_BEZIER_KNOTS.);
#467=B_SPLINE_CURVE_WITH_KNOTS('',2,(#12210,#12211,#12212),
 .UNSPECIFIED.,.F.,.F.,(3,3),(0.,1.),.PIECEWISE_BEZIER_KNOTS.);
#468=B_SPLINE_CURVE_WITH_KNOTS('',2,(#12223,#12224,#12225),
 .UNSPECIFIED.,.F.,.F.,(3,3),(0.,1.),.PIECEWISE_BEZIER_KNOTS.);
#469=B_SPLINE_CURVE_WITH_KNOTS('',2,(#12284,#12285,#12286),
 .UNSPECIFIED.,.F.,.F.,(3,3),(0.,1.),.PIECEWISE_BEZIER_KNOTS.);
#470=B_SPLINE_CURVE_WITH_KNOTS('',2,(#12297,#12298,#12299),
 .UNSPECIFIED.,.F.,.F.,(3,3),(0.,1.),.PIECEWISE_BEZIER_KNOTS.);
#471=B_SPLINE_CURVE_WITH_KNOTS('',2,(#12310,#12311,#12312),
 .UNSPECIFIED.,.F.,.F.,(3,3),(0.,1.),.PIECEWISE_BEZIER_KNOTS.);
#472=B_SPLINE_CURVE_WITH_KNOTS('',2,(#12323,#12324,#12325),
 .UNSPECIFIED.,.F.,.F.,(3,3),(0.,1.),.PIECEWISE_BEZIER_KNOTS.);
#473=B_SPLINE_CURVE_WITH_KNOTS('',2,(#12336,#12337,#12338),
 .UNSPECIFIED.,.F.,.F.,(3,3),(0.,1.),.PIECEWISE_BEZIER_KNOTS.);
#474=B_SPLINE_CURVE_WITH_KNOTS('',2,(#12349,#12350,#12351),
 .UNSPECIFIED.,.F.,.F.,(3,3),(0.,1.),.PIECEWISE_BEZIER_KNOTS.);
#475=B_SPLINE_CURVE_WITH_KNOTS('',2,(#12366,#12367,#12368),
 .UNSPECIFIED.,.F.,.F.,(3,3),(0.,1.),.PIECEWISE_BEZIER_KNOTS.);
#476=B_SPLINE_CURVE_WITH_KNOTS('',2,(#12379,#12380,#12381),
 .UNSPECIFIED.,.F.,.F.,(3,3),(0.,1.),.PIECEWISE_BEZIER_KNOTS.);
#477=B_SPLINE_CURVE_WITH_KNOTS('',2,(#12392,#12393,#12394),
 .UNSPECIFIED.,.F.,.F.,(3,3),(0.,1.),.PIECEWISE_BEZIER_KNOTS.);
#478=B_SPLINE_CURVE_WITH_KNOTS('',2,(#12405,#12406,#12407),
 .UNSPECIFIED.,.F.,.F.,(3,3),(0.,1.),.PIECEWISE_BEZIER_KNOTS.);
#479=B_SPLINE_CURVE_WITH_KNOTS('',2,(#12418,#12419,#12420),
 .UNSPECIFIED.,.F.,.F.,(3,3),(0.,1.),.PIECEWISE_BEZIER_KNOTS.);
#480=B_SPLINE_CURVE_WITH_KNOTS('',2,(#12431,#12432,#12433),
 .UNSPECIFIED.,.F.,.F.,(3,3),(0.,1.),.PIECEWISE_BEZIER_KNOTS.);
#481=B_SPLINE_CURVE_WITH_KNOTS('',2,(#12444,#12445,#12446),
 .UNSPECIFIED.,.F.,.F.,(3,3),(0.,1.),.PIECEWISE_BEZIER_KNOTS.);
#482=B_SPLINE_CURVE_WITH_KNOTS('',2,(#12476,#12477,#12478),
 .UNSPECIFIED.,.F.,.F.,(3,3),(0.,1.),.PIECEWISE_BEZIER_KNOTS.);
#483=B_SPLINE_CURVE_WITH_KNOTS('',2,(#12487,#12488,#12489),
 .UNSPECIFIED.,.F.,.F.,(3,3),(0.,1.),.PIECEWISE_BEZIER_KNOTS.);
#484=B_SPLINE_CURVE_WITH_KNOTS('',3,(#12510,#12511,#12512,#12513),
 .UNSPECIFIED.,.F.,.F.,(4,4),(3.22090027797363E-8,1.),.UNSPECIFIED.);
#485=B_SPLINE_CURVE_WITH_KNOTS('',3,(#12514,#12515,#12516,#12517),
 .UNSPECIFIED.,.F.,.F.,(4,4),(0.,1.),.UNSPECIFIED.);
#486=B_SPLINE_CURVE_WITH_KNOTS('',3,(#12674,#12675,#12676,#12677),
 .UNSPECIFIED.,.F.,.F.,(4,4),(0.,1.),.UNSPECIFIED.);
#487=B_SPLINE_CURVE_WITH_KNOTS('',3,(#12679,#12680,#12681,#12682),
 .UNSPECIFIED.,.F.,.F.,(4,4),(0.,1.),.UNSPECIFIED.);
#488=B_SPLINE_CURVE_WITH_KNOTS('',3,(#12783,#12784,#12785,#12786),
 .UNSPECIFIED.,.F.,.F.,(4,4),(0.,1.),.UNSPECIFIED.);
#489=B_SPLINE_CURVE_WITH_KNOTS('',3,(#12827,#12828,#12829,#12830),
 .UNSPECIFIED.,.F.,.F.,(4,4),(0.,1.),.UNSPECIFIED.);
#490=B_SPLINE_CURVE_WITH_KNOTS('',3,(#12832,#12833,#12834,#12835),
 .UNSPECIFIED.,.F.,.F.,(4,4),(0.,1.),.UNSPECIFIED.);
#491=B_SPLINE_CURVE_WITH_KNOTS('',3,(#12837,#12838,#12839,#12840),
 .UNSPECIFIED.,.F.,.F.,(4,4),(0.,1.),.UNSPECIFIED.);
#492=B_SPLINE_CURVE_WITH_KNOTS('',3,(#12873,#12874,#12875,#12876),
 .UNSPECIFIED.,.F.,.F.,(4,4),(0.,1.),.UNSPECIFIED.);
#493=B_SPLINE_CURVE_WITH_KNOTS('',3,(#12969,#12970,#12971,#12972,#12973,
#12974,#12975,#12976,#12977,#12978,#12979,#12980,#12981,#12982,#12983,#12984,
#12985,#12986,#12987,#12988),.UNSPECIFIED.,.F.,.F.,(4,1,1,1,1,1,1,1,1,1,
1,1,1,1,1,1,1,4),(0.,0.125,0.25,0.3125,0.375,0.40625,0.4375,0.46875,0.484375,
0.5,0.515625,0.53125,0.5625,0.625,0.6875,0.75,0.875,1.),.UNSPECIFIED.);
#494=B_SPLINE_CURVE_WITH_KNOTS('',3,(#12990,#12991,#12992,#12993),
 .UNSPECIFIED.,.F.,.F.,(4,4),(0.,1.),.UNSPECIFIED.);
#495=B_SPLINE_CURVE_WITH_KNOTS('',3,(#13090,#13091,#13092,#13093,#13094,
#13095,#13096,#13097,#13098,#13099,#13100,#13101,#13102,#13103,#13104,#13105,
#13106,#13107,#13108,#13109,#13110,#13111,#13112,#13113,#13114,#13115,#13116,
#13117,#13118,#13119),.UNSPECIFIED.,.F.,.F.,(4,1,1,1,1,1,1,1,1,1,1,1,1,
1,1,1,1,1,1,1,1,1,1,1,1,1,1,4),(0.,0.03125,0.0625,0.09375,0.109375,0.1171875,
0.125,0.1328125,0.140625,0.15625,0.1875,0.21875,0.234375,0.2421875,0.25,
0.2578125,0.265625,0.28125,0.3125,0.34375,0.375,0.4375,0.5,0.5625,0.625,
0.75,0.875,1.),.UNSPECIFIED.);
#496=B_SPLINE_CURVE_WITH_KNOTS('',3,(#13156,#13157,#13158,#13159,#13160,
#13161,#13162,#13163,#13164,#13165,#13166,#13167,#13168,#13169,#13170,#13171,
#13172,#13173,#13174,#13175,#13176,#13177,#13178,#13179,#13180,#13181,#13182,
#13183,#13184,#13185,#13186,#13187),.UNSPECIFIED.,.F.,.F.,(4,1,1,1,1,1,
1,1,1,1,1,1,1,1,1,1,1,1,1,1,1,1,1,1,1,1,1,1,1,4),(0.,0.0625,0.125,0.15625,
0.1875,0.21875,0.234375,0.2421875,0.25,0.2578125,0.265625,0.28125,0.3125,
0.375,0.4375,0.5,0.5625,0.625,0.65625,0.6875,0.71875,0.734375,0.75,0.765625,
0.78125,0.8125,0.84375,0.875,0.9375,1.),.UNSPECIFIED.);
#497=B_SPLINE_CURVE_WITH_KNOTS('',3,(#13260,#13261,#13262,#13263),
 .UNSPECIFIED.,.F.,.F.,(4,4),(0.,1.),.UNSPECIFIED.);
#498=B_SPLINE_CURVE_WITH_KNOTS('',3,(#13432,#13433,#13434,#13435,#13436,
#13437,#13438,#13439,#13440,#13441,#13442,#13443,#13444),.UNSPECIFIED.,
 .F.,.F.,(4,1,1,1,1,1,1,1,1,1,4),(0.,0.125,0.25,0.3125,0.375,0.5,0.5625,
0.625,0.75,0.875,1.),.UNSPECIFIED.);
#499=B_SPLINE_CURVE_WITH_KNOTS('',3,(#13446,#13447,#13448,#13449),
 .UNSPECIFIED.,.F.,.F.,(4,4),(0.,1.),.UNSPECIFIED.);
#500=B_SPLINE_CURVE_WITH_KNOTS('',3,(#13490,#13491,#13492,#13493),
 .UNSPECIFIED.,.F.,.F.,(4,4),(0.,1.),.UNSPECIFIED.);
#501=B_SPLINE_CURVE_WITH_KNOTS('',3,(#13526,#13527,#13528,#13529),
 .UNSPECIFIED.,.F.,.F.,(4,4),(0.,1.),.UNSPECIFIED.);
#502=B_SPLINE_CURVE_WITH_KNOTS('',3,(#13531,#13532,#13533,#13534),
 .UNSPECIFIED.,.F.,.F.,(4,4),(0.,1.),.UNSPECIFIED.);
#503=B_SPLINE_CURVE_WITH_KNOTS('',3,(#13536,#13537,#13538,#13539),
 .UNSPECIFIED.,.F.,.F.,(4,4),(0.,1.),.UNSPECIFIED.);
#504=B_SPLINE_CURVE_WITH_KNOTS('',3,(#13580,#13581,#13582,#13583),
 .UNSPECIFIED.,.F.,.F.,(4,4),(0.,1.),.UNSPECIFIED.);
#505=B_SPLINE_CURVE_WITH_KNOTS('',3,(#13624,#13625,#13626,#13627),
 .UNSPECIFIED.,.F.,.F.,(4,4),(0.,1.),.UNSPECIFIED.);
#506=B_SPLINE_CURVE_WITH_KNOTS('',3,(#13629,#13630,#13631,#13632),
 .UNSPECIFIED.,.F.,.F.,(4,4),(0.,1.),.UNSPECIFIED.);
#507=B_SPLINE_CURVE_WITH_KNOTS('',3,(#13649,#13650,#13651,#13652),
 .UNSPECIFIED.,.F.,.F.,(4,4),(0.,1.),.UNSPECIFIED.);
#508=B_SPLINE_CURVE_WITH_KNOTS('',3,(#13705,#13706,#13707,#13708,#13709,
#13710,#13711,#13712,#13713,#13714,#13715,#13716,#13717,#13718,#13719,#13720,
#13721,#13722,#13723,#13724,#13725,#13726),.UNSPECIFIED.,.F.,.F.,(4,1,1,
1,1,1,1,1,1,1,1,1,1,1,1,1,1,1,1,4),(0.,0.0625,0.125,0.1875,0.21875,0.234375,
0.25,0.265625,0.28125,0.3125,0.375,0.4375,0.46875,0.5,0.53125,0.5625,0.625,
0.75,0.875,1.),.UNSPECIFIED.);
#509=ORIENTED_EDGE('',*,*,#2281,.T.);
#510=ORIENTED_EDGE('',*,*,#2282,.T.);
#511=ORIENTED_EDGE('',*,*,#2283,.F.);
#512=ORIENTED_EDGE('',*,*,#2284,.T.);
#513=ORIENTED_EDGE('',*,*,#2283,.T.);
#514=ORIENTED_EDGE('',*,*,#2285,.T.);
#515=ORIENTED_EDGE('',*,*,#2286,.F.);
#516=ORIENTED_EDGE('',*,*,#2287,.T.);
#517=ORIENTED_EDGE('',*,*,#2288,.T.);
#518=ORIENTED_EDGE('',*,*,#2289,.T.);
#519=ORIENTED_EDGE('',*,*,#2290,.F.);
#520=ORIENTED_EDGE('',*,*,#2291,.T.);
#521=ORIENTED_EDGE('',*,*,#2292,.T.);
#522=ORIENTED_EDGE('',*,*,#2293,.T.);
#523=ORIENTED_EDGE('',*,*,#2294,.F.);
#524=ORIENTED_EDGE('',*,*,#2295,.T.);
#525=ORIENTED_EDGE('',*,*,#2296,.F.);
#526=ORIENTED_EDGE('',*,*,#2297,.T.);
#527=ORIENTED_EDGE('',*,*,#2298,.F.);
#528=ORIENTED_EDGE('',*,*,#2299,.F.);
#529=ORIENTED_EDGE('',*,*,#2300,.F.);
#530=ORIENTED_EDGE('',*,*,#2301,.T.);
#531=ORIENTED_EDGE('',*,*,#2296,.T.);
#532=ORIENTED_EDGE('',*,*,#2302,.F.);
#533=ORIENTED_EDGE('',*,*,#2303,.T.);
#534=ORIENTED_EDGE('',*,*,#2304,.T.);
#535=ORIENTED_EDGE('',*,*,#2305,.F.);
#536=ORIENTED_EDGE('',*,*,#2306,.T.);
#537=ORIENTED_EDGE('',*,*,#2305,.T.);
#538=ORIENTED_EDGE('',*,*,#2307,.T.);
#539=ORIENTED_EDGE('',*,*,#2308,.F.);
#540=ORIENTED_EDGE('',*,*,#2309,.T.);
#541=ORIENTED_EDGE('',*,*,#2308,.T.);
#542=ORIENTED_EDGE('',*,*,#2310,.T.);
#543=ORIENTED_EDGE('',*,*,#2311,.F.);
#544=ORIENTED_EDGE('',*,*,#2312,.T.);
#545=ORIENTED_EDGE('',*,*,#2311,.T.);
#546=ORIENTED_EDGE('',*,*,#2313,.T.);
#547=ORIENTED_EDGE('',*,*,#2314,.F.);
#548=ORIENTED_EDGE('',*,*,#2315,.T.);
#549=ORIENTED_EDGE('',*,*,#2314,.T.);
#550=ORIENTED_EDGE('',*,*,#2316,.T.);
#551=ORIENTED_EDGE('',*,*,#2317,.F.);
#552=ORIENTED_EDGE('',*,*,#2318,.F.);
#553=ORIENTED_EDGE('',*,*,#2317,.T.);
#554=ORIENTED_EDGE('',*,*,#2319,.T.);
#555=ORIENTED_EDGE('',*,*,#2320,.F.);
#556=ORIENTED_EDGE('',*,*,#2321,.T.);
#557=ORIENTED_EDGE('',*,*,#2320,.T.);
#558=ORIENTED_EDGE('',*,*,#2322,.T.);
#559=ORIENTED_EDGE('',*,*,#2323,.F.);
#560=ORIENTED_EDGE('',*,*,#2324,.T.);
#561=ORIENTED_EDGE('',*,*,#2323,.T.);
#562=ORIENTED_EDGE('',*,*,#2325,.T.);
#563=ORIENTED_EDGE('',*,*,#2300,.T.);
#564=ORIENTED_EDGE('',*,*,#2326,.F.);
#565=ORIENTED_EDGE('',*,*,#2298,.T.);
#566=ORIENTED_EDGE('',*,*,#2327,.T.);
#567=ORIENTED_EDGE('',*,*,#2292,.F.);
#568=ORIENTED_EDGE('',*,*,#2328,.T.);
#569=ORIENTED_EDGE('',*,*,#2294,.T.);
#570=ORIENTED_EDGE('',*,*,#2329,.T.);
#571=ORIENTED_EDGE('',*,*,#2330,.F.);
#572=ORIENTED_EDGE('',*,*,#2331,.T.);
#573=ORIENTED_EDGE('',*,*,#2330,.T.);
#574=ORIENTED_EDGE('',*,*,#2332,.T.);
#575=ORIENTED_EDGE('',*,*,#2288,.F.);
#576=ORIENTED_EDGE('',*,*,#2333,.T.);
#577=ORIENTED_EDGE('',*,*,#2290,.T.);
#578=ORIENTED_EDGE('',*,*,#2334,.T.);
#579=ORIENTED_EDGE('',*,*,#2335,.F.);
#580=ORIENTED_EDGE('',*,*,#2336,.T.);
#581=ORIENTED_EDGE('',*,*,#2335,.T.);
#582=ORIENTED_EDGE('',*,*,#2337,.T.);
#583=ORIENTED_EDGE('',*,*,#2338,.F.);
#584=ORIENTED_EDGE('',*,*,#2339,.T.);
#585=ORIENTED_EDGE('',*,*,#2338,.T.);
#586=ORIENTED_EDGE('',*,*,#2340,.T.);
#587=ORIENTED_EDGE('',*,*,#2341,.F.);
#588=ORIENTED_EDGE('',*,*,#2342,.T.);
#589=ORIENTED_EDGE('',*,*,#2341,.T.);
#590=ORIENTED_EDGE('',*,*,#2343,.T.);
#591=ORIENTED_EDGE('',*,*,#2281,.F.);
#592=ORIENTED_EDGE('',*,*,#2344,.T.);
#593=ORIENTED_EDGE('',*,*,#2286,.T.);
#594=ORIENTED_EDGE('',*,*,#2345,.T.);
#595=ORIENTED_EDGE('',*,*,#2346,.F.);
#596=ORIENTED_EDGE('',*,*,#2347,.T.);
#597=ORIENTED_EDGE('',*,*,#2346,.T.);
#598=ORIENTED_EDGE('',*,*,#2348,.T.);
#599=ORIENTED_EDGE('',*,*,#2349,.F.);
#600=ORIENTED_EDGE('',*,*,#2350,.T.);
#601=ORIENTED_EDGE('',*,*,#2349,.T.);
#602=ORIENTED_EDGE('',*,*,#2351,.T.);
#603=ORIENTED_EDGE('',*,*,#2352,.F.);
#604=ORIENTED_EDGE('',*,*,#2353,.T.);
#605=ORIENTED_EDGE('',*,*,#2352,.T.);
#606=ORIENTED_EDGE('',*,*,#2354,.T.);
#607=ORIENTED_EDGE('',*,*,#2303,.F.);
#608=ORIENTED_EDGE('',*,*,#2355,.T.);
#609=ORIENTED_EDGE('',*,*,#2356,.F.);
#610=ORIENTED_EDGE('',*,*,#2357,.T.);
#611=ORIENTED_EDGE('',*,*,#2358,.T.);
#612=ORIENTED_EDGE('',*,*,#2359,.T.);
#613=ORIENTED_EDGE('',*,*,#2360,.T.);
#614=ORIENTED_EDGE('',*,*,#2361,.T.);
#615=ORIENTED_EDGE('',*,*,#2362,.T.);
#616=ORIENTED_EDGE('',*,*,#2363,.T.);
#617=ORIENTED_EDGE('',*,*,#2364,.T.);
#618=ORIENTED_EDGE('',*,*,#2365,.T.);
#619=ORIENTED_EDGE('',*,*,#2366,.T.);
#620=ORIENTED_EDGE('',*,*,#2367,.T.);
#621=ORIENTED_EDGE('',*,*,#2368,.T.);
#622=ORIENTED_EDGE('',*,*,#2369,.F.);
#623=ORIENTED_EDGE('',*,*,#2370,.T.);
#624=ORIENTED_EDGE('',*,*,#2371,.T.);
#625=ORIENTED_EDGE('',*,*,#2372,.T.);
#626=ORIENTED_EDGE('',*,*,#2373,.T.);
#627=ORIENTED_EDGE('',*,*,#2374,.T.);
#628=ORIENTED_EDGE('',*,*,#2375,.T.);
#629=ORIENTED_EDGE('',*,*,#2376,.T.);
#630=ORIENTED_EDGE('',*,*,#2377,.T.);
#631=ORIENTED_EDGE('',*,*,#2378,.T.);
#632=ORIENTED_EDGE('',*,*,#2379,.T.);
#633=ORIENTED_EDGE('',*,*,#2380,.T.);
#634=ORIENTED_EDGE('',*,*,#2381,.T.);
#635=ORIENTED_EDGE('',*,*,#2382,.T.);
#636=ORIENTED_EDGE('',*,*,#2383,.T.);
#637=ORIENTED_EDGE('',*,*,#2384,.T.);
#638=ORIENTED_EDGE('',*,*,#2385,.T.);
#639=ORIENTED_EDGE('',*,*,#2386,.T.);
#640=ORIENTED_EDGE('',*,*,#2387,.T.);
#641=ORIENTED_EDGE('',*,*,#2388,.T.);
#642=ORIENTED_EDGE('',*,*,#2389,.T.);
#643=ORIENTED_EDGE('',*,*,#2390,.T.);
#644=ORIENTED_EDGE('',*,*,#2391,.T.);
#645=ORIENTED_EDGE('',*,*,#2392,.T.);
#646=ORIENTED_EDGE('',*,*,#2393,.T.);
#647=ORIENTED_EDGE('',*,*,#2394,.T.);
#648=ORIENTED_EDGE('',*,*,#2395,.T.);
#649=ORIENTED_EDGE('',*,*,#2396,.T.);
#650=ORIENTED_EDGE('',*,*,#2397,.T.);
#651=ORIENTED_EDGE('',*,*,#2398,.T.);
#652=ORIENTED_EDGE('',*,*,#2399,.T.);
#653=ORIENTED_EDGE('',*,*,#2400,.T.);
#654=ORIENTED_EDGE('',*,*,#2401,.T.);
#655=ORIENTED_EDGE('',*,*,#2402,.T.);
#656=ORIENTED_EDGE('',*,*,#2403,.T.);
#657=ORIENTED_EDGE('',*,*,#2404,.T.);
#658=ORIENTED_EDGE('',*,*,#2405,.T.);
#659=ORIENTED_EDGE('',*,*,#2406,.T.);
#660=ORIENTED_EDGE('',*,*,#2407,.T.);
#661=ORIENTED_EDGE('',*,*,#2408,.T.);
#662=ORIENTED_EDGE('',*,*,#2409,.T.);
#663=ORIENTED_EDGE('',*,*,#2410,.T.);
#664=ORIENTED_EDGE('',*,*,#2411,.T.);
#665=ORIENTED_EDGE('',*,*,#2412,.T.);
#666=ORIENTED_EDGE('',*,*,#2413,.T.);
#667=ORIENTED_EDGE('',*,*,#2414,.T.);
#668=ORIENTED_EDGE('',*,*,#2415,.T.);
#669=ORIENTED_EDGE('',*,*,#2416,.T.);
#670=ORIENTED_EDGE('',*,*,#2417,.T.);
#671=ORIENTED_EDGE('',*,*,#2418,.T.);
#672=ORIENTED_EDGE('',*,*,#2419,.T.);
#673=ORIENTED_EDGE('',*,*,#2420,.T.);
#674=ORIENTED_EDGE('',*,*,#2421,.T.);
#675=ORIENTED_EDGE('',*,*,#2422,.T.);
#676=ORIENTED_EDGE('',*,*,#2423,.T.);
#677=ORIENTED_EDGE('',*,*,#2424,.T.);
#678=ORIENTED_EDGE('',*,*,#2425,.T.);
#679=ORIENTED_EDGE('',*,*,#2426,.T.);
#680=ORIENTED_EDGE('',*,*,#2427,.T.);
#681=ORIENTED_EDGE('',*,*,#2428,.T.);
#682=ORIENTED_EDGE('',*,*,#2429,.T.);
#683=ORIENTED_EDGE('',*,*,#2430,.T.);
#684=ORIENTED_EDGE('',*,*,#2431,.T.);
#685=ORIENTED_EDGE('',*,*,#2432,.T.);
#686=ORIENTED_EDGE('',*,*,#2433,.T.);
#687=ORIENTED_EDGE('',*,*,#2434,.T.);
#688=ORIENTED_EDGE('',*,*,#2435,.T.);
#689=ORIENTED_EDGE('',*,*,#2436,.T.);
#690=ORIENTED_EDGE('',*,*,#2437,.T.);
#691=ORIENTED_EDGE('',*,*,#2438,.F.);
#692=ORIENTED_EDGE('',*,*,#2439,.F.);
#693=ORIENTED_EDGE('',*,*,#2440,.T.);
#694=ORIENTED_EDGE('',*,*,#2441,.T.);
#695=ORIENTED_EDGE('',*,*,#2442,.F.);
#696=ORIENTED_EDGE('',*,*,#2443,.T.);
#697=ORIENTED_EDGE('',*,*,#2444,.T.);
#698=ORIENTED_EDGE('',*,*,#2445,.T.);
#699=ORIENTED_EDGE('',*,*,#2446,.F.);
#700=ORIENTED_EDGE('',*,*,#2447,.T.);
#701=ORIENTED_EDGE('',*,*,#2448,.F.);
#702=ORIENTED_EDGE('',*,*,#2449,.T.);
#703=ORIENTED_EDGE('',*,*,#2450,.T.);
#704=ORIENTED_EDGE('',*,*,#2451,.T.);
#705=ORIENTED_EDGE('',*,*,#2452,.F.);
#706=ORIENTED_EDGE('',*,*,#2453,.T.);
#707=ORIENTED_EDGE('',*,*,#2454,.T.);
#708=ORIENTED_EDGE('',*,*,#2455,.F.);
#709=ORIENTED_EDGE('',*,*,#2456,.F.);
#710=ORIENTED_EDGE('',*,*,#2457,.T.);
#711=ORIENTED_EDGE('',*,*,#2458,.T.);
#712=ORIENTED_EDGE('',*,*,#2459,.F.);
#713=ORIENTED_EDGE('',*,*,#2460,.F.);
#714=ORIENTED_EDGE('',*,*,#2461,.T.);
#715=ORIENTED_EDGE('',*,*,#2462,.T.);
#716=ORIENTED_EDGE('',*,*,#2463,.T.);
#717=ORIENTED_EDGE('',*,*,#2464,.T.);
#718=ORIENTED_EDGE('',*,*,#2465,.T.);
#719=ORIENTED_EDGE('',*,*,#2466,.T.);
#720=ORIENTED_EDGE('',*,*,#2467,.T.);
#721=ORIENTED_EDGE('',*,*,#2468,.T.);
#722=ORIENTED_EDGE('',*,*,#2469,.T.);
#723=ORIENTED_EDGE('',*,*,#2470,.T.);
#724=ORIENTED_EDGE('',*,*,#2471,.T.);
#725=ORIENTED_EDGE('',*,*,#2472,.T.);
#726=ORIENTED_EDGE('',*,*,#2473,.T.);
#727=ORIENTED_EDGE('',*,*,#2474,.T.);
#728=ORIENTED_EDGE('',*,*,#2475,.T.);
#729=ORIENTED_EDGE('',*,*,#2476,.T.);
#730=ORIENTED_EDGE('',*,*,#2477,.T.);
#731=ORIENTED_EDGE('',*,*,#2478,.T.);
#732=ORIENTED_EDGE('',*,*,#2479,.T.);
#733=ORIENTED_EDGE('',*,*,#2480,.T.);
#734=ORIENTED_EDGE('',*,*,#2481,.T.);
#735=ORIENTED_EDGE('',*,*,#2482,.T.);
#736=ORIENTED_EDGE('',*,*,#2483,.T.);
#737=ORIENTED_EDGE('',*,*,#2484,.T.);
#738=ORIENTED_EDGE('',*,*,#2485,.T.);
#739=ORIENTED_EDGE('',*,*,#2486,.T.);
#740=ORIENTED_EDGE('',*,*,#2487,.T.);
#741=ORIENTED_EDGE('',*,*,#2488,.T.);
#742=ORIENTED_EDGE('',*,*,#2489,.T.);
#743=ORIENTED_EDGE('',*,*,#2490,.T.);
#744=ORIENTED_EDGE('',*,*,#2491,.T.);
#745=ORIENTED_EDGE('',*,*,#2492,.T.);
#746=ORIENTED_EDGE('',*,*,#2493,.T.);
#747=ORIENTED_EDGE('',*,*,#2494,.T.);
#748=ORIENTED_EDGE('',*,*,#2495,.T.);
#749=ORIENTED_EDGE('',*,*,#2496,.T.);
#750=ORIENTED_EDGE('',*,*,#2497,.T.);
#751=ORIENTED_EDGE('',*,*,#2498,.T.);
#752=ORIENTED_EDGE('',*,*,#2499,.T.);
#753=ORIENTED_EDGE('',*,*,#2500,.T.);
#754=ORIENTED_EDGE('',*,*,#2501,.T.);
#755=ORIENTED_EDGE('',*,*,#2502,.T.);
#756=ORIENTED_EDGE('',*,*,#2503,.T.);
#757=ORIENTED_EDGE('',*,*,#2504,.T.);
#758=ORIENTED_EDGE('',*,*,#2505,.T.);
#759=ORIENTED_EDGE('',*,*,#2506,.T.);
#760=ORIENTED_EDGE('',*,*,#2507,.T.);
#761=ORIENTED_EDGE('',*,*,#2508,.T.);
#762=ORIENTED_EDGE('',*,*,#2509,.T.);
#763=ORIENTED_EDGE('',*,*,#2510,.T.);
#764=ORIENTED_EDGE('',*,*,#2511,.T.);
#765=ORIENTED_EDGE('',*,*,#2512,.T.);
#766=ORIENTED_EDGE('',*,*,#2513,.T.);
#767=ORIENTED_EDGE('',*,*,#2514,.T.);
#768=ORIENTED_EDGE('',*,*,#2515,.T.);
#769=ORIENTED_EDGE('',*,*,#2516,.T.);
#770=ORIENTED_EDGE('',*,*,#2517,.T.);
#771=ORIENTED_EDGE('',*,*,#2518,.T.);
#772=ORIENTED_EDGE('',*,*,#2519,.T.);
#773=ORIENTED_EDGE('',*,*,#2520,.T.);
#774=ORIENTED_EDGE('',*,*,#2521,.T.);
#775=ORIENTED_EDGE('',*,*,#2522,.T.);
#776=ORIENTED_EDGE('',*,*,#2523,.T.);
#777=ORIENTED_EDGE('',*,*,#2524,.T.);
#778=ORIENTED_EDGE('',*,*,#2525,.T.);
#779=ORIENTED_EDGE('',*,*,#2526,.T.);
#780=ORIENTED_EDGE('',*,*,#2527,.T.);
#781=ORIENTED_EDGE('',*,*,#2528,.T.);
#782=ORIENTED_EDGE('',*,*,#2529,.T.);
#783=ORIENTED_EDGE('',*,*,#2530,.T.);
#784=ORIENTED_EDGE('',*,*,#2531,.T.);
#785=ORIENTED_EDGE('',*,*,#2532,.T.);
#786=ORIENTED_EDGE('',*,*,#2533,.T.);
#787=ORIENTED_EDGE('',*,*,#2534,.T.);
#788=ORIENTED_EDGE('',*,*,#2535,.T.);
#789=ORIENTED_EDGE('',*,*,#2536,.T.);
#790=ORIENTED_EDGE('',*,*,#2537,.T.);
#791=ORIENTED_EDGE('',*,*,#2538,.T.);
#792=ORIENTED_EDGE('',*,*,#2539,.T.);
#793=ORIENTED_EDGE('',*,*,#2540,.T.);
#794=ORIENTED_EDGE('',*,*,#2541,.T.);
#795=ORIENTED_EDGE('',*,*,#2542,.T.);
#796=ORIENTED_EDGE('',*,*,#2543,.T.);
#797=ORIENTED_EDGE('',*,*,#2544,.T.);
#798=ORIENTED_EDGE('',*,*,#2545,.T.);
#799=ORIENTED_EDGE('',*,*,#2546,.T.);
#800=ORIENTED_EDGE('',*,*,#2547,.T.);
#801=ORIENTED_EDGE('',*,*,#2548,.T.);
#802=ORIENTED_EDGE('',*,*,#2549,.T.);
#803=ORIENTED_EDGE('',*,*,#2550,.T.);
#804=ORIENTED_EDGE('',*,*,#2551,.T.);
#805=ORIENTED_EDGE('',*,*,#2552,.T.);
#806=ORIENTED_EDGE('',*,*,#2553,.T.);
#807=ORIENTED_EDGE('',*,*,#2554,.T.);
#808=ORIENTED_EDGE('',*,*,#2555,.T.);
#809=ORIENTED_EDGE('',*,*,#2556,.T.);
#810=ORIENTED_EDGE('',*,*,#2557,.T.);
#811=ORIENTED_EDGE('',*,*,#2558,.T.);
#812=ORIENTED_EDGE('',*,*,#2559,.T.);
#813=ORIENTED_EDGE('',*,*,#2560,.T.);
#814=ORIENTED_EDGE('',*,*,#2561,.T.);
#815=ORIENTED_EDGE('',*,*,#2562,.T.);
#816=ORIENTED_EDGE('',*,*,#2563,.T.);
#817=ORIENTED_EDGE('',*,*,#2564,.T.);
#818=ORIENTED_EDGE('',*,*,#2565,.T.);
#819=ORIENTED_EDGE('',*,*,#2566,.T.);
#820=ORIENTED_EDGE('',*,*,#2567,.T.);
#821=ORIENTED_EDGE('',*,*,#2568,.T.);
#822=ORIENTED_EDGE('',*,*,#2569,.T.);
#823=ORIENTED_EDGE('',*,*,#2570,.T.);
#824=ORIENTED_EDGE('',*,*,#2571,.T.);
#825=ORIENTED_EDGE('',*,*,#2572,.T.);
#826=ORIENTED_EDGE('',*,*,#2573,.T.);
#827=ORIENTED_EDGE('',*,*,#2574,.T.);
#828=ORIENTED_EDGE('',*,*,#2575,.T.);
#829=ORIENTED_EDGE('',*,*,#2576,.T.);
#830=ORIENTED_EDGE('',*,*,#2577,.T.);
#831=ORIENTED_EDGE('',*,*,#2578,.T.);
#832=ORIENTED_EDGE('',*,*,#2579,.T.);
#833=ORIENTED_EDGE('',*,*,#2580,.T.);
#834=ORIENTED_EDGE('',*,*,#2581,.T.);
#835=ORIENTED_EDGE('',*,*,#2582,.T.);
#836=ORIENTED_EDGE('',*,*,#2583,.T.);
#837=ORIENTED_EDGE('',*,*,#2584,.T.);
#838=ORIENTED_EDGE('',*,*,#2585,.T.);
#839=ORIENTED_EDGE('',*,*,#2586,.T.);
#840=ORIENTED_EDGE('',*,*,#2587,.T.);
#841=ORIENTED_EDGE('',*,*,#2588,.T.);
#842=ORIENTED_EDGE('',*,*,#2589,.T.);
#843=ORIENTED_EDGE('',*,*,#2590,.T.);
#844=ORIENTED_EDGE('',*,*,#2591,.T.);
#845=ORIENTED_EDGE('',*,*,#2592,.T.);
#846=ORIENTED_EDGE('',*,*,#2593,.T.);
#847=ORIENTED_EDGE('',*,*,#2594,.T.);
#848=ORIENTED_EDGE('',*,*,#2595,.T.);
#849=ORIENTED_EDGE('',*,*,#2596,.T.);
#850=ORIENTED_EDGE('',*,*,#2597,.T.);
#851=ORIENTED_EDGE('',*,*,#2598,.T.);
#852=ORIENTED_EDGE('',*,*,#2599,.T.);
#853=ORIENTED_EDGE('',*,*,#2600,.T.);
#854=ORIENTED_EDGE('',*,*,#2601,.T.);
#855=ORIENTED_EDGE('',*,*,#2602,.T.);
#856=ORIENTED_EDGE('',*,*,#2603,.T.);
#857=ORIENTED_EDGE('',*,*,#2604,.T.);
#858=ORIENTED_EDGE('',*,*,#2605,.T.);
#859=ORIENTED_EDGE('',*,*,#2606,.T.);
#860=ORIENTED_EDGE('',*,*,#2607,.T.);
#861=ORIENTED_EDGE('',*,*,#2608,.T.);
#862=ORIENTED_EDGE('',*,*,#2609,.T.);
#863=ORIENTED_EDGE('',*,*,#2610,.T.);
#864=ORIENTED_EDGE('',*,*,#2611,.T.);
#865=ORIENTED_EDGE('',*,*,#2612,.T.);
#866=ORIENTED_EDGE('',*,*,#2613,.T.);
#867=ORIENTED_EDGE('',*,*,#2614,.T.);
#868=ORIENTED_EDGE('',*,*,#2615,.T.);
#869=ORIENTED_EDGE('',*,*,#2616,.T.);
#870=ORIENTED_EDGE('',*,*,#2617,.T.);
#871=ORIENTED_EDGE('',*,*,#2618,.T.);
#872=ORIENTED_EDGE('',*,*,#2619,.T.);
#873=ORIENTED_EDGE('',*,*,#2620,.T.);
#874=ORIENTED_EDGE('',*,*,#2621,.T.);
#875=ORIENTED_EDGE('',*,*,#2622,.T.);
#876=ORIENTED_EDGE('',*,*,#2623,.T.);
#877=ORIENTED_EDGE('',*,*,#2624,.T.);
#878=ORIENTED_EDGE('',*,*,#2625,.T.);
#879=ORIENTED_EDGE('',*,*,#2626,.T.);
#880=ORIENTED_EDGE('',*,*,#2627,.T.);
#881=ORIENTED_EDGE('',*,*,#2628,.T.);
#882=ORIENTED_EDGE('',*,*,#2629,.T.);
#883=ORIENTED_EDGE('',*,*,#2630,.T.);
#884=ORIENTED_EDGE('',*,*,#2631,.T.);
#885=ORIENTED_EDGE('',*,*,#2632,.T.);
#886=ORIENTED_EDGE('',*,*,#2633,.T.);
#887=ORIENTED_EDGE('',*,*,#2634,.T.);
#888=ORIENTED_EDGE('',*,*,#2635,.F.);
#889=ORIENTED_EDGE('',*,*,#2636,.T.);
#890=ORIENTED_EDGE('',*,*,#2637,.F.);
#891=ORIENTED_EDGE('',*,*,#2638,.F.);
#892=ORIENTED_EDGE('',*,*,#2639,.T.);
#893=ORIENTED_EDGE('',*,*,#2640,.F.);
#894=ORIENTED_EDGE('',*,*,#2641,.F.);
#895=ORIENTED_EDGE('',*,*,#2642,.F.);
#896=ORIENTED_EDGE('',*,*,#2643,.F.);
#897=ORIENTED_EDGE('',*,*,#2644,.F.);
#898=ORIENTED_EDGE('',*,*,#2645,.F.);
#899=ORIENTED_EDGE('',*,*,#2646,.F.);
#900=ORIENTED_EDGE('',*,*,#2647,.F.);
#901=ORIENTED_EDGE('',*,*,#2648,.F.);
#902=ORIENTED_EDGE('',*,*,#2649,.F.);
#903=ORIENTED_EDGE('',*,*,#2650,.F.);
#904=ORIENTED_EDGE('',*,*,#2651,.T.);
#905=ORIENTED_EDGE('',*,*,#2635,.T.);
#906=ORIENTED_EDGE('',*,*,#2652,.F.);
#907=ORIENTED_EDGE('',*,*,#2357,.F.);
#908=ORIENTED_EDGE('',*,*,#2653,.T.);
#909=ORIENTED_EDGE('',*,*,#2636,.F.);
#910=ORIENTED_EDGE('',*,*,#2651,.F.);
#911=ORIENTED_EDGE('',*,*,#2356,.T.);
#912=ORIENTED_EDGE('',*,*,#2654,.T.);
#913=ORIENTED_EDGE('',*,*,#2637,.T.);
#914=ORIENTED_EDGE('',*,*,#2653,.F.);
#915=ORIENTED_EDGE('',*,*,#2371,.F.);
#916=ORIENTED_EDGE('',*,*,#2655,.T.);
#917=ORIENTED_EDGE('',*,*,#2638,.T.);
#918=ORIENTED_EDGE('',*,*,#2654,.F.);
#919=ORIENTED_EDGE('',*,*,#2370,.F.);
#920=ORIENTED_EDGE('',*,*,#2656,.T.);
#921=ORIENTED_EDGE('',*,*,#2639,.F.);
#922=ORIENTED_EDGE('',*,*,#2655,.F.);
#923=ORIENTED_EDGE('',*,*,#2369,.T.);
#924=ORIENTED_EDGE('',*,*,#2657,.T.);
#925=ORIENTED_EDGE('',*,*,#2640,.T.);
#926=ORIENTED_EDGE('',*,*,#2656,.F.);
#927=ORIENTED_EDGE('',*,*,#2368,.F.);
#928=ORIENTED_EDGE('',*,*,#2658,.T.);
#929=ORIENTED_EDGE('',*,*,#2641,.T.);
#930=ORIENTED_EDGE('',*,*,#2657,.F.);
#931=ORIENTED_EDGE('',*,*,#2367,.F.);
#932=ORIENTED_EDGE('',*,*,#2659,.T.);
#933=ORIENTED_EDGE('',*,*,#2642,.T.);
#934=ORIENTED_EDGE('',*,*,#2658,.F.);
#935=ORIENTED_EDGE('',*,*,#2366,.F.);
#936=ORIENTED_EDGE('',*,*,#2660,.T.);
#937=ORIENTED_EDGE('',*,*,#2643,.T.);
#938=ORIENTED_EDGE('',*,*,#2659,.F.);
#939=ORIENTED_EDGE('',*,*,#2365,.F.);
#940=ORIENTED_EDGE('',*,*,#2661,.T.);
#941=ORIENTED_EDGE('',*,*,#2644,.T.);
#942=ORIENTED_EDGE('',*,*,#2660,.F.);
#943=ORIENTED_EDGE('',*,*,#2364,.F.);
#944=ORIENTED_EDGE('',*,*,#2662,.T.);
#945=ORIENTED_EDGE('',*,*,#2645,.T.);
#946=ORIENTED_EDGE('',*,*,#2661,.F.);
#947=ORIENTED_EDGE('',*,*,#2363,.F.);
#948=ORIENTED_EDGE('',*,*,#2663,.T.);
#949=ORIENTED_EDGE('',*,*,#2646,.T.);
#950=ORIENTED_EDGE('',*,*,#2662,.F.);
#951=ORIENTED_EDGE('',*,*,#2362,.F.);
#952=ORIENTED_EDGE('',*,*,#2664,.T.);
#953=ORIENTED_EDGE('',*,*,#2647,.T.);
#954=ORIENTED_EDGE('',*,*,#2663,.F.);
#955=ORIENTED_EDGE('',*,*,#2361,.F.);
#956=ORIENTED_EDGE('',*,*,#2665,.T.);
#957=ORIENTED_EDGE('',*,*,#2648,.T.);
#958=ORIENTED_EDGE('',*,*,#2664,.F.);
#959=ORIENTED_EDGE('',*,*,#2360,.F.);
#960=ORIENTED_EDGE('',*,*,#2666,.T.);
#961=ORIENTED_EDGE('',*,*,#2649,.T.);
#962=ORIENTED_EDGE('',*,*,#2665,.F.);
#963=ORIENTED_EDGE('',*,*,#2359,.F.);
#964=ORIENTED_EDGE('',*,*,#2652,.T.);
#965=ORIENTED_EDGE('',*,*,#2650,.T.);
#966=ORIENTED_EDGE('',*,*,#2666,.F.);
#967=ORIENTED_EDGE('',*,*,#2358,.F.);
#968=ORIENTED_EDGE('',*,*,#2372,.F.);
#969=ORIENTED_EDGE('',*,*,#2667,.F.);
#970=ORIENTED_EDGE('',*,*,#2668,.T.);
#971=ORIENTED_EDGE('',*,*,#2669,.T.);
#972=ORIENTED_EDGE('',*,*,#2373,.F.);
#973=ORIENTED_EDGE('',*,*,#2669,.F.);
#974=ORIENTED_EDGE('',*,*,#2670,.T.);
#975=ORIENTED_EDGE('',*,*,#2671,.T.);
#976=ORIENTED_EDGE('',*,*,#2374,.F.);
#977=ORIENTED_EDGE('',*,*,#2671,.F.);
#978=ORIENTED_EDGE('',*,*,#2672,.T.);
#979=ORIENTED_EDGE('',*,*,#2673,.T.);
#980=ORIENTED_EDGE('',*,*,#2375,.F.);
#981=ORIENTED_EDGE('',*,*,#2673,.F.);
#982=ORIENTED_EDGE('',*,*,#2674,.T.);
#983=ORIENTED_EDGE('',*,*,#2675,.T.);
#984=ORIENTED_EDGE('',*,*,#2376,.F.);
#985=ORIENTED_EDGE('',*,*,#2675,.F.);
#986=ORIENTED_EDGE('',*,*,#2676,.T.);
#987=ORIENTED_EDGE('',*,*,#2677,.T.);
#988=ORIENTED_EDGE('',*,*,#2377,.F.);
#989=ORIENTED_EDGE('',*,*,#2677,.F.);
#990=ORIENTED_EDGE('',*,*,#2678,.T.);
#991=ORIENTED_EDGE('',*,*,#2679,.T.);
#992=ORIENTED_EDGE('',*,*,#2378,.F.);
#993=ORIENTED_EDGE('',*,*,#2679,.F.);
#994=ORIENTED_EDGE('',*,*,#2680,.T.);
#995=ORIENTED_EDGE('',*,*,#2681,.T.);
#996=ORIENTED_EDGE('',*,*,#2379,.F.);
#997=ORIENTED_EDGE('',*,*,#2681,.F.);
#998=ORIENTED_EDGE('',*,*,#2682,.T.);
#999=ORIENTED_EDGE('',*,*,#2683,.T.);
#1000=ORIENTED_EDGE('',*,*,#2380,.F.);
#1001=ORIENTED_EDGE('',*,*,#2683,.F.);
#1002=ORIENTED_EDGE('',*,*,#2684,.T.);
#1003=ORIENTED_EDGE('',*,*,#2685,.T.);
#1004=ORIENTED_EDGE('',*,*,#2381,.F.);
#1005=ORIENTED_EDGE('',*,*,#2685,.F.);
#1006=ORIENTED_EDGE('',*,*,#2686,.T.);
#1007=ORIENTED_EDGE('',*,*,#2687,.T.);
#1008=ORIENTED_EDGE('',*,*,#2382,.F.);
#1009=ORIENTED_EDGE('',*,*,#2687,.F.);
#1010=ORIENTED_EDGE('',*,*,#2688,.T.);
#1011=ORIENTED_EDGE('',*,*,#2689,.T.);
#1012=ORIENTED_EDGE('',*,*,#2384,.F.);
#1013=ORIENTED_EDGE('',*,*,#2690,.F.);
#1014=ORIENTED_EDGE('',*,*,#2691,.T.);
#1015=ORIENTED_EDGE('',*,*,#2692,.T.);
#1016=ORIENTED_EDGE('',*,*,#2385,.F.);
#1017=ORIENTED_EDGE('',*,*,#2692,.F.);
#1018=ORIENTED_EDGE('',*,*,#2693,.T.);
#1019=ORIENTED_EDGE('',*,*,#2694,.T.);
#1020=ORIENTED_EDGE('',*,*,#2386,.F.);
#1021=ORIENTED_EDGE('',*,*,#2694,.F.);
#1022=ORIENTED_EDGE('',*,*,#2695,.T.);
#1023=ORIENTED_EDGE('',*,*,#2696,.T.);
#1024=ORIENTED_EDGE('',*,*,#2387,.F.);
#1025=ORIENTED_EDGE('',*,*,#2696,.F.);
#1026=ORIENTED_EDGE('',*,*,#2697,.T.);
#1027=ORIENTED_EDGE('',*,*,#2698,.T.);
#1028=ORIENTED_EDGE('',*,*,#2388,.F.);
#1029=ORIENTED_EDGE('',*,*,#2698,.F.);
#1030=ORIENTED_EDGE('',*,*,#2699,.T.);
#1031=ORIENTED_EDGE('',*,*,#2700,.T.);
#1032=ORIENTED_EDGE('',*,*,#2389,.F.);
#1033=ORIENTED_EDGE('',*,*,#2700,.F.);
#1034=ORIENTED_EDGE('',*,*,#2701,.T.);
#1035=ORIENTED_EDGE('',*,*,#2702,.T.);
#1036=ORIENTED_EDGE('',*,*,#2390,.F.);
#1037=ORIENTED_EDGE('',*,*,#2702,.F.);
#1038=ORIENTED_EDGE('',*,*,#2703,.T.);
#1039=ORIENTED_EDGE('',*,*,#2704,.T.);
#1040=ORIENTED_EDGE('',*,*,#2392,.F.);
#1041=ORIENTED_EDGE('',*,*,#2705,.F.);
#1042=ORIENTED_EDGE('',*,*,#2706,.T.);
#1043=ORIENTED_EDGE('',*,*,#2707,.T.);
#1044=ORIENTED_EDGE('',*,*,#2393,.F.);
#1045=ORIENTED_EDGE('',*,*,#2707,.F.);
#1046=ORIENTED_EDGE('',*,*,#2708,.T.);
#1047=ORIENTED_EDGE('',*,*,#2709,.T.);
#1048=ORIENTED_EDGE('',*,*,#2394,.F.);
#1049=ORIENTED_EDGE('',*,*,#2709,.F.);
#1050=ORIENTED_EDGE('',*,*,#2710,.T.);
#1051=ORIENTED_EDGE('',*,*,#2711,.T.);
#1052=ORIENTED_EDGE('',*,*,#2396,.F.);
#1053=ORIENTED_EDGE('',*,*,#2712,.F.);
#1054=ORIENTED_EDGE('',*,*,#2713,.T.);
#1055=ORIENTED_EDGE('',*,*,#2714,.T.);
#1056=ORIENTED_EDGE('',*,*,#2397,.F.);
#1057=ORIENTED_EDGE('',*,*,#2714,.F.);
#1058=ORIENTED_EDGE('',*,*,#2715,.T.);
#1059=ORIENTED_EDGE('',*,*,#2716,.T.);
#1060=ORIENTED_EDGE('',*,*,#2398,.F.);
#1061=ORIENTED_EDGE('',*,*,#2716,.F.);
#1062=ORIENTED_EDGE('',*,*,#2717,.T.);
#1063=ORIENTED_EDGE('',*,*,#2718,.T.);
#1064=ORIENTED_EDGE('',*,*,#2399,.F.);
#1065=ORIENTED_EDGE('',*,*,#2718,.F.);
#1066=ORIENTED_EDGE('',*,*,#2719,.T.);
#1067=ORIENTED_EDGE('',*,*,#2720,.T.);
#1068=ORIENTED_EDGE('',*,*,#2400,.F.);
#1069=ORIENTED_EDGE('',*,*,#2720,.F.);
#1070=ORIENTED_EDGE('',*,*,#2721,.T.);
#1071=ORIENTED_EDGE('',*,*,#2722,.T.);
#1072=ORIENTED_EDGE('',*,*,#2401,.F.);
#1073=ORIENTED_EDGE('',*,*,#2722,.F.);
#1074=ORIENTED_EDGE('',*,*,#2723,.T.);
#1075=ORIENTED_EDGE('',*,*,#2724,.T.);
#1076=ORIENTED_EDGE('',*,*,#2402,.F.);
#1077=ORIENTED_EDGE('',*,*,#2724,.F.);
#1078=ORIENTED_EDGE('',*,*,#2725,.T.);
#1079=ORIENTED_EDGE('',*,*,#2726,.T.);
#1080=ORIENTED_EDGE('',*,*,#2403,.F.);
#1081=ORIENTED_EDGE('',*,*,#2726,.F.);
#1082=ORIENTED_EDGE('',*,*,#2727,.T.);
#1083=ORIENTED_EDGE('',*,*,#2728,.T.);
#1084=ORIENTED_EDGE('',*,*,#2405,.F.);
#1085=ORIENTED_EDGE('',*,*,#2729,.F.);
#1086=ORIENTED_EDGE('',*,*,#2730,.T.);
#1087=ORIENTED_EDGE('',*,*,#2731,.T.);
#1088=ORIENTED_EDGE('',*,*,#2406,.F.);
#1089=ORIENTED_EDGE('',*,*,#2731,.F.);
#1090=ORIENTED_EDGE('',*,*,#2732,.T.);
#1091=ORIENTED_EDGE('',*,*,#2733,.T.);
#1092=ORIENTED_EDGE('',*,*,#2407,.F.);
#1093=ORIENTED_EDGE('',*,*,#2733,.F.);
#1094=ORIENTED_EDGE('',*,*,#2734,.T.);
#1095=ORIENTED_EDGE('',*,*,#2735,.T.);
#1096=ORIENTED_EDGE('',*,*,#2408,.F.);
#1097=ORIENTED_EDGE('',*,*,#2735,.F.);
#1098=ORIENTED_EDGE('',*,*,#2736,.T.);
#1099=ORIENTED_EDGE('',*,*,#2737,.T.);
#1100=ORIENTED_EDGE('',*,*,#2409,.F.);
#1101=ORIENTED_EDGE('',*,*,#2737,.F.);
#1102=ORIENTED_EDGE('',*,*,#2738,.T.);
#1103=ORIENTED_EDGE('',*,*,#2739,.T.);
#1104=ORIENTED_EDGE('',*,*,#2410,.F.);
#1105=ORIENTED_EDGE('',*,*,#2739,.F.);
#1106=ORIENTED_EDGE('',*,*,#2740,.T.);
#1107=ORIENTED_EDGE('',*,*,#2741,.T.);
#1108=ORIENTED_EDGE('',*,*,#2411,.F.);
#1109=ORIENTED_EDGE('',*,*,#2741,.F.);
#1110=ORIENTED_EDGE('',*,*,#2742,.T.);
#1111=ORIENTED_EDGE('',*,*,#2743,.T.);
#1112=ORIENTED_EDGE('',*,*,#2412,.F.);
#1113=ORIENTED_EDGE('',*,*,#2743,.F.);
#1114=ORIENTED_EDGE('',*,*,#2744,.T.);
#1115=ORIENTED_EDGE('',*,*,#2745,.T.);
#1116=ORIENTED_EDGE('',*,*,#2413,.F.);
#1117=ORIENTED_EDGE('',*,*,#2745,.F.);
#1118=ORIENTED_EDGE('',*,*,#2746,.T.);
#1119=ORIENTED_EDGE('',*,*,#2747,.T.);
#1120=ORIENTED_EDGE('',*,*,#2414,.F.);
#1121=ORIENTED_EDGE('',*,*,#2747,.F.);
#1122=ORIENTED_EDGE('',*,*,#2748,.T.);
#1123=ORIENTED_EDGE('',*,*,#2749,.T.);
#1124=ORIENTED_EDGE('',*,*,#2415,.F.);
#1125=ORIENTED_EDGE('',*,*,#2749,.F.);
#1126=ORIENTED_EDGE('',*,*,#2750,.T.);
#1127=ORIENTED_EDGE('',*,*,#2751,.T.);
#1128=ORIENTED_EDGE('',*,*,#2416,.F.);
#1129=ORIENTED_EDGE('',*,*,#2751,.F.);
#1130=ORIENTED_EDGE('',*,*,#2752,.T.);
#1131=ORIENTED_EDGE('',*,*,#2753,.T.);
#1132=ORIENTED_EDGE('',*,*,#2417,.F.);
#1133=ORIENTED_EDGE('',*,*,#2753,.F.);
#1134=ORIENTED_EDGE('',*,*,#2754,.T.);
#1135=ORIENTED_EDGE('',*,*,#2755,.T.);
#1136=ORIENTED_EDGE('',*,*,#2419,.F.);
#1137=ORIENTED_EDGE('',*,*,#2756,.F.);
#1138=ORIENTED_EDGE('',*,*,#2757,.T.);
#1139=ORIENTED_EDGE('',*,*,#2758,.T.);
#1140=ORIENTED_EDGE('',*,*,#2420,.F.);
#1141=ORIENTED_EDGE('',*,*,#2758,.F.);
#1142=ORIENTED_EDGE('',*,*,#2759,.T.);
#1143=ORIENTED_EDGE('',*,*,#2760,.T.);
#1144=ORIENTED_EDGE('',*,*,#2421,.F.);
#1145=ORIENTED_EDGE('',*,*,#2760,.F.);
#1146=ORIENTED_EDGE('',*,*,#2761,.T.);
#1147=ORIENTED_EDGE('',*,*,#2762,.T.);
#1148=ORIENTED_EDGE('',*,*,#2422,.F.);
#1149=ORIENTED_EDGE('',*,*,#2762,.F.);
#1150=ORIENTED_EDGE('',*,*,#2763,.T.);
#1151=ORIENTED_EDGE('',*,*,#2764,.T.);
#1152=ORIENTED_EDGE('',*,*,#2423,.F.);
#1153=ORIENTED_EDGE('',*,*,#2764,.F.);
#1154=ORIENTED_EDGE('',*,*,#2765,.T.);
#1155=ORIENTED_EDGE('',*,*,#2766,.T.);
#1156=ORIENTED_EDGE('',*,*,#2424,.F.);
#1157=ORIENTED_EDGE('',*,*,#2766,.F.);
#1158=ORIENTED_EDGE('',*,*,#2767,.T.);
#1159=ORIENTED_EDGE('',*,*,#2768,.T.);
#1160=ORIENTED_EDGE('',*,*,#2425,.F.);
#1161=ORIENTED_EDGE('',*,*,#2768,.F.);
#1162=ORIENTED_EDGE('',*,*,#2769,.T.);
#1163=ORIENTED_EDGE('',*,*,#2770,.T.);
#1164=ORIENTED_EDGE('',*,*,#2426,.F.);
#1165=ORIENTED_EDGE('',*,*,#2770,.F.);
#1166=ORIENTED_EDGE('',*,*,#2771,.T.);
#1167=ORIENTED_EDGE('',*,*,#2772,.T.);
#1168=ORIENTED_EDGE('',*,*,#2427,.F.);
#1169=ORIENTED_EDGE('',*,*,#2772,.F.);
#1170=ORIENTED_EDGE('',*,*,#2773,.T.);
#1171=ORIENTED_EDGE('',*,*,#2774,.T.);
#1172=ORIENTED_EDGE('',*,*,#2428,.F.);
#1173=ORIENTED_EDGE('',*,*,#2774,.F.);
#1174=ORIENTED_EDGE('',*,*,#2775,.T.);
#1175=ORIENTED_EDGE('',*,*,#2776,.T.);
#1176=ORIENTED_EDGE('',*,*,#2429,.F.);
#1177=ORIENTED_EDGE('',*,*,#2776,.F.);
#1178=ORIENTED_EDGE('',*,*,#2777,.T.);
#1179=ORIENTED_EDGE('',*,*,#2778,.T.);
#1180=ORIENTED_EDGE('',*,*,#2430,.F.);
#1181=ORIENTED_EDGE('',*,*,#2778,.F.);
#1182=ORIENTED_EDGE('',*,*,#2779,.T.);
#1183=ORIENTED_EDGE('',*,*,#2780,.T.);
#1184=ORIENTED_EDGE('',*,*,#2431,.F.);
#1185=ORIENTED_EDGE('',*,*,#2780,.F.);
#1186=ORIENTED_EDGE('',*,*,#2781,.T.);
#1187=ORIENTED_EDGE('',*,*,#2782,.T.);
#1188=ORIENTED_EDGE('',*,*,#2432,.F.);
#1189=ORIENTED_EDGE('',*,*,#2782,.F.);
#1190=ORIENTED_EDGE('',*,*,#2783,.T.);
#1191=ORIENTED_EDGE('',*,*,#2784,.T.);
#1192=ORIENTED_EDGE('',*,*,#2433,.F.);
#1193=ORIENTED_EDGE('',*,*,#2784,.F.);
#1194=ORIENTED_EDGE('',*,*,#2785,.T.);
#1195=ORIENTED_EDGE('',*,*,#2786,.T.);
#1196=ORIENTED_EDGE('',*,*,#2434,.F.);
#1197=ORIENTED_EDGE('',*,*,#2786,.F.);
#1198=ORIENTED_EDGE('',*,*,#2787,.T.);
#1199=ORIENTED_EDGE('',*,*,#2788,.T.);
#1200=ORIENTED_EDGE('',*,*,#2435,.F.);
#1201=ORIENTED_EDGE('',*,*,#2788,.F.);
#1202=ORIENTED_EDGE('',*,*,#2789,.T.);
#1203=ORIENTED_EDGE('',*,*,#2790,.T.);
#1204=ORIENTED_EDGE('',*,*,#2436,.F.);
#1205=ORIENTED_EDGE('',*,*,#2790,.F.);
#1206=ORIENTED_EDGE('',*,*,#2791,.T.);
#1207=ORIENTED_EDGE('',*,*,#2792,.T.);
#1208=ORIENTED_EDGE('',*,*,#2438,.T.);
#1209=ORIENTED_EDGE('',*,*,#2793,.F.);
#1210=ORIENTED_EDGE('',*,*,#2794,.F.);
#1211=ORIENTED_EDGE('',*,*,#2795,.T.);
#1212=ORIENTED_EDGE('',*,*,#2439,.T.);
#1213=ORIENTED_EDGE('',*,*,#2795,.F.);
#1214=ORIENTED_EDGE('',*,*,#2796,.F.);
#1215=ORIENTED_EDGE('',*,*,#2797,.T.);
#1216=ORIENTED_EDGE('',*,*,#2440,.F.);
#1217=ORIENTED_EDGE('',*,*,#2797,.F.);
#1218=ORIENTED_EDGE('',*,*,#2798,.T.);
#1219=ORIENTED_EDGE('',*,*,#2799,.T.);
#1220=ORIENTED_EDGE('',*,*,#2441,.F.);
#1221=ORIENTED_EDGE('',*,*,#2799,.F.);
#1222=ORIENTED_EDGE('',*,*,#2800,.T.);
#1223=ORIENTED_EDGE('',*,*,#2801,.T.);
#1224=ORIENTED_EDGE('',*,*,#2442,.T.);
#1225=ORIENTED_EDGE('',*,*,#2801,.F.);
#1226=ORIENTED_EDGE('',*,*,#2802,.F.);
#1227=ORIENTED_EDGE('',*,*,#2803,.T.);
#1228=ORIENTED_EDGE('',*,*,#2443,.F.);
#1229=ORIENTED_EDGE('',*,*,#2803,.F.);
#1230=ORIENTED_EDGE('',*,*,#2804,.T.);
#1231=ORIENTED_EDGE('',*,*,#2805,.T.);
#1232=ORIENTED_EDGE('',*,*,#2444,.F.);
#1233=ORIENTED_EDGE('',*,*,#2805,.F.);
#1234=ORIENTED_EDGE('',*,*,#2806,.T.);
#1235=ORIENTED_EDGE('',*,*,#2807,.T.);
#1236=ORIENTED_EDGE('',*,*,#2445,.F.);
#1237=ORIENTED_EDGE('',*,*,#2807,.F.);
#1238=ORIENTED_EDGE('',*,*,#2808,.T.);
#1239=ORIENTED_EDGE('',*,*,#2809,.T.);
#1240=ORIENTED_EDGE('',*,*,#2446,.T.);
#1241=ORIENTED_EDGE('',*,*,#2809,.F.);
#1242=ORIENTED_EDGE('',*,*,#2810,.F.);
#1243=ORIENTED_EDGE('',*,*,#2811,.T.);
#1244=ORIENTED_EDGE('',*,*,#2447,.F.);
#1245=ORIENTED_EDGE('',*,*,#2811,.F.);
#1246=ORIENTED_EDGE('',*,*,#2812,.T.);
#1247=ORIENTED_EDGE('',*,*,#2813,.T.);
#1248=ORIENTED_EDGE('',*,*,#2448,.T.);
#1249=ORIENTED_EDGE('',*,*,#2813,.F.);
#1250=ORIENTED_EDGE('',*,*,#2814,.F.);
#1251=ORIENTED_EDGE('',*,*,#2815,.T.);
#1252=ORIENTED_EDGE('',*,*,#2449,.F.);
#1253=ORIENTED_EDGE('',*,*,#2815,.F.);
#1254=ORIENTED_EDGE('',*,*,#2816,.T.);
#1255=ORIENTED_EDGE('',*,*,#2817,.T.);
#1256=ORIENTED_EDGE('',*,*,#2450,.F.);
#1257=ORIENTED_EDGE('',*,*,#2817,.F.);
#1258=ORIENTED_EDGE('',*,*,#2818,.T.);
#1259=ORIENTED_EDGE('',*,*,#2819,.T.);
#1260=ORIENTED_EDGE('',*,*,#2452,.T.);
#1261=ORIENTED_EDGE('',*,*,#2820,.F.);
#1262=ORIENTED_EDGE('',*,*,#2821,.F.);
#1263=ORIENTED_EDGE('',*,*,#2822,.T.);
#1264=ORIENTED_EDGE('',*,*,#2453,.F.);
#1265=ORIENTED_EDGE('',*,*,#2822,.F.);
#1266=ORIENTED_EDGE('',*,*,#2823,.T.);
#1267=ORIENTED_EDGE('',*,*,#2824,.T.);
#1268=ORIENTED_EDGE('',*,*,#2454,.F.);
#1269=ORIENTED_EDGE('',*,*,#2824,.F.);
#1270=ORIENTED_EDGE('',*,*,#2825,.T.);
#1271=ORIENTED_EDGE('',*,*,#2826,.T.);
#1272=ORIENTED_EDGE('',*,*,#2456,.T.);
#1273=ORIENTED_EDGE('',*,*,#2827,.F.);
#1274=ORIENTED_EDGE('',*,*,#2828,.F.);
#1275=ORIENTED_EDGE('',*,*,#2829,.T.);
#1276=ORIENTED_EDGE('',*,*,#2457,.F.);
#1277=ORIENTED_EDGE('',*,*,#2829,.F.);
#1278=ORIENTED_EDGE('',*,*,#2830,.T.);
#1279=ORIENTED_EDGE('',*,*,#2831,.T.);
#1280=ORIENTED_EDGE('',*,*,#2458,.F.);
#1281=ORIENTED_EDGE('',*,*,#2831,.F.);
#1282=ORIENTED_EDGE('',*,*,#2832,.T.);
#1283=ORIENTED_EDGE('',*,*,#2833,.T.);
#1284=ORIENTED_EDGE('',*,*,#2461,.F.);
#1285=ORIENTED_EDGE('',*,*,#2834,.F.);
#1286=ORIENTED_EDGE('',*,*,#2835,.T.);
#1287=ORIENTED_EDGE('',*,*,#2836,.T.);
#1288=ORIENTED_EDGE('',*,*,#2462,.F.);
#1289=ORIENTED_EDGE('',*,*,#2836,.F.);
#1290=ORIENTED_EDGE('',*,*,#2837,.T.);
#1291=ORIENTED_EDGE('',*,*,#2838,.T.);
#1292=ORIENTED_EDGE('',*,*,#2463,.F.);
#1293=ORIENTED_EDGE('',*,*,#2838,.F.);
#1294=ORIENTED_EDGE('',*,*,#2839,.T.);
#1295=ORIENTED_EDGE('',*,*,#2840,.T.);
#1296=ORIENTED_EDGE('',*,*,#2464,.F.);
#1297=ORIENTED_EDGE('',*,*,#2840,.F.);
#1298=ORIENTED_EDGE('',*,*,#2841,.T.);
#1299=ORIENTED_EDGE('',*,*,#2842,.T.);
#1300=ORIENTED_EDGE('',*,*,#2465,.F.);
#1301=ORIENTED_EDGE('',*,*,#2842,.F.);
#1302=ORIENTED_EDGE('',*,*,#2843,.T.);
#1303=ORIENTED_EDGE('',*,*,#2844,.T.);
#1304=ORIENTED_EDGE('',*,*,#2466,.F.);
#1305=ORIENTED_EDGE('',*,*,#2844,.F.);
#1306=ORIENTED_EDGE('',*,*,#2845,.T.);
#1307=ORIENTED_EDGE('',*,*,#2846,.T.);
#1308=ORIENTED_EDGE('',*,*,#2467,.F.);
#1309=ORIENTED_EDGE('',*,*,#2846,.F.);
#1310=ORIENTED_EDGE('',*,*,#2847,.T.);
#1311=ORIENTED_EDGE('',*,*,#2848,.T.);
#1312=ORIENTED_EDGE('',*,*,#2468,.F.);
#1313=ORIENTED_EDGE('',*,*,#2848,.F.);
#1314=ORIENTED_EDGE('',*,*,#2849,.T.);
#1315=ORIENTED_EDGE('',*,*,#2850,.T.);
#1316=ORIENTED_EDGE('',*,*,#2469,.F.);
#1317=ORIENTED_EDGE('',*,*,#2850,.F.);
#1318=ORIENTED_EDGE('',*,*,#2851,.T.);
#1319=ORIENTED_EDGE('',*,*,#2852,.T.);
#1320=ORIENTED_EDGE('',*,*,#2470,.F.);
#1321=ORIENTED_EDGE('',*,*,#2852,.F.);
#1322=ORIENTED_EDGE('',*,*,#2853,.T.);
#1323=ORIENTED_EDGE('',*,*,#2854,.T.);
#1324=ORIENTED_EDGE('',*,*,#2471,.F.);
#1325=ORIENTED_EDGE('',*,*,#2854,.F.);
#1326=ORIENTED_EDGE('',*,*,#2855,.T.);
#1327=ORIENTED_EDGE('',*,*,#2856,.T.);
#1328=ORIENTED_EDGE('',*,*,#2472,.F.);
#1329=ORIENTED_EDGE('',*,*,#2856,.F.);
#1330=ORIENTED_EDGE('',*,*,#2857,.T.);
#1331=ORIENTED_EDGE('',*,*,#2858,.T.);
#1332=ORIENTED_EDGE('',*,*,#2473,.F.);
#1333=ORIENTED_EDGE('',*,*,#2858,.F.);
#1334=ORIENTED_EDGE('',*,*,#2859,.T.);
#1335=ORIENTED_EDGE('',*,*,#2860,.T.);
#1336=ORIENTED_EDGE('',*,*,#2474,.F.);
#1337=ORIENTED_EDGE('',*,*,#2860,.F.);
#1338=ORIENTED_EDGE('',*,*,#2861,.T.);
#1339=ORIENTED_EDGE('',*,*,#2862,.T.);
#1340=ORIENTED_EDGE('',*,*,#2475,.F.);
#1341=ORIENTED_EDGE('',*,*,#2862,.F.);
#1342=ORIENTED_EDGE('',*,*,#2863,.T.);
#1343=ORIENTED_EDGE('',*,*,#2864,.T.);
#1344=ORIENTED_EDGE('',*,*,#2476,.F.);
#1345=ORIENTED_EDGE('',*,*,#2864,.F.);
#1346=ORIENTED_EDGE('',*,*,#2865,.T.);
#1347=ORIENTED_EDGE('',*,*,#2866,.T.);
#1348=ORIENTED_EDGE('',*,*,#2477,.F.);
#1349=ORIENTED_EDGE('',*,*,#2866,.F.);
#1350=ORIENTED_EDGE('',*,*,#2867,.T.);
#1351=ORIENTED_EDGE('',*,*,#2868,.T.);
#1352=ORIENTED_EDGE('',*,*,#2478,.F.);
#1353=ORIENTED_EDGE('',*,*,#2868,.F.);
#1354=ORIENTED_EDGE('',*,*,#2869,.T.);
#1355=ORIENTED_EDGE('',*,*,#2870,.T.);
#1356=ORIENTED_EDGE('',*,*,#2479,.F.);
#1357=ORIENTED_EDGE('',*,*,#2870,.F.);
#1358=ORIENTED_EDGE('',*,*,#2871,.T.);
#1359=ORIENTED_EDGE('',*,*,#2872,.T.);
#1360=ORIENTED_EDGE('',*,*,#2480,.F.);
#1361=ORIENTED_EDGE('',*,*,#2872,.F.);
#1362=ORIENTED_EDGE('',*,*,#2873,.T.);
#1363=ORIENTED_EDGE('',*,*,#2874,.T.);
#1364=ORIENTED_EDGE('',*,*,#2481,.F.);
#1365=ORIENTED_EDGE('',*,*,#2874,.F.);
#1366=ORIENTED_EDGE('',*,*,#2875,.T.);
#1367=ORIENTED_EDGE('',*,*,#2876,.T.);
#1368=ORIENTED_EDGE('',*,*,#2482,.F.);
#1369=ORIENTED_EDGE('',*,*,#2876,.F.);
#1370=ORIENTED_EDGE('',*,*,#2877,.T.);
#1371=ORIENTED_EDGE('',*,*,#2878,.T.);
#1372=ORIENTED_EDGE('',*,*,#2483,.F.);
#1373=ORIENTED_EDGE('',*,*,#2878,.F.);
#1374=ORIENTED_EDGE('',*,*,#2879,.T.);
#1375=ORIENTED_EDGE('',*,*,#2880,.T.);
#1376=ORIENTED_EDGE('',*,*,#2484,.F.);
#1377=ORIENTED_EDGE('',*,*,#2880,.F.);
#1378=ORIENTED_EDGE('',*,*,#2881,.T.);
#1379=ORIENTED_EDGE('',*,*,#2882,.T.);
#1380=ORIENTED_EDGE('',*,*,#2486,.F.);
#1381=ORIENTED_EDGE('',*,*,#2883,.F.);
#1382=ORIENTED_EDGE('',*,*,#2884,.T.);
#1383=ORIENTED_EDGE('',*,*,#2885,.T.);
#1384=ORIENTED_EDGE('',*,*,#2487,.F.);
#1385=ORIENTED_EDGE('',*,*,#2885,.F.);
#1386=ORIENTED_EDGE('',*,*,#2886,.T.);
#1387=ORIENTED_EDGE('',*,*,#2887,.T.);
#1388=ORIENTED_EDGE('',*,*,#2488,.F.);
#1389=ORIENTED_EDGE('',*,*,#2887,.F.);
#1390=ORIENTED_EDGE('',*,*,#2888,.T.);
#1391=ORIENTED_EDGE('',*,*,#2889,.T.);
#1392=ORIENTED_EDGE('',*,*,#2489,.F.);
#1393=ORIENTED_EDGE('',*,*,#2889,.F.);
#1394=ORIENTED_EDGE('',*,*,#2890,.T.);
#1395=ORIENTED_EDGE('',*,*,#2891,.T.);
#1396=ORIENTED_EDGE('',*,*,#2490,.F.);
#1397=ORIENTED_EDGE('',*,*,#2891,.F.);
#1398=ORIENTED_EDGE('',*,*,#2892,.T.);
#1399=ORIENTED_EDGE('',*,*,#2893,.T.);
#1400=ORIENTED_EDGE('',*,*,#2491,.F.);
#1401=ORIENTED_EDGE('',*,*,#2893,.F.);
#1402=ORIENTED_EDGE('',*,*,#2894,.T.);
#1403=ORIENTED_EDGE('',*,*,#2895,.T.);
#1404=ORIENTED_EDGE('',*,*,#2492,.F.);
#1405=ORIENTED_EDGE('',*,*,#2895,.F.);
#1406=ORIENTED_EDGE('',*,*,#2896,.T.);
#1407=ORIENTED_EDGE('',*,*,#2897,.T.);
#1408=ORIENTED_EDGE('',*,*,#2493,.F.);
#1409=ORIENTED_EDGE('',*,*,#2897,.F.);
#1410=ORIENTED_EDGE('',*,*,#2898,.T.);
#1411=ORIENTED_EDGE('',*,*,#2899,.T.);
#1412=ORIENTED_EDGE('',*,*,#2494,.F.);
#1413=ORIENTED_EDGE('',*,*,#2899,.F.);
#1414=ORIENTED_EDGE('',*,*,#2900,.T.);
#1415=ORIENTED_EDGE('',*,*,#2901,.T.);
#1416=ORIENTED_EDGE('',*,*,#2495,.F.);
#1417=ORIENTED_EDGE('',*,*,#2901,.F.);
#1418=ORIENTED_EDGE('',*,*,#2902,.T.);
#1419=ORIENTED_EDGE('',*,*,#2903,.T.);
#1420=ORIENTED_EDGE('',*,*,#2496,.F.);
#1421=ORIENTED_EDGE('',*,*,#2903,.F.);
#1422=ORIENTED_EDGE('',*,*,#2904,.T.);
#1423=ORIENTED_EDGE('',*,*,#2905,.T.);
#1424=ORIENTED_EDGE('',*,*,#2497,.F.);
#1425=ORIENTED_EDGE('',*,*,#2905,.F.);
#1426=ORIENTED_EDGE('',*,*,#2906,.T.);
#1427=ORIENTED_EDGE('',*,*,#2907,.T.);
#1428=ORIENTED_EDGE('',*,*,#2498,.F.);
#1429=ORIENTED_EDGE('',*,*,#2907,.F.);
#1430=ORIENTED_EDGE('',*,*,#2908,.T.);
#1431=ORIENTED_EDGE('',*,*,#2909,.T.);
#1432=ORIENTED_EDGE('',*,*,#2499,.F.);
#1433=ORIENTED_EDGE('',*,*,#2909,.F.);
#1434=ORIENTED_EDGE('',*,*,#2910,.T.);
#1435=ORIENTED_EDGE('',*,*,#2911,.T.);
#1436=ORIENTED_EDGE('',*,*,#2500,.F.);
#1437=ORIENTED_EDGE('',*,*,#2911,.F.);
#1438=ORIENTED_EDGE('',*,*,#2912,.T.);
#1439=ORIENTED_EDGE('',*,*,#2913,.T.);
#1440=ORIENTED_EDGE('',*,*,#2501,.F.);
#1441=ORIENTED_EDGE('',*,*,#2913,.F.);
#1442=ORIENTED_EDGE('',*,*,#2914,.T.);
#1443=ORIENTED_EDGE('',*,*,#2915,.T.);
#1444=ORIENTED_EDGE('',*,*,#2502,.F.);
#1445=ORIENTED_EDGE('',*,*,#2915,.F.);
#1446=ORIENTED_EDGE('',*,*,#2916,.T.);
#1447=ORIENTED_EDGE('',*,*,#2917,.T.);
#1448=ORIENTED_EDGE('',*,*,#2503,.F.);
#1449=ORIENTED_EDGE('',*,*,#2917,.F.);
#1450=ORIENTED_EDGE('',*,*,#2918,.T.);
#1451=ORIENTED_EDGE('',*,*,#2919,.T.);
#1452=ORIENTED_EDGE('',*,*,#2505,.F.);
#1453=ORIENTED_EDGE('',*,*,#2920,.F.);
#1454=ORIENTED_EDGE('',*,*,#2921,.T.);
#1455=ORIENTED_EDGE('',*,*,#2922,.T.);
#1456=ORIENTED_EDGE('',*,*,#2506,.F.);
#1457=ORIENTED_EDGE('',*,*,#2922,.F.);
#1458=ORIENTED_EDGE('',*,*,#2923,.T.);
#1459=ORIENTED_EDGE('',*,*,#2924,.T.);
#1460=ORIENTED_EDGE('',*,*,#2507,.F.);
#1461=ORIENTED_EDGE('',*,*,#2924,.F.);
#1462=ORIENTED_EDGE('',*,*,#2925,.T.);
#1463=ORIENTED_EDGE('',*,*,#2926,.T.);
#1464=ORIENTED_EDGE('',*,*,#2508,.F.);
#1465=ORIENTED_EDGE('',*,*,#2926,.F.);
#1466=ORIENTED_EDGE('',*,*,#2927,.T.);
#1467=ORIENTED_EDGE('',*,*,#2928,.T.);
#1468=ORIENTED_EDGE('',*,*,#2509,.F.);
#1469=ORIENTED_EDGE('',*,*,#2928,.F.);
#1470=ORIENTED_EDGE('',*,*,#2929,.T.);
#1471=ORIENTED_EDGE('',*,*,#2930,.T.);
#1472=ORIENTED_EDGE('',*,*,#2510,.F.);
#1473=ORIENTED_EDGE('',*,*,#2930,.F.);
#1474=ORIENTED_EDGE('',*,*,#2931,.T.);
#1475=ORIENTED_EDGE('',*,*,#2932,.T.);
#1476=ORIENTED_EDGE('',*,*,#2511,.F.);
#1477=ORIENTED_EDGE('',*,*,#2932,.F.);
#1478=ORIENTED_EDGE('',*,*,#2933,.T.);
#1479=ORIENTED_EDGE('',*,*,#2934,.T.);
#1480=ORIENTED_EDGE('',*,*,#2512,.F.);
#1481=ORIENTED_EDGE('',*,*,#2934,.F.);
#1482=ORIENTED_EDGE('',*,*,#2935,.T.);
#1483=ORIENTED_EDGE('',*,*,#2936,.T.);
#1484=ORIENTED_EDGE('',*,*,#2513,.F.);
#1485=ORIENTED_EDGE('',*,*,#2936,.F.);
#1486=ORIENTED_EDGE('',*,*,#2937,.T.);
#1487=ORIENTED_EDGE('',*,*,#2938,.T.);
#1488=ORIENTED_EDGE('',*,*,#2514,.F.);
#1489=ORIENTED_EDGE('',*,*,#2938,.F.);
#1490=ORIENTED_EDGE('',*,*,#2939,.T.);
#1491=ORIENTED_EDGE('',*,*,#2940,.T.);
#1492=ORIENTED_EDGE('',*,*,#2515,.F.);
#1493=ORIENTED_EDGE('',*,*,#2940,.F.);
#1494=ORIENTED_EDGE('',*,*,#2941,.T.);
#1495=ORIENTED_EDGE('',*,*,#2942,.T.);
#1496=ORIENTED_EDGE('',*,*,#2516,.F.);
#1497=ORIENTED_EDGE('',*,*,#2942,.F.);
#1498=ORIENTED_EDGE('',*,*,#2943,.T.);
#1499=ORIENTED_EDGE('',*,*,#2944,.T.);
#1500=ORIENTED_EDGE('',*,*,#2517,.F.);
#1501=ORIENTED_EDGE('',*,*,#2944,.F.);
#1502=ORIENTED_EDGE('',*,*,#2945,.T.);
#1503=ORIENTED_EDGE('',*,*,#2946,.T.);
#1504=ORIENTED_EDGE('',*,*,#2518,.F.);
#1505=ORIENTED_EDGE('',*,*,#2946,.F.);
#1506=ORIENTED_EDGE('',*,*,#2947,.T.);
#1507=ORIENTED_EDGE('',*,*,#2948,.T.);
#1508=ORIENTED_EDGE('',*,*,#2519,.F.);
#1509=ORIENTED_EDGE('',*,*,#2948,.F.);
#1510=ORIENTED_EDGE('',*,*,#2949,.T.);
#1511=ORIENTED_EDGE('',*,*,#2950,.T.);
#1512=ORIENTED_EDGE('',*,*,#2520,.F.);
#1513=ORIENTED_EDGE('',*,*,#2950,.F.);
#1514=ORIENTED_EDGE('',*,*,#2951,.T.);
#1515=ORIENTED_EDGE('',*,*,#2952,.T.);
#1516=ORIENTED_EDGE('',*,*,#2522,.F.);
#1517=ORIENTED_EDGE('',*,*,#2953,.F.);
#1518=ORIENTED_EDGE('',*,*,#2954,.T.);
#1519=ORIENTED_EDGE('',*,*,#2955,.T.);
#1520=ORIENTED_EDGE('',*,*,#2523,.F.);
#1521=ORIENTED_EDGE('',*,*,#2955,.F.);
#1522=ORIENTED_EDGE('',*,*,#2956,.T.);
#1523=ORIENTED_EDGE('',*,*,#2957,.T.);
#1524=ORIENTED_EDGE('',*,*,#2524,.F.);
#1525=ORIENTED_EDGE('',*,*,#2957,.F.);
#1526=ORIENTED_EDGE('',*,*,#2958,.T.);
#1527=ORIENTED_EDGE('',*,*,#2959,.T.);
#1528=ORIENTED_EDGE('',*,*,#2525,.F.);
#1529=ORIENTED_EDGE('',*,*,#2959,.F.);
#1530=ORIENTED_EDGE('',*,*,#2960,.T.);
#1531=ORIENTED_EDGE('',*,*,#2961,.T.);
#1532=ORIENTED_EDGE('',*,*,#2526,.F.);
#1533=ORIENTED_EDGE('',*,*,#2961,.F.);
#1534=ORIENTED_EDGE('',*,*,#2962,.T.);
#1535=ORIENTED_EDGE('',*,*,#2963,.T.);
#1536=ORIENTED_EDGE('',*,*,#2527,.F.);
#1537=ORIENTED_EDGE('',*,*,#2963,.F.);
#1538=ORIENTED_EDGE('',*,*,#2964,.T.);
#1539=ORIENTED_EDGE('',*,*,#2965,.T.);
#1540=ORIENTED_EDGE('',*,*,#2528,.F.);
#1541=ORIENTED_EDGE('',*,*,#2965,.F.);
#1542=ORIENTED_EDGE('',*,*,#2966,.T.);
#1543=ORIENTED_EDGE('',*,*,#2967,.T.);
#1544=ORIENTED_EDGE('',*,*,#2529,.F.);
#1545=ORIENTED_EDGE('',*,*,#2967,.F.);
#1546=ORIENTED_EDGE('',*,*,#2968,.T.);
#1547=ORIENTED_EDGE('',*,*,#2969,.T.);
#1548=ORIENTED_EDGE('',*,*,#2530,.F.);
#1549=ORIENTED_EDGE('',*,*,#2969,.F.);
#1550=ORIENTED_EDGE('',*,*,#2970,.T.);
#1551=ORIENTED_EDGE('',*,*,#2971,.T.);
#1552=ORIENTED_EDGE('',*,*,#2531,.F.);
#1553=ORIENTED_EDGE('',*,*,#2971,.F.);
#1554=ORIENTED_EDGE('',*,*,#2972,.T.);
#1555=ORIENTED_EDGE('',*,*,#2973,.T.);
#1556=ORIENTED_EDGE('',*,*,#2532,.F.);
#1557=ORIENTED_EDGE('',*,*,#2973,.F.);
#1558=ORIENTED_EDGE('',*,*,#2974,.T.);
#1559=ORIENTED_EDGE('',*,*,#2975,.T.);
#1560=ORIENTED_EDGE('',*,*,#2533,.F.);
#1561=ORIENTED_EDGE('',*,*,#2975,.F.);
#1562=ORIENTED_EDGE('',*,*,#2976,.T.);
#1563=ORIENTED_EDGE('',*,*,#2977,.T.);
#1564=ORIENTED_EDGE('',*,*,#2534,.F.);
#1565=ORIENTED_EDGE('',*,*,#2977,.F.);
#1566=ORIENTED_EDGE('',*,*,#2978,.T.);
#1567=ORIENTED_EDGE('',*,*,#2979,.T.);
#1568=ORIENTED_EDGE('',*,*,#2535,.F.);
#1569=ORIENTED_EDGE('',*,*,#2979,.F.);
#1570=ORIENTED_EDGE('',*,*,#2980,.T.);
#1571=ORIENTED_EDGE('',*,*,#2981,.T.);
#1572=ORIENTED_EDGE('',*,*,#2537,.F.);
#1573=ORIENTED_EDGE('',*,*,#2982,.F.);
#1574=ORIENTED_EDGE('',*,*,#2983,.T.);
#1575=ORIENTED_EDGE('',*,*,#2984,.T.);
#1576=ORIENTED_EDGE('',*,*,#2538,.F.);
#1577=ORIENTED_EDGE('',*,*,#2984,.F.);
#1578=ORIENTED_EDGE('',*,*,#2985,.T.);
#1579=ORIENTED_EDGE('',*,*,#2986,.T.);
#1580=ORIENTED_EDGE('',*,*,#2539,.F.);
#1581=ORIENTED_EDGE('',*,*,#2986,.F.);
#1582=ORIENTED_EDGE('',*,*,#2987,.T.);
#1583=ORIENTED_EDGE('',*,*,#2988,.T.);
#1584=ORIENTED_EDGE('',*,*,#2540,.F.);
#1585=ORIENTED_EDGE('',*,*,#2988,.F.);
#1586=ORIENTED_EDGE('',*,*,#2989,.T.);
#1587=ORIENTED_EDGE('',*,*,#2990,.T.);
#1588=ORIENTED_EDGE('',*,*,#2541,.F.);
#1589=ORIENTED_EDGE('',*,*,#2990,.F.);
#1590=ORIENTED_EDGE('',*,*,#2991,.T.);
#1591=ORIENTED_EDGE('',*,*,#2992,.T.);
#1592=ORIENTED_EDGE('',*,*,#2542,.F.);
#1593=ORIENTED_EDGE('',*,*,#2992,.F.);
#1594=ORIENTED_EDGE('',*,*,#2993,.T.);
#1595=ORIENTED_EDGE('',*,*,#2994,.T.);
#1596=ORIENTED_EDGE('',*,*,#2543,.F.);
#1597=ORIENTED_EDGE('',*,*,#2994,.F.);
#1598=ORIENTED_EDGE('',*,*,#2995,.T.);
#1599=ORIENTED_EDGE('',*,*,#2996,.T.);
#1600=ORIENTED_EDGE('',*,*,#2544,.F.);
#1601=ORIENTED_EDGE('',*,*,#2996,.F.);
#1602=ORIENTED_EDGE('',*,*,#2997,.T.);
#1603=ORIENTED_EDGE('',*,*,#2998,.T.);
#1604=ORIENTED_EDGE('',*,*,#2545,.F.);
#1605=ORIENTED_EDGE('',*,*,#2998,.F.);
#1606=ORIENTED_EDGE('',*,*,#2999,.T.);
#1607=ORIENTED_EDGE('',*,*,#3000,.T.);
#1608=ORIENTED_EDGE('',*,*,#2546,.F.);
#1609=ORIENTED_EDGE('',*,*,#3000,.F.);
#1610=ORIENTED_EDGE('',*,*,#3001,.T.);
#1611=ORIENTED_EDGE('',*,*,#3002,.T.);
#1612=ORIENTED_EDGE('',*,*,#2548,.F.);
#1613=ORIENTED_EDGE('',*,*,#3003,.F.);
#1614=ORIENTED_EDGE('',*,*,#3004,.T.);
#1615=ORIENTED_EDGE('',*,*,#3005,.T.);
#1616=ORIENTED_EDGE('',*,*,#2549,.F.);
#1617=ORIENTED_EDGE('',*,*,#3005,.F.);
#1618=ORIENTED_EDGE('',*,*,#3006,.T.);
#1619=ORIENTED_EDGE('',*,*,#3007,.T.);
#1620=ORIENTED_EDGE('',*,*,#2550,.F.);
#1621=ORIENTED_EDGE('',*,*,#3007,.F.);
#1622=ORIENTED_EDGE('',*,*,#3008,.T.);
#1623=ORIENTED_EDGE('',*,*,#3009,.T.);
#1624=ORIENTED_EDGE('',*,*,#2551,.F.);
#1625=ORIENTED_EDGE('',*,*,#3009,.F.);
#1626=ORIENTED_EDGE('',*,*,#3010,.T.);
#1627=ORIENTED_EDGE('',*,*,#3011,.T.);
#1628=ORIENTED_EDGE('',*,*,#2552,.F.);
#1629=ORIENTED_EDGE('',*,*,#3011,.F.);
#1630=ORIENTED_EDGE('',*,*,#3012,.T.);
#1631=ORIENTED_EDGE('',*,*,#3013,.T.);
#1632=ORIENTED_EDGE('',*,*,#2553,.F.);
#1633=ORIENTED_EDGE('',*,*,#3013,.F.);
#1634=ORIENTED_EDGE('',*,*,#3014,.T.);
#1635=ORIENTED_EDGE('',*,*,#3015,.T.);
#1636=ORIENTED_EDGE('',*,*,#2554,.F.);
#1637=ORIENTED_EDGE('',*,*,#3015,.F.);
#1638=ORIENTED_EDGE('',*,*,#3016,.T.);
#1639=ORIENTED_EDGE('',*,*,#3017,.T.);
#1640=ORIENTED_EDGE('',*,*,#2555,.F.);
#1641=ORIENTED_EDGE('',*,*,#3017,.F.);
#1642=ORIENTED_EDGE('',*,*,#3018,.T.);
#1643=ORIENTED_EDGE('',*,*,#3019,.T.);
#1644=ORIENTED_EDGE('',*,*,#2556,.F.);
#1645=ORIENTED_EDGE('',*,*,#3019,.F.);
#1646=ORIENTED_EDGE('',*,*,#3020,.T.);
#1647=ORIENTED_EDGE('',*,*,#3021,.T.);
#1648=ORIENTED_EDGE('',*,*,#2557,.F.);
#1649=ORIENTED_EDGE('',*,*,#3021,.F.);
#1650=ORIENTED_EDGE('',*,*,#3022,.T.);
#1651=ORIENTED_EDGE('',*,*,#3023,.T.);
#1652=ORIENTED_EDGE('',*,*,#2558,.F.);
#1653=ORIENTED_EDGE('',*,*,#3023,.F.);
#1654=ORIENTED_EDGE('',*,*,#3024,.T.);
#1655=ORIENTED_EDGE('',*,*,#3025,.T.);
#1656=ORIENTED_EDGE('',*,*,#2559,.F.);
#1657=ORIENTED_EDGE('',*,*,#3025,.F.);
#1658=ORIENTED_EDGE('',*,*,#3026,.T.);
#1659=ORIENTED_EDGE('',*,*,#3027,.T.);
#1660=ORIENTED_EDGE('',*,*,#2560,.F.);
#1661=ORIENTED_EDGE('',*,*,#3027,.F.);
#1662=ORIENTED_EDGE('',*,*,#3028,.T.);
#1663=ORIENTED_EDGE('',*,*,#3029,.T.);
#1664=ORIENTED_EDGE('',*,*,#2562,.F.);
#1665=ORIENTED_EDGE('',*,*,#3030,.F.);
#1666=ORIENTED_EDGE('',*,*,#3031,.T.);
#1667=ORIENTED_EDGE('',*,*,#3032,.T.);
#1668=ORIENTED_EDGE('',*,*,#2563,.F.);
#1669=ORIENTED_EDGE('',*,*,#3032,.F.);
#1670=ORIENTED_EDGE('',*,*,#3033,.T.);
#1671=ORIENTED_EDGE('',*,*,#3034,.T.);
#1672=ORIENTED_EDGE('',*,*,#2564,.F.);
#1673=ORIENTED_EDGE('',*,*,#3034,.F.);
#1674=ORIENTED_EDGE('',*,*,#3035,.T.);
#1675=ORIENTED_EDGE('',*,*,#3036,.T.);
#1676=ORIENTED_EDGE('',*,*,#2565,.F.);
#1677=ORIENTED_EDGE('',*,*,#3036,.F.);
#1678=ORIENTED_EDGE('',*,*,#3037,.T.);
#1679=ORIENTED_EDGE('',*,*,#3038,.T.);
#1680=ORIENTED_EDGE('',*,*,#2566,.F.);
#1681=ORIENTED_EDGE('',*,*,#3038,.F.);
#1682=ORIENTED_EDGE('',*,*,#3039,.T.);
#1683=ORIENTED_EDGE('',*,*,#3040,.T.);
#1684=ORIENTED_EDGE('',*,*,#2568,.F.);
#1685=ORIENTED_EDGE('',*,*,#3041,.F.);
#1686=ORIENTED_EDGE('',*,*,#3042,.T.);
#1687=ORIENTED_EDGE('',*,*,#3043,.T.);
#1688=ORIENTED_EDGE('',*,*,#2569,.F.);
#1689=ORIENTED_EDGE('',*,*,#3043,.F.);
#1690=ORIENTED_EDGE('',*,*,#3044,.T.);
#1691=ORIENTED_EDGE('',*,*,#3045,.T.);
#1692=ORIENTED_EDGE('',*,*,#2570,.F.);
#1693=ORIENTED_EDGE('',*,*,#3045,.F.);
#1694=ORIENTED_EDGE('',*,*,#3046,.T.);
#1695=ORIENTED_EDGE('',*,*,#3047,.T.);
#1696=ORIENTED_EDGE('',*,*,#2571,.F.);
#1697=ORIENTED_EDGE('',*,*,#3047,.F.);
#1698=ORIENTED_EDGE('',*,*,#3048,.T.);
#1699=ORIENTED_EDGE('',*,*,#3049,.T.);
#1700=ORIENTED_EDGE('',*,*,#2572,.F.);
#1701=ORIENTED_EDGE('',*,*,#3049,.F.);
#1702=ORIENTED_EDGE('',*,*,#3050,.T.);
#1703=ORIENTED_EDGE('',*,*,#3051,.T.);
#1704=ORIENTED_EDGE('',*,*,#2573,.F.);
#1705=ORIENTED_EDGE('',*,*,#3051,.F.);
#1706=ORIENTED_EDGE('',*,*,#3052,.T.);
#1707=ORIENTED_EDGE('',*,*,#3053,.T.);
#1708=ORIENTED_EDGE('',*,*,#2574,.F.);
#1709=ORIENTED_EDGE('',*,*,#3053,.F.);
#1710=ORIENTED_EDGE('',*,*,#3054,.T.);
#1711=ORIENTED_EDGE('',*,*,#3055,.T.);
#1712=ORIENTED_EDGE('',*,*,#2575,.F.);
#1713=ORIENTED_EDGE('',*,*,#3055,.F.);
#1714=ORIENTED_EDGE('',*,*,#3056,.T.);
#1715=ORIENTED_EDGE('',*,*,#3057,.T.);
#1716=ORIENTED_EDGE('',*,*,#2576,.F.);
#1717=ORIENTED_EDGE('',*,*,#3057,.F.);
#1718=ORIENTED_EDGE('',*,*,#3058,.T.);
#1719=ORIENTED_EDGE('',*,*,#3059,.T.);
#1720=ORIENTED_EDGE('',*,*,#2577,.F.);
#1721=ORIENTED_EDGE('',*,*,#3059,.F.);
#1722=ORIENTED_EDGE('',*,*,#3060,.T.);
#1723=ORIENTED_EDGE('',*,*,#3061,.T.);
#1724=ORIENTED_EDGE('',*,*,#2578,.F.);
#1725=ORIENTED_EDGE('',*,*,#3061,.F.);
#1726=ORIENTED_EDGE('',*,*,#3062,.T.);
#1727=ORIENTED_EDGE('',*,*,#3063,.T.);
#1728=ORIENTED_EDGE('',*,*,#2579,.F.);
#1729=ORIENTED_EDGE('',*,*,#3063,.F.);
#1730=ORIENTED_EDGE('',*,*,#3064,.T.);
#1731=ORIENTED_EDGE('',*,*,#3065,.T.);
#1732=ORIENTED_EDGE('',*,*,#2580,.F.);
#1733=ORIENTED_EDGE('',*,*,#3065,.F.);
#1734=ORIENTED_EDGE('',*,*,#3066,.T.);
#1735=ORIENTED_EDGE('',*,*,#3067,.T.);
#1736=ORIENTED_EDGE('',*,*,#2581,.F.);
#1737=ORIENTED_EDGE('',*,*,#3067,.F.);
#1738=ORIENTED_EDGE('',*,*,#3068,.T.);
#1739=ORIENTED_EDGE('',*,*,#3069,.T.);
#1740=ORIENTED_EDGE('',*,*,#2583,.F.);
#1741=ORIENTED_EDGE('',*,*,#3070,.F.);
#1742=ORIENTED_EDGE('',*,*,#3071,.T.);
#1743=ORIENTED_EDGE('',*,*,#3072,.T.);
#1744=ORIENTED_EDGE('',*,*,#2584,.F.);
#1745=ORIENTED_EDGE('',*,*,#3072,.F.);
#1746=ORIENTED_EDGE('',*,*,#3073,.T.);
#1747=ORIENTED_EDGE('',*,*,#3074,.T.);
#1748=ORIENTED_EDGE('',*,*,#2585,.F.);
#1749=ORIENTED_EDGE('',*,*,#3074,.F.);
#1750=ORIENTED_EDGE('',*,*,#3075,.T.);
#1751=ORIENTED_EDGE('',*,*,#3076,.T.);
#1752=ORIENTED_EDGE('',*,*,#2586,.F.);
#1753=ORIENTED_EDGE('',*,*,#3076,.F.);
#1754=ORIENTED_EDGE('',*,*,#3077,.T.);
#1755=ORIENTED_EDGE('',*,*,#3078,.T.);
#1756=ORIENTED_EDGE('',*,*,#2587,.F.);
#1757=ORIENTED_EDGE('',*,*,#3078,.F.);
#1758=ORIENTED_EDGE('',*,*,#3079,.T.);
#1759=ORIENTED_EDGE('',*,*,#3080,.T.);
#1760=ORIENTED_EDGE('',*,*,#2588,.F.);
#1761=ORIENTED_EDGE('',*,*,#3080,.F.);
#1762=ORIENTED_EDGE('',*,*,#3081,.T.);
#1763=ORIENTED_EDGE('',*,*,#3082,.T.);
#1764=ORIENTED_EDGE('',*,*,#2589,.F.);
#1765=ORIENTED_EDGE('',*,*,#3082,.F.);
#1766=ORIENTED_EDGE('',*,*,#3083,.T.);
#1767=ORIENTED_EDGE('',*,*,#3084,.T.);
#1768=ORIENTED_EDGE('',*,*,#2590,.F.);
#1769=ORIENTED_EDGE('',*,*,#3084,.F.);
#1770=ORIENTED_EDGE('',*,*,#3085,.T.);
#1771=ORIENTED_EDGE('',*,*,#3086,.T.);
#1772=ORIENTED_EDGE('',*,*,#2591,.F.);
#1773=ORIENTED_EDGE('',*,*,#3086,.F.);
#1774=ORIENTED_EDGE('',*,*,#3087,.T.);
#1775=ORIENTED_EDGE('',*,*,#3088,.T.);
#1776=ORIENTED_EDGE('',*,*,#2592,.F.);
#1777=ORIENTED_EDGE('',*,*,#3088,.F.);
#1778=ORIENTED_EDGE('',*,*,#3089,.T.);
#1779=ORIENTED_EDGE('',*,*,#3090,.T.);
#1780=ORIENTED_EDGE('',*,*,#2593,.F.);
#1781=ORIENTED_EDGE('',*,*,#3090,.F.);
#1782=ORIENTED_EDGE('',*,*,#3091,.T.);
#1783=ORIENTED_EDGE('',*,*,#3092,.T.);
#1784=ORIENTED_EDGE('',*,*,#2595,.F.);
#1785=ORIENTED_EDGE('',*,*,#3093,.F.);
#1786=ORIENTED_EDGE('',*,*,#3094,.T.);
#1787=ORIENTED_EDGE('',*,*,#3095,.T.);
#1788=ORIENTED_EDGE('',*,*,#2596,.F.);
#1789=ORIENTED_EDGE('',*,*,#3095,.F.);
#1790=ORIENTED_EDGE('',*,*,#3096,.T.);
#1791=ORIENTED_EDGE('',*,*,#3097,.T.);
#1792=ORIENTED_EDGE('',*,*,#2597,.F.);
#1793=ORIENTED_EDGE('',*,*,#3097,.F.);
#1794=ORIENTED_EDGE('',*,*,#3098,.T.);
#1795=ORIENTED_EDGE('',*,*,#3099,.T.);
#1796=ORIENTED_EDGE('',*,*,#2598,.F.);
#1797=ORIENTED_EDGE('',*,*,#3099,.F.);
#1798=ORIENTED_EDGE('',*,*,#3100,.T.);
#1799=ORIENTED_EDGE('',*,*,#3101,.T.);
#1800=ORIENTED_EDGE('',*,*,#2599,.F.);
#1801=ORIENTED_EDGE('',*,*,#3101,.F.);
#1802=ORIENTED_EDGE('',*,*,#3102,.T.);
#1803=ORIENTED_EDGE('',*,*,#3103,.T.);
#1804=ORIENTED_EDGE('',*,*,#2600,.F.);
#1805=ORIENTED_EDGE('',*,*,#3103,.F.);
#1806=ORIENTED_EDGE('',*,*,#3104,.T.);
#1807=ORIENTED_EDGE('',*,*,#3105,.T.);
#1808=ORIENTED_EDGE('',*,*,#2601,.F.);
#1809=ORIENTED_EDGE('',*,*,#3105,.F.);
#1810=ORIENTED_EDGE('',*,*,#3106,.T.);
#1811=ORIENTED_EDGE('',*,*,#3107,.T.);
#1812=ORIENTED_EDGE('',*,*,#2602,.F.);
#1813=ORIENTED_EDGE('',*,*,#3107,.F.);
#1814=ORIENTED_EDGE('',*,*,#3108,.T.);
#1815=ORIENTED_EDGE('',*,*,#3109,.T.);
#1816=ORIENTED_EDGE('',*,*,#2603,.F.);
#1817=ORIENTED_EDGE('',*,*,#3109,.F.);
#1818=ORIENTED_EDGE('',*,*,#3110,.T.);
#1819=ORIENTED_EDGE('',*,*,#3111,.T.);
#1820=ORIENTED_EDGE('',*,*,#2604,.F.);
#1821=ORIENTED_EDGE('',*,*,#3111,.F.);
#1822=ORIENTED_EDGE('',*,*,#3112,.T.);
#1823=ORIENTED_EDGE('',*,*,#3113,.T.);
#1824=ORIENTED_EDGE('',*,*,#2605,.F.);
#1825=ORIENTED_EDGE('',*,*,#3113,.F.);
#1826=ORIENTED_EDGE('',*,*,#3114,.T.);
#1827=ORIENTED_EDGE('',*,*,#3115,.T.);
#1828=ORIENTED_EDGE('',*,*,#2606,.F.);
#1829=ORIENTED_EDGE('',*,*,#3115,.F.);
#1830=ORIENTED_EDGE('',*,*,#3116,.T.);
#1831=ORIENTED_EDGE('',*,*,#3117,.T.);
#1832=ORIENTED_EDGE('',*,*,#2607,.F.);
#1833=ORIENTED_EDGE('',*,*,#3117,.F.);
#1834=ORIENTED_EDGE('',*,*,#3118,.T.);
#1835=ORIENTED_EDGE('',*,*,#3119,.T.);
#1836=ORIENTED_EDGE('',*,*,#2608,.F.);
#1837=ORIENTED_EDGE('',*,*,#3119,.F.);
#1838=ORIENTED_EDGE('',*,*,#3120,.T.);
#1839=ORIENTED_EDGE('',*,*,#3121,.T.);
#1840=ORIENTED_EDGE('',*,*,#2391,.F.);
#1841=ORIENTED_EDGE('',*,*,#2704,.F.);
#1842=ORIENTED_EDGE('',*,*,#3122,.T.);
#1843=ORIENTED_EDGE('',*,*,#2690,.T.);
#1844=ORIENTED_EDGE('',*,*,#2395,.F.);
#1845=ORIENTED_EDGE('',*,*,#2711,.F.);
#1846=ORIENTED_EDGE('',*,*,#3123,.T.);
#1847=ORIENTED_EDGE('',*,*,#2705,.T.);
#1848=ORIENTED_EDGE('',*,*,#2404,.F.);
#1849=ORIENTED_EDGE('',*,*,#2728,.F.);
#1850=ORIENTED_EDGE('',*,*,#3124,.T.);
#1851=ORIENTED_EDGE('',*,*,#2712,.T.);
#1852=ORIENTED_EDGE('',*,*,#2418,.F.);
#1853=ORIENTED_EDGE('',*,*,#2755,.F.);
#1854=ORIENTED_EDGE('',*,*,#3125,.T.);
#1855=ORIENTED_EDGE('',*,*,#2729,.T.);
#1856=ORIENTED_EDGE('',*,*,#2437,.F.);
#1857=ORIENTED_EDGE('',*,*,#2792,.F.);
#1858=ORIENTED_EDGE('',*,*,#3126,.T.);
#1859=ORIENTED_EDGE('',*,*,#2756,.T.);
#1860=ORIENTED_EDGE('',*,*,#2451,.F.);
#1861=ORIENTED_EDGE('',*,*,#2819,.F.);
#1862=ORIENTED_EDGE('',*,*,#3127,.T.);
#1863=ORIENTED_EDGE('',*,*,#2793,.T.);
#1864=ORIENTED_EDGE('',*,*,#2455,.T.);
#1865=ORIENTED_EDGE('',*,*,#2826,.F.);
#1866=ORIENTED_EDGE('',*,*,#3128,.F.);
#1867=ORIENTED_EDGE('',*,*,#2820,.T.);
#1868=ORIENTED_EDGE('',*,*,#2459,.T.);
#1869=ORIENTED_EDGE('',*,*,#2833,.F.);
#1870=ORIENTED_EDGE('',*,*,#3129,.F.);
#1871=ORIENTED_EDGE('',*,*,#2827,.T.);
#1872=ORIENTED_EDGE('',*,*,#3130,.F.);
#1873=ORIENTED_EDGE('',*,*,#2460,.T.);
#1874=ORIENTED_EDGE('',*,*,#2485,.F.);
#1875=ORIENTED_EDGE('',*,*,#2882,.F.);
#1876=ORIENTED_EDGE('',*,*,#3131,.T.);
#1877=ORIENTED_EDGE('',*,*,#2834,.T.);
#1878=ORIENTED_EDGE('',*,*,#2504,.F.);
#1879=ORIENTED_EDGE('',*,*,#2919,.F.);
#1880=ORIENTED_EDGE('',*,*,#3132,.T.);
#1881=ORIENTED_EDGE('',*,*,#2883,.T.);
#1882=ORIENTED_EDGE('',*,*,#2521,.F.);
#1883=ORIENTED_EDGE('',*,*,#2952,.F.);
#1884=ORIENTED_EDGE('',*,*,#3133,.T.);
#1885=ORIENTED_EDGE('',*,*,#2920,.T.);
#1886=ORIENTED_EDGE('',*,*,#2536,.F.);
#1887=ORIENTED_EDGE('',*,*,#2981,.F.);
#1888=ORIENTED_EDGE('',*,*,#3134,.T.);
#1889=ORIENTED_EDGE('',*,*,#2953,.T.);
#1890=ORIENTED_EDGE('',*,*,#2547,.F.);
#1891=ORIENTED_EDGE('',*,*,#3002,.F.);
#1892=ORIENTED_EDGE('',*,*,#3135,.T.);
#1893=ORIENTED_EDGE('',*,*,#2982,.T.);
#1894=ORIENTED_EDGE('',*,*,#2561,.F.);
#1895=ORIENTED_EDGE('',*,*,#3029,.F.);
#1896=ORIENTED_EDGE('',*,*,#3136,.T.);
#1897=ORIENTED_EDGE('',*,*,#3003,.T.);
#1898=ORIENTED_EDGE('',*,*,#2567,.F.);
#1899=ORIENTED_EDGE('',*,*,#3040,.F.);
#1900=ORIENTED_EDGE('',*,*,#3137,.T.);
#1901=ORIENTED_EDGE('',*,*,#3030,.T.);
#1902=ORIENTED_EDGE('',*,*,#2582,.F.);
#1903=ORIENTED_EDGE('',*,*,#3069,.F.);
#1904=ORIENTED_EDGE('',*,*,#3138,.T.);
#1905=ORIENTED_EDGE('',*,*,#3041,.T.);
#1906=ORIENTED_EDGE('',*,*,#2594,.F.);
#1907=ORIENTED_EDGE('',*,*,#3092,.F.);
#1908=ORIENTED_EDGE('',*,*,#3139,.T.);
#1909=ORIENTED_EDGE('',*,*,#3070,.T.);
#1910=ORIENTED_EDGE('',*,*,#2609,.F.);
#1911=ORIENTED_EDGE('',*,*,#3121,.F.);
#1912=ORIENTED_EDGE('',*,*,#3140,.T.);
#1913=ORIENTED_EDGE('',*,*,#3093,.T.);
#1914=ORIENTED_EDGE('',*,*,#2383,.F.);
#1915=ORIENTED_EDGE('',*,*,#2689,.F.);
#1916=ORIENTED_EDGE('',*,*,#3141,.T.);
#1917=ORIENTED_EDGE('',*,*,#2667,.T.);
#1918=ORIENTED_EDGE('',*,*,#2321,.F.);
#1919=ORIENTED_EDGE('',*,*,#2324,.F.);
#1920=ORIENTED_EDGE('',*,*,#2326,.T.);
#1921=ORIENTED_EDGE('',*,*,#2302,.T.);
#1922=ORIENTED_EDGE('',*,*,#2299,.T.);
#1923=ORIENTED_EDGE('',*,*,#2328,.F.);
#1924=ORIENTED_EDGE('',*,*,#2295,.F.);
#1925=ORIENTED_EDGE('',*,*,#2331,.F.);
#1926=ORIENTED_EDGE('',*,*,#2333,.F.);
#1927=ORIENTED_EDGE('',*,*,#2291,.F.);
#1928=ORIENTED_EDGE('',*,*,#2336,.F.);
#1929=ORIENTED_EDGE('',*,*,#2339,.F.);
#1930=ORIENTED_EDGE('',*,*,#2342,.F.);
#1931=ORIENTED_EDGE('',*,*,#2344,.F.);
#1932=ORIENTED_EDGE('',*,*,#2284,.F.);
#1933=ORIENTED_EDGE('',*,*,#2287,.F.);
#1934=ORIENTED_EDGE('',*,*,#2347,.F.);
#1935=ORIENTED_EDGE('',*,*,#2350,.F.);
#1936=ORIENTED_EDGE('',*,*,#2353,.F.);
#1937=ORIENTED_EDGE('',*,*,#2355,.F.);
#1938=ORIENTED_EDGE('',*,*,#2306,.F.);
#1939=ORIENTED_EDGE('',*,*,#2309,.F.);
#1940=ORIENTED_EDGE('',*,*,#2312,.F.);
#1941=ORIENTED_EDGE('',*,*,#2315,.F.);
#1942=ORIENTED_EDGE('',*,*,#2318,.T.);
#1943=ORIENTED_EDGE('',*,*,#3094,.F.);
#1944=ORIENTED_EDGE('',*,*,#3140,.F.);
#1945=ORIENTED_EDGE('',*,*,#3120,.F.);
#1946=ORIENTED_EDGE('',*,*,#3118,.F.);
#1947=ORIENTED_EDGE('',*,*,#3116,.F.);
#1948=ORIENTED_EDGE('',*,*,#3114,.F.);
#1949=ORIENTED_EDGE('',*,*,#3112,.F.);
#1950=ORIENTED_EDGE('',*,*,#3110,.F.);
#1951=ORIENTED_EDGE('',*,*,#3108,.F.);
#1952=ORIENTED_EDGE('',*,*,#3106,.F.);
#1953=ORIENTED_EDGE('',*,*,#3104,.F.);
#1954=ORIENTED_EDGE('',*,*,#3102,.F.);
#1955=ORIENTED_EDGE('',*,*,#3100,.F.);
#1956=ORIENTED_EDGE('',*,*,#3098,.F.);
#1957=ORIENTED_EDGE('',*,*,#3096,.F.);
#1958=ORIENTED_EDGE('',*,*,#3071,.F.);
#1959=ORIENTED_EDGE('',*,*,#3139,.F.);
#1960=ORIENTED_EDGE('',*,*,#3091,.F.);
#1961=ORIENTED_EDGE('',*,*,#3089,.F.);
#1962=ORIENTED_EDGE('',*,*,#3087,.F.);
#1963=ORIENTED_EDGE('',*,*,#3085,.F.);
#1964=ORIENTED_EDGE('',*,*,#3083,.F.);
#1965=ORIENTED_EDGE('',*,*,#3081,.F.);
#1966=ORIENTED_EDGE('',*,*,#3079,.F.);
#1967=ORIENTED_EDGE('',*,*,#3077,.F.);
#1968=ORIENTED_EDGE('',*,*,#3075,.F.);
#1969=ORIENTED_EDGE('',*,*,#3073,.F.);
#1970=ORIENTED_EDGE('',*,*,#3042,.F.);
#1971=ORIENTED_EDGE('',*,*,#3138,.F.);
#1972=ORIENTED_EDGE('',*,*,#3068,.F.);
#1973=ORIENTED_EDGE('',*,*,#3066,.F.);
#1974=ORIENTED_EDGE('',*,*,#3064,.F.);
#1975=ORIENTED_EDGE('',*,*,#3062,.F.);
#1976=ORIENTED_EDGE('',*,*,#3060,.F.);
#1977=ORIENTED_EDGE('',*,*,#3058,.F.);
#1978=ORIENTED_EDGE('',*,*,#3056,.F.);
#1979=ORIENTED_EDGE('',*,*,#3054,.F.);
#1980=ORIENTED_EDGE('',*,*,#3052,.F.);
#1981=ORIENTED_EDGE('',*,*,#3050,.F.);
#1982=ORIENTED_EDGE('',*,*,#3048,.F.);
#1983=ORIENTED_EDGE('',*,*,#3046,.F.);
#1984=ORIENTED_EDGE('',*,*,#3044,.F.);
#1985=ORIENTED_EDGE('',*,*,#3031,.F.);
#1986=ORIENTED_EDGE('',*,*,#3137,.F.);
#1987=ORIENTED_EDGE('',*,*,#3039,.F.);
#1988=ORIENTED_EDGE('',*,*,#3037,.F.);
#1989=ORIENTED_EDGE('',*,*,#3035,.F.);
#1990=ORIENTED_EDGE('',*,*,#3033,.F.);
#1991=ORIENTED_EDGE('',*,*,#3004,.F.);
#1992=ORIENTED_EDGE('',*,*,#3136,.F.);
#1993=ORIENTED_EDGE('',*,*,#3028,.F.);
#1994=ORIENTED_EDGE('',*,*,#3026,.F.);
#1995=ORIENTED_EDGE('',*,*,#3024,.F.);
#1996=ORIENTED_EDGE('',*,*,#3022,.F.);
#1997=ORIENTED_EDGE('',*,*,#3020,.F.);
#1998=ORIENTED_EDGE('',*,*,#3018,.F.);
#1999=ORIENTED_EDGE('',*,*,#3016,.F.);
#2000=ORIENTED_EDGE('',*,*,#3014,.F.);
#2001=ORIENTED_EDGE('',*,*,#3012,.F.);
#2002=ORIENTED_EDGE('',*,*,#3010,.F.);
#2003=ORIENTED_EDGE('',*,*,#3008,.F.);
#2004=ORIENTED_EDGE('',*,*,#3006,.F.);
#2005=ORIENTED_EDGE('',*,*,#2983,.F.);
#2006=ORIENTED_EDGE('',*,*,#3135,.F.);
#2007=ORIENTED_EDGE('',*,*,#3001,.F.);
#2008=ORIENTED_EDGE('',*,*,#2999,.F.);
#2009=ORIENTED_EDGE('',*,*,#2997,.F.);
#2010=ORIENTED_EDGE('',*,*,#2995,.F.);
#2011=ORIENTED_EDGE('',*,*,#2993,.F.);
#2012=ORIENTED_EDGE('',*,*,#2991,.F.);
#2013=ORIENTED_EDGE('',*,*,#2989,.F.);
#2014=ORIENTED_EDGE('',*,*,#2987,.F.);
#2015=ORIENTED_EDGE('',*,*,#2985,.F.);
#2016=ORIENTED_EDGE('',*,*,#2954,.F.);
#2017=ORIENTED_EDGE('',*,*,#3134,.F.);
#2018=ORIENTED_EDGE('',*,*,#2980,.F.);
#2019=ORIENTED_EDGE('',*,*,#2978,.F.);
#2020=ORIENTED_EDGE('',*,*,#2976,.F.);
#2021=ORIENTED_EDGE('',*,*,#2974,.F.);
#2022=ORIENTED_EDGE('',*,*,#2972,.F.);
#2023=ORIENTED_EDGE('',*,*,#2970,.F.);
#2024=ORIENTED_EDGE('',*,*,#2968,.F.);
#2025=ORIENTED_EDGE('',*,*,#2966,.F.);
#2026=ORIENTED_EDGE('',*,*,#2964,.F.);
#2027=ORIENTED_EDGE('',*,*,#2962,.F.);
#2028=ORIENTED_EDGE('',*,*,#2960,.F.);
#2029=ORIENTED_EDGE('',*,*,#2958,.F.);
#2030=ORIENTED_EDGE('',*,*,#2956,.F.);
#2031=ORIENTED_EDGE('',*,*,#2921,.F.);
#2032=ORIENTED_EDGE('',*,*,#3133,.F.);
#2033=ORIENTED_EDGE('',*,*,#2951,.F.);
#2034=ORIENTED_EDGE('',*,*,#2949,.F.);
#2035=ORIENTED_EDGE('',*,*,#2947,.F.);
#2036=ORIENTED_EDGE('',*,*,#2945,.F.);
#2037=ORIENTED_EDGE('',*,*,#2943,.F.);
#2038=ORIENTED_EDGE('',*,*,#2941,.F.);
#2039=ORIENTED_EDGE('',*,*,#2939,.F.);
#2040=ORIENTED_EDGE('',*,*,#2937,.F.);
#2041=ORIENTED_EDGE('',*,*,#2935,.F.);
#2042=ORIENTED_EDGE('',*,*,#2933,.F.);
#2043=ORIENTED_EDGE('',*,*,#2931,.F.);
#2044=ORIENTED_EDGE('',*,*,#2929,.F.);
#2045=ORIENTED_EDGE('',*,*,#2927,.F.);
#2046=ORIENTED_EDGE('',*,*,#2925,.F.);
#2047=ORIENTED_EDGE('',*,*,#2923,.F.);
#2048=ORIENTED_EDGE('',*,*,#2884,.F.);
#2049=ORIENTED_EDGE('',*,*,#3132,.F.);
#2050=ORIENTED_EDGE('',*,*,#2918,.F.);
#2051=ORIENTED_EDGE('',*,*,#2916,.F.);
#2052=ORIENTED_EDGE('',*,*,#2914,.F.);
#2053=ORIENTED_EDGE('',*,*,#2912,.F.);
#2054=ORIENTED_EDGE('',*,*,#2910,.F.);
#2055=ORIENTED_EDGE('',*,*,#2908,.F.);
#2056=ORIENTED_EDGE('',*,*,#2906,.F.);
#2057=ORIENTED_EDGE('',*,*,#2904,.F.);
#2058=ORIENTED_EDGE('',*,*,#2902,.F.);
#2059=ORIENTED_EDGE('',*,*,#2900,.F.);
#2060=ORIENTED_EDGE('',*,*,#2898,.F.);
#2061=ORIENTED_EDGE('',*,*,#2896,.F.);
#2062=ORIENTED_EDGE('',*,*,#2894,.F.);
#2063=ORIENTED_EDGE('',*,*,#2892,.F.);
#2064=ORIENTED_EDGE('',*,*,#2890,.F.);
#2065=ORIENTED_EDGE('',*,*,#2888,.F.);
#2066=ORIENTED_EDGE('',*,*,#2886,.F.);
#2067=ORIENTED_EDGE('',*,*,#2835,.F.);
#2068=ORIENTED_EDGE('',*,*,#3131,.F.);
#2069=ORIENTED_EDGE('',*,*,#2881,.F.);
#2070=ORIENTED_EDGE('',*,*,#2879,.F.);
#2071=ORIENTED_EDGE('',*,*,#2877,.F.);
#2072=ORIENTED_EDGE('',*,*,#2875,.F.);
#2073=ORIENTED_EDGE('',*,*,#2873,.F.);
#2074=ORIENTED_EDGE('',*,*,#2871,.F.);
#2075=ORIENTED_EDGE('',*,*,#2869,.F.);
#2076=ORIENTED_EDGE('',*,*,#2867,.F.);
#2077=ORIENTED_EDGE('',*,*,#2865,.F.);
#2078=ORIENTED_EDGE('',*,*,#2863,.F.);
#2079=ORIENTED_EDGE('',*,*,#2861,.F.);
#2080=ORIENTED_EDGE('',*,*,#2859,.F.);
#2081=ORIENTED_EDGE('',*,*,#2857,.F.);
#2082=ORIENTED_EDGE('',*,*,#2855,.F.);
#2083=ORIENTED_EDGE('',*,*,#2853,.F.);
#2084=ORIENTED_EDGE('',*,*,#2851,.F.);
#2085=ORIENTED_EDGE('',*,*,#2849,.F.);
#2086=ORIENTED_EDGE('',*,*,#2847,.F.);
#2087=ORIENTED_EDGE('',*,*,#2845,.F.);
#2088=ORIENTED_EDGE('',*,*,#2843,.F.);
#2089=ORIENTED_EDGE('',*,*,#2841,.F.);
#2090=ORIENTED_EDGE('',*,*,#2839,.F.);
#2091=ORIENTED_EDGE('',*,*,#2837,.F.);
#2092=ORIENTED_EDGE('',*,*,#3130,.T.);
#2093=ORIENTED_EDGE('',*,*,#2828,.T.);
#2094=ORIENTED_EDGE('',*,*,#3129,.T.);
#2095=ORIENTED_EDGE('',*,*,#2832,.F.);
#2096=ORIENTED_EDGE('',*,*,#2830,.F.);
#2097=ORIENTED_EDGE('',*,*,#2821,.T.);
#2098=ORIENTED_EDGE('',*,*,#3128,.T.);
#2099=ORIENTED_EDGE('',*,*,#2825,.F.);
#2100=ORIENTED_EDGE('',*,*,#2823,.F.);
#2101=ORIENTED_EDGE('',*,*,#2794,.T.);
#2102=ORIENTED_EDGE('',*,*,#3127,.F.);
#2103=ORIENTED_EDGE('',*,*,#2818,.F.);
#2104=ORIENTED_EDGE('',*,*,#2816,.F.);
#2105=ORIENTED_EDGE('',*,*,#2814,.T.);
#2106=ORIENTED_EDGE('',*,*,#2812,.F.);
#2107=ORIENTED_EDGE('',*,*,#2810,.T.);
#2108=ORIENTED_EDGE('',*,*,#2808,.F.);
#2109=ORIENTED_EDGE('',*,*,#2806,.F.);
#2110=ORIENTED_EDGE('',*,*,#2804,.F.);
#2111=ORIENTED_EDGE('',*,*,#2802,.T.);
#2112=ORIENTED_EDGE('',*,*,#2800,.F.);
#2113=ORIENTED_EDGE('',*,*,#2798,.F.);
#2114=ORIENTED_EDGE('',*,*,#2796,.T.);
#2115=ORIENTED_EDGE('',*,*,#2757,.F.);
#2116=ORIENTED_EDGE('',*,*,#3126,.F.);
#2117=ORIENTED_EDGE('',*,*,#2791,.F.);
#2118=ORIENTED_EDGE('',*,*,#2789,.F.);
#2119=ORIENTED_EDGE('',*,*,#2787,.F.);
#2120=ORIENTED_EDGE('',*,*,#2785,.F.);
#2121=ORIENTED_EDGE('',*,*,#2783,.F.);
#2122=ORIENTED_EDGE('',*,*,#2781,.F.);
#2123=ORIENTED_EDGE('',*,*,#2779,.F.);
#2124=ORIENTED_EDGE('',*,*,#2777,.F.);
#2125=ORIENTED_EDGE('',*,*,#2775,.F.);
#2126=ORIENTED_EDGE('',*,*,#2773,.F.);
#2127=ORIENTED_EDGE('',*,*,#2771,.F.);
#2128=ORIENTED_EDGE('',*,*,#2769,.F.);
#2129=ORIENTED_EDGE('',*,*,#2767,.F.);
#2130=ORIENTED_EDGE('',*,*,#2765,.F.);
#2131=ORIENTED_EDGE('',*,*,#2763,.F.);
#2132=ORIENTED_EDGE('',*,*,#2761,.F.);
#2133=ORIENTED_EDGE('',*,*,#2759,.F.);
#2134=ORIENTED_EDGE('',*,*,#2730,.F.);
#2135=ORIENTED_EDGE('',*,*,#3125,.F.);
#2136=ORIENTED_EDGE('',*,*,#2754,.F.);
#2137=ORIENTED_EDGE('',*,*,#2752,.F.);
#2138=ORIENTED_EDGE('',*,*,#2750,.F.);
#2139=ORIENTED_EDGE('',*,*,#2748,.F.);
#2140=ORIENTED_EDGE('',*,*,#2746,.F.);
#2141=ORIENTED_EDGE('',*,*,#2744,.F.);
#2142=ORIENTED_EDGE('',*,*,#2742,.F.);
#2143=ORIENTED_EDGE('',*,*,#2740,.F.);
#2144=ORIENTED_EDGE('',*,*,#2738,.F.);
#2145=ORIENTED_EDGE('',*,*,#2736,.F.);
#2146=ORIENTED_EDGE('',*,*,#2734,.F.);
#2147=ORIENTED_EDGE('',*,*,#2732,.F.);
#2148=ORIENTED_EDGE('',*,*,#2713,.F.);
#2149=ORIENTED_EDGE('',*,*,#3124,.F.);
#2150=ORIENTED_EDGE('',*,*,#2727,.F.);
#2151=ORIENTED_EDGE('',*,*,#2725,.F.);
#2152=ORIENTED_EDGE('',*,*,#2723,.F.);
#2153=ORIENTED_EDGE('',*,*,#2721,.F.);
#2154=ORIENTED_EDGE('',*,*,#2719,.F.);
#2155=ORIENTED_EDGE('',*,*,#2717,.F.);
#2156=ORIENTED_EDGE('',*,*,#2715,.F.);
#2157=ORIENTED_EDGE('',*,*,#2706,.F.);
#2158=ORIENTED_EDGE('',*,*,#3123,.F.);
#2159=ORIENTED_EDGE('',*,*,#2710,.F.);
#2160=ORIENTED_EDGE('',*,*,#2708,.F.);
#2161=ORIENTED_EDGE('',*,*,#2691,.F.);
#2162=ORIENTED_EDGE('',*,*,#3122,.F.);
#2163=ORIENTED_EDGE('',*,*,#2703,.F.);
#2164=ORIENTED_EDGE('',*,*,#2701,.F.);
#2165=ORIENTED_EDGE('',*,*,#2699,.F.);
#2166=ORIENTED_EDGE('',*,*,#2697,.F.);
#2167=ORIENTED_EDGE('',*,*,#2695,.F.);
#2168=ORIENTED_EDGE('',*,*,#2693,.F.);
#2169=ORIENTED_EDGE('',*,*,#2668,.F.);
#2170=ORIENTED_EDGE('',*,*,#3141,.F.);
#2171=ORIENTED_EDGE('',*,*,#2688,.F.);
#2172=ORIENTED_EDGE('',*,*,#2686,.F.);
#2173=ORIENTED_EDGE('',*,*,#2684,.F.);
#2174=ORIENTED_EDGE('',*,*,#2682,.F.);
#2175=ORIENTED_EDGE('',*,*,#2680,.F.);
#2176=ORIENTED_EDGE('',*,*,#2678,.F.);
#2177=ORIENTED_EDGE('',*,*,#2676,.F.);
#2178=ORIENTED_EDGE('',*,*,#2674,.F.);
#2179=ORIENTED_EDGE('',*,*,#2672,.F.);
#2180=ORIENTED_EDGE('',*,*,#2670,.F.);
#2181=ORIENTED_EDGE('',*,*,#3142,.F.);
#2182=ORIENTED_EDGE('',*,*,#2624,.F.);
#2183=ORIENTED_EDGE('',*,*,#3143,.F.);
#2184=ORIENTED_EDGE('',*,*,#2332,.F.);
#2185=ORIENTED_EDGE('',*,*,#3143,.T.);
#2186=ORIENTED_EDGE('',*,*,#2623,.F.);
#2187=ORIENTED_EDGE('',*,*,#3144,.F.);
#2188=ORIENTED_EDGE('',*,*,#2289,.F.);
#2189=ORIENTED_EDGE('',*,*,#3142,.T.);
#2190=ORIENTED_EDGE('',*,*,#2329,.F.);
#2191=ORIENTED_EDGE('',*,*,#3145,.F.);
#2192=ORIENTED_EDGE('',*,*,#2625,.F.);
#2193=ORIENTED_EDGE('',*,*,#3144,.T.);
#2194=ORIENTED_EDGE('',*,*,#2622,.F.);
#2195=ORIENTED_EDGE('',*,*,#3146,.F.);
#2196=ORIENTED_EDGE('',*,*,#2334,.F.);
#2197=ORIENTED_EDGE('',*,*,#3145,.T.);
#2198=ORIENTED_EDGE('',*,*,#2293,.F.);
#2199=ORIENTED_EDGE('',*,*,#3147,.F.);
#2200=ORIENTED_EDGE('',*,*,#2626,.F.);
#2201=ORIENTED_EDGE('',*,*,#3146,.T.);
#2202=ORIENTED_EDGE('',*,*,#2621,.F.);
#2203=ORIENTED_EDGE('',*,*,#3148,.F.);
#2204=ORIENTED_EDGE('',*,*,#2337,.F.);
#2205=ORIENTED_EDGE('',*,*,#3147,.T.);
#2206=ORIENTED_EDGE('',*,*,#2327,.F.);
#2207=ORIENTED_EDGE('',*,*,#3149,.F.);
#2208=ORIENTED_EDGE('',*,*,#2627,.F.);
#2209=ORIENTED_EDGE('',*,*,#3148,.T.);
#2210=ORIENTED_EDGE('',*,*,#2620,.F.);
#2211=ORIENTED_EDGE('',*,*,#3150,.F.);
#2212=ORIENTED_EDGE('',*,*,#2340,.F.);
#2213=ORIENTED_EDGE('',*,*,#3149,.T.);
#2214=ORIENTED_EDGE('',*,*,#2297,.F.);
#2215=ORIENTED_EDGE('',*,*,#3151,.F.);
#2216=ORIENTED_EDGE('',*,*,#2628,.F.);
#2217=ORIENTED_EDGE('',*,*,#3150,.T.);
#2218=ORIENTED_EDGE('',*,*,#2619,.F.);
#2219=ORIENTED_EDGE('',*,*,#3152,.F.);
#2220=ORIENTED_EDGE('',*,*,#2343,.F.);
#2221=ORIENTED_EDGE('',*,*,#3151,.T.);
#2222=ORIENTED_EDGE('',*,*,#2301,.F.);
#2223=ORIENTED_EDGE('',*,*,#3153,.F.);
#2224=ORIENTED_EDGE('',*,*,#2629,.F.);
#2225=ORIENTED_EDGE('',*,*,#3152,.T.);
#2226=ORIENTED_EDGE('',*,*,#2618,.F.);
#2227=ORIENTED_EDGE('',*,*,#3154,.F.);
#2228=ORIENTED_EDGE('',*,*,#2282,.F.);
#2229=ORIENTED_EDGE('',*,*,#3153,.T.);
#2230=ORIENTED_EDGE('',*,*,#2325,.F.);
#2231=ORIENTED_EDGE('',*,*,#3155,.F.);
#2232=ORIENTED_EDGE('',*,*,#2630,.F.);
#2233=ORIENTED_EDGE('',*,*,#3154,.T.);
#2234=ORIENTED_EDGE('',*,*,#2617,.F.);
#2235=ORIENTED_EDGE('',*,*,#3156,.F.);
#2236=ORIENTED_EDGE('',*,*,#2285,.F.);
#2237=ORIENTED_EDGE('',*,*,#3155,.T.);
#2238=ORIENTED_EDGE('',*,*,#2322,.F.);
#2239=ORIENTED_EDGE('',*,*,#3157,.F.);
#2240=ORIENTED_EDGE('',*,*,#2631,.F.);
#2241=ORIENTED_EDGE('',*,*,#3156,.T.);
#2242=ORIENTED_EDGE('',*,*,#2616,.F.);
#2243=ORIENTED_EDGE('',*,*,#3158,.F.);
#2244=ORIENTED_EDGE('',*,*,#2345,.F.);
#2245=ORIENTED_EDGE('',*,*,#3157,.T.);
#2246=ORIENTED_EDGE('',*,*,#2319,.F.);
#2247=ORIENTED_EDGE('',*,*,#3159,.F.);
#2248=ORIENTED_EDGE('',*,*,#2632,.F.);
#2249=ORIENTED_EDGE('',*,*,#3158,.T.);
#2250=ORIENTED_EDGE('',*,*,#2615,.F.);
#2251=ORIENTED_EDGE('',*,*,#3160,.F.);
#2252=ORIENTED_EDGE('',*,*,#2348,.F.);
#2253=ORIENTED_EDGE('',*,*,#3159,.T.);
#2254=ORIENTED_EDGE('',*,*,#2316,.F.);
#2255=ORIENTED_EDGE('',*,*,#3161,.F.);
#2256=ORIENTED_EDGE('',*,*,#2633,.F.);
#2257=ORIENTED_EDGE('',*,*,#3160,.T.);
#2258=ORIENTED_EDGE('',*,*,#2614,.F.);
#2259=ORIENTED_EDGE('',*,*,#3162,.F.);
#2260=ORIENTED_EDGE('',*,*,#2351,.F.);
#2261=ORIENTED_EDGE('',*,*,#3161,.T.);
#2262=ORIENTED_EDGE('',*,*,#2313,.F.);
#2263=ORIENTED_EDGE('',*,*,#3163,.F.);
#2264=ORIENTED_EDGE('',*,*,#2634,.F.);
#2265=ORIENTED_EDGE('',*,*,#3162,.T.);
#2266=ORIENTED_EDGE('',*,*,#2613,.F.);
#2267=ORIENTED_EDGE('',*,*,#3164,.F.);
#2268=ORIENTED_EDGE('',*,*,#2354,.F.);
#2269=ORIENTED_EDGE('',*,*,#3163,.T.);
#2270=ORIENTED_EDGE('',*,*,#2310,.F.);
#2271=ORIENTED_EDGE('',*,*,#3165,.F.);
#2272=ORIENTED_EDGE('',*,*,#2610,.F.);
#2273=ORIENTED_EDGE('',*,*,#3164,.T.);
#2274=ORIENTED_EDGE('',*,*,#2612,.F.);
#2275=ORIENTED_EDGE('',*,*,#3166,.F.);
#2276=ORIENTED_EDGE('',*,*,#2304,.F.);
#2277=ORIENTED_EDGE('',*,*,#3165,.T.);
#2278=ORIENTED_EDGE('',*,*,#2307,.F.);
#2279=ORIENTED_EDGE('',*,*,#3166,.T.);
#2280=ORIENTED_EDGE('',*,*,#2611,.F.);
#2281=EDGE_CURVE('',#3167,#3168,#3750,.T.);
#2282=EDGE_CURVE('',#3168,#3169,#218,.F.);
#2283=EDGE_CURVE('',#3170,#3169,#3751,.T.);
#2284=EDGE_CURVE('',#3170,#3167,#219,.T.);
#2285=EDGE_CURVE('',#3169,#3171,#220,.F.);
#2286=EDGE_CURVE('',#3172,#3171,#3752,.T.);
#2287=EDGE_CURVE('',#3172,#3170,#221,.T.);
#2288=EDGE_CURVE('',#3173,#3174,#3753,.T.);
#2289=EDGE_CURVE('',#3174,#3175,#222,.F.);
#2290=EDGE_CURVE('',#3176,#3175,#3754,.T.);
#2291=EDGE_CURVE('',#3176,#3173,#223,.T.);
#2292=EDGE_CURVE('',#3177,#3178,#3755,.T.);
#2293=EDGE_CURVE('',#3178,#3179,#224,.F.);
#2294=EDGE_CURVE('',#3180,#3179,#3756,.T.);
#2295=EDGE_CURVE('',#3180,#3177,#225,.T.);
#2296=EDGE_CURVE('',#3181,#3182,#3757,.F.);
#2297=EDGE_CURVE('',#3181,#3183,#226,.F.);
#2298=EDGE_CURVE('',#3184,#3183,#3758,.T.);
#2299=EDGE_CURVE('',#3182,#3184,#227,.T.);
#2300=EDGE_CURVE('',#3185,#3186,#3759,.F.);
#2301=EDGE_CURVE('',#3185,#3181,#228,.F.);
#2302=EDGE_CURVE('',#3186,#3182,#229,.T.);
#2303=EDGE_CURVE('',#3187,#3188,#3760,.T.);
#2304=EDGE_CURVE('',#3188,#3189,#230,.F.);
#2305=EDGE_CURVE('',#3190,#3189,#3761,.T.);
#2306=EDGE_CURVE('',#3190,#3187,#231,.T.);
#2307=EDGE_CURVE('',#3189,#3191,#232,.F.);
#2308=EDGE_CURVE('',#3192,#3191,#3762,.T.);
#2309=EDGE_CURVE('',#3192,#3190,#233,.T.);
#2310=EDGE_CURVE('',#3191,#3193,#234,.F.);
#2311=EDGE_CURVE('',#3194,#3193,#3763,.T.);
#2312=EDGE_CURVE('',#3194,#3192,#235,.T.);
#2313=EDGE_CURVE('',#3193,#3195,#236,.F.);
#2314=EDGE_CURVE('',#3196,#3195,#3764,.T.);
#2315=EDGE_CURVE('',#3196,#3194,#237,.T.);
#2316=EDGE_CURVE('',#3195,#3197,#3765,.T.);
#2317=EDGE_CURVE('',#3198,#3197,#3766,.T.);
#2318=EDGE_CURVE('',#3196,#3198,#3767,.T.);
#2319=EDGE_CURVE('',#3197,#3199,#238,.F.);
#2320=EDGE_CURVE('',#3200,#3199,#3768,.T.);
#2321=EDGE_CURVE('',#3200,#3198,#239,.T.);
#2322=EDGE_CURVE('',#3199,#3201,#3769,.T.);
#2323=EDGE_CURVE('',#3202,#3201,#240,.F.);
#2324=EDGE_CURVE('',#3202,#3200,#3770,.T.);
#2325=EDGE_CURVE('',#3201,#3185,#241,.F.);
#2326=EDGE_CURVE('',#3202,#3186,#242,.T.);
#2327=EDGE_CURVE('',#3183,#3178,#3771,.T.);
#2328=EDGE_CURVE('',#3177,#3184,#3772,.T.);
#2329=EDGE_CURVE('',#3179,#3203,#243,.F.);
#2330=EDGE_CURVE('',#3204,#3203,#3773,.T.);
#2331=EDGE_CURVE('',#3204,#3180,#244,.T.);
#2332=EDGE_CURVE('',#3203,#3174,#3774,.T.);
#2333=EDGE_CURVE('',#3173,#3204,#3775,.T.);
#2334=EDGE_CURVE('',#3175,#3205,#245,.F.);
#2335=EDGE_CURVE('',#3206,#3205,#3776,.T.);
#2336=EDGE_CURVE('',#3206,#3176,#246,.T.);
#2337=EDGE_CURVE('',#3205,#3207,#3777,.T.);
#2338=EDGE_CURVE('',#3208,#3207,#3778,.T.);
#2339=EDGE_CURVE('',#3208,#3206,#3779,.T.);
#2340=EDGE_CURVE('',#3207,#3209,#247,.F.);
#2341=EDGE_CURVE('',#3210,#3209,#3780,.T.);
#2342=EDGE_CURVE('',#3210,#3208,#248,.T.);
#2343=EDGE_CURVE('',#3209,#3168,#3781,.T.);
#2344=EDGE_CURVE('',#3167,#3210,#3782,.T.);
#2345=EDGE_CURVE('',#3171,#3211,#249,.F.);
#2346=EDGE_CURVE('',#3212,#3211,#3783,.T.);
#2347=EDGE_CURVE('',#3212,#3172,#250,.T.);
#2348=EDGE_CURVE('',#3211,#3213,#3784,.T.);
#2349=EDGE_CURVE('',#3214,#3213,#251,.F.);
#2350=EDGE_CURVE('',#3214,#3212,#3785,.T.);
#2351=EDGE_CURVE('',#3213,#3215,#252,.F.);
#2352=EDGE_CURVE('',#3216,#3215,#3786,.T.);
#2353=EDGE_CURVE('',#3216,#3214,#253,.T.);
#2354=EDGE_CURVE('',#3215,#3188,#13,.F.);
#2355=EDGE_CURVE('',#3187,#3216,#14,.T.);
#2356=EDGE_CURVE('',#3217,#3218,#3787,.T.);
#2357=EDGE_CURVE('',#3217,#3219,#254,.T.);
#2358=EDGE_CURVE('',#3219,#3220,#15,.T.);
#2359=EDGE_CURVE('',#3220,#3221,#255,.T.);
#2360=EDGE_CURVE('',#3221,#3222,#3788,.T.);
#2361=EDGE_CURVE('',#3222,#3223,#256,.T.);
#2362=EDGE_CURVE('',#3223,#3224,#3789,.T.);
#2363=EDGE_CURVE('',#3224,#3225,#257,.T.);
#2364=EDGE_CURVE('',#3225,#3226,#3790,.T.);
#2365=EDGE_CURVE('',#3226,#3227,#258,.T.);
#2366=EDGE_CURVE('',#3227,#3228,#3791,.T.);
#2367=EDGE_CURVE('',#3228,#3229,#259,.T.);
#2368=EDGE_CURVE('',#3229,#3230,#3792,.T.);
#2369=EDGE_CURVE('',#3231,#3230,#260,.T.);
#2370=EDGE_CURVE('',#3231,#3232,#3793,.T.);
#2371=EDGE_CURVE('',#3232,#3218,#261,.T.);
#2372=EDGE_CURVE('',#3233,#3234,#3794,.T.);
#2373=EDGE_CURVE('',#3234,#3235,#3795,.T.);
#2374=EDGE_CURVE('',#3235,#3236,#3796,.T.);
#2375=EDGE_CURVE('',#3236,#3237,#3797,.T.);
#2376=EDGE_CURVE('',#3237,#3238,#3798,.T.);
#2377=EDGE_CURVE('',#3238,#3239,#3799,.T.);
#2378=EDGE_CURVE('',#3239,#3240,#3800,.T.);
#2379=EDGE_CURVE('',#3240,#3241,#3801,.T.);
#2380=EDGE_CURVE('',#3241,#3242,#3802,.T.);
#2381=EDGE_CURVE('',#3242,#3243,#3803,.T.);
#2382=EDGE_CURVE('',#3243,#3244,#3804,.T.);
#2383=EDGE_CURVE('',#3244,#3233,#3805,.T.);
#2384=EDGE_CURVE('',#3245,#3246,#3806,.T.);
#2385=EDGE_CURVE('',#3246,#3247,#3807,.T.);
#2386=EDGE_CURVE('',#3247,#3248,#3808,.T.);
#2387=EDGE_CURVE('',#3248,#3249,#3809,.T.);
#2388=EDGE_CURVE('',#3249,#3250,#3810,.T.);
#2389=EDGE_CURVE('',#3250,#3251,#3811,.T.);
#2390=EDGE_CURVE('',#3251,#3252,#3812,.T.);
#2391=EDGE_CURVE('',#3252,#3245,#3813,.T.);
#2392=EDGE_CURVE('',#3253,#3254,#3814,.T.);
#2393=EDGE_CURVE('',#3254,#3255,#3815,.T.);
#2394=EDGE_CURVE('',#3255,#3256,#3816,.T.);
#2395=EDGE_CURVE('',#3256,#3253,#3817,.T.);
#2396=EDGE_CURVE('',#3257,#3258,#3818,.T.);
#2397=EDGE_CURVE('',#3258,#3259,#3819,.T.);
#2398=EDGE_CURVE('',#3259,#3260,#3820,.T.);
#2399=EDGE_CURVE('',#3260,#3261,#3821,.T.);
#2400=EDGE_CURVE('',#3261,#3262,#3822,.T.);
#2401=EDGE_CURVE('',#3262,#3263,#3823,.T.);
#2402=EDGE_CURVE('',#3263,#3264,#3824,.T.);
#2403=EDGE_CURVE('',#3264,#3265,#16,.F.);
#2404=EDGE_CURVE('',#3265,#3257,#17,.F.);
#2405=EDGE_CURVE('',#3266,#3267,#262,.T.);
#2406=EDGE_CURVE('',#3267,#3268,#263,.T.);
#2407=EDGE_CURVE('',#3268,#3269,#264,.T.);
#2408=EDGE_CURVE('',#3269,#3270,#265,.T.);
#2409=EDGE_CURVE('',#3270,#3271,#266,.T.);
#2410=EDGE_CURVE('',#3271,#3272,#267,.T.);
#2411=EDGE_CURVE('',#3272,#3273,#268,.T.);
#2412=EDGE_CURVE('',#3273,#3274,#3825,.T.);
#2413=EDGE_CURVE('',#3274,#3275,#3826,.T.);
#2414=EDGE_CURVE('',#3275,#3276,#269,.T.);
#2415=EDGE_CURVE('',#3276,#3277,#270,.T.);
#2416=EDGE_CURVE('',#3277,#3278,#271,.T.);
#2417=EDGE_CURVE('',#3278,#3279,#3827,.T.);
#2418=EDGE_CURVE('',#3279,#3266,#18,.F.);
#2419=EDGE_CURVE('',#3280,#3281,#3828,.T.);
#2420=EDGE_CURVE('',#3281,#3282,#3829,.T.);
#2421=EDGE_CURVE('',#3282,#3283,#3830,.T.);
#2422=EDGE_CURVE('',#3283,#3284,#272,.T.);
#2423=EDGE_CURVE('',#3284,#3285,#273,.T.);
#2424=EDGE_CURVE('',#3285,#3286,#274,.T.);
#2425=EDGE_CURVE('',#3286,#3287,#275,.T.);
#2426=EDGE_CURVE('',#3287,#3288,#276,.T.);
#2427=EDGE_CURVE('',#3288,#3289,#3831,.T.);
#2428=EDGE_CURVE('',#3289,#3290,#3832,.T.);
#2429=EDGE_CURVE('',#3290,#3291,#277,.T.);
#2430=EDGE_CURVE('',#3291,#3292,#278,.T.);
#2431=EDGE_CURVE('',#3292,#3293,#279,.T.);
#2432=EDGE_CURVE('',#3293,#3294,#3833,.T.);
#2433=EDGE_CURVE('',#3294,#3295,#19,.F.);
#2434=EDGE_CURVE('',#3295,#3296,#20,.F.);
#2435=EDGE_CURVE('',#3296,#3297,#280,.T.);
#2436=EDGE_CURVE('',#3297,#3298,#281,.T.);
#2437=EDGE_CURVE('',#3298,#3280,#3834,.T.);
#2438=EDGE_CURVE('',#3299,#3300,#3835,.T.);
#2439=EDGE_CURVE('',#3301,#3299,#21,.T.);
#2440=EDGE_CURVE('',#3301,#3302,#3836,.T.);
#2441=EDGE_CURVE('',#3302,#3303,#22,.T.);
#2442=EDGE_CURVE('',#3304,#3303,#3837,.T.);
#2443=EDGE_CURVE('',#3304,#3305,#3838,.T.);
#2444=EDGE_CURVE('',#3305,#3306,#3839,.T.);
#2445=EDGE_CURVE('',#3306,#3307,#23,.T.);
#2446=EDGE_CURVE('',#3308,#3307,#3840,.T.);
#2447=EDGE_CURVE('',#3308,#3309,#24,.T.);
#2448=EDGE_CURVE('',#3310,#3309,#3841,.T.);
#2449=EDGE_CURVE('',#3310,#3311,#3842,.T.);
#2450=EDGE_CURVE('',#3311,#3312,#3843,.T.);
#2451=EDGE_CURVE('',#3312,#3300,#25,.T.);
#2452=EDGE_CURVE('',#3313,#3314,#3844,.T.);
#2453=EDGE_CURVE('',#3313,#3315,#3845,.T.);
#2454=EDGE_CURVE('',#3315,#3316,#3846,.T.);
#2455=EDGE_CURVE('',#3314,#3316,#3847,.T.);
#2456=EDGE_CURVE('',#3317,#3318,#3848,.T.);
#2457=EDGE_CURVE('',#3317,#3319,#3849,.T.);
#2458=EDGE_CURVE('',#3319,#3320,#3850,.T.);
#2459=EDGE_CURVE('',#3318,#3320,#3851,.T.);
#2460=EDGE_CURVE('',#3321,#3321,#26,.T.);
#2461=EDGE_CURVE('',#3322,#3323,#282,.T.);
#2462=EDGE_CURVE('',#3323,#3324,#283,.T.);
#2463=EDGE_CURVE('',#3324,#3325,#284,.T.);
#2464=EDGE_CURVE('',#3325,#3326,#285,.T.);
#2465=EDGE_CURVE('',#3326,#3327,#3852,.T.);
#2466=EDGE_CURVE('',#3327,#3328,#27,.T.);
#2467=EDGE_CURVE('',#3328,#3329,#28,.T.);
#2468=EDGE_CURVE('',#3329,#3330,#286,.T.);
#2469=EDGE_CURVE('',#3330,#3331,#287,.T.);
#2470=EDGE_CURVE('',#3331,#3332,#288,.T.);
#2471=EDGE_CURVE('',#3332,#3333,#289,.T.);
#2472=EDGE_CURVE('',#3333,#3334,#290,.T.);
#2473=EDGE_CURVE('',#3334,#3335,#291,.T.);
#2474=EDGE_CURVE('',#3335,#3336,#292,.T.);
#2475=EDGE_CURVE('',#3336,#3337,#293,.T.);
#2476=EDGE_CURVE('',#3337,#3338,#294,.T.);
#2477=EDGE_CURVE('',#3338,#3339,#295,.T.);
#2478=EDGE_CURVE('',#3339,#3340,#3853,.T.);
#2479=EDGE_CURVE('',#3340,#3341,#296,.T.);
#2480=EDGE_CURVE('',#3341,#3342,#297,.T.);
#2481=EDGE_CURVE('',#3342,#3343,#298,.T.);
#2482=EDGE_CURVE('',#3343,#3344,#299,.T.);
#2483=EDGE_CURVE('',#3344,#3345,#300,.T.);
#2484=EDGE_CURVE('',#3345,#3346,#301,.T.);
#2485=EDGE_CURVE('',#3346,#3322,#302,.T.);
#2486=EDGE_CURVE('',#3347,#3348,#303,.T.);
#2487=EDGE_CURVE('',#3348,#3349,#29,.T.);
#2488=EDGE_CURVE('',#3349,#3350,#30,.T.);
#2489=EDGE_CURVE('',#3350,#3351,#3854,.T.);
#2490=EDGE_CURVE('',#3351,#3352,#304,.T.);
#2491=EDGE_CURVE('',#3352,#3353,#31,.F.);
#2492=EDGE_CURVE('',#3353,#3354,#305,.T.);
#2493=EDGE_CURVE('',#3354,#3355,#3855,.T.);
#2494=EDGE_CURVE('',#3355,#3356,#3856,.T.);
#2495=EDGE_CURVE('',#3356,#3357,#3857,.T.);
#2496=EDGE_CURVE('',#3357,#3358,#3858,.T.);
#2497=EDGE_CURVE('',#3358,#3359,#3859,.T.);
#2498=EDGE_CURVE('',#3359,#3360,#3860,.T.);
#2499=EDGE_CURVE('',#3360,#3361,#3861,.T.);
#2500=EDGE_CURVE('',#3361,#3362,#3862,.T.);
#2501=EDGE_CURVE('',#3362,#3363,#3863,.T.);
#2502=EDGE_CURVE('',#3363,#3364,#3864,.T.);
#2503=EDGE_CURVE('',#3364,#3365,#3865,.T.);
#2504=EDGE_CURVE('',#3365,#3347,#306,.T.);
#2505=EDGE_CURVE('',#3366,#3367,#3866,.T.);
#2506=EDGE_CURVE('',#3367,#3368,#3867,.T.);
#2507=EDGE_CURVE('',#3368,#3369,#307,.T.);
#2508=EDGE_CURVE('',#3369,#3370,#308,.T.);
#2509=EDGE_CURVE('',#3370,#3371,#309,.T.);
#2510=EDGE_CURVE('',#3371,#3372,#310,.T.);
#2511=EDGE_CURVE('',#3372,#3373,#3868,.T.);
#2512=EDGE_CURVE('',#3373,#3374,#3869,.T.);
#2513=EDGE_CURVE('',#3374,#3375,#3870,.T.);
#2514=EDGE_CURVE('',#3375,#3376,#3871,.T.);
#2515=EDGE_CURVE('',#3376,#3377,#3872,.T.);
#2516=EDGE_CURVE('',#3377,#3378,#3873,.T.);
#2517=EDGE_CURVE('',#3378,#3379,#32,.F.);
#2518=EDGE_CURVE('',#3379,#3380,#311,.T.);
#2519=EDGE_CURVE('',#3380,#3381,#312,.T.);
#2520=EDGE_CURVE('',#3381,#3382,#313,.T.);
#2521=EDGE_CURVE('',#3382,#3366,#3874,.T.);
#2522=EDGE_CURVE('',#3383,#3384,#3875,.T.);
#2523=EDGE_CURVE('',#3384,#3385,#3876,.T.);
#2524=EDGE_CURVE('',#3385,#3386,#314,.T.);
#2525=EDGE_CURVE('',#3386,#3387,#315,.T.);
#2526=EDGE_CURVE('',#3387,#3388,#316,.T.);
#2527=EDGE_CURVE('',#3388,#3389,#317,.T.);
#2528=EDGE_CURVE('',#3389,#3390,#318,.T.);
#2529=EDGE_CURVE('',#3390,#3391,#319,.T.);
#2530=EDGE_CURVE('',#3391,#3392,#3877,.T.);
#2531=EDGE_CURVE('',#3392,#3393,#3878,.T.);
#2532=EDGE_CURVE('',#3393,#3394,#3879,.T.);
#2533=EDGE_CURVE('',#3394,#3395,#3880,.T.);
#2534=EDGE_CURVE('',#3395,#3396,#3881,.T.);
#2535=EDGE_CURVE('',#3396,#3397,#3882,.T.);
#2536=EDGE_CURVE('',#3397,#3383,#3883,.T.);
#2537=EDGE_CURVE('',#3398,#3399,#3884,.T.);
#2538=EDGE_CURVE('',#3399,#3400,#3885,.T.);
#2539=EDGE_CURVE('',#3400,#3401,#320,.T.);
#2540=EDGE_CURVE('',#3401,#3402,#321,.T.);
#2541=EDGE_CURVE('',#3402,#3403,#322,.T.);
#2542=EDGE_CURVE('',#3403,#3404,#323,.T.);
#2543=EDGE_CURVE('',#3404,#3405,#3886,.T.);
#2544=EDGE_CURVE('',#3405,#3406,#324,.T.);
#2545=EDGE_CURVE('',#3406,#3407,#325,.T.);
#2546=EDGE_CURVE('',#3407,#3408,#326,.T.);
#2547=EDGE_CURVE('',#3408,#3398,#3887,.T.);
#2548=EDGE_CURVE('',#3409,#3410,#3888,.T.);
#2549=EDGE_CURVE('',#3410,#3411,#3889,.T.);
#2550=EDGE_CURVE('',#3411,#3412,#327,.T.);
#2551=EDGE_CURVE('',#3412,#3413,#328,.T.);
#2552=EDGE_CURVE('',#3413,#3414,#329,.T.);
#2553=EDGE_CURVE('',#3414,#3415,#330,.T.);
#2554=EDGE_CURVE('',#3415,#3416,#3890,.T.);
#2555=EDGE_CURVE('',#3416,#3417,#3891,.T.);
#2556=EDGE_CURVE('',#3417,#3418,#3892,.T.);
#2557=EDGE_CURVE('',#3418,#3419,#331,.T.);
#2558=EDGE_CURVE('',#3419,#3420,#332,.T.);
#2559=EDGE_CURVE('',#3420,#3421,#333,.T.);
#2560=EDGE_CURVE('',#3421,#3422,#334,.T.);
#2561=EDGE_CURVE('',#3422,#3409,#3893,.T.);
#2562=EDGE_CURVE('',#3423,#3424,#3894,.T.);
#2563=EDGE_CURVE('',#3424,#3425,#3895,.T.);
#2564=EDGE_CURVE('',#3425,#3426,#3896,.T.);
#2565=EDGE_CURVE('',#3426,#3427,#3897,.T.);
#2566=EDGE_CURVE('',#3427,#3428,#3898,.T.);
#2567=EDGE_CURVE('',#3428,#3423,#3899,.T.);
#2568=EDGE_CURVE('',#3429,#3430,#335,.T.);
#2569=EDGE_CURVE('',#3430,#3431,#336,.T.);
#2570=EDGE_CURVE('',#3431,#3432,#337,.T.);
#2571=EDGE_CURVE('',#3432,#3433,#338,.T.);
#2572=EDGE_CURVE('',#3433,#3434,#339,.T.);
#2573=EDGE_CURVE('',#3434,#3435,#340,.T.);
#2574=EDGE_CURVE('',#3435,#3436,#3900,.T.);
#2575=EDGE_CURVE('',#3436,#3437,#341,.T.);
#2576=EDGE_CURVE('',#3437,#3438,#342,.T.);
#2577=EDGE_CURVE('',#3438,#3439,#343,.T.);
#2578=EDGE_CURVE('',#3439,#3440,#344,.T.);
#2579=EDGE_CURVE('',#3440,#3441,#345,.T.);
#2580=EDGE_CURVE('',#3441,#3442,#346,.T.);
#2581=EDGE_CURVE('',#3442,#3443,#347,.T.);
#2582=EDGE_CURVE('',#3443,#3429,#3901,.T.);
#2583=EDGE_CURVE('',#3444,#3445,#3902,.T.);
#2584=EDGE_CURVE('',#3445,#3446,#3903,.T.);
#2585=EDGE_CURVE('',#3446,#3447,#3904,.T.);
#2586=EDGE_CURVE('',#3447,#3448,#3905,.T.);
#2587=EDGE_CURVE('',#3448,#3449,#3906,.T.);
#2588=EDGE_CURVE('',#3449,#3450,#3907,.T.);
#2589=EDGE_CURVE('',#3450,#3451,#3908,.T.);
#2590=EDGE_CURVE('',#3451,#3452,#3909,.T.);
#2591=EDGE_CURVE('',#3452,#3453,#3910,.T.);
#2592=EDGE_CURVE('',#3453,#3454,#3911,.T.);
#2593=EDGE_CURVE('',#3454,#3455,#3912,.T.);
#2594=EDGE_CURVE('',#3455,#3444,#3913,.T.);
#2595=EDGE_CURVE('',#3456,#3457,#348,.T.);
#2596=EDGE_CURVE('',#3457,#3458,#349,.T.);
#2597=EDGE_CURVE('',#3458,#3459,#350,.T.);
#2598=EDGE_CURVE('',#3459,#3460,#351,.T.);
#2599=EDGE_CURVE('',#3460,#3461,#352,.T.);
#2600=EDGE_CURVE('',#3461,#3462,#353,.T.);
#2601=EDGE_CURVE('',#3462,#3463,#3914,.T.);
#2602=EDGE_CURVE('',#3463,#3464,#354,.T.);
#2603=EDGE_CURVE('',#3464,#3465,#355,.T.);
#2604=EDGE_CURVE('',#3465,#3466,#356,.T.);
#2605=EDGE_CURVE('',#3466,#3467,#357,.T.);
#2606=EDGE_CURVE('',#3467,#3468,#358,.T.);
#2607=EDGE_CURVE('',#3468,#3469,#359,.T.);
#2608=EDGE_CURVE('',#3469,#3470,#360,.T.);
#2609=EDGE_CURVE('',#3470,#3456,#3915,.T.);
#2610=EDGE_CURVE('',#3471,#3472,#361,.T.);
#2611=EDGE_CURVE('',#3472,#3473,#362,.T.);
#2612=EDGE_CURVE('',#3473,#3474,#363,.T.);
#2613=EDGE_CURVE('',#3474,#3475,#33,.T.);
#2614=EDGE_CURVE('',#3475,#3476,#364,.T.);
#2615=EDGE_CURVE('',#3476,#3477,#3916,.T.);
#2616=EDGE_CURVE('',#3477,#3478,#365,.T.);
#2617=EDGE_CURVE('',#3478,#3479,#366,.T.);
#2618=EDGE_CURVE('',#3479,#3480,#367,.T.);
#2619=EDGE_CURVE('',#3480,#3481,#3917,.T.);
#2620=EDGE_CURVE('',#3481,#3482,#368,.T.);
#2621=EDGE_CURVE('',#3482,#3483,#3918,.T.);
#2622=EDGE_CURVE('',#3483,#3484,#369,.T.);
#2623=EDGE_CURVE('',#3484,#3485,#370,.T.);
#2624=EDGE_CURVE('',#3485,#3486,#3919,.T.);
#2625=EDGE_CURVE('',#3486,#3487,#3920,.T.);
#2626=EDGE_CURVE('',#3487,#3488,#371,.T.);
#2627=EDGE_CURVE('',#3488,#3489,#3921,.T.);
#2628=EDGE_CURVE('',#3489,#3490,#372,.T.);
#2629=EDGE_CURVE('',#3490,#3491,#373,.T.);
#2630=EDGE_CURVE('',#3491,#3492,#374,.T.);
#2631=EDGE_CURVE('',#3492,#3493,#3922,.T.);
#2632=EDGE_CURVE('',#3493,#3494,#375,.T.);
#2633=EDGE_CURVE('',#3494,#3495,#3923,.T.);
#2634=EDGE_CURVE('',#3495,#3471,#376,.T.);
#2635=EDGE_CURVE('',#3496,#3497,#377,.T.);
#2636=EDGE_CURVE('',#3496,#3498,#3924,.T.);
#2637=EDGE_CURVE('',#3499,#3498,#378,.T.);
#2638=EDGE_CURVE('',#3500,#3499,#3925,.T.);
#2639=EDGE_CURVE('',#3500,#3501,#379,.T.);
#2640=EDGE_CURVE('',#3502,#3501,#3926,.T.);
#2641=EDGE_CURVE('',#3503,#3502,#380,.T.);
#2642=EDGE_CURVE('',#3504,#3503,#3927,.T.);
#2643=EDGE_CURVE('',#3505,#3504,#381,.T.);
#2644=EDGE_CURVE('',#3506,#3505,#3928,.T.);
#2645=EDGE_CURVE('',#3507,#3506,#382,.T.);
#2646=EDGE_CURVE('',#3508,#3507,#3929,.T.);
#2647=EDGE_CURVE('',#3509,#3508,#383,.T.);
#2648=EDGE_CURVE('',#3510,#3509,#3930,.T.);
#2649=EDGE_CURVE('',#3511,#3510,#384,.T.);
#2650=EDGE_CURVE('',#3497,#3511,#34,.T.);
#2651=EDGE_CURVE('',#3217,#3496,#3931,.T.);
#2652=EDGE_CURVE('',#3219,#3497,#3932,.T.);
#2653=EDGE_CURVE('',#3218,#3498,#3933,.T.);
#2654=EDGE_CURVE('',#3232,#3499,#3934,.T.);
#2655=EDGE_CURVE('',#3231,#3500,#3935,.T.);
#2656=EDGE_CURVE('',#3230,#3501,#3936,.T.);
#2657=EDGE_CURVE('',#3229,#3502,#3937,.T.);
#2658=EDGE_CURVE('',#3228,#3503,#3938,.T.);
#2659=EDGE_CURVE('',#3227,#3504,#3939,.T.);
#2660=EDGE_CURVE('',#3226,#3505,#3940,.T.);
#2661=EDGE_CURVE('',#3225,#3506,#3941,.T.);
#2662=EDGE_CURVE('',#3224,#3507,#3942,.T.);
#2663=EDGE_CURVE('',#3223,#3508,#3943,.T.);
#2664=EDGE_CURVE('',#3222,#3509,#3944,.T.);
#2665=EDGE_CURVE('',#3221,#3510,#3945,.T.);
#2666=EDGE_CURVE('',#3220,#3511,#3946,.T.);
#2667=EDGE_CURVE('',#3512,#3233,#3947,.T.);
#2668=EDGE_CURVE('',#3512,#3513,#3948,.T.);
#2669=EDGE_CURVE('',#3513,#3234,#3949,.T.);
#2670=EDGE_CURVE('',#3513,#3514,#3950,.T.);
#2671=EDGE_CURVE('',#3514,#3235,#3951,.T.);
#2672=EDGE_CURVE('',#3514,#3515,#3952,.T.);
#2673=EDGE_CURVE('',#3515,#3236,#3953,.T.);
#2674=EDGE_CURVE('',#3515,#3516,#3954,.T.);
#2675=EDGE_CURVE('',#3516,#3237,#3955,.T.);
#2676=EDGE_CURVE('',#3516,#3517,#3956,.T.);
#2677=EDGE_CURVE('',#3517,#3238,#3957,.T.);
#2678=EDGE_CURVE('',#3517,#3518,#3958,.T.);
#2679=EDGE_CURVE('',#3518,#3239,#3959,.T.);
#2680=EDGE_CURVE('',#3518,#3519,#3960,.T.);
#2681=EDGE_CURVE('',#3519,#3240,#3961,.T.);
#2682=EDGE_CURVE('',#3519,#3520,#3962,.T.);
#2683=EDGE_CURVE('',#3520,#3241,#3963,.T.);
#2684=EDGE_CURVE('',#3520,#3521,#3964,.T.);
#2685=EDGE_CURVE('',#3521,#3242,#3965,.T.);
#2686=EDGE_CURVE('',#3521,#3522,#3966,.T.);
#2687=EDGE_CURVE('',#3522,#3243,#3967,.T.);
#2688=EDGE_CURVE('',#3522,#3523,#3968,.T.);
#2689=EDGE_CURVE('',#3523,#3244,#3969,.T.);
#2690=EDGE_CURVE('',#3524,#3245,#3970,.T.);
#2691=EDGE_CURVE('',#3524,#3525,#3971,.T.);
#2692=EDGE_CURVE('',#3525,#3246,#3972,.T.);
#2693=EDGE_CURVE('',#3525,#3526,#3973,.T.);
#2694=EDGE_CURVE('',#3526,#3247,#3974,.T.);
#2695=EDGE_CURVE('',#3526,#3527,#3975,.T.);
#2696=EDGE_CURVE('',#3527,#3248,#3976,.T.);
#2697=EDGE_CURVE('',#3527,#3528,#3977,.T.);
#2698=EDGE_CURVE('',#3528,#3249,#3978,.T.);
#2699=EDGE_CURVE('',#3528,#3529,#3979,.T.);
#2700=EDGE_CURVE('',#3529,#3250,#3980,.T.);
#2701=EDGE_CURVE('',#3529,#3530,#3981,.T.);
#2702=EDGE_CURVE('',#3530,#3251,#3982,.T.);
#2703=EDGE_CURVE('',#3530,#3531,#3983,.T.);
#2704=EDGE_CURVE('',#3531,#3252,#3984,.T.);
#2705=EDGE_CURVE('',#3532,#3253,#3985,.T.);
#2706=EDGE_CURVE('',#3532,#3533,#3986,.T.);
#2707=EDGE_CURVE('',#3533,#3254,#3987,.T.);
#2708=EDGE_CURVE('',#3533,#3534,#3988,.T.);
#2709=EDGE_CURVE('',#3534,#3255,#3989,.T.);
#2710=EDGE_CURVE('',#3534,#3535,#3990,.T.);
#2711=EDGE_CURVE('',#3535,#3256,#3991,.T.);
#2712=EDGE_CURVE('',#3536,#3257,#3992,.T.);
#2713=EDGE_CURVE('',#3536,#3537,#3993,.T.);
#2714=EDGE_CURVE('',#3537,#3258,#3994,.T.);
#2715=EDGE_CURVE('',#3537,#3538,#3995,.T.);
#2716=EDGE_CURVE('',#3538,#3259,#3996,.T.);
#2717=EDGE_CURVE('',#3538,#3539,#3997,.T.);
#2718=EDGE_CURVE('',#3539,#3260,#3998,.T.);
#2719=EDGE_CURVE('',#3539,#3540,#3999,.T.);
#2720=EDGE_CURVE('',#3540,#3261,#4000,.T.);
#2721=EDGE_CURVE('',#3540,#3541,#4001,.T.);
#2722=EDGE_CURVE('',#3541,#3262,#4002,.T.);
#2723=EDGE_CURVE('',#3541,#3542,#4003,.T.);
#2724=EDGE_CURVE('',#3542,#3263,#4004,.T.);
#2725=EDGE_CURVE('',#3542,#3543,#4005,.T.);
#2726=EDGE_CURVE('',#3543,#3264,#4006,.T.);
#2727=EDGE_CURVE('',#3543,#3544,#35,.F.);
#2728=EDGE_CURVE('',#3544,#3265,#4007,.T.);
#2729=EDGE_CURVE('',#3545,#3266,#4008,.T.);
#2730=EDGE_CURVE('',#3545,#3546,#385,.T.);
#2731=EDGE_CURVE('',#3546,#3267,#4009,.T.);
#2732=EDGE_CURVE('',#3546,#3547,#386,.T.);
#2733=EDGE_CURVE('',#3547,#3268,#4010,.T.);
#2734=EDGE_CURVE('',#3547,#3548,#387,.T.);
#2735=EDGE_CURVE('',#3548,#3269,#4011,.T.);
#2736=EDGE_CURVE('',#3548,#3549,#388,.T.);
#2737=EDGE_CURVE('',#3549,#3270,#4012,.T.);
#2738=EDGE_CURVE('',#3549,#3550,#389,.T.);
#2739=EDGE_CURVE('',#3550,#3271,#4013,.T.);
#2740=EDGE_CURVE('',#3550,#3551,#390,.T.);
#2741=EDGE_CURVE('',#3551,#3272,#4014,.T.);
#2742=EDGE_CURVE('',#3551,#3552,#391,.T.);
#2743=EDGE_CURVE('',#3552,#3273,#4015,.T.);
#2744=EDGE_CURVE('',#3552,#3553,#4016,.T.);
#2745=EDGE_CURVE('',#3553,#3274,#4017,.T.);
#2746=EDGE_CURVE('',#3553,#3554,#4018,.T.);
#2747=EDGE_CURVE('',#3554,#3275,#4019,.T.);
#2748=EDGE_CURVE('',#3554,#3555,#392,.T.);
#2749=EDGE_CURVE('',#3555,#3276,#4020,.T.);
#2750=EDGE_CURVE('',#3555,#3556,#393,.T.);
#2751=EDGE_CURVE('',#3556,#3277,#4021,.T.);
#2752=EDGE_CURVE('',#3556,#3557,#394,.T.);
#2753=EDGE_CURVE('',#3557,#3278,#4022,.T.);
#2754=EDGE_CURVE('',#3557,#3558,#4023,.T.);
#2755=EDGE_CURVE('',#3558,#3279,#4024,.T.);
#2756=EDGE_CURVE('',#3559,#3280,#4025,.T.);
#2757=EDGE_CURVE('',#3559,#3560,#4026,.T.);
#2758=EDGE_CURVE('',#3560,#3281,#4027,.T.);
#2759=EDGE_CURVE('',#3560,#3561,#4028,.T.);
#2760=EDGE_CURVE('',#3561,#3282,#4029,.T.);
#2761=EDGE_CURVE('',#3561,#3562,#4030,.T.);
#2762=EDGE_CURVE('',#3562,#3283,#4031,.T.);
#2763=EDGE_CURVE('',#3562,#3563,#395,.T.);
#2764=EDGE_CURVE('',#3563,#3284,#4032,.T.);
#2765=EDGE_CURVE('',#3563,#3564,#396,.T.);
#2766=EDGE_CURVE('',#3564,#3285,#4033,.T.);
#2767=EDGE_CURVE('',#3564,#3565,#397,.T.);
#2768=EDGE_CURVE('',#3565,#3286,#4034,.T.);
#2769=EDGE_CURVE('',#3565,#3566,#398,.T.);
#2770=EDGE_CURVE('',#3566,#3287,#4035,.T.);
#2771=EDGE_CURVE('',#3566,#3567,#399,.T.);
#2772=EDGE_CURVE('',#3567,#3288,#4036,.T.);
#2773=EDGE_CURVE('',#3567,#3568,#4037,.T.);
#2774=EDGE_CURVE('',#3568,#3289,#4038,.T.);
#2775=EDGE_CURVE('',#3568,#3569,#4039,.T.);
#2776=EDGE_CURVE('',#3569,#3290,#4040,.T.);
#2777=EDGE_CURVE('',#3569,#3570,#400,.T.);
#2778=EDGE_CURVE('',#3570,#3291,#4041,.T.);
#2779=EDGE_CURVE('',#3570,#3571,#401,.T.);
#2780=EDGE_CURVE('',#3571,#3292,#4042,.T.);
#2781=EDGE_CURVE('',#3571,#3572,#402,.T.);
#2782=EDGE_CURVE('',#3572,#3293,#4043,.T.);
#2783=EDGE_CURVE('',#3572,#3573,#4044,.T.);
#2784=EDGE_CURVE('',#3573,#3294,#4045,.T.);
#2785=EDGE_CURVE('',#3573,#3574,#36,.F.);
#2786=EDGE_CURVE('',#3574,#3295,#4046,.T.);
#2787=EDGE_CURVE('',#3574,#3575,#37,.F.);
#2788=EDGE_CURVE('',#3575,#3296,#4047,.T.);
#2789=EDGE_CURVE('',#3575,#3576,#403,.T.);
#2790=EDGE_CURVE('',#3576,#3297,#4048,.T.);
#2791=EDGE_CURVE('',#3576,#3577,#404,.T.);
#2792=EDGE_CURVE('',#3577,#3298,#4049,.T.);
#2793=EDGE_CURVE('',#3578,#3300,#4050,.T.);
#2794=EDGE_CURVE('',#3579,#3578,#4051,.T.);
#2795=EDGE_CURVE('',#3579,#3299,#4052,.T.);
#2796=EDGE_CURVE('',#3580,#3579,#38,.T.);
#2797=EDGE_CURVE('',#3580,#3301,#4053,.T.);
#2798=EDGE_CURVE('',#3580,#3581,#4054,.T.);
#2799=EDGE_CURVE('',#3581,#3302,#4055,.T.);
#2800=EDGE_CURVE('',#3581,#3582,#39,.T.);
#2801=EDGE_CURVE('',#3582,#3303,#4056,.T.);
#2802=EDGE_CURVE('',#3583,#3582,#4057,.T.);
#2803=EDGE_CURVE('',#3583,#3304,#4058,.T.);
#2804=EDGE_CURVE('',#3583,#3584,#4059,.T.);
#2805=EDGE_CURVE('',#3584,#3305,#4060,.T.);
#2806=EDGE_CURVE('',#3584,#3585,#4061,.T.);
#2807=EDGE_CURVE('',#3585,#3306,#4062,.T.);
#2808=EDGE_CURVE('',#3585,#3586,#40,.T.);
#2809=EDGE_CURVE('',#3586,#3307,#4063,.T.);
#2810=EDGE_CURVE('',#3587,#3586,#4064,.T.);
#2811=EDGE_CURVE('',#3587,#3308,#4065,.T.);
#2812=EDGE_CURVE('',#3587,#3588,#41,.T.);
#2813=EDGE_CURVE('',#3588,#3309,#4066,.T.);
#2814=EDGE_CURVE('',#3589,#3588,#4067,.T.);
#2815=EDGE_CURVE('',#3589,#3310,#4068,.T.);
#2816=EDGE_CURVE('',#3589,#3590,#4069,.T.);
#2817=EDGE_CURVE('',#3590,#3311,#4070,.T.);
#2818=EDGE_CURVE('',#3590,#3591,#4071,.T.);
#2819=EDGE_CURVE('',#3591,#3312,#4072,.T.);
#2820=EDGE_CURVE('',#3592,#3314,#4073,.T.);
#2821=EDGE_CURVE('',#3593,#3592,#4074,.T.);
#2822=EDGE_CURVE('',#3593,#3313,#4075,.T.);
#2823=EDGE_CURVE('',#3593,#3594,#4076,.T.);
#2824=EDGE_CURVE('',#3594,#3315,#4077,.T.);
#2825=EDGE_CURVE('',#3594,#3595,#4078,.T.);
#2826=EDGE_CURVE('',#3595,#3316,#4079,.T.);
#2827=EDGE_CURVE('',#3596,#3318,#4080,.T.);
#2828=EDGE_CURVE('',#3597,#3596,#4081,.T.);
#2829=EDGE_CURVE('',#3597,#3317,#4082,.T.);
#2830=EDGE_CURVE('',#3597,#3598,#4083,.T.);
#2831=EDGE_CURVE('',#3598,#3319,#4084,.T.);
#2832=EDGE_CURVE('',#3598,#3599,#4085,.T.);
#2833=EDGE_CURVE('',#3599,#3320,#4086,.T.);
#2834=EDGE_CURVE('',#3600,#3322,#4087,.T.);
#2835=EDGE_CURVE('',#3600,#3601,#405,.T.);
#2836=EDGE_CURVE('',#3601,#3323,#4088,.T.);
#2837=EDGE_CURVE('',#3601,#3602,#406,.T.);
#2838=EDGE_CURVE('',#3602,#3324,#4089,.T.);
#2839=EDGE_CURVE('',#3602,#3603,#407,.T.);
#2840=EDGE_CURVE('',#3603,#3325,#4090,.T.);
#2841=EDGE_CURVE('',#3603,#3604,#408,.T.);
#2842=EDGE_CURVE('',#3604,#3326,#4091,.T.);
#2843=EDGE_CURVE('',#3604,#3605,#4092,.T.);
#2844=EDGE_CURVE('',#3605,#3327,#4093,.T.);
#2845=EDGE_CURVE('',#3605,#3606,#42,.T.);
#2846=EDGE_CURVE('',#3606,#3328,#4094,.T.);
#2847=EDGE_CURVE('',#3606,#3607,#43,.T.);
#2848=EDGE_CURVE('',#3607,#3329,#4095,.T.);
#2849=EDGE_CURVE('',#3607,#3608,#409,.T.);
#2850=EDGE_CURVE('',#3608,#3330,#4096,.T.);
#2851=EDGE_CURVE('',#3608,#3609,#410,.T.);
#2852=EDGE_CURVE('',#3609,#3331,#4097,.T.);
#2853=EDGE_CURVE('',#3609,#3610,#411,.T.);
#2854=EDGE_CURVE('',#3610,#3332,#4098,.T.);
#2855=EDGE_CURVE('',#3610,#3611,#412,.T.);
#2856=EDGE_CURVE('',#3611,#3333,#4099,.T.);
#2857=EDGE_CURVE('',#3611,#3612,#413,.T.);
#2858=EDGE_CURVE('',#3612,#3334,#4100,.T.);
#2859=EDGE_CURVE('',#3612,#3613,#414,.T.);
#2860=EDGE_CURVE('',#3613,#3335,#4101,.T.);
#2861=EDGE_CURVE('',#3613,#3614,#415,.T.);
#2862=EDGE_CURVE('',#3614,#3336,#4102,.T.);
#2863=EDGE_CURVE('',#3614,#3615,#416,.T.);
#2864=EDGE_CURVE('',#3615,#3337,#4103,.T.);
#2865=EDGE_CURVE('',#3615,#3616,#417,.T.);
#2866=EDGE_CURVE('',#3616,#3338,#4104,.T.);
#2867=EDGE_CURVE('',#3616,#3617,#418,.T.);
#2868=EDGE_CURVE('',#3617,#3339,#4105,.T.);
#2869=EDGE_CURVE('',#3617,#3618,#4106,.T.);
#2870=EDGE_CURVE('',#3618,#3340,#4107,.T.);
#2871=EDGE_CURVE('',#3618,#3619,#419,.T.);
#2872=EDGE_CURVE('',#3619,#3341,#4108,.T.);
#2873=EDGE_CURVE('',#3619,#3620,#420,.T.);
#2874=EDGE_CURVE('',#3620,#3342,#4109,.T.);
#2875=EDGE_CURVE('',#3620,#3621,#421,.T.);
#2876=EDGE_CURVE('',#3621,#3343,#4110,.T.);
#2877=EDGE_CURVE('',#3621,#3622,#422,.T.);
#2878=EDGE_CURVE('',#3622,#3344,#4111,.T.);
#2879=EDGE_CURVE('',#3622,#3623,#423,.T.);
#2880=EDGE_CURVE('',#3623,#3345,#4112,.T.);
#2881=EDGE_CURVE('',#3623,#3624,#424,.T.);
#2882=EDGE_CURVE('',#3624,#3346,#4113,.T.);
#2883=EDGE_CURVE('',#3625,#3347,#4114,.T.);
#2884=EDGE_CURVE('',#3625,#3626,#425,.T.);
#2885=EDGE_CURVE('',#3626,#3348,#4115,.T.);
#2886=EDGE_CURVE('',#3626,#3627,#44,.T.);
#2887=EDGE_CURVE('',#3627,#3349,#4116,.T.);
#2888=EDGE_CURVE('',#3627,#3628,#45,.T.);
#2889=EDGE_CURVE('',#3628,#3350,#4117,.T.);
#2890=EDGE_CURVE('',#3628,#3629,#4118,.T.);
#2891=EDGE_CURVE('',#3629,#3351,#4119,.T.);
#2892=EDGE_CURVE('',#3629,#3630,#426,.T.);
#2893=EDGE_CURVE('',#3630,#3352,#4120,.T.);
#2894=EDGE_CURVE('',#3630,#3631,#46,.F.);
#2895=EDGE_CURVE('',#3631,#3353,#4121,.T.);
#2896=EDGE_CURVE('',#3631,#3632,#427,.T.);
#2897=EDGE_CURVE('',#3632,#3354,#4122,.T.);
#2898=EDGE_CURVE('',#3632,#3633,#4123,.T.);
#2899=EDGE_CURVE('',#3633,#3355,#4124,.T.);
#2900=EDGE_CURVE('',#3633,#3634,#4125,.T.);
#2901=EDGE_CURVE('',#3634,#3356,#4126,.T.);
#2902=EDGE_CURVE('',#3634,#3635,#4127,.T.);
#2903=EDGE_CURVE('',#3635,#3357,#4128,.T.);
#2904=EDGE_CURVE('',#3635,#3636,#4129,.T.);
#2905=EDGE_CURVE('',#3636,#3358,#4130,.T.);
#2906=EDGE_CURVE('',#3636,#3637,#4131,.T.);
#2907=EDGE_CURVE('',#3637,#3359,#4132,.T.);
#2908=EDGE_CURVE('',#3637,#3638,#4133,.T.);
#2909=EDGE_CURVE('',#3638,#3360,#4134,.T.);
#2910=EDGE_CURVE('',#3638,#3639,#4135,.T.);
#2911=EDGE_CURVE('',#3639,#3361,#4136,.T.);
#2912=EDGE_CURVE('',#3639,#3640,#4137,.T.);
#2913=EDGE_CURVE('',#3640,#3362,#4138,.T.);
#2914=EDGE_CURVE('',#3640,#3641,#4139,.T.);
#2915=EDGE_CURVE('',#3641,#3363,#4140,.T.);
#2916=EDGE_CURVE('',#3641,#3642,#4141,.T.);
#2917=EDGE_CURVE('',#3642,#3364,#4142,.T.);
#2918=EDGE_CURVE('',#3642,#3643,#4143,.T.);
#2919=EDGE_CURVE('',#3643,#3365,#4144,.T.);
#2920=EDGE_CURVE('',#3644,#3366,#4145,.T.);
#2921=EDGE_CURVE('',#3644,#3645,#4146,.T.);
#2922=EDGE_CURVE('',#3645,#3367,#4147,.T.);
#2923=EDGE_CURVE('',#3645,#3646,#4148,.T.);
#2924=EDGE_CURVE('',#3646,#3368,#4149,.T.);
#2925=EDGE_CURVE('',#3646,#3647,#428,.T.);
#2926=EDGE_CURVE('',#3647,#3369,#4150,.T.);
#2927=EDGE_CURVE('',#3647,#3648,#429,.T.);
#2928=EDGE_CURVE('',#3648,#3370,#4151,.T.);
#2929=EDGE_CURVE('',#3648,#3649,#430,.T.);
#2930=EDGE_CURVE('',#3649,#3371,#4152,.T.);
#2931=EDGE_CURVE('',#3649,#3650,#431,.T.);
#2932=EDGE_CURVE('',#3650,#3372,#4153,.T.);
#2933=EDGE_CURVE('',#3650,#3651,#4154,.T.);
#2934=EDGE_CURVE('',#3651,#3373,#4155,.T.);
#2935=EDGE_CURVE('',#3651,#3652,#4156,.T.);
#2936=EDGE_CURVE('',#3652,#3374,#4157,.T.);
#2937=EDGE_CURVE('',#3652,#3653,#4158,.T.);
#2938=EDGE_CURVE('',#3653,#3375,#4159,.T.);
#2939=EDGE_CURVE('',#3653,#3654,#4160,.T.);
#2940=EDGE_CURVE('',#3654,#3376,#4161,.T.);
#2941=EDGE_CURVE('',#3654,#3655,#4162,.T.);
#2942=EDGE_CURVE('',#3655,#3377,#4163,.T.);
#2943=EDGE_CURVE('',#3655,#3656,#4164,.T.);
#2944=EDGE_CURVE('',#3656,#3378,#4165,.T.);
#2945=EDGE_CURVE('',#3656,#3657,#47,.F.);
#2946=EDGE_CURVE('',#3657,#3379,#4166,.T.);
#2947=EDGE_CURVE('',#3657,#3658,#432,.T.);
#2948=EDGE_CURVE('',#3658,#3380,#4167,.T.);
#2949=EDGE_CURVE('',#3658,#3659,#433,.T.);
#2950=EDGE_CURVE('',#3659,#3381,#4168,.T.);
#2951=EDGE_CURVE('',#3659,#3660,#434,.T.);
#2952=EDGE_CURVE('',#3660,#3382,#4169,.T.);
#2953=EDGE_CURVE('',#3661,#3383,#4170,.T.);
#2954=EDGE_CURVE('',#3661,#3662,#4171,.T.);
#2955=EDGE_CURVE('',#3662,#3384,#4172,.T.);
#2956=EDGE_CURVE('',#3662,#3663,#4173,.T.);
#2957=EDGE_CURVE('',#3663,#3385,#4174,.T.);
#2958=EDGE_CURVE('',#3663,#3664,#435,.T.);
#2959=EDGE_CURVE('',#3664,#3386,#4175,.T.);
#2960=EDGE_CURVE('',#3664,#3665,#436,.T.);
#2961=EDGE_CURVE('',#3665,#3387,#4176,.T.);
#2962=EDGE_CURVE('',#3665,#3666,#437,.T.);
#2963=EDGE_CURVE('',#3666,#3388,#4177,.T.);
#2964=EDGE_CURVE('',#3666,#3667,#438,.T.);
#2965=EDGE_CURVE('',#3667,#3389,#4178,.T.);
#2966=EDGE_CURVE('',#3667,#3668,#439,.T.);
#2967=EDGE_CURVE('',#3668,#3390,#4179,.T.);
#2968=EDGE_CURVE('',#3668,#3669,#440,.T.);
#2969=EDGE_CURVE('',#3669,#3391,#4180,.T.);
#2970=EDGE_CURVE('',#3669,#3670,#4181,.T.);
#2971=EDGE_CURVE('',#3670,#3392,#4182,.T.);
#2972=EDGE_CURVE('',#3670,#3671,#4183,.T.);
#2973=EDGE_CURVE('',#3671,#3393,#4184,.T.);
#2974=EDGE_CURVE('',#3671,#3672,#4185,.T.);
#2975=EDGE_CURVE('',#3672,#3394,#4186,.T.);
#2976=EDGE_CURVE('',#3672,#3673,#4187,.T.);
#2977=EDGE_CURVE('',#3673,#3395,#4188,.T.);
#2978=EDGE_CURVE('',#3673,#3674,#4189,.T.);
#2979=EDGE_CURVE('',#3674,#3396,#4190,.T.);
#2980=EDGE_CURVE('',#3674,#3675,#4191,.T.);
#2981=EDGE_CURVE('',#3675,#3397,#4192,.T.);
#2982=EDGE_CURVE('',#3676,#3398,#4193,.T.);
#2983=EDGE_CURVE('',#3676,#3677,#4194,.T.);
#2984=EDGE_CURVE('',#3677,#3399,#4195,.T.);
#2985=EDGE_CURVE('',#3677,#3678,#4196,.T.);
#2986=EDGE_CURVE('',#3678,#3400,#4197,.T.);
#2987=EDGE_CURVE('',#3678,#3679,#441,.T.);
#2988=EDGE_CURVE('',#3679,#3401,#4198,.T.);
#2989=EDGE_CURVE('',#3679,#3680,#442,.T.);
#2990=EDGE_CURVE('',#3680,#3402,#4199,.T.);
#2991=EDGE_CURVE('',#3680,#3681,#443,.T.);
#2992=EDGE_CURVE('',#3681,#3403,#4200,.T.);
#2993=EDGE_CURVE('',#3681,#3682,#444,.T.);
#2994=EDGE_CURVE('',#3682,#3404,#4201,.T.);
#2995=EDGE_CURVE('',#3682,#3683,#4202,.T.);
#2996=EDGE_CURVE('',#3683,#3405,#4203,.T.);
#2997=EDGE_CURVE('',#3683,#3684,#445,.T.);
#2998=EDGE_CURVE('',#3684,#3406,#4204,.T.);
#2999=EDGE_CURVE('',#3684,#3685,#446,.T.);
#3000=EDGE_CURVE('',#3685,#3407,#4205,.T.);
#3001=EDGE_CURVE('',#3685,#3686,#447,.T.);
#3002=EDGE_CURVE('',#3686,#3408,#4206,.T.);
#3003=EDGE_CURVE('',#3687,#3409,#4207,.T.);
#3004=EDGE_CURVE('',#3687,#3688,#4208,.T.);
#3005=EDGE_CURVE('',#3688,#3410,#4209,.T.);
#3006=EDGE_CURVE('',#3688,#3689,#4210,.T.);
#3007=EDGE_CURVE('',#3689,#3411,#4211,.T.);
#3008=EDGE_CURVE('',#3689,#3690,#448,.T.);
#3009=EDGE_CURVE('',#3690,#3412,#4212,.T.);
#3010=EDGE_CURVE('',#3690,#3691,#449,.T.);
#3011=EDGE_CURVE('',#3691,#3413,#4213,.T.);
#3012=EDGE_CURVE('',#3691,#3692,#450,.T.);
#3013=EDGE_CURVE('',#3692,#3414,#4214,.T.);
#3014=EDGE_CURVE('',#3692,#3693,#451,.T.);
#3015=EDGE_CURVE('',#3693,#3415,#4215,.T.);
#3016=EDGE_CURVE('',#3693,#3694,#4216,.T.);
#3017=EDGE_CURVE('',#3694,#3416,#4217,.T.);
#3018=EDGE_CURVE('',#3694,#3695,#4218,.T.);
#3019=EDGE_CURVE('',#3695,#3417,#4219,.T.);
#3020=EDGE_CURVE('',#3695,#3696,#4220,.T.);
#3021=EDGE_CURVE('',#3696,#3418,#4221,.T.);
#3022=EDGE_CURVE('',#3696,#3697,#452,.T.);
#3023=EDGE_CURVE('',#3697,#3419,#4222,.T.);
#3024=EDGE_CURVE('',#3697,#3698,#453,.T.);
#3025=EDGE_CURVE('',#3698,#3420,#4223,.T.);
#3026=EDGE_CURVE('',#3698,#3699,#454,.T.);
#3027=EDGE_CURVE('',#3699,#3421,#4224,.T.);
#3028=EDGE_CURVE('',#3699,#3700,#455,.T.);
#3029=EDGE_CURVE('',#3700,#3422,#4225,.T.);
#3030=EDGE_CURVE('',#3701,#3423,#4226,.T.);
#3031=EDGE_CURVE('',#3701,#3702,#4227,.T.);
#3032=EDGE_CURVE('',#3702,#3424,#4228,.T.);
#3033=EDGE_CURVE('',#3702,#3703,#4229,.T.);
#3034=EDGE_CURVE('',#3703,#3425,#4230,.T.);
#3035=EDGE_CURVE('',#3703,#3704,#4231,.T.);
#3036=EDGE_CURVE('',#3704,#3426,#4232,.T.);
#3037=EDGE_CURVE('',#3704,#3705,#4233,.T.);
#3038=EDGE_CURVE('',#3705,#3427,#4234,.T.);
#3039=EDGE_CURVE('',#3705,#3706,#4235,.T.);
#3040=EDGE_CURVE('',#3706,#3428,#4236,.T.);
#3041=EDGE_CURVE('',#3707,#3429,#4237,.T.);
#3042=EDGE_CURVE('',#3707,#3708,#456,.T.);
#3043=EDGE_CURVE('',#3708,#3430,#4238,.T.);
#3044=EDGE_CURVE('',#3708,#3709,#457,.T.);
#3045=EDGE_CURVE('',#3709,#3431,#4239,.T.);
#3046=EDGE_CURVE('',#3709,#3710,#458,.T.);
#3047=EDGE_CURVE('',#3710,#3432,#4240,.T.);
#3048=EDGE_CURVE('',#3710,#3711,#459,.T.);
#3049=EDGE_CURVE('',#3711,#3433,#4241,.T.);
#3050=EDGE_CURVE('',#3711,#3712,#460,.T.);
#3051=EDGE_CURVE('',#3712,#3434,#4242,.T.);
#3052=EDGE_CURVE('',#3712,#3713,#461,.T.);
#3053=EDGE_CURVE('',#3713,#3435,#4243,.T.);
#3054=EDGE_CURVE('',#3713,#3714,#4244,.T.);
#3055=EDGE_CURVE('',#3714,#3436,#4245,.T.);
#3056=EDGE_CURVE('',#3714,#3715,#462,.T.);
#3057=EDGE_CURVE('',#3715,#3437,#4246,.T.);
#3058=EDGE_CURVE('',#3715,#3716,#463,.T.);
#3059=EDGE_CURVE('',#3716,#3438,#4247,.T.);
#3060=EDGE_CURVE('',#3716,#3717,#464,.T.);
#3061=EDGE_CURVE('',#3717,#3439,#4248,.T.);
#3062=EDGE_CURVE('',#3717,#3718,#465,.T.);
#3063=EDGE_CURVE('',#3718,#3440,#4249,.T.);
#3064=EDGE_CURVE('',#3718,#3719,#466,.T.);
#3065=EDGE_CURVE('',#3719,#3441,#4250,.T.);
#3066=EDGE_CURVE('',#3719,#3720,#467,.T.);
#3067=EDGE_CURVE('',#3720,#3442,#4251,.T.);
#3068=EDGE_CURVE('',#3720,#3721,#468,.T.);
#3069=EDGE_CURVE('',#3721,#3443,#4252,.T.);
#3070=EDGE_CURVE('',#3722,#3444,#4253,.T.);
#3071=EDGE_CURVE('',#3722,#3723,#4254,.T.);
#3072=EDGE_CURVE('',#3723,#3445,#4255,.T.);
#3073=EDGE_CURVE('',#3723,#3724,#4256,.T.);
#3074=EDGE_CURVE('',#3724,#3446,#4257,.T.);
#3075=EDGE_CURVE('',#3724,#3725,#4258,.T.);
#3076=EDGE_CURVE('',#3725,#3447,#4259,.T.);
#3077=EDGE_CURVE('',#3725,#3726,#4260,.T.);
#3078=EDGE_CURVE('',#3726,#3448,#4261,.T.);
#3079=EDGE_CURVE('',#3726,#3727,#4262,.T.);
#3080=EDGE_CURVE('',#3727,#3449,#4263,.T.);
#3081=EDGE_CURVE('',#3727,#3728,#4264,.T.);
#3082=EDGE_CURVE('',#3728,#3450,#4265,.T.);
#3083=EDGE_CURVE('',#3728,#3729,#4266,.T.);
#3084=EDGE_CURVE('',#3729,#3451,#4267,.T.);
#3085=EDGE_CURVE('',#3729,#3730,#4268,.T.);
#3086=EDGE_CURVE('',#3730,#3452,#4269,.T.);
#3087=EDGE_CURVE('',#3730,#3731,#4270,.T.);
#3088=EDGE_CURVE('',#3731,#3453,#4271,.T.);
#3089=EDGE_CURVE('',#3731,#3732,#4272,.T.);
#3090=EDGE_CURVE('',#3732,#3454,#4273,.T.);
#3091=EDGE_CURVE('',#3732,#3733,#4274,.T.);
#3092=EDGE_CURVE('',#3733,#3455,#4275,.T.);
#3093=EDGE_CURVE('',#3734,#3456,#4276,.T.);
#3094=EDGE_CURVE('',#3734,#3735,#469,.T.);
#3095=EDGE_CURVE('',#3735,#3457,#4277,.T.);
#3096=EDGE_CURVE('',#3735,#3736,#470,.T.);
#3097=EDGE_CURVE('',#3736,#3458,#4278,.T.);
#3098=EDGE_CURVE('',#3736,#3737,#471,.T.);
#3099=EDGE_CURVE('',#3737,#3459,#4279,.T.);
#3100=EDGE_CURVE('',#3737,#3738,#472,.T.);
#3101=EDGE_CURVE('',#3738,#3460,#4280,.T.);
#3102=EDGE_CURVE('',#3738,#3739,#473,.T.);
#3103=EDGE_CURVE('',#3739,#3461,#4281,.T.);
#3104=EDGE_CURVE('',#3739,#3740,#474,.T.);
#3105=EDGE_CURVE('',#3740,#3462,#4282,.T.);
#3106=EDGE_CURVE('',#3740,#3741,#4283,.T.);
#3107=EDGE_CURVE('',#3741,#3463,#4284,.T.);
#3108=EDGE_CURVE('',#3741,#3742,#475,.T.);
#3109=EDGE_CURVE('',#3742,#3464,#4285,.T.);
#3110=EDGE_CURVE('',#3742,#3743,#476,.T.);
#3111=EDGE_CURVE('',#3743,#3465,#4286,.T.);
#3112=EDGE_CURVE('',#3743,#3744,#477,.T.);
#3113=EDGE_CURVE('',#3744,#3466,#4287,.T.);
#3114=EDGE_CURVE('',#3744,#3745,#478,.T.);
#3115=EDGE_CURVE('',#3745,#3467,#4288,.T.);
#3116=EDGE_CURVE('',#3745,#3746,#479,.T.);
#3117=EDGE_CURVE('',#3746,#3468,#4289,.T.);
#3118=EDGE_CURVE('',#3746,#3747,#480,.T.);
#3119=EDGE_CURVE('',#3747,#3469,#4290,.T.);
#3120=EDGE_CURVE('',#3747,#3748,#481,.T.);
#3121=EDGE_CURVE('',#3748,#3470,#4291,.T.);
#3122=EDGE_CURVE('',#3531,#3524,#4292,.T.);
#3123=EDGE_CURVE('',#3535,#3532,#4293,.T.);
#3124=EDGE_CURVE('',#3544,#3536,#48,.F.);
#3125=EDGE_CURVE('',#3558,#3545,#49,.F.);
#3126=EDGE_CURVE('',#3577,#3559,#4294,.T.);
#3127=EDGE_CURVE('',#3591,#3578,#50,.T.);
#3128=EDGE_CURVE('',#3592,#3595,#4295,.T.);
#3129=EDGE_CURVE('',#3596,#3599,#4296,.T.);
#3130=EDGE_CURVE('',#3749,#3749,#51,.T.);
#3131=EDGE_CURVE('',#3624,#3600,#482,.T.);
#3132=EDGE_CURVE('',#3643,#3625,#483,.T.);
#3133=EDGE_CURVE('',#3660,#3644,#4297,.T.);
#3134=EDGE_CURVE('',#3675,#3661,#4298,.T.);
#3135=EDGE_CURVE('',#3686,#3676,#4299,.T.);
#3136=EDGE_CURVE('',#3700,#3687,#4300,.T.);
#3137=EDGE_CURVE('',#3706,#3701,#4301,.T.);
#3138=EDGE_CURVE('',#3721,#3707,#4302,.T.);
#3139=EDGE_CURVE('',#3733,#3722,#4303,.T.);
#3140=EDGE_CURVE('',#3748,#3734,#4304,.T.);
#3141=EDGE_CURVE('',#3523,#3512,#4305,.T.);
#3142=EDGE_CURVE('',#3486,#3203,#484,.F.);
#3143=EDGE_CURVE('',#3174,#3485,#485,.F.);
#3144=EDGE_CURVE('',#3175,#3484,#486,.F.);
#3145=EDGE_CURVE('',#3487,#3179,#487,.F.);
#3146=EDGE_CURVE('',#3205,#3483,#488,.T.);
#3147=EDGE_CURVE('',#3488,#3178,#489,.T.);
#3148=EDGE_CURVE('',#3207,#3482,#490,.F.);
#3149=EDGE_CURVE('',#3489,#3183,#491,.F.);
#3150=EDGE_CURVE('',#3209,#3481,#492,.T.);
#3151=EDGE_CURVE('',#3490,#3181,#493,.F.);
#3152=EDGE_CURVE('',#3168,#3480,#494,.F.);
#3153=EDGE_CURVE('',#3491,#3185,#495,.F.);
#3154=EDGE_CURVE('',#3169,#3479,#496,.F.);
#3155=EDGE_CURVE('',#3492,#3201,#497,.T.);
#3156=EDGE_CURVE('',#3171,#3478,#498,.F.);
#3157=EDGE_CURVE('',#3493,#3199,#499,.F.);
#3158=EDGE_CURVE('',#3211,#3477,#500,.T.);
#3159=EDGE_CURVE('',#3494,#3197,#501,.T.);
#3160=EDGE_CURVE('',#3213,#3476,#502,.F.);
#3161=EDGE_CURVE('',#3495,#3195,#503,.F.);
#3162=EDGE_CURVE('',#3215,#3475,#504,.T.);
#3163=EDGE_CURVE('',#3471,#3193,#505,.F.);
#3164=EDGE_CURVE('',#3188,#3474,#506,.F.);
#3165=EDGE_CURVE('',#3472,#3191,#507,.F.);
#3166=EDGE_CURVE('',#3189,#3473,#508,.F.);
#3167=VERTEX_POINT('',#7208);
#3168=VERTEX_POINT('',#7209);
#3169=VERTEX_POINT('',#7214);
#3170=VERTEX_POINT('',#7216);
#3171=VERTEX_POINT('',#7362);
#3172=VERTEX_POINT('',#7364);
#3173=VERTEX_POINT('',#7503);
#3174=VERTEX_POINT('',#7504);
#3175=VERTEX_POINT('',#7546);
#3176=VERTEX_POINT('',#7548);
#3177=VERTEX_POINT('',#7622);
#3178=VERTEX_POINT('',#7623);
#3179=VERTEX_POINT('',#7636);
#3180=VERTEX_POINT('',#7638);
#3181=VERTEX_POINT('',#7704);
#3182=VERTEX_POINT('',#7705);
#3183=VERTEX_POINT('',#7728);
#3184=VERTEX_POINT('',#7730);
#3185=VERTEX_POINT('',#7792);
#3186=VERTEX_POINT('',#7793);
#3187=VERTEX_POINT('',#7847);
#3188=VERTEX_POINT('',#7848);
#3189=VERTEX_POINT('',#7859);
#3190=VERTEX_POINT('',#7861);
#3191=VERTEX_POINT('',#7987);
#3192=VERTEX_POINT('',#7989);
#3193=VERTEX_POINT('',#8027);
#3194=VERTEX_POINT('',#8029);
#3195=VERTEX_POINT('',#8063);
#3196=VERTEX_POINT('',#8065);
#3197=VERTEX_POINT('',#8076);
#3198=VERTEX_POINT('',#8078);
#3199=VERTEX_POINT('',#8132);
#3200=VERTEX_POINT('',#8134);
#3201=VERTEX_POINT('',#8145);
#3202=VERTEX_POINT('',#8150);
#3203=VERTEX_POINT('',#8240);
#3204=VERTEX_POINT('',#8242);
#3205=VERTEX_POINT('',#8336);
#3206=VERTEX_POINT('',#8338);
#3207=VERTEX_POINT('',#8359);
#3208=VERTEX_POINT('',#8361);
#3209=VERTEX_POINT('',#8404);
#3210=VERTEX_POINT('',#8406);
#3211=VERTEX_POINT('',#8431);
#3212=VERTEX_POINT('',#8433);
#3213=VERTEX_POINT('',#8440);
#3214=VERTEX_POINT('',#8445);
#3215=VERTEX_POINT('',#8500);
#3216=VERTEX_POINT('',#8502);
#3217=VERTEX_POINT('',#8515);
#3218=VERTEX_POINT('',#8516);
#3219=VERTEX_POINT('',#8554);
#3220=VERTEX_POINT('',#8556);
#3221=VERTEX_POINT('',#8573);
#3222=VERTEX_POINT('',#8575);
#3223=VERTEX_POINT('',#8616);
#3224=VERTEX_POINT('',#8618);
#3225=VERTEX_POINT('',#8634);
#3226=VERTEX_POINT('',#8636);
#3227=VERTEX_POINT('',#8681);
#3228=VERTEX_POINT('',#8683);
#3229=VERTEX_POINT('',#8695);
#3230=VERTEX_POINT('',#8697);
#3231=VERTEX_POINT('',#8739);
#3232=VERTEX_POINT('',#8741);
#3233=VERTEX_POINT('',#8757);
#3234=VERTEX_POINT('',#8758);
#3235=VERTEX_POINT('',#8760);
#3236=VERTEX_POINT('',#8762);
#3237=VERTEX_POINT('',#8764);
#3238=VERTEX_POINT('',#8766);
#3239=VERTEX_POINT('',#8768);
#3240=VERTEX_POINT('',#8770);
#3241=VERTEX_POINT('',#8772);
#3242=VERTEX_POINT('',#8774);
#3243=VERTEX_POINT('',#8776);
#3244=VERTEX_POINT('',#8778);
#3245=VERTEX_POINT('',#8781);
#3246=VERTEX_POINT('',#8782);
#3247=VERTEX_POINT('',#8784);
#3248=VERTEX_POINT('',#8786);
#3249=VERTEX_POINT('',#8788);
#3250=VERTEX_POINT('',#8790);
#3251=VERTEX_POINT('',#8792);
#3252=VERTEX_POINT('',#8794);
#3253=VERTEX_POINT('',#8797);
#3254=VERTEX_POINT('',#8798);
#3255=VERTEX_POINT('',#8800);
#3256=VERTEX_POINT('',#8802);
#3257=VERTEX_POINT('',#8805);
#3258=VERTEX_POINT('',#8806);
#3259=VERTEX_POINT('',#8808);
#3260=VERTEX_POINT('',#8810);
#3261=VERTEX_POINT('',#8812);
#3262=VERTEX_POINT('',#8814);
#3263=VERTEX_POINT('',#8816);
#3264=VERTEX_POINT('',#8818);
#3265=VERTEX_POINT('',#8820);
#3266=VERTEX_POINT('',#8825);
#3267=VERTEX_POINT('',#8826);
#3268=VERTEX_POINT('',#8830);
#3269=VERTEX_POINT('',#8834);
#3270=VERTEX_POINT('',#8838);
#3271=VERTEX_POINT('',#8842);
#3272=VERTEX_POINT('',#8846);
#3273=VERTEX_POINT('',#8850);
#3274=VERTEX_POINT('',#8852);
#3275=VERTEX_POINT('',#8854);
#3276=VERTEX_POINT('',#8858);
#3277=VERTEX_POINT('',#8862);
#3278=VERTEX_POINT('',#8866);
#3279=VERTEX_POINT('',#8868);
#3280=VERTEX_POINT('',#8871);
#3281=VERTEX_POINT('',#8872);
#3282=VERTEX_POINT('',#8874);
#3283=VERTEX_POINT('',#8876);
#3284=VERTEX_POINT('',#8880);
#3285=VERTEX_POINT('',#8884);
#3286=VERTEX_POINT('',#8888);
#3287=VERTEX_POINT('',#8892);
#3288=VERTEX_POINT('',#8896);
#3289=VERTEX_POINT('',#8898);
#3290=VERTEX_POINT('',#8900);
#3291=VERTEX_POINT('',#8904);
#3292=VERTEX_POINT('',#8908);
#3293=VERTEX_POINT('',#8912);
#3294=VERTEX_POINT('',#8914);
#3295=VERTEX_POINT('',#8916);
#3296=VERTEX_POINT('',#8918);
#3297=VERTEX_POINT('',#8922);
#3298=VERTEX_POINT('',#8926);
#3299=VERTEX_POINT('',#8929);
#3300=VERTEX_POINT('',#8930);
#3301=VERTEX_POINT('',#8932);
#3302=VERTEX_POINT('',#8934);
#3303=VERTEX_POINT('',#8936);
#3304=VERTEX_POINT('',#8938);
#3305=VERTEX_POINT('',#8940);
#3306=VERTEX_POINT('',#8942);
#3307=VERTEX_POINT('',#8944);
#3308=VERTEX_POINT('',#8946);
#3309=VERTEX_POINT('',#8948);
#3310=VERTEX_POINT('',#8950);
#3311=VERTEX_POINT('',#8952);
#3312=VERTEX_POINT('',#8954);
#3313=VERTEX_POINT('',#8957);
#3314=VERTEX_POINT('',#8958);
#3315=VERTEX_POINT('',#8960);
#3316=VERTEX_POINT('',#8962);
#3317=VERTEX_POINT('',#8965);
#3318=VERTEX_POINT('',#8966);
#3319=VERTEX_POINT('',#8968);
#3320=VERTEX_POINT('',#8970);
#3321=VERTEX_POINT('',#8973);
#3322=VERTEX_POINT('',#8977);
#3323=VERTEX_POINT('',#8978);
#3324=VERTEX_POINT('',#8982);
#3325=VERTEX_POINT('',#8986);
#3326=VERTEX_POINT('',#8990);
#3327=VERTEX_POINT('',#8992);
#3328=VERTEX_POINT('',#8994);
#3329=VERTEX_POINT('',#8996);
#3330=VERTEX_POINT('',#9000);
#3331=VERTEX_POINT('',#9004);
#3332=VERTEX_POINT('',#9008);
#3333=VERTEX_POINT('',#9012);
#3334=VERTEX_POINT('',#9016);
#3335=VERTEX_POINT('',#9020);
#3336=VERTEX_POINT('',#9024);
#3337=VERTEX_POINT('',#9028);
#3338=VERTEX_POINT('',#9032);
#3339=VERTEX_POINT('',#9036);
#3340=VERTEX_POINT('',#9038);
#3341=VERTEX_POINT('',#9042);
#3342=VERTEX_POINT('',#9046);
#3343=VERTEX_POINT('',#9050);
#3344=VERTEX_POINT('',#9054);
#3345=VERTEX_POINT('',#9058);
#3346=VERTEX_POINT('',#9062);
#3347=VERTEX_POINT('',#9069);
#3348=VERTEX_POINT('',#9070);
#3349=VERTEX_POINT('',#9072);
#3350=VERTEX_POINT('',#9074);
#3351=VERTEX_POINT('',#9076);
#3352=VERTEX_POINT('',#9080);
#3353=VERTEX_POINT('',#9082);
#3354=VERTEX_POINT('',#9086);
#3355=VERTEX_POINT('',#9088);
#3356=VERTEX_POINT('',#9090);
#3357=VERTEX_POINT('',#9092);
#3358=VERTEX_POINT('',#9094);
#3359=VERTEX_POINT('',#9096);
#3360=VERTEX_POINT('',#9098);
#3361=VERTEX_POINT('',#9100);
#3362=VERTEX_POINT('',#9102);
#3363=VERTEX_POINT('',#9104);
#3364=VERTEX_POINT('',#9106);
#3365=VERTEX_POINT('',#9108);
#3366=VERTEX_POINT('',#9113);
#3367=VERTEX_POINT('',#9114);
#3368=VERTEX_POINT('',#9116);
#3369=VERTEX_POINT('',#9120);
#3370=VERTEX_POINT('',#9124);
#3371=VERTEX_POINT('',#9128);
#3372=VERTEX_POINT('',#9132);
#3373=VERTEX_POINT('',#9134);
#3374=VERTEX_POINT('',#9136);
#3375=VERTEX_POINT('',#9138);
#3376=VERTEX_POINT('',#9140);
#3377=VERTEX_POINT('',#9142);
#3378=VERTEX_POINT('',#9144);
#3379=VERTEX_POINT('',#9146);
#3380=VERTEX_POINT('',#9150);
#3381=VERTEX_POINT('',#9154);
#3382=VERTEX_POINT('',#9158);
#3383=VERTEX_POINT('',#9161);
#3384=VERTEX_POINT('',#9162);
#3385=VERTEX_POINT('',#9164);
#3386=VERTEX_POINT('',#9168);
#3387=VERTEX_POINT('',#9172);
#3388=VERTEX_POINT('',#9176);
#3389=VERTEX_POINT('',#9180);
#3390=VERTEX_POINT('',#9184);
#3391=VERTEX_POINT('',#9188);
#3392=VERTEX_POINT('',#9190);
#3393=VERTEX_POINT('',#9192);
#3394=VERTEX_POINT('',#9194);
#3395=VERTEX_POINT('',#9196);
#3396=VERTEX_POINT('',#9198);
#3397=VERTEX_POINT('',#9200);
#3398=VERTEX_POINT('',#9203);
#3399=VERTEX_POINT('',#9204);
#3400=VERTEX_POINT('',#9206);
#3401=VERTEX_POINT('',#9210);
#3402=VERTEX_POINT('',#9214);
#3403=VERTEX_POINT('',#9218);
#3404=VERTEX_POINT('',#9222);
#3405=VERTEX_POINT('',#9224);
#3406=VERTEX_POINT('',#9228);
#3407=VERTEX_POINT('',#9232);
#3408=VERTEX_POINT('',#9236);
#3409=VERTEX_POINT('',#9239);
#3410=VERTEX_POINT('',#9240);
#3411=VERTEX_POINT('',#9242);
#3412=VERTEX_POINT('',#9246);
#3413=VERTEX_POINT('',#9250);
#3414=VERTEX_POINT('',#9254);
#3415=VERTEX_POINT('',#9258);
#3416=VERTEX_POINT('',#9260);
#3417=VERTEX_POINT('',#9262);
#3418=VERTEX_POINT('',#9264);
#3419=VERTEX_POINT('',#9268);
#3420=VERTEX_POINT('',#9272);
#3421=VERTEX_POINT('',#9276);
#3422=VERTEX_POINT('',#9280);
#3423=VERTEX_POINT('',#9283);
#3424=VERTEX_POINT('',#9284);
#3425=VERTEX_POINT('',#9286);
#3426=VERTEX_POINT('',#9288);
#3427=VERTEX_POINT('',#9290);
#3428=VERTEX_POINT('',#9292);
#3429=VERTEX_POINT('',#9297);
#3430=VERTEX_POINT('',#9298);
#3431=VERTEX_POINT('',#9302);
#3432=VERTEX_POINT('',#9306);
#3433=VERTEX_POINT('',#9310);
#3434=VERTEX_POINT('',#9314);
#3435=VERTEX_POINT('',#9318);
#3436=VERTEX_POINT('',#9320);
#3437=VERTEX_POINT('',#9324);
#3438=VERTEX_POINT('',#9328);
#3439=VERTEX_POINT('',#9332);
#3440=VERTEX_POINT('',#9336);
#3441=VERTEX_POINT('',#9340);
#3442=VERTEX_POINT('',#9344);
#3443=VERTEX_POINT('',#9348);
#3444=VERTEX_POINT('',#9351);
#3445=VERTEX_POINT('',#9352);
#3446=VERTEX_POINT('',#9354);
#3447=VERTEX_POINT('',#9356);
#3448=VERTEX_POINT('',#9358);
#3449=VERTEX_POINT('',#9360);
#3450=VERTEX_POINT('',#9362);
#3451=VERTEX_POINT('',#9364);
#3452=VERTEX_POINT('',#9366);
#3453=VERTEX_POINT('',#9368);
#3454=VERTEX_POINT('',#9370);
#3455=VERTEX_POINT('',#9372);
#3456=VERTEX_POINT('',#9377);
#3457=VERTEX_POINT('',#9378);
#3458=VERTEX_POINT('',#9382);
#3459=VERTEX_POINT('',#9386);
#3460=VERTEX_POINT('',#9390);
#3461=VERTEX_POINT('',#9394);
#3462=VERTEX_POINT('',#9398);
#3463=VERTEX_POINT('',#9400);
#3464=VERTEX_POINT('',#9404);
#3465=VERTEX_POINT('',#9408);
#3466=VERTEX_POINT('',#9412);
#3467=VERTEX_POINT('',#9416);
#3468=VERTEX_POINT('',#9420);
#3469=VERTEX_POINT('',#9424);
#3470=VERTEX_POINT('',#9428);
#3471=VERTEX_POINT('',#9435);
#3472=VERTEX_POINT('',#9436);
#3473=VERTEX_POINT('',#9514);
#3474=VERTEX_POINT('',#9538);
#3475=VERTEX_POINT('',#9540);
#3476=VERTEX_POINT('',#9553);
#3477=VERTEX_POINT('',#9555);
#3478=VERTEX_POINT('',#9566);
#3479=VERTEX_POINT('',#9648);
#3480=VERTEX_POINT('',#9663);
#3481=VERTEX_POINT('',#9665);
#3482=VERTEX_POINT('',#9680);
#3483=VERTEX_POINT('',#9682);
#3484=VERTEX_POINT('',#9725);
#3485=VERTEX_POINT('',#9805);
#3486=VERTEX_POINT('',#9807);
#3487=VERTEX_POINT('',#9809);
#3488=VERTEX_POINT('',#9824);
#3489=VERTEX_POINT('',#9826);
#3490=VERTEX_POINT('',#9868);
#3491=VERTEX_POINT('',#9897);
#3492=VERTEX_POINT('',#9936);
#3493=VERTEX_POINT('',#9938);
#3494=VERTEX_POINT('',#9955);
#3495=VERTEX_POINT('',#9957);
#3496=VERTEX_POINT('',#10009);
#3497=VERTEX_POINT('',#10010);
#3498=VERTEX_POINT('',#10012);
#3499=VERTEX_POINT('',#10024);
#3500=VERTEX_POINT('',#10026);
#3501=VERTEX_POINT('',#10068);
#3502=VERTEX_POINT('',#10070);
#3503=VERTEX_POINT('',#10082);
#3504=VERTEX_POINT('',#10084);
#3505=VERTEX_POINT('',#10129);
#3506=VERTEX_POINT('',#10131);
#3507=VERTEX_POINT('',#10141);
#3508=VERTEX_POINT('',#10143);
#3509=VERTEX_POINT('',#10184);
#3510=VERTEX_POINT('',#10186);
#3511=VERTEX_POINT('',#10200);
#3512=VERTEX_POINT('',#10668);
#3513=VERTEX_POINT('',#10670);
#3514=VERTEX_POINT('',#10674);
#3515=VERTEX_POINT('',#10678);
#3516=VERTEX_POINT('',#10682);
#3517=VERTEX_POINT('',#10686);
#3518=VERTEX_POINT('',#10690);
#3519=VERTEX_POINT('',#10694);
#3520=VERTEX_POINT('',#10698);
#3521=VERTEX_POINT('',#10702);
#3522=VERTEX_POINT('',#10706);
#3523=VERTEX_POINT('',#10710);
#3524=VERTEX_POINT('',#10714);
#3525=VERTEX_POINT('',#10716);
#3526=VERTEX_POINT('',#10720);
#3527=VERTEX_POINT('',#10724);
#3528=VERTEX_POINT('',#10728);
#3529=VERTEX_POINT('',#10732);
#3530=VERTEX_POINT('',#10736);
#3531=VERTEX_POINT('',#10740);
#3532=VERTEX_POINT('',#10744);
#3533=VERTEX_POINT('',#10746);
#3534=VERTEX_POINT('',#10750);
#3535=VERTEX_POINT('',#10754);
#3536=VERTEX_POINT('',#10758);
#3537=VERTEX_POINT('',#10760);
#3538=VERTEX_POINT('',#10764);
#3539=VERTEX_POINT('',#10768);
#3540=VERTEX_POINT('',#10772);
#3541=VERTEX_POINT('',#10776);
#3542=VERTEX_POINT('',#10780);
#3543=VERTEX_POINT('',#10784);
#3544=VERTEX_POINT('',#10788);
#3545=VERTEX_POINT('',#10799);
#3546=VERTEX_POINT('',#10803);
#3547=VERTEX_POINT('',#10816);
#3548=VERTEX_POINT('',#10829);
#3549=VERTEX_POINT('',#10842);
#3550=VERTEX_POINT('',#10855);
#3551=VERTEX_POINT('',#10868);
#3552=VERTEX_POINT('',#10881);
#3553=VERTEX_POINT('',#10885);
#3554=VERTEX_POINT('',#10889);
#3555=VERTEX_POINT('',#10902);
#3556=VERTEX_POINT('',#10915);
#3557=VERTEX_POINT('',#10928);
#3558=VERTEX_POINT('',#10932);
#3559=VERTEX_POINT('',#10936);
#3560=VERTEX_POINT('',#10938);
#3561=VERTEX_POINT('',#10942);
#3562=VERTEX_POINT('',#10946);
#3563=VERTEX_POINT('',#10959);
#3564=VERTEX_POINT('',#10972);
#3565=VERTEX_POINT('',#10985);
#3566=VERTEX_POINT('',#10998);
#3567=VERTEX_POINT('',#11011);
#3568=VERTEX_POINT('',#11015);
#3569=VERTEX_POINT('',#11019);
#3570=VERTEX_POINT('',#11032);
#3571=VERTEX_POINT('',#11045);
#3572=VERTEX_POINT('',#11058);
#3573=VERTEX_POINT('',#11062);
#3574=VERTEX_POINT('',#11066);
#3575=VERTEX_POINT('',#11070);
#3576=VERTEX_POINT('',#11083);
#3577=VERTEX_POINT('',#11096);
#3578=VERTEX_POINT('',#11100);
#3579=VERTEX_POINT('',#11102);
#3580=VERTEX_POINT('',#11106);
#3581=VERTEX_POINT('',#11110);
#3582=VERTEX_POINT('',#11114);
#3583=VERTEX_POINT('',#11118);
#3584=VERTEX_POINT('',#11122);
#3585=VERTEX_POINT('',#11126);
#3586=VERTEX_POINT('',#11130);
#3587=VERTEX_POINT('',#11134);
#3588=VERTEX_POINT('',#11138);
#3589=VERTEX_POINT('',#11142);
#3590=VERTEX_POINT('',#11146);
#3591=VERTEX_POINT('',#11150);
#3592=VERTEX_POINT('',#11154);
#3593=VERTEX_POINT('',#11156);
#3594=VERTEX_POINT('',#11160);
#3595=VERTEX_POINT('',#11164);
#3596=VERTEX_POINT('',#11168);
#3597=VERTEX_POINT('',#11170);
#3598=VERTEX_POINT('',#11174);
#3599=VERTEX_POINT('',#11178);
#3600=VERTEX_POINT('',#11189);
#3601=VERTEX_POINT('',#11193);
#3602=VERTEX_POINT('',#11206);
#3603=VERTEX_POINT('',#11219);
#3604=VERTEX_POINT('',#11232);
#3605=VERTEX_POINT('',#11236);
#3606=VERTEX_POINT('',#11240);
#3607=VERTEX_POINT('',#11244);
#3608=VERTEX_POINT('',#11257);
#3609=VERTEX_POINT('',#11270);
#3610=VERTEX_POINT('',#11283);
#3611=VERTEX_POINT('',#11296);
#3612=VERTEX_POINT('',#11309);
#3613=VERTEX_POINT('',#11322);
#3614=VERTEX_POINT('',#11335);
#3615=VERTEX_POINT('',#11348);
#3616=VERTEX_POINT('',#11361);
#3617=VERTEX_POINT('',#11374);
#3618=VERTEX_POINT('',#11378);
#3619=VERTEX_POINT('',#11391);
#3620=VERTEX_POINT('',#11404);
#3621=VERTEX_POINT('',#11417);
#3622=VERTEX_POINT('',#11430);
#3623=VERTEX_POINT('',#11443);
#3624=VERTEX_POINT('',#11456);
#3625=VERTEX_POINT('',#11467);
#3626=VERTEX_POINT('',#11471);
#3627=VERTEX_POINT('',#11475);
#3628=VERTEX_POINT('',#11479);
#3629=VERTEX_POINT('',#11483);
#3630=VERTEX_POINT('',#11496);
#3631=VERTEX_POINT('',#11500);
#3632=VERTEX_POINT('',#11513);
#3633=VERTEX_POINT('',#11517);
#3634=VERTEX_POINT('',#11521);
#3635=VERTEX_POINT('',#11525);
#3636=VERTEX_POINT('',#11529);
#3637=VERTEX_POINT('',#11533);
#3638=VERTEX_POINT('',#11537);
#3639=VERTEX_POINT('',#11541);
#3640=VERTEX_POINT('',#11545);
#3641=VERTEX_POINT('',#11549);
#3642=VERTEX_POINT('',#11553);
#3643=VERTEX_POINT('',#11557);
#3644=VERTEX_POINT('',#11561);
#3645=VERTEX_POINT('',#11563);
#3646=VERTEX_POINT('',#11567);
#3647=VERTEX_POINT('',#11580);
#3648=VERTEX_POINT('',#11593);
#3649=VERTEX_POINT('',#11606);
#3650=VERTEX_POINT('',#11619);
#3651=VERTEX_POINT('',#11623);
#3652=VERTEX_POINT('',#11627);
#3653=VERTEX_POINT('',#11631);
#3654=VERTEX_POINT('',#11635);
#3655=VERTEX_POINT('',#11639);
#3656=VERTEX_POINT('',#11643);
#3657=VERTEX_POINT('',#11647);
#3658=VERTEX_POINT('',#11660);
#3659=VERTEX_POINT('',#11673);
#3660=VERTEX_POINT('',#11686);
#3661=VERTEX_POINT('',#11690);
#3662=VERTEX_POINT('',#11692);
#3663=VERTEX_POINT('',#11696);
#3664=VERTEX_POINT('',#11709);
#3665=VERTEX_POINT('',#11722);
#3666=VERTEX_POINT('',#11735);
#3667=VERTEX_POINT('',#11748);
#3668=VERTEX_POINT('',#11761);
#3669=VERTEX_POINT('',#11774);
#3670=VERTEX_POINT('',#11778);
#3671=VERTEX_POINT('',#11782);
#3672=VERTEX_POINT('',#11786);
#3673=VERTEX_POINT('',#11790);
#3674=VERTEX_POINT('',#11794);
#3675=VERTEX_POINT('',#11798);
#3676=VERTEX_POINT('',#11802);
#3677=VERTEX_POINT('',#11804);
#3678=VERTEX_POINT('',#11808);
#3679=VERTEX_POINT('',#11821);
#3680=VERTEX_POINT('',#11834);
#3681=VERTEX_POINT('',#11847);
#3682=VERTEX_POINT('',#11860);
#3683=VERTEX_POINT('',#11864);
#3684=VERTEX_POINT('',#11877);
#3685=VERTEX_POINT('',#11890);
#3686=VERTEX_POINT('',#11903);
#3687=VERTEX_POINT('',#11907);
#3688=VERTEX_POINT('',#11909);
#3689=VERTEX_POINT('',#11913);
#3690=VERTEX_POINT('',#11926);
#3691=VERTEX_POINT('',#11939);
#3692=VERTEX_POINT('',#11952);
#3693=VERTEX_POINT('',#11965);
#3694=VERTEX_POINT('',#11969);
#3695=VERTEX_POINT('',#11973);
#3696=VERTEX_POINT('',#11977);
#3697=VERTEX_POINT('',#11990);
#3698=VERTEX_POINT('',#12003);
#3699=VERTEX_POINT('',#12016);
#3700=VERTEX_POINT('',#12029);
#3701=VERTEX_POINT('',#12033);
#3702=VERTEX_POINT('',#12035);
#3703=VERTEX_POINT('',#12039);
#3704=VERTEX_POINT('',#12043);
#3705=VERTEX_POINT('',#12047);
#3706=VERTEX_POINT('',#12051);
#3707=VERTEX_POINT('',#12062);
#3708=VERTEX_POINT('',#12066);
#3709=VERTEX_POINT('',#12079);
#3710=VERTEX_POINT('',#12092);
#3711=VERTEX_POINT('',#12105);
#3712=VERTEX_POINT('',#12118);
#3713=VERTEX_POINT('',#12131);
#3714=VERTEX_POINT('',#12135);
#3715=VERTEX_POINT('',#12148);
#3716=VERTEX_POINT('',#12161);
#3717=VERTEX_POINT('',#12174);
#3718=VERTEX_POINT('',#12187);
#3719=VERTEX_POINT('',#12200);
#3720=VERTEX_POINT('',#12213);
#3721=VERTEX_POINT('',#12226);
#3722=VERTEX_POINT('',#12230);
#3723=VERTEX_POINT('',#12232);
#3724=VERTEX_POINT('',#12236);
#3725=VERTEX_POINT('',#12240);
#3726=VERTEX_POINT('',#12244);
#3727=VERTEX_POINT('',#12248);
#3728=VERTEX_POINT('',#12252);
#3729=VERTEX_POINT('',#12256);
#3730=VERTEX_POINT('',#12260);
#3731=VERTEX_POINT('',#12264);
#3732=VERTEX_POINT('',#12268);
#3733=VERTEX_POINT('',#12272);
#3734=VERTEX_POINT('',#12283);
#3735=VERTEX_POINT('',#12287);
#3736=VERTEX_POINT('',#12300);
#3737=VERTEX_POINT('',#12313);
#3738=VERTEX_POINT('',#12326);
#3739=VERTEX_POINT('',#12339);
#3740=VERTEX_POINT('',#12352);
#3741=VERTEX_POINT('',#12356);
#3742=VERTEX_POINT('',#12369);
#3743=VERTEX_POINT('',#12382);
#3744=VERTEX_POINT('',#12395);
#3745=VERTEX_POINT('',#12408);
#3746=VERTEX_POINT('',#12421);
#3747=VERTEX_POINT('',#12434);
#3748=VERTEX_POINT('',#12447);
#3749=VERTEX_POINT('',#12467);
#3750=LINE('',#7207,#4306);
#3751=LINE('',#7215,#4307);
#3752=LINE('',#7363,#4308);
#3753=LINE('',#7502,#4309);
#3754=LINE('',#7547,#4310);
#3755=LINE('',#7621,#4311);
#3756=LINE('',#7637,#4312);
#3757=LINE('',#7703,#4313);
#3758=LINE('',#7729,#4314);
#3759=LINE('',#7791,#4315);
#3760=LINE('',#7846,#4316);
#3761=LINE('',#7860,#4317);
#3762=LINE('',#7988,#4318);
#3763=LINE('',#8028,#4319);
#3764=LINE('',#8064,#4320);
#3765=LINE('',#8075,#4321);
#3766=LINE('',#8077,#4322);
#3767=LINE('',#8079,#4323);
#3768=LINE('',#8133,#4324);
#3769=LINE('',#8144,#4325);
#3770=LINE('',#8151,#4326);
#3771=LINE('',#8226,#4327);
#3772=LINE('',#8227,#4328);
#3773=LINE('',#8241,#4329);
#3774=LINE('',#8248,#4330);
#3775=LINE('',#8249,#4331);
#3776=LINE('',#8337,#4332);
#3777=LINE('',#8358,#4333);
#3778=LINE('',#8360,#4334);
#3779=LINE('',#8362,#4335);
#3780=LINE('',#8405,#4336);
#3781=LINE('',#8415,#4337);
#3782=LINE('',#8416,#4338);
#3783=LINE('',#8432,#4339);
#3784=LINE('',#8439,#4340);
#3785=LINE('',#8446,#4341);
#3786=LINE('',#8501,#4342);
#3787=LINE('',#8514,#4343);
#3788=LINE('',#8574,#4344);
#3789=LINE('',#8617,#4345);
#3790=LINE('',#8635,#4346);
#3791=LINE('',#8682,#4347);
#3792=LINE('',#8696,#4348);
#3793=LINE('',#8740,#4349);
#3794=LINE('',#8756,#4350);
#3795=LINE('',#8759,#4351);
#3796=LINE('',#8761,#4352);
#3797=LINE('',#8763,#4353);
#3798=LINE('',#8765,#4354);
#3799=LINE('',#8767,#4355);
#3800=LINE('',#8769,#4356);
#3801=LINE('',#8771,#4357);
#3802=LINE('',#8773,#4358);
#3803=LINE('',#8775,#4359);
#3804=LINE('',#8777,#4360);
#3805=LINE('',#8779,#4361);
#3806=LINE('',#8780,#4362);
#3807=LINE('',#8783,#4363);
#3808=LINE('',#8785,#4364);
#3809=LINE('',#8787,#4365);
#3810=LINE('',#8789,#4366);
#3811=LINE('',#8791,#4367);
#3812=LINE('',#8793,#4368);
#3813=LINE('',#8795,#4369);
#3814=LINE('',#8796,#4370);
#3815=LINE('',#8799,#4371);
#3816=LINE('',#8801,#4372);
#3817=LINE('',#8803,#4373);
#3818=LINE('',#8804,#4374);
#3819=LINE('',#8807,#4375);
#3820=LINE('',#8809,#4376);
#3821=LINE('',#8811,#4377);
#3822=LINE('',#8813,#4378);
#3823=LINE('',#8815,#4379);
#3824=LINE('',#8817,#4380);
#3825=LINE('',#8851,#4381);
#3826=LINE('',#8853,#4382);
#3827=LINE('',#8867,#4383);
#3828=LINE('',#8870,#4384);
#3829=LINE('',#8873,#4385);
#3830=LINE('',#8875,#4386);
#3831=LINE('',#8897,#4387);
#3832=LINE('',#8899,#4388);
#3833=LINE('',#8913,#4389);
#3834=LINE('',#8927,#4390);
#3835=LINE('',#8928,#4391);
#3836=LINE('',#8933,#4392);
#3837=LINE('',#8937,#4393);
#3838=LINE('',#8939,#4394);
#3839=LINE('',#8941,#4395);
#3840=LINE('',#8945,#4396);
#3841=LINE('',#8949,#4397);
#3842=LINE('',#8951,#4398);
#3843=LINE('',#8953,#4399);
#3844=LINE('',#8956,#4400);
#3845=LINE('',#8959,#4401);
#3846=LINE('',#8961,#4402);
#3847=LINE('',#8963,#4403);
#3848=LINE('',#8964,#4404);
#3849=LINE('',#8967,#4405);
#3850=LINE('',#8969,#4406);
#3851=LINE('',#8971,#4407);
#3852=LINE('',#8991,#4408);
#3853=LINE('',#9037,#4409);
#3854=LINE('',#9075,#4410);
#3855=LINE('',#9087,#4411);
#3856=LINE('',#9089,#4412);
#3857=LINE('',#9091,#4413);
#3858=LINE('',#9093,#4414);
#3859=LINE('',#9095,#4415);
#3860=LINE('',#9097,#4416);
#3861=LINE('',#9099,#4417);
#3862=LINE('',#9101,#4418);
#3863=LINE('',#9103,#4419);
#3864=LINE('',#9105,#4420);
#3865=LINE('',#9107,#4421);
#3866=LINE('',#9112,#4422);
#3867=LINE('',#9115,#4423);
#3868=LINE('',#9133,#4424);
#3869=LINE('',#9135,#4425);
#3870=LINE('',#9137,#4426);
#3871=LINE('',#9139,#4427);
#3872=LINE('',#9141,#4428);
#3873=LINE('',#9143,#4429);
#3874=LINE('',#9159,#4430);
#3875=LINE('',#9160,#4431);
#3876=LINE('',#9163,#4432);
#3877=LINE('',#9189,#4433);
#3878=LINE('',#9191,#4434);
#3879=LINE('',#9193,#4435);
#3880=LINE('',#9195,#4436);
#3881=LINE('',#9197,#4437);
#3882=LINE('',#9199,#4438);
#3883=LINE('',#9201,#4439);
#3884=LINE('',#9202,#4440);
#3885=LINE('',#9205,#4441);
#3886=LINE('',#9223,#4442);
#3887=LINE('',#9237,#4443);
#3888=LINE('',#9238,#4444);
#3889=LINE('',#9241,#4445);
#3890=LINE('',#9259,#4446);
#3891=LINE('',#9261,#4447);
#3892=LINE('',#9263,#4448);
#3893=LINE('',#9281,#4449);
#3894=LINE('',#9282,#4450);
#3895=LINE('',#9285,#4451);
#3896=LINE('',#9287,#4452);
#3897=LINE('',#9289,#4453);
#3898=LINE('',#9291,#4454);
#3899=LINE('',#9293,#4455);
#3900=LINE('',#9319,#4456);
#3901=LINE('',#9349,#4457);
#3902=LINE('',#9350,#4458);
#3903=LINE('',#9353,#4459);
#3904=LINE('',#9355,#4460);
#3905=LINE('',#9357,#4461);
#3906=LINE('',#9359,#4462);
#3907=LINE('',#9361,#4463);
#3908=LINE('',#9363,#4464);
#3909=LINE('',#9365,#4465);
#3910=LINE('',#9367,#4466);
#3911=LINE('',#9369,#4467);
#3912=LINE('',#9371,#4468);
#3913=LINE('',#9373,#4469);
#3914=LINE('',#9399,#4470);
#3915=LINE('',#9429,#4471);
#3916=LINE('',#9554,#4472);
#3917=LINE('',#9664,#4473);
#3918=LINE('',#9681,#4474);
#3919=LINE('',#9806,#4475);
#3920=LINE('',#9808,#4476);
#3921=LINE('',#9825,#4477);
#3922=LINE('',#9937,#4478);
#3923=LINE('',#9956,#4479);
#3924=LINE('',#10011,#4480);
#3925=LINE('',#10025,#4481);
#3926=LINE('',#10069,#4482);
#3927=LINE('',#10083,#4483);
#3928=LINE('',#10130,#4484);
#3929=LINE('',#10142,#4485);
#3930=LINE('',#10185,#4486);
#3931=LINE('',#10276,#4487);
#3932=LINE('',#10277,#4488);
#3933=LINE('',#10279,#4489);
#3934=LINE('',#10302,#4490);
#3935=LINE('',#10304,#4491);
#3936=LINE('',#10387,#4492);
#3937=LINE('',#10389,#4493);
#3938=LINE('',#10412,#4494);
#3939=LINE('',#10414,#4495);
#3940=LINE('',#10503,#4496);
#3941=LINE('',#10505,#4497);
#3942=LINE('',#10524,#4498);
#3943=LINE('',#10526,#4499);
#3944=LINE('',#10635,#4500);
#3945=LINE('',#10637,#4501);
#3946=LINE('',#10664,#4502);
#3947=LINE('',#10667,#4503);
#3948=LINE('',#10669,#4504);
#3949=LINE('',#10671,#4505);
#3950=LINE('',#10673,#4506);
#3951=LINE('',#10675,#4507);
#3952=LINE('',#10677,#4508);
#3953=LINE('',#10679,#4509);
#3954=LINE('',#10681,#4510);
#3955=LINE('',#10683,#4511);
#3956=LINE('',#10685,#4512);
#3957=LINE('',#10687,#4513);
#3958=LINE('',#10689,#4514);
#3959=LINE('',#10691,#4515);
#3960=LINE('',#10693,#4516);
#3961=LINE('',#10695,#4517);
#3962=LINE('',#10697,#4518);
#3963=LINE('',#10699,#4519);
#3964=LINE('',#10701,#4520);
#3965=LINE('',#10703,#4521);
#3966=LINE('',#10705,#4522);
#3967=LINE('',#10707,#4523);
#3968=LINE('',#10709,#4524);
#3969=LINE('',#10711,#4525);
#3970=LINE('',#10713,#4526);
#3971=LINE('',#10715,#4527);
#3972=LINE('',#10717,#4528);
#3973=LINE('',#10719,#4529);
#3974=LINE('',#10721,#4530);
#3975=LINE('',#10723,#4531);
#3976=LINE('',#10725,#4532);
#3977=LINE('',#10727,#4533);
#3978=LINE('',#10729,#4534);
#3979=LINE('',#10731,#4535);
#3980=LINE('',#10733,#4536);
#3981=LINE('',#10735,#4537);
#3982=LINE('',#10737,#4538);
#3983=LINE('',#10739,#4539);
#3984=LINE('',#10741,#4540);
#3985=LINE('',#10743,#4541);
#3986=LINE('',#10745,#4542);
#3987=LINE('',#10747,#4543);
#3988=LINE('',#10749,#4544);
#3989=LINE('',#10751,#4545);
#3990=LINE('',#10753,#4546);
#3991=LINE('',#10755,#4547);
#3992=LINE('',#10757,#4548);
#3993=LINE('',#10759,#4549);
#3994=LINE('',#10761,#4550);
#3995=LINE('',#10763,#4551);
#3996=LINE('',#10765,#4552);
#3997=LINE('',#10767,#4553);
#3998=LINE('',#10769,#4554);
#3999=LINE('',#10771,#4555);
#4000=LINE('',#10773,#4556);
#4001=LINE('',#10775,#4557);
#4002=LINE('',#10777,#4558);
#4003=LINE('',#10779,#4559);
#4004=LINE('',#10781,#4560);
#4005=LINE('',#10783,#4561);
#4006=LINE('',#10785,#4562);
#4007=LINE('',#10789,#4563);
#4008=LINE('',#10798,#4564);
#4009=LINE('',#10804,#4565);
#4010=LINE('',#10817,#4566);
#4011=LINE('',#10830,#4567);
#4012=LINE('',#10843,#4568);
#4013=LINE('',#10856,#4569);
#4014=LINE('',#10869,#4570);
#4015=LINE('',#10882,#4571);
#4016=LINE('',#10884,#4572);
#4017=LINE('',#10886,#4573);
#4018=LINE('',#10888,#4574);
#4019=LINE('',#10890,#4575);
#4020=LINE('',#10903,#4576);
#4021=LINE('',#10916,#4577);
#4022=LINE('',#10929,#4578);
#4023=LINE('',#10931,#4579);
#4024=LINE('',#10933,#4580);
#4025=LINE('',#10935,#4581);
#4026=LINE('',#10937,#4582);
#4027=LINE('',#10939,#4583);
#4028=LINE('',#10941,#4584);
#4029=LINE('',#10943,#4585);
#4030=LINE('',#10945,#4586);
#4031=LINE('',#10947,#4587);
#4032=LINE('',#10960,#4588);
#4033=LINE('',#10973,#4589);
#4034=LINE('',#10986,#4590);
#4035=LINE('',#10999,#4591);
#4036=LINE('',#11012,#4592);
#4037=LINE('',#11014,#4593);
#4038=LINE('',#11016,#4594);
#4039=LINE('',#11018,#4595);
#4040=LINE('',#11020,#4596);
#4041=LINE('',#11033,#4597);
#4042=LINE('',#11046,#4598);
#4043=LINE('',#11059,#4599);
#4044=LINE('',#11061,#4600);
#4045=LINE('',#11063,#4601);
#4046=LINE('',#11067,#4602);
#4047=LINE('',#11071,#4603);
#4048=LINE('',#11084,#4604);
#4049=LINE('',#11097,#4605);
#4050=LINE('',#11099,#4606);
#4051=LINE('',#11101,#4607);
#4052=LINE('',#11103,#4608);
#4053=LINE('',#11107,#4609);
#4054=LINE('',#11109,#4610);
#4055=LINE('',#11111,#4611);
#4056=LINE('',#11115,#4612);
#4057=LINE('',#11117,#4613);
#4058=LINE('',#11119,#4614);
#4059=LINE('',#11121,#4615);
#4060=LINE('',#11123,#4616);
#4061=LINE('',#11125,#4617);
#4062=LINE('',#11127,#4618);
#4063=LINE('',#11131,#4619);
#4064=LINE('',#11133,#4620);
#4065=LINE('',#11135,#4621);
#4066=LINE('',#11139,#4622);
#4067=LINE('',#11141,#4623);
#4068=LINE('',#11143,#4624);
#4069=LINE('',#11145,#4625);
#4070=LINE('',#11147,#4626);
#4071=LINE('',#11149,#4627);
#4072=LINE('',#11151,#4628);
#4073=LINE('',#11153,#4629);
#4074=LINE('',#11155,#4630);
#4075=LINE('',#11157,#4631);
#4076=LINE('',#11159,#4632);
#4077=LINE('',#11161,#4633);
#4078=LINE('',#11163,#4634);
#4079=LINE('',#11165,#4635);
#4080=LINE('',#11167,#4636);
#4081=LINE('',#11169,#4637);
#4082=LINE('',#11171,#4638);
#4083=LINE('',#11173,#4639);
#4084=LINE('',#11175,#4640);
#4085=LINE('',#11177,#4641);
#4086=LINE('',#11179,#4642);
#4087=LINE('',#11188,#4643);
#4088=LINE('',#11194,#4644);
#4089=LINE('',#11207,#4645);
#4090=LINE('',#11220,#4646);
#4091=LINE('',#11233,#4647);
#4092=LINE('',#11235,#4648);
#4093=LINE('',#11237,#4649);
#4094=LINE('',#11241,#4650);
#4095=LINE('',#11245,#4651);
#4096=LINE('',#11258,#4652);
#4097=LINE('',#11271,#4653);
#4098=LINE('',#11284,#4654);
#4099=LINE('',#11297,#4655);
#4100=LINE('',#11310,#4656);
#4101=LINE('',#11323,#4657);
#4102=LINE('',#11336,#4658);
#4103=LINE('',#11349,#4659);
#4104=LINE('',#11362,#4660);
#4105=LINE('',#11375,#4661);
#4106=LINE('',#11377,#4662);
#4107=LINE('',#11379,#4663);
#4108=LINE('',#11392,#4664);
#4109=LINE('',#11405,#4665);
#4110=LINE('',#11418,#4666);
#4111=LINE('',#11431,#4667);
#4112=LINE('',#11444,#4668);
#4113=LINE('',#11457,#4669);
#4114=LINE('',#11466,#4670);
#4115=LINE('',#11472,#4671);
#4116=LINE('',#11476,#4672);
#4117=LINE('',#11480,#4673);
#4118=LINE('',#11482,#4674);
#4119=LINE('',#11484,#4675);
#4120=LINE('',#11497,#4676);
#4121=LINE('',#11501,#4677);
#4122=LINE('',#11514,#4678);
#4123=LINE('',#11516,#4679);
#4124=LINE('',#11518,#4680);
#4125=LINE('',#11520,#4681);
#4126=LINE('',#11522,#4682);
#4127=LINE('',#11524,#4683);
#4128=LINE('',#11526,#4684);
#4129=LINE('',#11528,#4685);
#4130=LINE('',#11530,#4686);
#4131=LINE('',#11532,#4687);
#4132=LINE('',#11534,#4688);
#4133=LINE('',#11536,#4689);
#4134=LINE('',#11538,#4690);
#4135=LINE('',#11540,#4691);
#4136=LINE('',#11542,#4692);
#4137=LINE('',#11544,#4693);
#4138=LINE('',#11546,#4694);
#4139=LINE('',#11548,#4695);
#4140=LINE('',#11550,#4696);
#4141=LINE('',#11552,#4697);
#4142=LINE('',#11554,#4698);
#4143=LINE('',#11556,#4699);
#4144=LINE('',#11558,#4700);
#4145=LINE('',#11560,#4701);
#4146=LINE('',#11562,#4702);
#4147=LINE('',#11564,#4703);
#4148=LINE('',#11566,#4704);
#4149=LINE('',#11568,#4705);
#4150=LINE('',#11581,#4706);
#4151=LINE('',#11594,#4707);
#4152=LINE('',#11607,#4708);
#4153=LINE('',#11620,#4709);
#4154=LINE('',#11622,#4710);
#4155=LINE('',#11624,#4711);
#4156=LINE('',#11626,#4712);
#4157=LINE('',#11628,#4713);
#4158=LINE('',#11630,#4714);
#4159=LINE('',#11632,#4715);
#4160=LINE('',#11634,#4716);
#4161=LINE('',#11636,#4717);
#4162=LINE('',#11638,#4718);
#4163=LINE('',#11640,#4719);
#4164=LINE('',#11642,#4720);
#4165=LINE('',#11644,#4721);
#4166=LINE('',#11648,#4722);
#4167=LINE('',#11661,#4723);
#4168=LINE('',#11674,#4724);
#4169=LINE('',#11687,#4725);
#4170=LINE('',#11689,#4726);
#4171=LINE('',#11691,#4727);
#4172=LINE('',#11693,#4728);
#4173=LINE('',#11695,#4729);
#4174=LINE('',#11697,#4730);
#4175=LINE('',#11710,#4731);
#4176=LINE('',#11723,#4732);
#4177=LINE('',#11736,#4733);
#4178=LINE('',#11749,#4734);
#4179=LINE('',#11762,#4735);
#4180=LINE('',#11775,#4736);
#4181=LINE('',#11777,#4737);
#4182=LINE('',#11779,#4738);
#4183=LINE('',#11781,#4739);
#4184=LINE('',#11783,#4740);
#4185=LINE('',#11785,#4741);
#4186=LINE('',#11787,#4742);
#4187=LINE('',#11789,#4743);
#4188=LINE('',#11791,#4744);
#4189=LINE('',#11793,#4745);
#4190=LINE('',#11795,#4746);
#4191=LINE('',#11797,#4747);
#4192=LINE('',#11799,#4748);
#4193=LINE('',#11801,#4749);
#4194=LINE('',#11803,#4750);
#4195=LINE('',#11805,#4751);
#4196=LINE('',#11807,#4752);
#4197=LINE('',#11809,#4753);
#4198=LINE('',#11822,#4754);
#4199=LINE('',#11835,#4755);
#4200=LINE('',#11848,#4756);
#4201=LINE('',#11861,#4757);
#4202=LINE('',#11863,#4758);
#4203=LINE('',#11865,#4759);
#4204=LINE('',#11878,#4760);
#4205=LINE('',#11891,#4761);
#4206=LINE('',#11904,#4762);
#4207=LINE('',#11906,#4763);
#4208=LINE('',#11908,#4764);
#4209=LINE('',#11910,#4765);
#4210=LINE('',#11912,#4766);
#4211=LINE('',#11914,#4767);
#4212=LINE('',#11927,#4768);
#4213=LINE('',#11940,#4769);
#4214=LINE('',#11953,#4770);
#4215=LINE('',#11966,#4771);
#4216=LINE('',#11968,#4772);
#4217=LINE('',#11970,#4773);
#4218=LINE('',#11972,#4774);
#4219=LINE('',#11974,#4775);
#4220=LINE('',#11976,#4776);
#4221=LINE('',#11978,#4777);
#4222=LINE('',#11991,#4778);
#4223=LINE('',#12004,#4779);
#4224=LINE('',#12017,#4780);
#4225=LINE('',#12030,#4781);
#4226=LINE('',#12032,#4782);
#4227=LINE('',#12034,#4783);
#4228=LINE('',#12036,#4784);
#4229=LINE('',#12038,#4785);
#4230=LINE('',#12040,#4786);
#4231=LINE('',#12042,#4787);
#4232=LINE('',#12044,#4788);
#4233=LINE('',#12046,#4789);
#4234=LINE('',#12048,#4790);
#4235=LINE('',#12050,#4791);
#4236=LINE('',#12052,#4792);
#4237=LINE('',#12061,#4793);
#4238=LINE('',#12067,#4794);
#4239=LINE('',#12080,#4795);
#4240=LINE('',#12093,#4796);
#4241=LINE('',#12106,#4797);
#4242=LINE('',#12119,#4798);
#4243=LINE('',#12132,#4799);
#4244=LINE('',#12134,#4800);
#4245=LINE('',#12136,#4801);
#4246=LINE('',#12149,#4802);
#4247=LINE('',#12162,#4803);
#4248=LINE('',#12175,#4804);
#4249=LINE('',#12188,#4805);
#4250=LINE('',#12201,#4806);
#4251=LINE('',#12214,#4807);
#4252=LINE('',#12227,#4808);
#4253=LINE('',#12229,#4809);
#4254=LINE('',#12231,#4810);
#4255=LINE('',#12233,#4811);
#4256=LINE('',#12235,#4812);
#4257=LINE('',#12237,#4813);
#4258=LINE('',#12239,#4814);
#4259=LINE('',#12241,#4815);
#4260=LINE('',#12243,#4816);
#4261=LINE('',#12245,#4817);
#4262=LINE('',#12247,#4818);
#4263=LINE('',#12249,#4819);
#4264=LINE('',#12251,#4820);
#4265=LINE('',#12253,#4821);
#4266=LINE('',#12255,#4822);
#4267=LINE('',#12257,#4823);
#4268=LINE('',#12259,#4824);
#4269=LINE('',#12261,#4825);
#4270=LINE('',#12263,#4826);
#4271=LINE('',#12265,#4827);
#4272=LINE('',#12267,#4828);
#4273=LINE('',#12269,#4829);
#4274=LINE('',#12271,#4830);
#4275=LINE('',#12273,#4831);
#4276=LINE('',#12282,#4832);
#4277=LINE('',#12288,#4833);
#4278=LINE('',#12301,#4834);
#4279=LINE('',#12314,#4835);
#4280=LINE('',#12327,#4836);
#4281=LINE('',#12340,#4837);
#4282=LINE('',#12353,#4838);
#4283=LINE('',#12355,#4839);
#4284=LINE('',#12357,#4840);
#4285=LINE('',#12370,#4841);
#4286=LINE('',#12383,#4842);
#4287=LINE('',#12396,#4843);
#4288=LINE('',#12409,#4844);
#4289=LINE('',#12422,#4845);
#4290=LINE('',#12435,#4846);
#4291=LINE('',#12448,#4847);
#4292=LINE('',#12450,#4848);
#4293=LINE('',#12452,#4849);
#4294=LINE('',#12458,#4850);
#4295=LINE('',#12462,#4851);
#4296=LINE('',#12464,#4852);
#4297=LINE('',#12491,#4853);
#4298=LINE('',#12493,#4854);
#4299=LINE('',#12495,#4855);
#4300=LINE('',#12497,#4856);
#4301=LINE('',#12499,#4857);
#4302=LINE('',#12501,#4858);
#4303=LINE('',#12503,#4859);
#4304=LINE('',#12505,#4860);
#4305=LINE('',#12507,#4861);
#4306=VECTOR('',#6228,1.);
#4307=VECTOR('',#6229,1.);
#4308=VECTOR('',#6230,1.);
#4309=VECTOR('',#6231,1.);
#4310=VECTOR('',#6232,1.);
#4311=VECTOR('',#6233,1.);
#4312=VECTOR('',#6234,1.);
#4313=VECTOR('',#6235,1.);
#4314=VECTOR('',#6236,1.);
#4315=VECTOR('',#6237,1.);
#4316=VECTOR('',#6238,1.);
#4317=VECTOR('',#6239,1.);
#4318=VECTOR('',#6240,1.);
#4319=VECTOR('',#6241,1.);
#4320=VECTOR('',#6242,1.);
#4321=VECTOR('',#6245,1.);
#4322=VECTOR('',#6246,1.);
#4323=VECTOR('',#6247,1.);
#4324=VECTOR('',#6248,1.);
#4325=VECTOR('',#6251,1.);
#4326=VECTOR('',#6252,1.);
#4327=VECTOR('',#6255,1.);
#4328=VECTOR('',#6256,1.);
#4329=VECTOR('',#6257,1.);
#4330=VECTOR('',#6260,1.);
#4331=VECTOR('',#6261,1.);
#4332=VECTOR('',#6262,1.);
#4333=VECTOR('',#6265,1.);
#4334=VECTOR('',#6266,1.);
#4335=VECTOR('',#6267,1.);
#4336=VECTOR('',#6268,1.);
#4337=VECTOR('',#6271,1.);
#4338=VECTOR('',#6272,1.);
#4339=VECTOR('',#6273,1.);
#4340=VECTOR('',#6276,1.);
#4341=VECTOR('',#6277,1.);
#4342=VECTOR('',#6278,1.);
#4343=VECTOR('',#6287,1.);
#4344=VECTOR('',#6290,1.);
#4345=VECTOR('',#6291,1.);
#4346=VECTOR('',#6292,1.);
#4347=VECTOR('',#6293,1.);
#4348=VECTOR('',#6294,1.);
#4349=VECTOR('',#6295,1.);
#4350=VECTOR('',#6296,1.);
#4351=VECTOR('',#6297,1.);
#4352=VECTOR('',#6298,1.);
#4353=VECTOR('',#6299,1.);
#4354=VECTOR('',#6300,1.);
#4355=VECTOR('',#6301,1.);
#4356=VECTOR('',#6302,1.);
#4357=VECTOR('',#6303,1.);
#4358=VECTOR('',#6304,1.);
#4359=VECTOR('',#6305,1.);
#4360=VECTOR('',#6306,1.);
#4361=VECTOR('',#6307,1.);
#4362=VECTOR('',#6308,1.);
#4363=VECTOR('',#6309,1.);
#4364=VECTOR('',#6310,1.);
#4365=VECTOR('',#6311,1.);
#4366=VECTOR('',#6312,1.);
#4367=VECTOR('',#6313,1.);
#4368=VECTOR('',#6314,1.);
#4369=VECTOR('',#6315,1.);
#4370=VECTOR('',#6316,1.);
#4371=VECTOR('',#6317,1.);
#4372=VECTOR('',#6318,1.);
#4373=VECTOR('',#6319,1.);
#4374=VECTOR('',#6320,1.);
#4375=VECTOR('',#6321,1.);
#4376=VECTOR('',#6322,1.);
#4377=VECTOR('',#6323,1.);
#4378=VECTOR('',#6324,1.);
#4379=VECTOR('',#6325,1.);
#4380=VECTOR('',#6326,1.);
#4381=VECTOR('',#6331,1.);
#4382=VECTOR('',#6332,1.);
#4383=VECTOR('',#6333,1.);
#4384=VECTOR('',#6336,1.);
#4385=VECTOR('',#6337,1.);
#4386=VECTOR('',#6338,1.);
#4387=VECTOR('',#6339,1.);
#4388=VECTOR('',#6340,1.);
#4389=VECTOR('',#6341,1.);
#4390=VECTOR('',#6346,1.);
#4391=VECTOR('',#6347,1.);
#4392=VECTOR('',#6350,1.);
#4393=VECTOR('',#6353,1.);
#4394=VECTOR('',#6354,1.);
#4395=VECTOR('',#6355,1.);
#4396=VECTOR('',#6358,1.);
#4397=VECTOR('',#6361,1.);
#4398=VECTOR('',#6362,1.);
#4399=VECTOR('',#6363,1.);
#4400=VECTOR('',#6366,1.);
#4401=VECTOR('',#6367,1.);
#4402=VECTOR('',#6368,1.);
#4403=VECTOR('',#6369,1.);
#4404=VECTOR('',#6370,1.);
#4405=VECTOR('',#6371,1.);
#4406=VECTOR('',#6372,1.);
#4407=VECTOR('',#6373,1.);
#4408=VECTOR('',#6376,1.);
#4409=VECTOR('',#6381,1.);
#4410=VECTOR('',#6386,1.);
#4411=VECTOR('',#6389,1.);
#4412=VECTOR('',#6390,1.);
#4413=VECTOR('',#6391,1.);
#4414=VECTOR('',#6392,1.);
#4415=VECTOR('',#6393,1.);
#4416=VECTOR('',#6394,1.);
#4417=VECTOR('',#6395,1.);
#4418=VECTOR('',#6396,1.);
#4419=VECTOR('',#6397,1.);
#4420=VECTOR('',#6398,1.);
#4421=VECTOR('',#6399,1.);
#4422=VECTOR('',#6400,1.);
#4423=VECTOR('',#6401,1.);
#4424=VECTOR('',#6402,1.);
#4425=VECTOR('',#6403,1.);
#4426=VECTOR('',#6404,1.);
#4427=VECTOR('',#6405,1.);
#4428=VECTOR('',#6406,1.);
#4429=VECTOR('',#6407,1.);
#4430=VECTOR('',#6410,1.);
#4431=VECTOR('',#6411,1.);
#4432=VECTOR('',#6412,1.);
#4433=VECTOR('',#6413,1.);
#4434=VECTOR('',#6414,1.);
#4435=VECTOR('',#6415,1.);
#4436=VECTOR('',#6416,1.);
#4437=VECTOR('',#6417,1.);
#4438=VECTOR('',#6418,1.);
#4439=VECTOR('',#6419,1.);
#4440=VECTOR('',#6420,1.);
#4441=VECTOR('',#6421,1.);
#4442=VECTOR('',#6422,1.);
#4443=VECTOR('',#6423,1.);
#4444=VECTOR('',#6424,1.);
#4445=VECTOR('',#6425,1.);
#4446=VECTOR('',#6426,1.);
#4447=VECTOR('',#6427,1.);
#4448=VECTOR('',#6428,1.);
#4449=VECTOR('',#6429,1.);
#4450=VECTOR('',#6430,1.);
#4451=VECTOR('',#6431,1.);
#4452=VECTOR('',#6432,1.);
#4453=VECTOR('',#6433,1.);
#4454=VECTOR('',#6434,1.);
#4455=VECTOR('',#6435,1.);
#4456=VECTOR('',#6436,1.);
#4457=VECTOR('',#6437,1.);
#4458=VECTOR('',#6438,1.);
#4459=VECTOR('',#6439,1.);
#4460=VECTOR('',#6440,1.);
#4461=VECTOR('',#6441,1.);
#4462=VECTOR('',#6442,1.);
#4463=VECTOR('',#6443,1.);
#4464=VECTOR('',#6444,1.);
#4465=VECTOR('',#6445,1.);
#4466=VECTOR('',#6446,1.);
#4467=VECTOR('',#6447,1.);
#4468=VECTOR('',#6448,1.);
#4469=VECTOR('',#6449,1.);
#4470=VECTOR('',#6450,1.);
#4471=VECTOR('',#6451,1.);
#4472=VECTOR('',#6456,1.);
#4473=VECTOR('',#6457,1.);
#4474=VECTOR('',#6458,1.);
#4475=VECTOR('',#6459,1.);
#4476=VECTOR('',#6460,1.);
#4477=VECTOR('',#6461,1.);
#4478=VECTOR('',#6462,1.);
#4479=VECTOR('',#6463,1.);
#4480=VECTOR('',#6464,1.);
#4481=VECTOR('',#6465,1.);
#4482=VECTOR('',#6466,1.);
#4483=VECTOR('',#6467,1.);
#4484=VECTOR('',#6468,1.);
#4485=VECTOR('',#6469,1.);
#4486=VECTOR('',#6470,1.);
#4487=VECTOR('',#6473,1.);
#4488=VECTOR('',#6474,1.);
#4489=VECTOR('',#6477,1.);
#4490=VECTOR('',#6478,1.);
#4491=VECTOR('',#6481,1.);
#4492=VECTOR('',#6482,1.);
#4493=VECTOR('',#6485,1.);
#4494=VECTOR('',#6486,1.);
#4495=VECTOR('',#6489,1.);
#4496=VECTOR('',#6490,1.);
#4497=VECTOR('',#6493,1.);
#4498=VECTOR('',#6494,1.);
#4499=VECTOR('',#6497,1.);
#4500=VECTOR('',#6498,1.);
#4501=VECTOR('',#6501,1.);
#4502=VECTOR('',#6502,1.);
#4503=VECTOR('',#6507,1.);
#4504=VECTOR('',#6508,1.);
#4505=VECTOR('',#6509,1.);
#4506=VECTOR('',#6512,1.);
#4507=VECTOR('',#6513,1.);
#4508=VECTOR('',#6516,1.);
#4509=VECTOR('',#6517,1.);
#4510=VECTOR('',#6520,1.);
#4511=VECTOR('',#6521,1.);
#4512=VECTOR('',#6524,1.);
#4513=VECTOR('',#6525,1.);
#4514=VECTOR('',#6528,1.);
#4515=VECTOR('',#6529,1.);
#4516=VECTOR('',#6532,1.);
#4517=VECTOR('',#6533,1.);
#4518=VECTOR('',#6536,1.);
#4519=VECTOR('',#6537,1.);
#4520=VECTOR('',#6540,1.);
#4521=VECTOR('',#6541,1.);
#4522=VECTOR('',#6544,1.);
#4523=VECTOR('',#6545,1.);
#4524=VECTOR('',#6548,1.);
#4525=VECTOR('',#6549,1.);
#4526=VECTOR('',#6552,1.);
#4527=VECTOR('',#6553,1.);
#4528=VECTOR('',#6554,1.);
#4529=VECTOR('',#6557,1.);
#4530=VECTOR('',#6558,1.);
#4531=VECTOR('',#6561,1.);
#4532=VECTOR('',#6562,1.);
#4533=VECTOR('',#6565,1.);
#4534=VECTOR('',#6566,1.);
#4535=VECTOR('',#6569,1.);
#4536=VECTOR('',#6570,1.);
#4537=VECTOR('',#6573,1.);
#4538=VECTOR('',#6574,1.);
#4539=VECTOR('',#6577,1.);
#4540=VECTOR('',#6578,1.);
#4541=VECTOR('',#6581,1.);
#4542=VECTOR('',#6582,1.);
#4543=VECTOR('',#6583,1.);
#4544=VECTOR('',#6586,1.);
#4545=VECTOR('',#6587,1.);
#4546=VECTOR('',#6590,1.);
#4547=VECTOR('',#6591,1.);
#4548=VECTOR('',#6594,1.);
#4549=VECTOR('',#6595,1.);
#4550=VECTOR('',#6596,1.);
#4551=VECTOR('',#6599,1.);
#4552=VECTOR('',#6600,1.);
#4553=VECTOR('',#6603,1.);
#4554=VECTOR('',#6604,1.);
#4555=VECTOR('',#6607,1.);
#4556=VECTOR('',#6608,1.);
#4557=VECTOR('',#6611,1.);
#4558=VECTOR('',#6612,1.);
#4559=VECTOR('',#6615,1.);
#4560=VECTOR('',#6616,1.);
#4561=VECTOR('',#6619,1.);
#4562=VECTOR('',#6620,1.);
#4563=VECTOR('',#6625,1.);
#4564=VECTOR('',#6626,1.);
#4565=VECTOR('',#6627,1.);
#4566=VECTOR('',#6628,1.);
#4567=VECTOR('',#6629,1.);
#4568=VECTOR('',#6630,1.);
#4569=VECTOR('',#6631,1.);
#4570=VECTOR('',#6632,1.);
#4571=VECTOR('',#6633,1.);
#4572=VECTOR('',#6636,1.);
#4573=VECTOR('',#6637,1.);
#4574=VECTOR('',#6640,1.);
#4575=VECTOR('',#6641,1.);
#4576=VECTOR('',#6642,1.);
#4577=VECTOR('',#6643,1.);
#4578=VECTOR('',#6644,1.);
#4579=VECTOR('',#6647,1.);
#4580=VECTOR('',#6648,1.);
#4581=VECTOR('',#6651,1.);
#4582=VECTOR('',#6652,1.);
#4583=VECTOR('',#6653,1.);
#4584=VECTOR('',#6656,1.);
#4585=VECTOR('',#6657,1.);
#4586=VECTOR('',#6660,1.);
#4587=VECTOR('',#6661,1.);
#4588=VECTOR('',#6662,1.);
#4589=VECTOR('',#6663,1.);
#4590=VECTOR('',#6664,1.);
#4591=VECTOR('',#6665,1.);
#4592=VECTOR('',#6666,1.);
#4593=VECTOR('',#6669,1.);
#4594=VECTOR('',#6670,1.);
#4595=VECTOR('',#6673,1.);
#4596=VECTOR('',#6674,1.);
#4597=VECTOR('',#6675,1.);
#4598=VECTOR('',#6676,1.);
#4599=VECTOR('',#6677,1.);
#4600=VECTOR('',#6680,1.);
#4601=VECTOR('',#6681,1.);
#4602=VECTOR('',#6686,1.);
#4603=VECTOR('',#6691,1.);
#4604=VECTOR('',#6692,1.);
#4605=VECTOR('',#6693,1.);
#4606=VECTOR('',#6696,1.);
#4607=VECTOR('',#6697,1.);
#4608=VECTOR('',#6698,1.);
#4609=VECTOR('',#6703,1.);
#4610=VECTOR('',#6706,1.);
#4611=VECTOR('',#6707,1.);
#4612=VECTOR('',#6712,1.);
#4613=VECTOR('',#6715,1.);
#4614=VECTOR('',#6716,1.);
#4615=VECTOR('',#6719,1.);
#4616=VECTOR('',#6720,1.);
#4617=VECTOR('',#6723,1.);
#4618=VECTOR('',#6724,1.);
#4619=VECTOR('',#6729,1.);
#4620=VECTOR('',#6732,1.);
#4621=VECTOR('',#6733,1.);
#4622=VECTOR('',#6738,1.);
#4623=VECTOR('',#6741,1.);
#4624=VECTOR('',#6742,1.);
#4625=VECTOR('',#6745,1.);
#4626=VECTOR('',#6746,1.);
#4627=VECTOR('',#6749,1.);
#4628=VECTOR('',#6750,1.);
#4629=VECTOR('',#6753,1.);
#4630=VECTOR('',#6754,1.);
#4631=VECTOR('',#6755,1.);
#4632=VECTOR('',#6758,1.);
#4633=VECTOR('',#6759,1.);
#4634=VECTOR('',#6762,1.);
#4635=VECTOR('',#6763,1.);
#4636=VECTOR('',#6766,1.);
#4637=VECTOR('',#6767,1.);
#4638=VECTOR('',#6768,1.);
#4639=VECTOR('',#6771,1.);
#4640=VECTOR('',#6772,1.);
#4641=VECTOR('',#6775,1.);
#4642=VECTOR('',#6776,1.);
#4643=VECTOR('',#6777,1.);
#4644=VECTOR('',#6778,1.);
#4645=VECTOR('',#6779,1.);
#4646=VECTOR('',#6780,1.);
#4647=VECTOR('',#6781,1.);
#4648=VECTOR('',#6784,1.);
#4649=VECTOR('',#6785,1.);
#4650=VECTOR('',#6790,1.);
#4651=VECTOR('',#6795,1.);
#4652=VECTOR('',#6796,1.);
#4653=VECTOR('',#6797,1.);
#4654=VECTOR('',#6798,1.);
#4655=VECTOR('',#6799,1.);
#4656=VECTOR('',#6800,1.);
#4657=VECTOR('',#6801,1.);
#4658=VECTOR('',#6802,1.);
#4659=VECTOR('',#6803,1.);
#4660=VECTOR('',#6804,1.);
#4661=VECTOR('',#6805,1.);
#4662=VECTOR('',#6808,1.);
#4663=VECTOR('',#6809,1.);
#4664=VECTOR('',#6810,1.);
#4665=VECTOR('',#6811,1.);
#4666=VECTOR('',#6812,1.);
#4667=VECTOR('',#6813,1.);
#4668=VECTOR('',#6814,1.);
#4669=VECTOR('',#6815,1.);
#4670=VECTOR('',#6816,1.);
#4671=VECTOR('',#6817,1.);
#4672=VECTOR('',#6822,1.);
#4673=VECTOR('',#6827,1.);
#4674=VECTOR('',#6830,1.);
#4675=VECTOR('',#6831,1.);
#4676=VECTOR('',#6832,1.);
#4677=VECTOR('',#6837,1.);
#4678=VECTOR('',#6838,1.);
#4679=VECTOR('',#6841,1.);
#4680=VECTOR('',#6842,1.);
#4681=VECTOR('',#6845,1.);
#4682=VECTOR('',#6846,1.);
#4683=VECTOR('',#6849,1.);
#4684=VECTOR('',#6850,1.);
#4685=VECTOR('',#6853,1.);
#4686=VECTOR('',#6854,1.);
#4687=VECTOR('',#6857,1.);
#4688=VECTOR('',#6858,1.);
#4689=VECTOR('',#6861,1.);
#4690=VECTOR('',#6862,1.);
#4691=VECTOR('',#6865,1.);
#4692=VECTOR('',#6866,1.);
#4693=VECTOR('',#6869,1.);
#4694=VECTOR('',#6870,1.);
#4695=VECTOR('',#6873,1.);
#4696=VECTOR('',#6874,1.);
#4697=VECTOR('',#6877,1.);
#4698=VECTOR('',#6878,1.);
#4699=VECTOR('',#6881,1.);
#4700=VECTOR('',#6882,1.);
#4701=VECTOR('',#6885,1.);
#4702=VECTOR('',#6886,1.);
#4703=VECTOR('',#6887,1.);
#4704=VECTOR('',#6890,1.);
#4705=VECTOR('',#6891,1.);
#4706=VECTOR('',#6892,1.);
#4707=VECTOR('',#6893,1.);
#4708=VECTOR('',#6894,1.);
#4709=VECTOR('',#6895,1.);
#4710=VECTOR('',#6898,1.);
#4711=VECTOR('',#6899,1.);
#4712=VECTOR('',#6902,1.);
#4713=VECTOR('',#6903,1.);
#4714=VECTOR('',#6906,1.);
#4715=VECTOR('',#6907,1.);
#4716=VECTOR('',#6910,1.);
#4717=VECTOR('',#6911,1.);
#4718=VECTOR('',#6914,1.);
#4719=VECTOR('',#6915,1.);
#4720=VECTOR('',#6918,1.);
#4721=VECTOR('',#6919,1.);
#4722=VECTOR('',#6924,1.);
#4723=VECTOR('',#6925,1.);
#4724=VECTOR('',#6926,1.);
#4725=VECTOR('',#6927,1.);
#4726=VECTOR('',#6930,1.);
#4727=VECTOR('',#6931,1.);
#4728=VECTOR('',#6932,1.);
#4729=VECTOR('',#6935,1.);
#4730=VECTOR('',#6936,1.);
#4731=VECTOR('',#6937,1.);
#4732=VECTOR('',#6938,1.);
#4733=VECTOR('',#6939,1.);
#4734=VECTOR('',#6940,1.);
#4735=VECTOR('',#6941,1.);
#4736=VECTOR('',#6942,1.);
#4737=VECTOR('',#6945,1.);
#4738=VECTOR('',#6946,1.);
#4739=VECTOR('',#6949,1.);
#4740=VECTOR('',#6950,1.);
#4741=VECTOR('',#6953,1.);
#4742=VECTOR('',#6954,1.);
#4743=VECTOR('',#6957,1.);
#4744=VECTOR('',#6958,1.);
#4745=VECTOR('',#6961,1.);
#4746=VECTOR('',#6962,1.);
#4747=VECTOR('',#6965,1.);
#4748=VECTOR('',#6966,1.);
#4749=VECTOR('',#6969,1.);
#4750=VECTOR('',#6970,1.);
#4751=VECTOR('',#6971,1.);
#4752=VECTOR('',#6974,1.);
#4753=VECTOR('',#6975,1.);
#4754=VECTOR('',#6976,1.);
#4755=VECTOR('',#6977,1.);
#4756=VECTOR('',#6978,1.);
#4757=VECTOR('',#6979,1.);
#4758=VECTOR('',#6982,1.);
#4759=VECTOR('',#6983,1.);
#4760=VECTOR('',#6984,1.);
#4761=VECTOR('',#6985,1.);
#4762=VECTOR('',#6986,1.);
#4763=VECTOR('',#6989,1.);
#4764=VECTOR('',#6990,1.);
#4765=VECTOR('',#6991,1.);
#4766=VECTOR('',#6994,1.);
#4767=VECTOR('',#6995,1.);
#4768=VECTOR('',#6996,1.);
#4769=VECTOR('',#6997,1.);
#4770=VECTOR('',#6998,1.);
#4771=VECTOR('',#6999,1.);
#4772=VECTOR('',#7002,1.);
#4773=VECTOR('',#7003,1.);
#4774=VECTOR('',#7006,1.);
#4775=VECTOR('',#7007,1.);
#4776=VECTOR('',#7010,1.);
#4777=VECTOR('',#7011,1.);
#4778=VECTOR('',#7012,1.);
#4779=VECTOR('',#7013,1.);
#4780=VECTOR('',#7014,1.);
#4781=VECTOR('',#7015,1.);
#4782=VECTOR('',#7018,1.);
#4783=VECTOR('',#7019,1.);
#4784=VECTOR('',#7020,1.);
#4785=VECTOR('',#7023,1.);
#4786=VECTOR('',#7024,1.);
#4787=VECTOR('',#7027,1.);
#4788=VECTOR('',#7028,1.);
#4789=VECTOR('',#7031,1.);
#4790=VECTOR('',#7032,1.);
#4791=VECTOR('',#7035,1.);
#4792=VECTOR('',#7036,1.);
#4793=VECTOR('',#7037,1.);
#4794=VECTOR('',#7038,1.);
#4795=VECTOR('',#7039,1.);
#4796=VECTOR('',#7040,1.);
#4797=VECTOR('',#7041,1.);
#4798=VECTOR('',#7042,1.);
#4799=VECTOR('',#7043,1.);
#4800=VECTOR('',#7046,1.);
#4801=VECTOR('',#7047,1.);
#4802=VECTOR('',#7048,1.);
#4803=VECTOR('',#7049,1.);
#4804=VECTOR('',#7050,1.);
#4805=VECTOR('',#7051,1.);
#4806=VECTOR('',#7052,1.);
#4807=VECTOR('',#7053,1.);
#4808=VECTOR('',#7054,1.);
#4809=VECTOR('',#7057,1.);
#4810=VECTOR('',#7058,1.);
#4811=VECTOR('',#7059,1.);
#4812=VECTOR('',#7062,1.);
#4813=VECTOR('',#7063,1.);
#4814=VECTOR('',#7066,1.);
#4815=VECTOR('',#7067,1.);
#4816=VECTOR('',#7070,1.);
#4817=VECTOR('',#7071,1.);
#4818=VECTOR('',#7074,1.);
#4819=VECTOR('',#7075,1.);
#4820=VECTOR('',#7078,1.);
#4821=VECTOR('',#7079,1.);
#4822=VECTOR('',#7082,1.);
#4823=VECTOR('',#7083,1.);
#4824=VECTOR('',#7086,1.);
#4825=VECTOR('',#7087,1.);
#4826=VECTOR('',#7090,1.);
#4827=VECTOR('',#7091,1.);
#4828=VECTOR('',#7094,1.);
#4829=VECTOR('',#7095,1.);
#4830=VECTOR('',#7098,1.);
#4831=VECTOR('',#7099,1.);
#4832=VECTOR('',#7100,1.);
#4833=VECTOR('',#7101,1.);
#4834=VECTOR('',#7102,1.);
#4835=VECTOR('',#7103,1.);
#4836=VECTOR('',#7104,1.);
#4837=VECTOR('',#7105,1.);
#4838=VECTOR('',#7106,1.);
#4839=VECTOR('',#7109,1.);
#4840=VECTOR('',#7110,1.);
#4841=VECTOR('',#7111,1.);
#4842=VECTOR('',#7112,1.);
#4843=VECTOR('',#7113,1.);
#4844=VECTOR('',#7114,1.);
#4845=VECTOR('',#7115,1.);
#4846=VECTOR('',#7116,1.);
#4847=VECTOR('',#7117,1.);
#4848=VECTOR('',#7120,1.);
#4849=VECTOR('',#7123,1.);
#4850=VECTOR('',#7134,1.);
#4851=VECTOR('',#7141,1.);
#4852=VECTOR('',#7144,1.);
#4853=VECTOR('',#7151,1.);
#4854=VECTOR('',#7154,1.);
#4855=VECTOR('',#7157,1.);
#4856=VECTOR('',#7160,1.);
#4857=VECTOR('',#7163,1.);
#4858=VECTOR('',#7166,1.);
#4859=VECTOR('',#7169,1.);
#4860=VECTOR('',#7172,1.);
#4861=VECTOR('',#7175,1.);
#4862=EDGE_LOOP('',(#509,#510,#511,#512));
#4863=EDGE_LOOP('',(#513,#514,#515,#516));
#4864=EDGE_LOOP('',(#517,#518,#519,#520));
#4865=EDGE_LOOP('',(#521,#522,#523,#524));
#4866=EDGE_LOOP('',(#525,#526,#527,#528));
#4867=EDGE_LOOP('',(#529,#530,#531,#532));
#4868=EDGE_LOOP('',(#533,#534,#535,#536));
#4869=EDGE_LOOP('',(#537,#538,#539,#540));
#4870=EDGE_LOOP('',(#541,#542,#543,#544));
#4871=EDGE_LOOP('',(#545,#546,#547,#548));
#4872=EDGE_LOOP('',(#549,#550,#551,#552));
#4873=EDGE_LOOP('',(#553,#554,#555,#556));
#4874=EDGE_LOOP('',(#557,#558,#559,#560));
#4875=EDGE_LOOP('',(#561,#562,#563,#564));
#4876=EDGE_LOOP('',(#565,#566,#567,#568));
#4877=EDGE_LOOP('',(#569,#570,#571,#572));
#4878=EDGE_LOOP('',(#573,#574,#575,#576));
#4879=EDGE_LOOP('',(#577,#578,#579,#580));
#4880=EDGE_LOOP('',(#581,#582,#583,#584));
#4881=EDGE_LOOP('',(#585,#586,#587,#588));
#4882=EDGE_LOOP('',(#589,#590,#591,#592));
#4883=EDGE_LOOP('',(#593,#594,#595,#596));
#4884=EDGE_LOOP('',(#597,#598,#599,#600));
#4885=EDGE_LOOP('',(#601,#602,#603,#604));
#4886=EDGE_LOOP('',(#605,#606,#607,#608));
#4887=EDGE_LOOP('',(#609,#610,#611,#612,#613,#614,#615,#616,#617,#618,#619,
#620,#621,#622,#623,#624));
#4888=EDGE_LOOP('',(#625,#626,#627,#628,#629,#630,#631,#632,#633,#634,#635,
#636));
#4889=EDGE_LOOP('',(#637,#638,#639,#640,#641,#642,#643,#644));
#4890=EDGE_LOOP('',(#645,#646,#647,#648));
#4891=EDGE_LOOP('',(#649,#650,#651,#652,#653,#654,#655,#656,#657));
#4892=EDGE_LOOP('',(#658,#659,#660,#661,#662,#663,#664,#665,#666,#667,#668,
#669,#670,#671));
#4893=EDGE_LOOP('',(#672,#673,#674,#675,#676,#677,#678,#679,#680,#681,#682,
#683,#684,#685,#686,#687,#688,#689,#690));
#4894=EDGE_LOOP('',(#691,#692,#693,#694,#695,#696,#697,#698,#699,#700,#701,
#702,#703,#704));
#4895=EDGE_LOOP('',(#705,#706,#707,#708));
#4896=EDGE_LOOP('',(#709,#710,#711,#712));
#4897=EDGE_LOOP('',(#713));
#4898=EDGE_LOOP('',(#714,#715,#716,#717,#718,#719,#720,#721,#722,#723,#724,
#725,#726,#727,#728,#729,#730,#731,#732,#733,#734,#735,#736,#737,#738));
#4899=EDGE_LOOP('',(#739,#740,#741,#742,#743,#744,#745,#746,#747,#748,#749,
#750,#751,#752,#753,#754,#755,#756,#757));
#4900=EDGE_LOOP('',(#758,#759,#760,#761,#762,#763,#764,#765,#766,#767,#768,
#769,#770,#771,#772,#773,#774));
#4901=EDGE_LOOP('',(#775,#776,#777,#778,#779,#780,#781,#782,#783,#784,#785,
#786,#787,#788,#789));
#4902=EDGE_LOOP('',(#790,#791,#792,#793,#794,#795,#796,#797,#798,#799,#800));
#4903=EDGE_LOOP('',(#801,#802,#803,#804,#805,#806,#807,#808,#809,#810,#811,
#812,#813,#814));
#4904=EDGE_LOOP('',(#815,#816,#817,#818,#819,#820));
#4905=EDGE_LOOP('',(#821,#822,#823,#824,#825,#826,#827,#828,#829,#830,#831,
#832,#833,#834,#835));
#4906=EDGE_LOOP('',(#836,#837,#838,#839,#840,#841,#842,#843,#844,#845,#846,
#847));
#4907=EDGE_LOOP('',(#848,#849,#850,#851,#852,#853,#854,#855,#856,#857,#858,
#859,#860,#861,#862));
#4908=EDGE_LOOP('',(#863,#864,#865,#866,#867,#868,#869,#870,#871,#872,#873,
#874,#875,#876,#877,#878,#879,#880,#881,#882,#883,#884,#885,#886,#887));
#4909=EDGE_LOOP('',(#888,#889,#890,#891,#892,#893,#894,#895,#896,#897,#898,
#899,#900,#901,#902,#903));
#4910=EDGE_LOOP('',(#904,#905,#906,#907));
#4911=EDGE_LOOP('',(#908,#909,#910,#911));
#4912=EDGE_LOOP('',(#912,#913,#914,#915));
#4913=EDGE_LOOP('',(#916,#917,#918,#919));
#4914=EDGE_LOOP('',(#920,#921,#922,#923));
#4915=EDGE_LOOP('',(#924,#925,#926,#927));
#4916=EDGE_LOOP('',(#928,#929,#930,#931));
#4917=EDGE_LOOP('',(#932,#933,#934,#935));
#4918=EDGE_LOOP('',(#936,#937,#938,#939));
#4919=EDGE_LOOP('',(#940,#941,#942,#943));
#4920=EDGE_LOOP('',(#944,#945,#946,#947));
#4921=EDGE_LOOP('',(#948,#949,#950,#951));
#4922=EDGE_LOOP('',(#952,#953,#954,#955));
#4923=EDGE_LOOP('',(#956,#957,#958,#959));
#4924=EDGE_LOOP('',(#960,#961,#962,#963));
#4925=EDGE_LOOP('',(#964,#965,#966,#967));
#4926=EDGE_LOOP('',(#968,#969,#970,#971));
#4927=EDGE_LOOP('',(#972,#973,#974,#975));
#4928=EDGE_LOOP('',(#976,#977,#978,#979));
#4929=EDGE_LOOP('',(#980,#981,#982,#983));
#4930=EDGE_LOOP('',(#984,#985,#986,#987));
#4931=EDGE_LOOP('',(#988,#989,#990,#991));
#4932=EDGE_LOOP('',(#992,#993,#994,#995));
#4933=EDGE_LOOP('',(#996,#997,#998,#999));
#4934=EDGE_LOOP('',(#1000,#1001,#1002,#1003));
#4935=EDGE_LOOP('',(#1004,#1005,#1006,#1007));
#4936=EDGE_LOOP('',(#1008,#1009,#1010,#1011));
#4937=EDGE_LOOP('',(#1012,#1013,#1014,#1015));
#4938=EDGE_LOOP('',(#1016,#1017,#1018,#1019));
#4939=EDGE_LOOP('',(#1020,#1021,#1022,#1023));
#4940=EDGE_LOOP('',(#1024,#1025,#1026,#1027));
#4941=EDGE_LOOP('',(#1028,#1029,#1030,#1031));
#4942=EDGE_LOOP('',(#1032,#1033,#1034,#1035));
#4943=EDGE_LOOP('',(#1036,#1037,#1038,#1039));
#4944=EDGE_LOOP('',(#1040,#1041,#1042,#1043));
#4945=EDGE_LOOP('',(#1044,#1045,#1046,#1047));
#4946=EDGE_LOOP('',(#1048,#1049,#1050,#1051));
#4947=EDGE_LOOP('',(#1052,#1053,#1054,#1055));
#4948=EDGE_LOOP('',(#1056,#1057,#1058,#1059));
#4949=EDGE_LOOP('',(#1060,#1061,#1062,#1063));
#4950=EDGE_LOOP('',(#1064,#1065,#1066,#1067));
#4951=EDGE_LOOP('',(#1068,#1069,#1070,#1071));
#4952=EDGE_LOOP('',(#1072,#1073,#1074,#1075));
#4953=EDGE_LOOP('',(#1076,#1077,#1078,#1079));
#4954=EDGE_LOOP('',(#1080,#1081,#1082,#1083));
#4955=EDGE_LOOP('',(#1084,#1085,#1086,#1087));
#4956=EDGE_LOOP('',(#1088,#1089,#1090,#1091));
#4957=EDGE_LOOP('',(#1092,#1093,#1094,#1095));
#4958=EDGE_LOOP('',(#1096,#1097,#1098,#1099));
#4959=EDGE_LOOP('',(#1100,#1101,#1102,#1103));
#4960=EDGE_LOOP('',(#1104,#1105,#1106,#1107));
#4961=EDGE_LOOP('',(#1108,#1109,#1110,#1111));
#4962=EDGE_LOOP('',(#1112,#1113,#1114,#1115));
#4963=EDGE_LOOP('',(#1116,#1117,#1118,#1119));
#4964=EDGE_LOOP('',(#1120,#1121,#1122,#1123));
#4965=EDGE_LOOP('',(#1124,#1125,#1126,#1127));
#4966=EDGE_LOOP('',(#1128,#1129,#1130,#1131));
#4967=EDGE_LOOP('',(#1132,#1133,#1134,#1135));
#4968=EDGE_LOOP('',(#1136,#1137,#1138,#1139));
#4969=EDGE_LOOP('',(#1140,#1141,#1142,#1143));
#4970=EDGE_LOOP('',(#1144,#1145,#1146,#1147));
#4971=EDGE_LOOP('',(#1148,#1149,#1150,#1151));
#4972=EDGE_LOOP('',(#1152,#1153,#1154,#1155));
#4973=EDGE_LOOP('',(#1156,#1157,#1158,#1159));
#4974=EDGE_LOOP('',(#1160,#1161,#1162,#1163));
#4975=EDGE_LOOP('',(#1164,#1165,#1166,#1167));
#4976=EDGE_LOOP('',(#1168,#1169,#1170,#1171));
#4977=EDGE_LOOP('',(#1172,#1173,#1174,#1175));
#4978=EDGE_LOOP('',(#1176,#1177,#1178,#1179));
#4979=EDGE_LOOP('',(#1180,#1181,#1182,#1183));
#4980=EDGE_LOOP('',(#1184,#1185,#1186,#1187));
#4981=EDGE_LOOP('',(#1188,#1189,#1190,#1191));
#4982=EDGE_LOOP('',(#1192,#1193,#1194,#1195));
#4983=EDGE_LOOP('',(#1196,#1197,#1198,#1199));
#4984=EDGE_LOOP('',(#1200,#1201,#1202,#1203));
#4985=EDGE_LOOP('',(#1204,#1205,#1206,#1207));
#4986=EDGE_LOOP('',(#1208,#1209,#1210,#1211));
#4987=EDGE_LOOP('',(#1212,#1213,#1214,#1215));
#4988=EDGE_LOOP('',(#1216,#1217,#1218,#1219));
#4989=EDGE_LOOP('',(#1220,#1221,#1222,#1223));
#4990=EDGE_LOOP('',(#1224,#1225,#1226,#1227));
#4991=EDGE_LOOP('',(#1228,#1229,#1230,#1231));
#4992=EDGE_LOOP('',(#1232,#1233,#1234,#1235));
#4993=EDGE_LOOP('',(#1236,#1237,#1238,#1239));
#4994=EDGE_LOOP('',(#1240,#1241,#1242,#1243));
#4995=EDGE_LOOP('',(#1244,#1245,#1246,#1247));
#4996=EDGE_LOOP('',(#1248,#1249,#1250,#1251));
#4997=EDGE_LOOP('',(#1252,#1253,#1254,#1255));
#4998=EDGE_LOOP('',(#1256,#1257,#1258,#1259));
#4999=EDGE_LOOP('',(#1260,#1261,#1262,#1263));
#5000=EDGE_LOOP('',(#1264,#1265,#1266,#1267));
#5001=EDGE_LOOP('',(#1268,#1269,#1270,#1271));
#5002=EDGE_LOOP('',(#1272,#1273,#1274,#1275));
#5003=EDGE_LOOP('',(#1276,#1277,#1278,#1279));
#5004=EDGE_LOOP('',(#1280,#1281,#1282,#1283));
#5005=EDGE_LOOP('',(#1284,#1285,#1286,#1287));
#5006=EDGE_LOOP('',(#1288,#1289,#1290,#1291));
#5007=EDGE_LOOP('',(#1292,#1293,#1294,#1295));
#5008=EDGE_LOOP('',(#1296,#1297,#1298,#1299));
#5009=EDGE_LOOP('',(#1300,#1301,#1302,#1303));
#5010=EDGE_LOOP('',(#1304,#1305,#1306,#1307));
#5011=EDGE_LOOP('',(#1308,#1309,#1310,#1311));
#5012=EDGE_LOOP('',(#1312,#1313,#1314,#1315));
#5013=EDGE_LOOP('',(#1316,#1317,#1318,#1319));
#5014=EDGE_LOOP('',(#1320,#1321,#1322,#1323));
#5015=EDGE_LOOP('',(#1324,#1325,#1326,#1327));
#5016=EDGE_LOOP('',(#1328,#1329,#1330,#1331));
#5017=EDGE_LOOP('',(#1332,#1333,#1334,#1335));
#5018=EDGE_LOOP('',(#1336,#1337,#1338,#1339));
#5019=EDGE_LOOP('',(#1340,#1341,#1342,#1343));
#5020=EDGE_LOOP('',(#1344,#1345,#1346,#1347));
#5021=EDGE_LOOP('',(#1348,#1349,#1350,#1351));
#5022=EDGE_LOOP('',(#1352,#1353,#1354,#1355));
#5023=EDGE_LOOP('',(#1356,#1357,#1358,#1359));
#5024=EDGE_LOOP('',(#1360,#1361,#1362,#1363));
#5025=EDGE_LOOP('',(#1364,#1365,#1366,#1367));
#5026=EDGE_LOOP('',(#1368,#1369,#1370,#1371));
#5027=EDGE_LOOP('',(#1372,#1373,#1374,#1375));
#5028=EDGE_LOOP('',(#1376,#1377,#1378,#1379));
#5029=EDGE_LOOP('',(#1380,#1381,#1382,#1383));
#5030=EDGE_LOOP('',(#1384,#1385,#1386,#1387));
#5031=EDGE_LOOP('',(#1388,#1389,#1390,#1391));
#5032=EDGE_LOOP('',(#1392,#1393,#1394,#1395));
#5033=EDGE_LOOP('',(#1396,#1397,#1398,#1399));
#5034=EDGE_LOOP('',(#1400,#1401,#1402,#1403));
#5035=EDGE_LOOP('',(#1404,#1405,#1406,#1407));
#5036=EDGE_LOOP('',(#1408,#1409,#1410,#1411));
#5037=EDGE_LOOP('',(#1412,#1413,#1414,#1415));
#5038=EDGE_LOOP('',(#1416,#1417,#1418,#1419));
#5039=EDGE_LOOP('',(#1420,#1421,#1422,#1423));
#5040=EDGE_LOOP('',(#1424,#1425,#1426,#1427));
#5041=EDGE_LOOP('',(#1428,#1429,#1430,#1431));
#5042=EDGE_LOOP('',(#1432,#1433,#1434,#1435));
#5043=EDGE_LOOP('',(#1436,#1437,#1438,#1439));
#5044=EDGE_LOOP('',(#1440,#1441,#1442,#1443));
#5045=EDGE_LOOP('',(#1444,#1445,#1446,#1447));
#5046=EDGE_LOOP('',(#1448,#1449,#1450,#1451));
#5047=EDGE_LOOP('',(#1452,#1453,#1454,#1455));
#5048=EDGE_LOOP('',(#1456,#1457,#1458,#1459));
#5049=EDGE_LOOP('',(#1460,#1461,#1462,#1463));
#5050=EDGE_LOOP('',(#1464,#1465,#1466,#1467));
#5051=EDGE_LOOP('',(#1468,#1469,#1470,#1471));
#5052=EDGE_LOOP('',(#1472,#1473,#1474,#1475));
#5053=EDGE_LOOP('',(#1476,#1477,#1478,#1479));
#5054=EDGE_LOOP('',(#1480,#1481,#1482,#1483));
#5055=EDGE_LOOP('',(#1484,#1485,#1486,#1487));
#5056=EDGE_LOOP('',(#1488,#1489,#1490,#1491));
#5057=EDGE_LOOP('',(#1492,#1493,#1494,#1495));
#5058=EDGE_LOOP('',(#1496,#1497,#1498,#1499));
#5059=EDGE_LOOP('',(#1500,#1501,#1502,#1503));
#5060=EDGE_LOOP('',(#1504,#1505,#1506,#1507));
#5061=EDGE_LOOP('',(#1508,#1509,#1510,#1511));
#5062=EDGE_LOOP('',(#1512,#1513,#1514,#1515));
#5063=EDGE_LOOP('',(#1516,#1517,#1518,#1519));
#5064=EDGE_LOOP('',(#1520,#1521,#1522,#1523));
#5065=EDGE_LOOP('',(#1524,#1525,#1526,#1527));
#5066=EDGE_LOOP('',(#1528,#1529,#1530,#1531));
#5067=EDGE_LOOP('',(#1532,#1533,#1534,#1535));
#5068=EDGE_LOOP('',(#1536,#1537,#1538,#1539));
#5069=EDGE_LOOP('',(#1540,#1541,#1542,#1543));
#5070=EDGE_LOOP('',(#1544,#1545,#1546,#1547));
#5071=EDGE_LOOP('',(#1548,#1549,#1550,#1551));
#5072=EDGE_LOOP('',(#1552,#1553,#1554,#1555));
#5073=EDGE_LOOP('',(#1556,#1557,#1558,#1559));
#5074=EDGE_LOOP('',(#1560,#1561,#1562,#1563));
#5075=EDGE_LOOP('',(#1564,#1565,#1566,#1567));
#5076=EDGE_LOOP('',(#1568,#1569,#1570,#1571));
#5077=EDGE_LOOP('',(#1572,#1573,#1574,#1575));
#5078=EDGE_LOOP('',(#1576,#1577,#1578,#1579));
#5079=EDGE_LOOP('',(#1580,#1581,#1582,#1583));
#5080=EDGE_LOOP('',(#1584,#1585,#1586,#1587));
#5081=EDGE_LOOP('',(#1588,#1589,#1590,#1591));
#5082=EDGE_LOOP('',(#1592,#1593,#1594,#1595));
#5083=EDGE_LOOP('',(#1596,#1597,#1598,#1599));
#5084=EDGE_LOOP('',(#1600,#1601,#1602,#1603));
#5085=EDGE_LOOP('',(#1604,#1605,#1606,#1607));
#5086=EDGE_LOOP('',(#1608,#1609,#1610,#1611));
#5087=EDGE_LOOP('',(#1612,#1613,#1614,#1615));
#5088=EDGE_LOOP('',(#1616,#1617,#1618,#1619));
#5089=EDGE_LOOP('',(#1620,#1621,#1622,#1623));
#5090=EDGE_LOOP('',(#1624,#1625,#1626,#1627));
#5091=EDGE_LOOP('',(#1628,#1629,#1630,#1631));
#5092=EDGE_LOOP('',(#1632,#1633,#1634,#1635));
#5093=EDGE_LOOP('',(#1636,#1637,#1638,#1639));
#5094=EDGE_LOOP('',(#1640,#1641,#1642,#1643));
#5095=EDGE_LOOP('',(#1644,#1645,#1646,#1647));
#5096=EDGE_LOOP('',(#1648,#1649,#1650,#1651));
#5097=EDGE_LOOP('',(#1652,#1653,#1654,#1655));
#5098=EDGE_LOOP('',(#1656,#1657,#1658,#1659));
#5099=EDGE_LOOP('',(#1660,#1661,#1662,#1663));
#5100=EDGE_LOOP('',(#1664,#1665,#1666,#1667));
#5101=EDGE_LOOP('',(#1668,#1669,#1670,#1671));
#5102=EDGE_LOOP('',(#1672,#1673,#1674,#1675));
#5103=EDGE_LOOP('',(#1676,#1677,#1678,#1679));
#5104=EDGE_LOOP('',(#1680,#1681,#1682,#1683));
#5105=EDGE_LOOP('',(#1684,#1685,#1686,#1687));
#5106=EDGE_LOOP('',(#1688,#1689,#1690,#1691));
#5107=EDGE_LOOP('',(#1692,#1693,#1694,#1695));
#5108=EDGE_LOOP('',(#1696,#1697,#1698,#1699));
#5109=EDGE_LOOP('',(#1700,#1701,#1702,#1703));
#5110=EDGE_LOOP('',(#1704,#1705,#1706,#1707));
#5111=EDGE_LOOP('',(#1708,#1709,#1710,#1711));
#5112=EDGE_LOOP('',(#1712,#1713,#1714,#1715));
#5113=EDGE_LOOP('',(#1716,#1717,#1718,#1719));
#5114=EDGE_LOOP('',(#1720,#1721,#1722,#1723));
#5115=EDGE_LOOP('',(#1724,#1725,#1726,#1727));
#5116=EDGE_LOOP('',(#1728,#1729,#1730,#1731));
#5117=EDGE_LOOP('',(#1732,#1733,#1734,#1735));
#5118=EDGE_LOOP('',(#1736,#1737,#1738,#1739));
#5119=EDGE_LOOP('',(#1740,#1741,#1742,#1743));
#5120=EDGE_LOOP('',(#1744,#1745,#1746,#1747));
#5121=EDGE_LOOP('',(#1748,#1749,#1750,#1751));
#5122=EDGE_LOOP('',(#1752,#1753,#1754,#1755));
#5123=EDGE_LOOP('',(#1756,#1757,#1758,#1759));
#5124=EDGE_LOOP('',(#1760,#1761,#1762,#1763));
#5125=EDGE_LOOP('',(#1764,#1765,#1766,#1767));
#5126=EDGE_LOOP('',(#1768,#1769,#1770,#1771));
#5127=EDGE_LOOP('',(#1772,#1773,#1774,#1775));
#5128=EDGE_LOOP('',(#1776,#1777,#1778,#1779));
#5129=EDGE_LOOP('',(#1780,#1781,#1782,#1783));
#5130=EDGE_LOOP('',(#1784,#1785,#1786,#1787));
#5131=EDGE_LOOP('',(#1788,#1789,#1790,#1791));
#5132=EDGE_LOOP('',(#1792,#1793,#1794,#1795));
#5133=EDGE_LOOP('',(#1796,#1797,#1798,#1799));
#5134=EDGE_LOOP('',(#1800,#1801,#1802,#1803));
#5135=EDGE_LOOP('',(#1804,#1805,#1806,#1807));
#5136=EDGE_LOOP('',(#1808,#1809,#1810,#1811));
#5137=EDGE_LOOP('',(#1812,#1813,#1814,#1815));
#5138=EDGE_LOOP('',(#1816,#1817,#1818,#1819));
#5139=EDGE_LOOP('',(#1820,#1821,#1822,#1823));
#5140=EDGE_LOOP('',(#1824,#1825,#1826,#1827));
#5141=EDGE_LOOP('',(#1828,#1829,#1830,#1831));
#5142=EDGE_LOOP('',(#1832,#1833,#1834,#1835));
#5143=EDGE_LOOP('',(#1836,#1837,#1838,#1839));
#5144=EDGE_LOOP('',(#1840,#1841,#1842,#1843));
#5145=EDGE_LOOP('',(#1844,#1845,#1846,#1847));
#5146=EDGE_LOOP('',(#1848,#1849,#1850,#1851));
#5147=EDGE_LOOP('',(#1852,#1853,#1854,#1855));
#5148=EDGE_LOOP('',(#1856,#1857,#1858,#1859));
#5149=EDGE_LOOP('',(#1860,#1861,#1862,#1863));
#5150=EDGE_LOOP('',(#1864,#1865,#1866,#1867));
#5151=EDGE_LOOP('',(#1868,#1869,#1870,#1871));
#5152=EDGE_LOOP('',(#1872));
#5153=EDGE_LOOP('',(#1873));
#5154=EDGE_LOOP('',(#1874,#1875,#1876,#1877));
#5155=EDGE_LOOP('',(#1878,#1879,#1880,#1881));
#5156=EDGE_LOOP('',(#1882,#1883,#1884,#1885));
#5157=EDGE_LOOP('',(#1886,#1887,#1888,#1889));
#5158=EDGE_LOOP('',(#1890,#1891,#1892,#1893));
#5159=EDGE_LOOP('',(#1894,#1895,#1896,#1897));
#5160=EDGE_LOOP('',(#1898,#1899,#1900,#1901));
#5161=EDGE_LOOP('',(#1902,#1903,#1904,#1905));
#5162=EDGE_LOOP('',(#1906,#1907,#1908,#1909));
#5163=EDGE_LOOP('',(#1910,#1911,#1912,#1913));
#5164=EDGE_LOOP('',(#1914,#1915,#1916,#1917));
#5165=EDGE_LOOP('',(#1918,#1919,#1920,#1921,#1922,#1923,#1924,#1925,#1926,
#1927,#1928,#1929,#1930,#1931,#1932,#1933,#1934,#1935,#1936,#1937,#1938,
#1939,#1940,#1941,#1942));
#5166=EDGE_LOOP('',(#1943,#1944,#1945,#1946,#1947,#1948,#1949,#1950,#1951,
#1952,#1953,#1954,#1955,#1956,#1957));
#5167=EDGE_LOOP('',(#1958,#1959,#1960,#1961,#1962,#1963,#1964,#1965,#1966,
#1967,#1968,#1969));
#5168=EDGE_LOOP('',(#1970,#1971,#1972,#1973,#1974,#1975,#1976,#1977,#1978,
#1979,#1980,#1981,#1982,#1983,#1984));
#5169=EDGE_LOOP('',(#1985,#1986,#1987,#1988,#1989,#1990));
#5170=EDGE_LOOP('',(#1991,#1992,#1993,#1994,#1995,#1996,#1997,#1998,#1999,
#2000,#2001,#2002,#2003,#2004));
#5171=EDGE_LOOP('',(#2005,#2006,#2007,#2008,#2009,#2010,#2011,#2012,#2013,
#2014,#2015));
#5172=EDGE_LOOP('',(#2016,#2017,#2018,#2019,#2020,#2021,#2022,#2023,#2024,
#2025,#2026,#2027,#2028,#2029,#2030));
#5173=EDGE_LOOP('',(#2031,#2032,#2033,#2034,#2035,#2036,#2037,#2038,#2039,
#2040,#2041,#2042,#2043,#2044,#2045,#2046,#2047));
#5174=EDGE_LOOP('',(#2048,#2049,#2050,#2051,#2052,#2053,#2054,#2055,#2056,
#2057,#2058,#2059,#2060,#2061,#2062,#2063,#2064,#2065,#2066));
#5175=EDGE_LOOP('',(#2067,#2068,#2069,#2070,#2071,#2072,#2073,#2074,#2075,
#2076,#2077,#2078,#2079,#2080,#2081,#2082,#2083,#2084,#2085,#2086,#2087,
#2088,#2089,#2090,#2091));
#5176=EDGE_LOOP('',(#2092));
#5177=EDGE_LOOP('',(#2093,#2094,#2095,#2096));
#5178=EDGE_LOOP('',(#2097,#2098,#2099,#2100));
#5179=EDGE_LOOP('',(#2101,#2102,#2103,#2104,#2105,#2106,#2107,#2108,#2109,
#2110,#2111,#2112,#2113,#2114));
#5180=EDGE_LOOP('',(#2115,#2116,#2117,#2118,#2119,#2120,#2121,#2122,#2123,
#2124,#2125,#2126,#2127,#2128,#2129,#2130,#2131,#2132,#2133));
#5181=EDGE_LOOP('',(#2134,#2135,#2136,#2137,#2138,#2139,#2140,#2141,#2142,
#2143,#2144,#2145,#2146,#2147));
#5182=EDGE_LOOP('',(#2148,#2149,#2150,#2151,#2152,#2153,#2154,#2155,#2156));
#5183=EDGE_LOOP('',(#2157,#2158,#2159,#2160));
#5184=EDGE_LOOP('',(#2161,#2162,#2163,#2164,#2165,#2166,#2167,#2168));
#5185=EDGE_LOOP('',(#2169,#2170,#2171,#2172,#2173,#2174,#2175,#2176,#2177,
#2178,#2179,#2180));
#5186=EDGE_LOOP('',(#2181,#2182,#2183,#2184));
#5187=EDGE_LOOP('',(#2185,#2186,#2187,#2188));
#5188=EDGE_LOOP('',(#2189,#2190,#2191,#2192));
#5189=EDGE_LOOP('',(#2193,#2194,#2195,#2196));
#5190=EDGE_LOOP('',(#2197,#2198,#2199,#2200));
#5191=EDGE_LOOP('',(#2201,#2202,#2203,#2204));
#5192=EDGE_LOOP('',(#2205,#2206,#2207,#2208));
#5193=EDGE_LOOP('',(#2209,#2210,#2211,#2212));
#5194=EDGE_LOOP('',(#2213,#2214,#2215,#2216));
#5195=EDGE_LOOP('',(#2217,#2218,#2219,#2220));
#5196=EDGE_LOOP('',(#2221,#2222,#2223,#2224));
#5197=EDGE_LOOP('',(#2225,#2226,#2227,#2228));
#5198=EDGE_LOOP('',(#2229,#2230,#2231,#2232));
#5199=EDGE_LOOP('',(#2233,#2234,#2235,#2236));
#5200=EDGE_LOOP('',(#2237,#2238,#2239,#2240));
#5201=EDGE_LOOP('',(#2241,#2242,#2243,#2244));
#5202=EDGE_LOOP('',(#2245,#2246,#2247,#2248));
#5203=EDGE_LOOP('',(#2249,#2250,#2251,#2252));
#5204=EDGE_LOOP('',(#2253,#2254,#2255,#2256));
#5205=EDGE_LOOP('',(#2257,#2258,#2259,#2260));
#5206=EDGE_LOOP('',(#2261,#2262,#2263,#2264));
#5207=EDGE_LOOP('',(#2265,#2266,#2267,#2268));
#5208=EDGE_LOOP('',(#2269,#2270,#2271,#2272));
#5209=EDGE_LOOP('',(#2273,#2274,#2275,#2276));
#5210=EDGE_LOOP('',(#2277,#2278,#2279,#2280));
#5211=FACE_BOUND('',#4862,.T.);
#5212=FACE_BOUND('',#4863,.T.);
#5213=FACE_BOUND('',#4864,.T.);
#5214=FACE_BOUND('',#4865,.T.);
#5215=FACE_BOUND('',#4866,.T.);
#5216=FACE_BOUND('',#4867,.T.);
#5217=FACE_BOUND('',#4868,.T.);
#5218=FACE_BOUND('',#4869,.T.);
#5219=FACE_BOUND('',#4870,.T.);
#5220=FACE_BOUND('',#4871,.T.);
#5221=FACE_BOUND('',#4872,.T.);
#5222=FACE_BOUND('',#4873,.T.);
#5223=FACE_BOUND('',#4874,.T.);
#5224=FACE_BOUND('',#4875,.T.);
#5225=FACE_BOUND('',#4876,.T.);
#5226=FACE_BOUND('',#4877,.T.);
#5227=FACE_BOUND('',#4878,.T.);
#5228=FACE_BOUND('',#4879,.T.);
#5229=FACE_BOUND('',#4880,.T.);
#5230=FACE_BOUND('',#4881,.T.);
#5231=FACE_BOUND('',#4882,.T.);
#5232=FACE_BOUND('',#4883,.T.);
#5233=FACE_BOUND('',#4884,.T.);
#5234=FACE_BOUND('',#4885,.T.);
#5235=FACE_BOUND('',#4886,.T.);
#5236=FACE_BOUND('',#4887,.T.);
#5237=FACE_BOUND('',#4888,.T.);
#5238=FACE_BOUND('',#4889,.T.);
#5239=FACE_BOUND('',#4890,.T.);
#5240=FACE_BOUND('',#4891,.T.);
#5241=FACE_BOUND('',#4892,.T.);
#5242=FACE_BOUND('',#4893,.T.);
#5243=FACE_BOUND('',#4894,.T.);
#5244=FACE_BOUND('',#4895,.T.);
#5245=FACE_BOUND('',#4896,.T.);
#5246=FACE_BOUND('',#4897,.T.);
#5247=FACE_BOUND('',#4898,.T.);
#5248=FACE_BOUND('',#4899,.T.);
#5249=FACE_BOUND('',#4900,.T.);
#5250=FACE_BOUND('',#4901,.T.);
#5251=FACE_BOUND('',#4902,.T.);
#5252=FACE_BOUND('',#4903,.T.);
#5253=FACE_BOUND('',#4904,.T.);
#5254=FACE_BOUND('',#4905,.T.);
#5255=FACE_BOUND('',#4906,.T.);
#5256=FACE_BOUND('',#4907,.T.);
#5257=FACE_BOUND('',#4908,.T.);
#5258=FACE_BOUND('',#4909,.T.);
#5259=FACE_BOUND('',#4910,.T.);
#5260=FACE_BOUND('',#4911,.T.);
#5261=FACE_BOUND('',#4912,.T.);
#5262=FACE_BOUND('',#4913,.T.);
#5263=FACE_BOUND('',#4914,.T.);
#5264=FACE_BOUND('',#4915,.T.);
#5265=FACE_BOUND('',#4916,.T.);
#5266=FACE_BOUND('',#4917,.T.);
#5267=FACE_BOUND('',#4918,.T.);
#5268=FACE_BOUND('',#4919,.T.);
#5269=FACE_BOUND('',#4920,.T.);
#5270=FACE_BOUND('',#4921,.T.);
#5271=FACE_BOUND('',#4922,.T.);
#5272=FACE_BOUND('',#4923,.T.);
#5273=FACE_BOUND('',#4924,.T.);
#5274=FACE_BOUND('',#4925,.T.);
#5275=FACE_BOUND('',#4926,.T.);
#5276=FACE_BOUND('',#4927,.T.);
#5277=FACE_BOUND('',#4928,.T.);
#5278=FACE_BOUND('',#4929,.T.);
#5279=FACE_BOUND('',#4930,.T.);
#5280=FACE_BOUND('',#4931,.T.);
#5281=FACE_BOUND('',#4932,.T.);
#5282=FACE_BOUND('',#4933,.T.);
#5283=FACE_BOUND('',#4934,.T.);
#5284=FACE_BOUND('',#4935,.T.);
#5285=FACE_BOUND('',#4936,.T.);
#5286=FACE_BOUND('',#4937,.T.);
#5287=FACE_BOUND('',#4938,.T.);
#5288=FACE_BOUND('',#4939,.T.);
#5289=FACE_BOUND('',#4940,.T.);
#5290=FACE_BOUND('',#4941,.T.);
#5291=FACE_BOUND('',#4942,.T.);
#5292=FACE_BOUND('',#4943,.T.);
#5293=FACE_BOUND('',#4944,.T.);
#5294=FACE_BOUND('',#4945,.T.);
#5295=FACE_BOUND('',#4946,.T.);
#5296=FACE_BOUND('',#4947,.T.);
#5297=FACE_BOUND('',#4948,.T.);
#5298=FACE_BOUND('',#4949,.T.);
#5299=FACE_BOUND('',#4950,.T.);
#5300=FACE_BOUND('',#4951,.T.);
#5301=FACE_BOUND('',#4952,.T.);
#5302=FACE_BOUND('',#4953,.T.);
#5303=FACE_BOUND('',#4954,.T.);
#5304=FACE_BOUND('',#4955,.T.);
#5305=FACE_BOUND('',#4956,.T.);
#5306=FACE_BOUND('',#4957,.T.);
#5307=FACE_BOUND('',#4958,.T.);
#5308=FACE_BOUND('',#4959,.T.);
#5309=FACE_BOUND('',#4960,.T.);
#5310=FACE_BOUND('',#4961,.T.);
#5311=FACE_BOUND('',#4962,.T.);
#5312=FACE_BOUND('',#4963,.T.);
#5313=FACE_BOUND('',#4964,.T.);
#5314=FACE_BOUND('',#4965,.T.);
#5315=FACE_BOUND('',#4966,.T.);
#5316=FACE_BOUND('',#4967,.T.);
#5317=FACE_BOUND('',#4968,.T.);
#5318=FACE_BOUND('',#4969,.T.);
#5319=FACE_BOUND('',#4970,.T.);
#5320=FACE_BOUND('',#4971,.T.);
#5321=FACE_BOUND('',#4972,.T.);
#5322=FACE_BOUND('',#4973,.T.);
#5323=FACE_BOUND('',#4974,.T.);
#5324=FACE_BOUND('',#4975,.T.);
#5325=FACE_BOUND('',#4976,.T.);
#5326=FACE_BOUND('',#4977,.T.);
#5327=FACE_BOUND('',#4978,.T.);
#5328=FACE_BOUND('',#4979,.T.);
#5329=FACE_BOUND('',#4980,.T.);
#5330=FACE_BOUND('',#4981,.T.);
#5331=FACE_BOUND('',#4982,.T.);
#5332=FACE_BOUND('',#4983,.T.);
#5333=FACE_BOUND('',#4984,.T.);
#5334=FACE_BOUND('',#4985,.T.);
#5335=FACE_BOUND('',#4986,.T.);
#5336=FACE_BOUND('',#4987,.T.);
#5337=FACE_BOUND('',#4988,.T.);
#5338=FACE_BOUND('',#4989,.T.);
#5339=FACE_BOUND('',#4990,.T.);
#5340=FACE_BOUND('',#4991,.T.);
#5341=FACE_BOUND('',#4992,.T.);
#5342=FACE_BOUND('',#4993,.T.);
#5343=FACE_BOUND('',#4994,.T.);
#5344=FACE_BOUND('',#4995,.T.);
#5345=FACE_BOUND('',#4996,.T.);
#5346=FACE_BOUND('',#4997,.T.);
#5347=FACE_BOUND('',#4998,.T.);
#5348=FACE_BOUND('',#4999,.T.);
#5349=FACE_BOUND('',#5000,.T.);
#5350=FACE_BOUND('',#5001,.T.);
#5351=FACE_BOUND('',#5002,.T.);
#5352=FACE_BOUND('',#5003,.T.);
#5353=FACE_BOUND('',#5004,.T.);
#5354=FACE_BOUND('',#5005,.T.);
#5355=FACE_BOUND('',#5006,.T.);
#5356=FACE_BOUND('',#5007,.T.);
#5357=FACE_BOUND('',#5008,.T.);
#5358=FACE_BOUND('',#5009,.T.);
#5359=FACE_BOUND('',#5010,.T.);
#5360=FACE_BOUND('',#5011,.T.);
#5361=FACE_BOUND('',#5012,.T.);
#5362=FACE_BOUND('',#5013,.T.);
#5363=FACE_BOUND('',#5014,.T.);
#5364=FACE_BOUND('',#5015,.T.);
#5365=FACE_BOUND('',#5016,.T.);
#5366=FACE_BOUND('',#5017,.T.);
#5367=FACE_BOUND('',#5018,.T.);
#5368=FACE_BOUND('',#5019,.T.);
#5369=FACE_BOUND('',#5020,.T.);
#5370=FACE_BOUND('',#5021,.T.);
#5371=FACE_BOUND('',#5022,.T.);
#5372=FACE_BOUND('',#5023,.T.);
#5373=FACE_BOUND('',#5024,.T.);
#5374=FACE_BOUND('',#5025,.T.);
#5375=FACE_BOUND('',#5026,.T.);
#5376=FACE_BOUND('',#5027,.T.);
#5377=FACE_BOUND('',#5028,.T.);
#5378=FACE_BOUND('',#5029,.T.);
#5379=FACE_BOUND('',#5030,.T.);
#5380=FACE_BOUND('',#5031,.T.);
#5381=FACE_BOUND('',#5032,.T.);
#5382=FACE_BOUND('',#5033,.T.);
#5383=FACE_BOUND('',#5034,.T.);
#5384=FACE_BOUND('',#5035,.T.);
#5385=FACE_BOUND('',#5036,.T.);
#5386=FACE_BOUND('',#5037,.T.);
#5387=FACE_BOUND('',#5038,.T.);
#5388=FACE_BOUND('',#5039,.T.);
#5389=FACE_BOUND('',#5040,.T.);
#5390=FACE_BOUND('',#5041,.T.);
#5391=FACE_BOUND('',#5042,.T.);
#5392=FACE_BOUND('',#5043,.T.);
#5393=FACE_BOUND('',#5044,.T.);
#5394=FACE_BOUND('',#5045,.T.);
#5395=FACE_BOUND('',#5046,.T.);
#5396=FACE_BOUND('',#5047,.T.);
#5397=FACE_BOUND('',#5048,.T.);
#5398=FACE_BOUND('',#5049,.T.);
#5399=FACE_BOUND('',#5050,.T.);
#5400=FACE_BOUND('',#5051,.T.);
#5401=FACE_BOUND('',#5052,.T.);
#5402=FACE_BOUND('',#5053,.T.);
#5403=FACE_BOUND('',#5054,.T.);
#5404=FACE_BOUND('',#5055,.T.);
#5405=FACE_BOUND('',#5056,.T.);
#5406=FACE_BOUND('',#5057,.T.);
#5407=FACE_BOUND('',#5058,.T.);
#5408=FACE_BOUND('',#5059,.T.);
#5409=FACE_BOUND('',#5060,.T.);
#5410=FACE_BOUND('',#5061,.T.);
#5411=FACE_BOUND('',#5062,.T.);
#5412=FACE_BOUND('',#5063,.T.);
#5413=FACE_BOUND('',#5064,.T.);
#5414=FACE_BOUND('',#5065,.T.);
#5415=FACE_BOUND('',#5066,.T.);
#5416=FACE_BOUND('',#5067,.T.);
#5417=FACE_BOUND('',#5068,.T.);
#5418=FACE_BOUND('',#5069,.T.);
#5419=FACE_BOUND('',#5070,.T.);
#5420=FACE_BOUND('',#5071,.T.);
#5421=FACE_BOUND('',#5072,.T.);
#5422=FACE_BOUND('',#5073,.T.);
#5423=FACE_BOUND('',#5074,.T.);
#5424=FACE_BOUND('',#5075,.T.);
#5425=FACE_BOUND('',#5076,.T.);
#5426=FACE_BOUND('',#5077,.T.);
#5427=FACE_BOUND('',#5078,.T.);
#5428=FACE_BOUND('',#5079,.T.);
#5429=FACE_BOUND('',#5080,.T.);
#5430=FACE_BOUND('',#5081,.T.);
#5431=FACE_BOUND('',#5082,.T.);
#5432=FACE_BOUND('',#5083,.T.);
#5433=FACE_BOUND('',#5084,.T.);
#5434=FACE_BOUND('',#5085,.T.);
#5435=FACE_BOUND('',#5086,.T.);
#5436=FACE_BOUND('',#5087,.T.);
#5437=FACE_BOUND('',#5088,.T.);
#5438=FACE_BOUND('',#5089,.T.);
#5439=FACE_BOUND('',#5090,.T.);
#5440=FACE_BOUND('',#5091,.T.);
#5441=FACE_BOUND('',#5092,.T.);
#5442=FACE_BOUND('',#5093,.T.);
#5443=FACE_BOUND('',#5094,.T.);
#5444=FACE_BOUND('',#5095,.T.);
#5445=FACE_BOUND('',#5096,.T.);
#5446=FACE_BOUND('',#5097,.T.);
#5447=FACE_BOUND('',#5098,.T.);
#5448=FACE_BOUND('',#5099,.T.);
#5449=FACE_BOUND('',#5100,.T.);
#5450=FACE_BOUND('',#5101,.T.);
#5451=FACE_BOUND('',#5102,.T.);
#5452=FACE_BOUND('',#5103,.T.);
#5453=FACE_BOUND('',#5104,.T.);
#5454=FACE_BOUND('',#5105,.T.);
#5455=FACE_BOUND('',#5106,.T.);
#5456=FACE_BOUND('',#5107,.T.);
#5457=FACE_BOUND('',#5108,.T.);
#5458=FACE_BOUND('',#5109,.T.);
#5459=FACE_BOUND('',#5110,.T.);
#5460=FACE_BOUND('',#5111,.T.);
#5461=FACE_BOUND('',#5112,.T.);
#5462=FACE_BOUND('',#5113,.T.);
#5463=FACE_BOUND('',#5114,.T.);
#5464=FACE_BOUND('',#5115,.T.);
#5465=FACE_BOUND('',#5116,.T.);
#5466=FACE_BOUND('',#5117,.T.);
#5467=FACE_BOUND('',#5118,.T.);
#5468=FACE_BOUND('',#5119,.T.);
#5469=FACE_BOUND('',#5120,.T.);
#5470=FACE_BOUND('',#5121,.T.);
#5471=FACE_BOUND('',#5122,.T.);
#5472=FACE_BOUND('',#5123,.T.);
#5473=FACE_BOUND('',#5124,.T.);
#5474=FACE_BOUND('',#5125,.T.);
#5475=FACE_BOUND('',#5126,.T.);
#5476=FACE_BOUND('',#5127,.T.);
#5477=FACE_BOUND('',#5128,.T.);
#5478=FACE_BOUND('',#5129,.T.);
#5479=FACE_BOUND('',#5130,.T.);
#5480=FACE_BOUND('',#5131,.T.);
#5481=FACE_BOUND('',#5132,.T.);
#5482=FACE_BOUND('',#5133,.T.);
#5483=FACE_BOUND('',#5134,.T.);
#5484=FACE_BOUND('',#5135,.T.);
#5485=FACE_BOUND('',#5136,.T.);
#5486=FACE_BOUND('',#5137,.T.);
#5487=FACE_BOUND('',#5138,.T.);
#5488=FACE_BOUND('',#5139,.T.);
#5489=FACE_BOUND('',#5140,.T.);
#5490=FACE_BOUND('',#5141,.T.);
#5491=FACE_BOUND('',#5142,.T.);
#5492=FACE_BOUND('',#5143,.T.);
#5493=FACE_BOUND('',#5144,.T.);
#5494=FACE_BOUND('',#5145,.T.);
#5495=FACE_BOUND('',#5146,.T.);
#5496=FACE_BOUND('',#5147,.T.);
#5497=FACE_BOUND('',#5148,.T.);
#5498=FACE_BOUND('',#5149,.T.);
#5499=FACE_BOUND('',#5150,.T.);
#5500=FACE_BOUND('',#5151,.T.);
#5501=FACE_BOUND('',#5152,.T.);
#5502=FACE_BOUND('',#5153,.T.);
#5503=FACE_BOUND('',#5154,.T.);
#5504=FACE_BOUND('',#5155,.T.);
#5505=FACE_BOUND('',#5156,.T.);
#5506=FACE_BOUND('',#5157,.T.);
#5507=FACE_BOUND('',#5158,.T.);
#5508=FACE_BOUND('',#5159,.T.);
#5509=FACE_BOUND('',#5160,.T.);
#5510=FACE_BOUND('',#5161,.T.);
#5511=FACE_BOUND('',#5162,.T.);
#5512=FACE_BOUND('',#5163,.T.);
#5513=FACE_BOUND('',#5164,.T.);
#5514=FACE_BOUND('',#5165,.T.);
#5515=FACE_BOUND('',#5166,.T.);
#5516=FACE_BOUND('',#5167,.T.);
#5517=FACE_BOUND('',#5168,.T.);
#5518=FACE_BOUND('',#5169,.T.);
#5519=FACE_BOUND('',#5170,.T.);
#5520=FACE_BOUND('',#5171,.T.);
#5521=FACE_BOUND('',#5172,.T.);
#5522=FACE_BOUND('',#5173,.T.);
#5523=FACE_BOUND('',#5174,.T.);
#5524=FACE_BOUND('',#5175,.T.);
#5525=FACE_BOUND('',#5176,.T.);
#5526=FACE_BOUND('',#5177,.T.);
#5527=FACE_BOUND('',#5178,.T.);
#5528=FACE_BOUND('',#5179,.T.);
#5529=FACE_BOUND('',#5180,.T.);
#5530=FACE_BOUND('',#5181,.T.);
#5531=FACE_BOUND('',#5182,.T.);
#5532=FACE_BOUND('',#5183,.T.);
#5533=FACE_BOUND('',#5184,.T.);
#5534=FACE_BOUND('',#5185,.T.);
#5535=FACE_BOUND('',#5186,.T.);
#5536=FACE_BOUND('',#5187,.T.);
#5537=FACE_BOUND('',#5188,.T.);
#5538=FACE_BOUND('',#5189,.T.);
#5539=FACE_BOUND('',#5190,.T.);
#5540=FACE_BOUND('',#5191,.T.);
#5541=FACE_BOUND('',#5192,.T.);
#5542=FACE_BOUND('',#5193,.T.);
#5543=FACE_BOUND('',#5194,.T.);
#5544=FACE_BOUND('',#5195,.T.);
#5545=FACE_BOUND('',#5196,.T.);
#5546=FACE_BOUND('',#5197,.T.);
#5547=FACE_BOUND('',#5198,.T.);
#5548=FACE_BOUND('',#5199,.T.);
#5549=FACE_BOUND('',#5200,.T.);
#5550=FACE_BOUND('',#5201,.T.);
#5551=FACE_BOUND('',#5202,.T.);
#5552=FACE_BOUND('',#5203,.T.);
#5553=FACE_BOUND('',#5204,.T.);
#5554=FACE_BOUND('',#5205,.T.);
#5555=FACE_BOUND('',#5206,.T.);
#5556=FACE_BOUND('',#5207,.T.);
#5557=FACE_BOUND('',#5208,.T.);
#5558=FACE_BOUND('',#5209,.T.);
#5559=FACE_BOUND('',#5210,.T.);
#5560=B_SPLINE_SURFACE_WITH_KNOTS('',3,1,((#7197,#7198),(#7199,#7200),(#7201,
#7202),(#7203,#7204),(#7205,#7206)),.SURF_OF_LINEAR_EXTRUSION.,.F.,.F.,
 .F.,(4,1,4),(2,2),(0.978825636887168,0.990624613378238,1.00242358986931),
(0.,1.),.UNSPECIFIED.);
#5561=B_SPLINE_SURFACE_WITH_KNOTS('',3,1,((#7221,#7222),(#7223,#7224),(#7225,
#7226),(#7227,#7228),(#7229,#7230),(#7231,#7232),(#7233,#7234),(#7235,#7236),
(#7237,#7238),(#7239,#7240),(#7241,#7242),(#7243,#7244),(#7245,#7246),(#7247,
#7248),(#7249,#7250),(#7251,#7252),(#7253,#7254),(#7255,#7256),(#7257,#7258),
(#7259,#7260),(#7261,#7262),(#7263,#7264),(#7265,#7266),(#7267,#7268),(#7269,
#7270),(#7271,#7272),(#7273,#7274),(#7275,#7276),(#7277,#7278),(#7279,#7280),
(#7281,#7282),(#7283,#7284),(#7285,#7286),(#7287,#7288),(#7289,#7290),(#7291,
#7292),(#7293,#7294),(#7295,#7296),(#7297,#7298),(#7299,#7300),(#7301,#7302),
(#7303,#7304),(#7305,#7306),(#7307,#7308),(#7309,#7310),(#7311,#7312),(#7313,
#7314),(#7315,#7316),(#7317,#7318),(#7319,#7320),(#7321,#7322),(#7323,#7324),
(#7325,#7326)),.SURF_OF_LINEAR_EXTRUSION.,.F.,.F.,.F.,(4,1,1,1,1,1,1,1,
1,1,1,1,1,1,1,1,1,1,1,1,1,1,1,1,1,1,1,1,1,1,1,1,1,1,1,1,1,1,1,1,1,1,1,1,
1,1,1,1,1,1,4),(2,2),(0.186402979416573,0.196334745739097,0.206266512061622,
0.216198278384146,0.22613004470667,0.236061811029194,0.245993577351719,
0.255925343674243,0.265857109996767,0.275788876319291,0.285720642641815,
0.29565240896434,0.305584175286864,0.315515941609388,0.325447707931912,
0.335379474254437,0.345311240576961,0.355243006899485,0.365174773222009,
0.385038305867058,0.404901838512106,0.424765371157155,0.444628903802203,
0.464492436447252,0.504219501737349,0.524083034382397,0.543946567027445,
0.563810099672494,0.583673632317542,0.603537164962591,0.613468931285115,
0.623400697607639,0.633332463930164,0.643264230252688,0.653195996575212,
0.663127762897736,0.67305952922026,0.682991295542785,0.692923061865309,
0.702854828187833,0.712786594510357,0.722718360832882,0.732650127155406,
0.74258189347793,0.752513659800454,0.762445426122978,0.772377192445503,
0.782308958768027,0.802172491413075,0.8121042577356,0.822036024058124),
(0.,1.),.UNSPECIFIED.);
#5562=B_SPLINE_SURFACE_WITH_KNOTS('',3,1,((#7394,#7395),(#7396,#7397),(#7398,
#7399),(#7400,#7401),(#7402,#7403),(#7404,#7405),(#7406,#7407),(#7408,#7409),
(#7410,#7411),(#7412,#7413),(#7414,#7415),(#7416,#7417),(#7418,#7419),(#7420,
#7421),(#7422,#7423),(#7424,#7425),(#7426,#7427),(#7428,#7429),(#7430,#7431),
(#7432,#7433),(#7434,#7435),(#7436,#7437),(#7438,#7439),(#7440,#7441),(#7442,
#7443),(#7444,#7445),(#7446,#7447),(#7448,#7449),(#7450,#7451),(#7452,#7453),
(#7454,#7455),(#7456,#7457),(#7458,#7459),(#7460,#7461),(#7462,#7463),(#7464,
#7465),(#7466,#7467),(#7468,#7469),(#7470,#7471),(#7472,#7473),(#7474,#7475),
(#7476,#7477),(#7478,#7479),(#7480,#7481),(#7482,#7483),(#7484,#7485),(#7486,
#7487),(#7488,#7489),(#7490,#7491),(#7492,#7493),(#7494,#7495),(#7496,#7497),
(#7498,#7499),(#7500,#7501)),.SURF_OF_LINEAR_EXTRUSION.,.F.,.F.,.F.,(4,
1,1,1,1,1,1,1,1,1,1,1,1,1,1,1,1,1,1,1,1,1,1,1,1,1,1,1,1,1,1,1,1,1,1,1,1,
1,1,1,1,1,1,1,1,1,1,1,1,1,1,4),(2,2),(0.366511450755467,0.376436362912155,
0.386361275068844,0.396286187225532,0.40621109938222,0.426060923695597,
0.445910748008974,0.465760572322351,0.47568548447904,0.485610396635728,
0.495535308792417,0.505460220949105,0.525310045262482,0.545159869575859,
0.565009693889236,0.574934606045925,0.584859518202613,0.594784430359302,
0.60470934251599,0.624559166829367,0.644408991142744,0.654333903299433,
0.664258815456121,0.67418372761281,0.684108639769498,0.694033551926187,
0.703958464082875,0.713883376239564,0.723808288396252,0.73373320055294,
0.743658112709629,0.753583024866318,0.763507937023006,0.773432849179694,
0.783357761336383,0.80320758564976,0.823057409963137,0.832982322119825,
0.842907234276514,0.852832146433202,0.862757058589891,0.872681970746579,
0.877644426824924,0.882606882903268,0.892531795059956,0.902456707216645,
0.912381619373333,0.922306531530022,0.942156355843399,0.962006180156776,
0.981856004470153,1.00170582878353),(0.,1.),.UNSPECIFIED.);
#5563=B_SPLINE_SURFACE_WITH_KNOTS('',3,1,((#7579,#7580),(#7581,#7582),(#7583,
#7584),(#7585,#7586),(#7587,#7588),(#7589,#7590),(#7591,#7592),(#7593,#7594),
(#7595,#7596),(#7597,#7598),(#7599,#7600),(#7601,#7602),(#7603,#7604),(#7605,
#7606),(#7607,#7608),(#7609,#7610),(#7611,#7612),(#7613,#7614),(#7615,#7616),
(#7617,#7618),(#7619,#7620)),.SURF_OF_LINEAR_EXTRUSION.,.F.,.F.,.F.,(4,
1,1,1,1,1,1,1,1,1,1,1,1,1,1,1,1,1,4),(2,2),(0.143481301769379,0.172811479782714,
0.202141657796049,0.231471835809384,0.260802013822719,0.319462369849389,
0.37812272587606,0.43678308190273,0.4954434379294,0.55410379395607,0.61276414998274,
0.67142450600941,0.73008486203608,0.788745218062751,0.847405574089421,0.906065930116091,
0.964726286142761,1.02338664216943,1.0820469981961),(0.,1.),
 .UNSPECIFIED.);
#5564=B_SPLINE_SURFACE_WITH_KNOTS('',3,1,((#7647,#7648),(#7649,#7650),(#7651,
#7652),(#7653,#7654),(#7655,#7656),(#7657,#7658),(#7659,#7660),(#7661,#7662),
(#7663,#7664),(#7665,#7666),(#7667,#7668),(#7669,#7670),(#7671,#7672),(#7673,
#7674),(#7675,#7676),(#7677,#7678),(#7679,#7680),(#7681,#7682),(#7683,#7684),
(#7685,#7686),(#7687,#7688),(#7689,#7690),(#7691,#7692),(#7693,#7694),(#7695,
#7696),(#7697,#7698),(#7699,#7700),(#7701,#7702)),
 .SURF_OF_LINEAR_EXTRUSION.,.F.,.F.,.F.,(4,1,1,1,1,1,1,1,1,1,1,1,1,1,1,
1,1,1,1,1,1,1,1,1,1,4),(2,2),(0.671286941227266,0.691781252420372,0.702028408016925,
0.712275563613478,0.732769874806583,0.743017030403136,0.753264185999689,
0.763511341596242,0.773758497192795,0.794252808385901,0.814747119579007,
0.835241430772113,0.845488586368665,0.855735741965218,0.865982897561771,
0.876230053158324,0.89672436435143,0.917218675544536,0.927465831141089,
0.937712986737642,0.947960142334195,0.958207297930747,0.9684544535273,0.978701609123853,
0.988948764720406,0.999195920316959),(0.,1.),.UNSPECIFIED.);
#5565=B_SPLINE_SURFACE_WITH_KNOTS('',3,1,((#7747,#7748),(#7749,#7750),(#7751,
#7752),(#7753,#7754),(#7755,#7756),(#7757,#7758),(#7759,#7760),(#7761,#7762),
(#7763,#7764),(#7765,#7766),(#7767,#7768),(#7769,#7770),(#7771,#7772),(#7773,
#7774),(#7775,#7776),(#7777,#7778),(#7779,#7780),(#7781,#7782),(#7783,#7784),
(#7785,#7786),(#7787,#7788),(#7789,#7790)),.SURF_OF_LINEAR_EXTRUSION.,.F.,
 .F.,.F.,(4,1,1,1,1,1,1,1,1,1,1,1,1,1,1,1,1,1,1,4),(2,2),(0.33012870189906,
0.349556777662996,0.359270815544964,0.368984853426932,0.388412929190868,
0.407841004954804,0.42726908071874,0.446697156482676,0.466125232246612,
0.485553308010548,0.504981383774484,0.52440945953842,0.543837535302356,
0.563265611066292,0.582693686830228,0.592407724712196,0.602121762594164,
0.611835800476132,0.6215498383581,0.640977914122036),(0.,1.),
 .UNSPECIFIED.);
#5566=B_SPLINE_SURFACE_WITH_KNOTS('',3,1,((#7826,#7827),(#7828,#7829),(#7830,
#7831),(#7832,#7833),(#7834,#7835),(#7836,#7837),(#7838,#7839),(#7840,#7841),
(#7842,#7843),(#7844,#7845)),.SURF_OF_LINEAR_EXTRUSION.,.F.,.F.,.F.,(4,
1,1,1,1,1,1,4),(2,2),(0.918123094811088,0.928434021703924,0.938744948596761,
0.949055875489597,0.959366802382434,0.96967772927527,0.979988656168107,
1.00061050995378),(0.,1.),.UNSPECIFIED.);
#5567=B_SPLINE_SURFACE_WITH_KNOTS('',3,1,((#7869,#7870),(#7871,#7872),(#7873,
#7874),(#7875,#7876),(#7877,#7878),(#7879,#7880),(#7881,#7882),(#7883,#7884),
(#7885,#7886),(#7887,#7888),(#7889,#7890),(#7891,#7892),(#7893,#7894),(#7895,
#7896),(#7897,#7898),(#7899,#7900),(#7901,#7902),(#7903,#7904),(#7905,#7906),
(#7907,#7908),(#7909,#7910),(#7911,#7912),(#7913,#7914),(#7915,#7916),(#7917,
#7918),(#7919,#7920),(#7921,#7922),(#7923,#7924),(#7925,#7926),(#7927,#7928),
(#7929,#7930),(#7931,#7932),(#7933,#7934),(#7935,#7936),(#7937,#7938),(#7939,
#7940),(#7941,#7942),(#7943,#7944),(#7945,#7946),(#7947,#7948),(#7949,#7950),
(#7951,#7952),(#7953,#7954),(#7955,#7956)),.SURF_OF_LINEAR_EXTRUSION.,.F.,
 .F.,.F.,(4,1,1,1,1,1,1,1,1,1,1,1,1,1,1,1,1,1,1,1,1,1,1,1,1,1,1,1,1,1,1,
1,1,1,1,1,1,1,1,1,1,4),(2,2),(0.178012839341,0.198527646683176,0.219042454025352,
0.239557261367528,0.249814665038615,0.260072068709703,0.270329472380791,
0.280586876051879,0.290844279722967,0.301101683394055,0.311359087065142,
0.32161649073623,0.331873894407318,0.342131298078406,0.362646105420582,
0.383160912762757,0.403675720104933,0.424190527447109,0.46522014213146,
0.506249756815812,0.526764564157987,0.547279371500163,0.567794178842339,
0.588308986184514,0.60882379352669,0.629338600868866,0.649853408211042,
0.670368215553217,0.690883022895393,0.701140426566481,0.711397830237569,
0.721655233908656,0.731912637579744,0.742170041250832,0.75242744492192,
0.762684848593008,0.772942252264096,0.783199655935184,0.793457059606271,
0.803714463277359,0.813971866948447,0.834486674290623),(0.,1.),
 .UNSPECIFIED.);
#5568=B_SPLINE_SURFACE_WITH_KNOTS('',3,1,((#8015,#8016),(#8017,#8018),(#8019,
#8020),(#8021,#8022)),.SURF_OF_LINEAR_EXTRUSION.,.F.,.F.,.F.,(4,4),(2,2),
(0.0853846589582933,0.0948682969340792),(0.,1.),
 .PIECEWISE_BEZIER_KNOTS.);
#5569=B_SPLINE_SURFACE_WITH_KNOTS('',3,1,((#8034,#8035),(#8036,#8037),(#8038,
#8039),(#8040,#8041),(#8042,#8043),(#8044,#8045),(#8046,#8047),(#8048,#8049),
(#8050,#8051),(#8052,#8053)),.SURF_OF_LINEAR_EXTRUSION.,.F.,.F.,.F.,(4,
1,1,1,1,1,1,4),(2,2),(-0.000897411431165716,0.01708491291916,0.0260760750943228,
0.0350672372694857,0.0440583994446485,0.0530495616198114,0.0620407237949742,
0.0710318859701371),(0.,1.),.UNSPECIFIED.);
#5570=B_SPLINE_SURFACE_WITH_KNOTS('',3,1,((#8080,#8081),(#8082,#8083),(#8084,
#8085),(#8086,#8087),(#8088,#8089),(#8090,#8091),(#8092,#8093),(#8094,#8095),
(#8096,#8097),(#8098,#8099),(#8100,#8101),(#8102,#8103),(#8104,#8105),(#8106,
#8107),(#8108,#8109),(#8110,#8111),(#8112,#8113),(#8114,#8115),(#8116,#8117),
(#8118,#8119),(#8120,#8121)),.SURF_OF_LINEAR_EXTRUSION.,.F.,.F.,.F.,(4,
1,1,1,1,1,1,1,1,1,1,1,1,1,1,1,1,1,4),(2,2),(0.00243174528798454,0.0678484836219756,
0.133265221955967,0.198681960289958,0.264098698623949,0.32951543695794,
0.394932175291931,0.460348913625922,0.525765651959913,0.591182390293904,
0.656599128627895,0.722015866961886,0.754724236128882,0.787432605295878,
0.820140974462873,0.852849343629869,0.885557712796864,0.91826608196386,
1.04909955863184),(0.,1.),.UNSPECIFIED.);
#5571=B_SPLINE_SURFACE_WITH_KNOTS('',3,1,((#8152,#8153),(#8154,#8155),(#8156,
#8157),(#8158,#8159),(#8160,#8161),(#8162,#8163),(#8164,#8165),(#8166,#8167),
(#8168,#8169),(#8170,#8171),(#8172,#8173),(#8174,#8175),(#8176,#8177),(#8178,
#8179),(#8180,#8181),(#8182,#8183),(#8184,#8185),(#8186,#8187),(#8188,#8189),
(#8190,#8191)),.SURF_OF_LINEAR_EXTRUSION.,.F.,.F.,.F.,(4,1,1,1,1,1,1,1,
1,1,1,1,1,1,1,1,1,4),(2,2),(0.,0.0189272036675418,0.0378544073350835,0.0567816110026253,
0.075708814670167,0.0946360183377088,0.113563222005251,0.123026823839021,
0.132490425672792,0.151417629340334,0.170344833007876,0.189272036675418,
0.208199240342959,0.227126444010501,0.246053647678043,0.264980851345585,
0.283908055013126,0.302835258680668),(0.,1.),.UNSPECIFIED.);
#5572=B_SPLINE_SURFACE_WITH_KNOTS('',3,1,((#8228,#8229),(#8230,#8231),(#8232,
#8233),(#8234,#8235)),.SURF_OF_LINEAR_EXTRUSION.,.F.,.F.,.F.,(4,4),(2,2),
(-0.0025540142126741,0.0890967336561653),(0.,1.),
 .PIECEWISE_BEZIER_KNOTS.);
#5573=B_SPLINE_SURFACE_WITH_KNOTS('',3,1,((#8250,#8251),(#8252,#8253),(#8254,
#8255),(#8256,#8257),(#8258,#8259),(#8260,#8261),(#8262,#8263),(#8264,#8265),
(#8266,#8267),(#8268,#8269),(#8270,#8271),(#8272,#8273),(#8274,#8275),(#8276,
#8277),(#8278,#8279),(#8280,#8281),(#8282,#8283),(#8284,#8285),(#8286,#8287),
(#8288,#8289),(#8290,#8291),(#8292,#8293),(#8294,#8295),(#8296,#8297),(#8298,
#8299),(#8300,#8301),(#8302,#8303),(#8304,#8305),(#8306,#8307),(#8308,#8309),
(#8310,#8311),(#8312,#8313),(#8314,#8315)),.SURF_OF_LINEAR_EXTRUSION.,.F.,
 .F.,.F.,(4,1,1,1,1,1,1,1,1,1,1,1,1,1,1,1,1,1,1,1,1,1,1,1,1,1,1,1,1,1,4),
(2,2),(0.000710544351324414,0.0119210977715196,0.0231316511917148,0.0343422046119099,
0.0455527580321051,0.0679738648724955,0.0791844182926907,0.0903949717128858,
0.101605525133081,0.112816078553276,0.124026631973471,0.135237185393667,
0.146447738813862,0.157658292234057,0.168868845654252,0.180079399074447,
0.191289952494642,0.202500505914838,0.224921612755228,0.236132166175423,
0.247342719595618,0.258553273015813,0.269763826436009,0.280974379856204,
0.292184933276399,0.303395486696594,0.314606040116789,0.325816593536985,
0.33702714695718,0.348237700377375,0.35944825379757),(0.,1.),
 .UNSPECIFIED.);
#5574=B_SPLINE_SURFACE_WITH_KNOTS('',3,1,((#8363,#8364),(#8365,#8366),(#8367,
#8368),(#8369,#8370),(#8371,#8372),(#8373,#8374),(#8375,#8376),(#8377,#8378),
(#8379,#8380),(#8381,#8382),(#8383,#8384),(#8385,#8386),(#8387,#8388),(#8389,
#8390),(#8391,#8392),(#8393,#8394)),.SURF_OF_LINEAR_EXTRUSION.,.F.,.F.,
 .F.,(4,1,1,1,1,1,1,1,1,1,1,1,1,4),(2,2),(-0.0808085694381582,0.0579014484854663,
0.196611466409091,0.335321484332715,0.404676493294528,0.47403150225634,
0.543386511218152,0.612741520179964,0.682096529141777,0.751451538103589,
0.820806547065401,0.890161556027214,0.959516564989026,1.02887157395084),
(0.,1.),.UNSPECIFIED.);
#5575=B_SPLINE_SURFACE_WITH_KNOTS('',3,1,((#8417,#8418),(#8419,#8420),(#8421,
#8422),(#8423,#8424),(#8425,#8426)),.SURF_OF_LINEAR_EXTRUSION.,.F.,.F.,
 .F.,(4,1,4),(2,2),(-0.000416724255200284,0.00810813480970828,0.0166329938746168),
(0.,1.),.UNSPECIFIED.);
#5576=B_SPLINE_SURFACE_WITH_KNOTS('',3,1,((#8447,#8448),(#8449,#8450),(#8451,
#8452),(#8453,#8454),(#8455,#8456),(#8457,#8458),(#8459,#8460),(#8461,#8462),
(#8463,#8464),(#8465,#8466),(#8467,#8468),(#8469,#8470),(#8471,#8472),(#8473,
#8474),(#8475,#8476),(#8477,#8478),(#8479,#8480),(#8481,#8482),(#8483,#8484),
(#8485,#8486),(#8487,#8488)),.SURF_OF_LINEAR_EXTRUSION.,.F.,.F.,.F.,(4,
1,1,1,1,1,1,1,1,1,1,1,1,1,1,1,1,1,4),(2,2),(-0.0415000027956211,0.0235937473791052,
0.0886874975538315,0.121234372641195,0.153781247728558,0.218874997903284,
0.251421872990647,0.283968748078011,0.349062498252737,0.414156248427463,
0.479249998602189,0.544343748776916,0.609437498951642,0.674531249126368,
0.739624999301095,0.804718749475821,0.869812499650547,0.934906249825274,
1.),(0.,1.),.UNSPECIFIED.);
#5577=B_SPLINE_SURFACE_WITH_KNOTS('',3,1,((#10202,#10203),(#10204,#10205),
(#10206,#10207),(#10208,#10209),(#10210,#10211),(#10212,#10213),(#10214,
#10215),(#10216,#10217),(#10218,#10219),(#10220,#10221),(#10222,#10223),
(#10224,#10225),(#10226,#10227),(#10228,#10229),(#10230,#10231),(#10232,
#10233),(#10234,#10235),(#10236,#10237),(#10238,#10239),(#10240,#10241),
(#10242,#10243),(#10244,#10245),(#10246,#10247),(#10248,#10249),(#10250,
#10251),(#10252,#10253),(#10254,#10255),(#10256,#10257),(#10258,#10259),
(#10260,#10261),(#10262,#10263),(#10264,#10265),(#10266,#10267),(#10268,
#10269),(#10270,#10271),(#10272,#10273),(#10274,#10275)),
 .SURF_OF_LINEAR_EXTRUSION.,.F.,.F.,.F.,(4,1,1,1,1,1,1,1,1,1,1,1,1,1,1,
1,1,1,1,1,1,1,1,1,1,1,1,1,1,1,1,1,1,1,4),(2,2),(0.,0.0334966852412794,0.05721744820273,
0.0800524919593691,0.107475642198395,0.130757244911057,0.1557168626071,
0.180543781977107,0.205373905005534,0.229535330944633,0.254356425847183,
0.280643066113327,0.302547089426405,0.325464538625536,0.34768890271156,
0.373166645484851,0.400102611053571,0.427537454671249,0.457215978160127,
0.496584425180976,0.539928256636994,0.576404929917503,0.608785786809724,
0.645163168665288,0.679121578768386,0.710949419455375,0.742623207539124,
0.776564419761207,0.805401275399217,0.839790203723601,0.870439671710716,
0.900621900759491,0.930799423576671,0.955223574413276,1.),(0.,1.),
 .UNSPECIFIED.);
#5578=B_SPLINE_SURFACE_WITH_KNOTS('',3,1,((#10280,#10281),(#10282,#10283),
(#10284,#10285),(#10286,#10287),(#10288,#10289),(#10290,#10291),(#10292,
#10293),(#10294,#10295),(#10296,#10297),(#10298,#10299),(#10300,#10301)),
 .SURF_OF_LINEAR_EXTRUSION.,.F.,.F.,.F.,(4,1,1,1,1,1,1,1,4),(2,2),(0.,0.119643338980422,
0.268160016537389,0.416386540729743,0.538486323581261,0.669864028528411,
0.786811315486988,0.879134829933849,1.),(0.,1.),.UNSPECIFIED.);
#5579=B_SPLINE_SURFACE_WITH_KNOTS('',3,1,((#10305,#10306),(#10307,#10308),
(#10309,#10310),(#10311,#10312),(#10313,#10314),(#10315,#10316),(#10317,
#10318),(#10319,#10320),(#10321,#10322),(#10323,#10324),(#10325,#10326),
(#10327,#10328),(#10329,#10330),(#10331,#10332),(#10333,#10334),(#10335,
#10336),(#10337,#10338),(#10339,#10340),(#10341,#10342),(#10343,#10344),
(#10345,#10346),(#10347,#10348),(#10349,#10350),(#10351,#10352),(#10353,
#10354),(#10355,#10356),(#10357,#10358),(#10359,#10360),(#10361,#10362),
(#10363,#10364),(#10365,#10366),(#10367,#10368),(#10369,#10370),(#10371,
#10372),(#10373,#10374),(#10375,#10376),(#10377,#10378),(#10379,#10380),
(#10381,#10382),(#10383,#10384),(#10385,#10386)),
 .SURF_OF_LINEAR_EXTRUSION.,.F.,.F.,.F.,(4,1,1,1,1,1,1,1,1,1,1,1,1,1,1,
1,1,1,1,1,1,1,1,1,1,1,1,1,1,1,1,1,1,1,1,1,1,1,4),(2,2),(0.,0.0257858379781039,
0.0514728100866634,0.0767540775548467,0.101724907487409,0.128546218370913,
0.156834885129413,0.184011605424831,0.214745479041706,0.24368377893864,
0.272850295808681,0.301625266399379,0.326864877691978,0.352812008804997,
0.377503817827853,0.404708530798379,0.43643611534327,0.467253733650852,
0.499653724714343,0.529187199388567,0.560701784842851,0.588587930389922,
0.615541904574983,0.646169481291028,0.67169117107439,0.697307115740075,
0.723836421996693,0.75199817647446,0.775205329986843,0.801593877344473,
0.825246557940906,0.846573341177093,0.8681793946359,0.887615134890965,0.907876499239469,
0.932212485819866,0.95919072639714,0.97887918579684,1.),(0.,1.),
 .UNSPECIFIED.);
#5580=B_SPLINE_SURFACE_WITH_KNOTS('',3,1,((#10390,#10391),(#10392,#10393),
(#10394,#10395),(#10396,#10397),(#10398,#10399),(#10400,#10401),(#10402,
#10403),(#10404,#10405),(#10406,#10407),(#10408,#10409),(#10410,#10411)),
 .SURF_OF_LINEAR_EXTRUSION.,.F.,.F.,.F.,(4,1,1,1,1,1,1,1,4),(2,2),(0.,0.1247558085251,
0.17452042696347,0.328397329394661,0.478003062285733,0.641180048096774,
0.770214530516361,0.894159404117917,1.),(0.,1.),.UNSPECIFIED.);
#5581=B_SPLINE_SURFACE_WITH_KNOTS('',3,1,((#10415,#10416),(#10417,#10418),
(#10419,#10420),(#10421,#10422),(#10423,#10424),(#10425,#10426),(#10427,
#10428),(#10429,#10430),(#10431,#10432),(#10433,#10434),(#10435,#10436),
(#10437,#10438),(#10439,#10440),(#10441,#10442),(#10443,#10444),(#10445,
#10446),(#10447,#10448),(#10449,#10450),(#10451,#10452),(#10453,#10454),
(#10455,#10456),(#10457,#10458),(#10459,#10460),(#10461,#10462),(#10463,
#10464),(#10465,#10466),(#10467,#10468),(#10469,#10470),(#10471,#10472),
(#10473,#10474),(#10475,#10476),(#10477,#10478),(#10479,#10480),(#10481,
#10482),(#10483,#10484),(#10485,#10486),(#10487,#10488),(#10489,#10490),
(#10491,#10492),(#10493,#10494),(#10495,#10496),(#10497,#10498),(#10499,
#10500),(#10501,#10502)),.SURF_OF_LINEAR_EXTRUSION.,.F.,.F.,.F.,(4,1,1,
1,1,1,1,1,1,1,1,1,1,1,1,1,1,1,1,1,1,1,1,1,1,1,1,1,1,1,1,1,1,1,1,1,1,1,1,
1,1,4),(2,2),(0.,0.0190193317922645,0.0392154990970306,0.0591786202467508,
0.0809177146473249,0.100873557921293,0.124791819924198,0.150896825292048,
0.175947893047156,0.201662764526727,0.22738761386324,0.247908947581231,
0.272531894668127,0.299606720286584,0.322361492170165,0.34639650879378,
0.370513682950492,0.400219866469132,0.430243061484957,0.470202073436429,
0.502380719898103,0.54284353013417,0.573882664614222,0.604784839928738,
0.632124077942297,0.657530919546773,0.683055453718789,0.706957348370678,
0.730313867722815,0.753731865373954,0.771555968199054,0.793154352912445,
0.814261600675072,0.835525439849262,0.85656067944079,0.875844845093631,
0.894904298674518,0.911485243348704,0.933192812663894,0.952543024480753,
0.972839646472555,1.),(0.,1.),.UNSPECIFIED.);
#5582=B_SPLINE_SURFACE_WITH_KNOTS('',3,1,((#10506,#10507),(#10508,#10509),
(#10510,#10511),(#10512,#10513),(#10514,#10515),(#10516,#10517),(#10518,
#10519),(#10520,#10521),(#10522,#10523)),.SURF_OF_LINEAR_EXTRUSION.,.F.,
 .F.,.F.,(4,1,1,1,1,1,4),(2,2),(1.89558472133284E-9,0.170920084897399,0.349571737115358,
0.514335254164168,0.680896872825654,0.85616514836292,0.999999990648647),
(0.,1.),.UNSPECIFIED.);
#5583=B_SPLINE_SURFACE_WITH_KNOTS('',3,1,((#10527,#10528),(#10529,#10530),
(#10531,#10532),(#10533,#10534),(#10535,#10536),(#10537,#10538),(#10539,
#10540),(#10541,#10542),(#10543,#10544),(#10545,#10546),(#10547,#10548),
(#10549,#10550),(#10551,#10552),(#10553,#10554),(#10555,#10556),(#10557,
#10558),(#10559,#10560),(#10561,#10562),(#10563,#10564),(#10565,#10566),
(#10567,#10568),(#10569,#10570),(#10571,#10572),(#10573,#10574),(#10575,
#10576),(#10577,#10578),(#10579,#10580),(#10581,#10582),(#10583,#10584),
(#10585,#10586),(#10587,#10588),(#10589,#10590),(#10591,#10592),(#10593,
#10594),(#10595,#10596),(#10597,#10598),(#10599,#10600),(#10601,#10602),
(#10603,#10604),(#10605,#10606),(#10607,#10608),(#10609,#10610),(#10611,
#10612),(#10613,#10614),(#10615,#10616),(#10617,#10618),(#10619,#10620),
(#10621,#10622),(#10623,#10624),(#10625,#10626),(#10627,#10628),(#10629,
#10630),(#10631,#10632),(#10633,#10634)),.SURF_OF_LINEAR_EXTRUSION.,.F.,
 .F.,.F.,(4,1,1,1,1,1,1,1,1,1,1,1,1,1,1,1,1,1,1,1,1,1,1,1,1,1,1,1,1,1,1,
1,1,1,1,1,1,1,1,1,1,1,1,1,1,1,1,1,1,1,1,4),(2,2),(0.,0.015625,0.03125,0.046875,
0.0625,0.078125,0.09375,0.109375,0.125,0.140625,0.15625,0.171875,0.1875,
0.21875,0.234375,0.25,0.265625,0.28125,0.296875,0.3125,0.328125,0.34375,
0.375,0.40625,0.4375,0.46875,0.5,0.515625,0.53125,0.546875,0.5625,0.578125,
0.59375,0.609375,0.625,0.640625,0.65625,0.671875,0.6875,0.703125,0.71875,
0.734375,0.75,0.765625,0.78125,0.8125,0.84375,0.875,0.90625,0.9375,0.96875,
1.),(0.,1.),.UNSPECIFIED.);
#5584=B_SPLINE_SURFACE_WITH_KNOTS('',3,1,((#10638,#10639),(#10640,#10641),
(#10642,#10643),(#10644,#10645),(#10646,#10647),(#10648,#10649),(#10650,
#10651),(#10652,#10653),(#10654,#10655),(#10656,#10657),(#10658,#10659),
(#10660,#10661),(#10662,#10663)),.SURF_OF_LINEAR_EXTRUSION.,.F.,.F.,.F.,
(4,1,1,1,1,1,1,1,1,1,4),(2,2),(9.93998360805529E-9,0.119827932634235,0.223162695957376,
0.272542794886857,0.389593722250179,0.528890661753712,0.637782109416488,
0.736604486692797,0.826363183421648,0.910242260359879,1.),(0.,1.),
 .UNSPECIFIED.);
#5585=B_SPLINE_SURFACE_WITH_KNOTS('',3,1,((#10790,#10791),(#10792,#10793),
(#10794,#10795),(#10796,#10797)),.SURF_OF_LINEAR_EXTRUSION.,.F.,.F.,.F.,
(4,4),(2,2),(0.,1.),(0.,1.),.PIECEWISE_BEZIER_KNOTS.);
#5586=B_SPLINE_SURFACE_WITH_KNOTS('',3,1,((#10805,#10806),(#10807,#10808),
(#10809,#10810),(#10811,#10812)),.SURF_OF_LINEAR_EXTRUSION.,.F.,.F.,.F.,
(4,4),(2,2),(0.,1.),(0.,1.),.PIECEWISE_BEZIER_KNOTS.);
#5587=B_SPLINE_SURFACE_WITH_KNOTS('',3,1,((#10818,#10819),(#10820,#10821),
(#10822,#10823),(#10824,#10825)),.SURF_OF_LINEAR_EXTRUSION.,.F.,.F.,.F.,
(4,4),(2,2),(0.,1.),(0.,1.),.PIECEWISE_BEZIER_KNOTS.);
#5588=B_SPLINE_SURFACE_WITH_KNOTS('',3,1,((#10831,#10832),(#10833,#10834),
(#10835,#10836),(#10837,#10838)),.SURF_OF_LINEAR_EXTRUSION.,.F.,.F.,.F.,
(4,4),(2,2),(0.,1.),(0.,1.),.PIECEWISE_BEZIER_KNOTS.);
#5589=B_SPLINE_SURFACE_WITH_KNOTS('',3,1,((#10844,#10845),(#10846,#10847),
(#10848,#10849),(#10850,#10851)),.SURF_OF_LINEAR_EXTRUSION.,.F.,.F.,.F.,
(4,4),(2,2),(0.,1.),(0.,1.),.PIECEWISE_BEZIER_KNOTS.);
#5590=B_SPLINE_SURFACE_WITH_KNOTS('',3,1,((#10857,#10858),(#10859,#10860),
(#10861,#10862),(#10863,#10864)),.SURF_OF_LINEAR_EXTRUSION.,.F.,.F.,.F.,
(4,4),(2,2),(0.,1.),(0.,1.),.PIECEWISE_BEZIER_KNOTS.);
#5591=B_SPLINE_SURFACE_WITH_KNOTS('',3,1,((#10870,#10871),(#10872,#10873),
(#10874,#10875),(#10876,#10877)),.SURF_OF_LINEAR_EXTRUSION.,.F.,.F.,.F.,
(4,4),(2,2),(0.,1.),(0.,1.),.PIECEWISE_BEZIER_KNOTS.);
#5592=B_SPLINE_SURFACE_WITH_KNOTS('',3,1,((#10891,#10892),(#10893,#10894),
(#10895,#10896),(#10897,#10898)),.SURF_OF_LINEAR_EXTRUSION.,.F.,.F.,.F.,
(4,4),(2,2),(0.,1.),(0.,1.),.PIECEWISE_BEZIER_KNOTS.);
#5593=B_SPLINE_SURFACE_WITH_KNOTS('',3,1,((#10904,#10905),(#10906,#10907),
(#10908,#10909),(#10910,#10911)),.SURF_OF_LINEAR_EXTRUSION.,.F.,.F.,.F.,
(4,4),(2,2),(0.,1.),(0.,1.),.PIECEWISE_BEZIER_KNOTS.);
#5594=B_SPLINE_SURFACE_WITH_KNOTS('',3,1,((#10917,#10918),(#10919,#10920),
(#10921,#10922),(#10923,#10924)),.SURF_OF_LINEAR_EXTRUSION.,.F.,.F.,.F.,
(4,4),(2,2),(0.,1.),(0.,1.),.PIECEWISE_BEZIER_KNOTS.);
#5595=B_SPLINE_SURFACE_WITH_KNOTS('',3,1,((#10948,#10949),(#10950,#10951),
(#10952,#10953),(#10954,#10955)),.SURF_OF_LINEAR_EXTRUSION.,.F.,.F.,.F.,
(4,4),(2,2),(0.,1.),(0.,1.),.PIECEWISE_BEZIER_KNOTS.);
#5596=B_SPLINE_SURFACE_WITH_KNOTS('',3,1,((#10961,#10962),(#10963,#10964),
(#10965,#10966),(#10967,#10968)),.SURF_OF_LINEAR_EXTRUSION.,.F.,.F.,.F.,
(4,4),(2,2),(0.,1.),(0.,1.),.PIECEWISE_BEZIER_KNOTS.);
#5597=B_SPLINE_SURFACE_WITH_KNOTS('',3,1,((#10974,#10975),(#10976,#10977),
(#10978,#10979),(#10980,#10981)),.SURF_OF_LINEAR_EXTRUSION.,.F.,.F.,.F.,
(4,4),(2,2),(0.,1.),(0.,1.),.PIECEWISE_BEZIER_KNOTS.);
#5598=B_SPLINE_SURFACE_WITH_KNOTS('',3,1,((#10987,#10988),(#10989,#10990),
(#10991,#10992),(#10993,#10994)),.SURF_OF_LINEAR_EXTRUSION.,.F.,.F.,.F.,
(4,4),(2,2),(0.,1.),(0.,1.),.PIECEWISE_BEZIER_KNOTS.);
#5599=B_SPLINE_SURFACE_WITH_KNOTS('',3,1,((#11000,#11001),(#11002,#11003),
(#11004,#11005),(#11006,#11007)),.SURF_OF_LINEAR_EXTRUSION.,.F.,.F.,.F.,
(4,4),(2,2),(0.,1.),(0.,1.),.PIECEWISE_BEZIER_KNOTS.);
#5600=B_SPLINE_SURFACE_WITH_KNOTS('',3,1,((#11021,#11022),(#11023,#11024),
(#11025,#11026),(#11027,#11028)),.SURF_OF_LINEAR_EXTRUSION.,.F.,.F.,.F.,
(4,4),(2,2),(0.,1.),(0.,1.),.PIECEWISE_BEZIER_KNOTS.);
#5601=B_SPLINE_SURFACE_WITH_KNOTS('',3,1,((#11034,#11035),(#11036,#11037),
(#11038,#11039),(#11040,#11041)),.SURF_OF_LINEAR_EXTRUSION.,.F.,.F.,.F.,
(4,4),(2,2),(0.,1.),(0.,1.),.PIECEWISE_BEZIER_KNOTS.);
#5602=B_SPLINE_SURFACE_WITH_KNOTS('',3,1,((#11047,#11048),(#11049,#11050),
(#11051,#11052),(#11053,#11054)),.SURF_OF_LINEAR_EXTRUSION.,.F.,.F.,.F.,
(4,4),(2,2),(0.,1.),(0.,1.),.PIECEWISE_BEZIER_KNOTS.);
#5603=B_SPLINE_SURFACE_WITH_KNOTS('',3,1,((#11072,#11073),(#11074,#11075),
(#11076,#11077),(#11078,#11079)),.SURF_OF_LINEAR_EXTRUSION.,.F.,.F.,.F.,
(4,4),(2,2),(0.,1.),(0.,1.),.PIECEWISE_BEZIER_KNOTS.);
#5604=B_SPLINE_SURFACE_WITH_KNOTS('',3,1,((#11085,#11086),(#11087,#11088),
(#11089,#11090),(#11091,#11092)),.SURF_OF_LINEAR_EXTRUSION.,.F.,.F.,.F.,
(4,4),(2,2),(0.,1.),(0.,1.),.PIECEWISE_BEZIER_KNOTS.);
#5605=B_SPLINE_SURFACE_WITH_KNOTS('',3,1,((#11180,#11181),(#11182,#11183),
(#11184,#11185),(#11186,#11187)),.SURF_OF_LINEAR_EXTRUSION.,.F.,.F.,.F.,
(4,4),(2,2),(0.,1.),(0.,1.),.PIECEWISE_BEZIER_KNOTS.);
#5606=B_SPLINE_SURFACE_WITH_KNOTS('',3,1,((#11195,#11196),(#11197,#11198),
(#11199,#11200),(#11201,#11202)),.SURF_OF_LINEAR_EXTRUSION.,.F.,.F.,.F.,
(4,4),(2,2),(0.,1.),(0.,1.),.PIECEWISE_BEZIER_KNOTS.);
#5607=B_SPLINE_SURFACE_WITH_KNOTS('',3,1,((#11208,#11209),(#11210,#11211),
(#11212,#11213),(#11214,#11215)),.SURF_OF_LINEAR_EXTRUSION.,.F.,.F.,.F.,
(4,4),(2,2),(0.,1.),(0.,1.),.PIECEWISE_BEZIER_KNOTS.);
#5608=B_SPLINE_SURFACE_WITH_KNOTS('',3,1,((#11221,#11222),(#11223,#11224),
(#11225,#11226),(#11227,#11228)),.SURF_OF_LINEAR_EXTRUSION.,.F.,.F.,.F.,
(4,4),(2,2),(0.,1.),(0.,1.),.PIECEWISE_BEZIER_KNOTS.);
#5609=B_SPLINE_SURFACE_WITH_KNOTS('',3,1,((#11246,#11247),(#11248,#11249),
(#11250,#11251),(#11252,#11253)),.SURF_OF_LINEAR_EXTRUSION.,.F.,.F.,.F.,
(4,4),(2,2),(0.,1.),(0.,1.),.PIECEWISE_BEZIER_KNOTS.);
#5610=B_SPLINE_SURFACE_WITH_KNOTS('',3,1,((#11259,#11260),(#11261,#11262),
(#11263,#11264),(#11265,#11266)),.SURF_OF_LINEAR_EXTRUSION.,.F.,.F.,.F.,
(4,4),(2,2),(0.,1.),(0.,1.),.PIECEWISE_BEZIER_KNOTS.);
#5611=B_SPLINE_SURFACE_WITH_KNOTS('',3,1,((#11272,#11273),(#11274,#11275),
(#11276,#11277),(#11278,#11279)),.SURF_OF_LINEAR_EXTRUSION.,.F.,.F.,.F.,
(4,4),(2,2),(0.,1.),(0.,1.),.PIECEWISE_BEZIER_KNOTS.);
#5612=B_SPLINE_SURFACE_WITH_KNOTS('',3,1,((#11285,#11286),(#11287,#11288),
(#11289,#11290),(#11291,#11292)),.SURF_OF_LINEAR_EXTRUSION.,.F.,.F.,.F.,
(4,4),(2,2),(0.,1.),(0.,1.),.PIECEWISE_BEZIER_KNOTS.);
#5613=B_SPLINE_SURFACE_WITH_KNOTS('',3,1,((#11298,#11299),(#11300,#11301),
(#11302,#11303),(#11304,#11305)),.SURF_OF_LINEAR_EXTRUSION.,.F.,.F.,.F.,
(4,4),(2,2),(0.,1.),(0.,1.),.PIECEWISE_BEZIER_KNOTS.);
#5614=B_SPLINE_SURFACE_WITH_KNOTS('',3,1,((#11311,#11312),(#11313,#11314),
(#11315,#11316),(#11317,#11318)),.SURF_OF_LINEAR_EXTRUSION.,.F.,.F.,.F.,
(4,4),(2,2),(0.,1.),(0.,1.),.PIECEWISE_BEZIER_KNOTS.);
#5615=B_SPLINE_SURFACE_WITH_KNOTS('',3,1,((#11324,#11325),(#11326,#11327),
(#11328,#11329),(#11330,#11331)),.SURF_OF_LINEAR_EXTRUSION.,.F.,.F.,.F.,
(4,4),(2,2),(0.,1.),(0.,1.),.PIECEWISE_BEZIER_KNOTS.);
#5616=B_SPLINE_SURFACE_WITH_KNOTS('',3,1,((#11337,#11338),(#11339,#11340),
(#11341,#11342),(#11343,#11344)),.SURF_OF_LINEAR_EXTRUSION.,.F.,.F.,.F.,
(4,4),(2,2),(0.,1.),(0.,1.),.PIECEWISE_BEZIER_KNOTS.);
#5617=B_SPLINE_SURFACE_WITH_KNOTS('',3,1,((#11350,#11351),(#11352,#11353),
(#11354,#11355),(#11356,#11357)),.SURF_OF_LINEAR_EXTRUSION.,.F.,.F.,.F.,
(4,4),(2,2),(0.,1.),(0.,1.),.PIECEWISE_BEZIER_KNOTS.);
#5618=B_SPLINE_SURFACE_WITH_KNOTS('',3,1,((#11363,#11364),(#11365,#11366),
(#11367,#11368),(#11369,#11370)),.SURF_OF_LINEAR_EXTRUSION.,.F.,.F.,.F.,
(4,4),(2,2),(0.,1.),(0.,1.),.PIECEWISE_BEZIER_KNOTS.);
#5619=B_SPLINE_SURFACE_WITH_KNOTS('',3,1,((#11380,#11381),(#11382,#11383),
(#11384,#11385),(#11386,#11387)),.SURF_OF_LINEAR_EXTRUSION.,.F.,.F.,.F.,
(4,4),(2,2),(0.,1.),(0.,1.),.PIECEWISE_BEZIER_KNOTS.);
#5620=B_SPLINE_SURFACE_WITH_KNOTS('',3,1,((#11393,#11394),(#11395,#11396),
(#11397,#11398),(#11399,#11400)),.SURF_OF_LINEAR_EXTRUSION.,.F.,.F.,.F.,
(4,4),(2,2),(0.,1.),(0.,1.),.PIECEWISE_BEZIER_KNOTS.);
#5621=B_SPLINE_SURFACE_WITH_KNOTS('',3,1,((#11406,#11407),(#11408,#11409),
(#11410,#11411),(#11412,#11413)),.SURF_OF_LINEAR_EXTRUSION.,.F.,.F.,.F.,
(4,4),(2,2),(0.,1.),(0.,1.),.PIECEWISE_BEZIER_KNOTS.);
#5622=B_SPLINE_SURFACE_WITH_KNOTS('',3,1,((#11419,#11420),(#11421,#11422),
(#11423,#11424),(#11425,#11426)),.SURF_OF_LINEAR_EXTRUSION.,.F.,.F.,.F.,
(4,4),(2,2),(0.,1.),(0.,1.),.PIECEWISE_BEZIER_KNOTS.);
#5623=B_SPLINE_SURFACE_WITH_KNOTS('',3,1,((#11432,#11433),(#11434,#11435),
(#11436,#11437),(#11438,#11439)),.SURF_OF_LINEAR_EXTRUSION.,.F.,.F.,.F.,
(4,4),(2,2),(0.,1.),(0.,1.),.PIECEWISE_BEZIER_KNOTS.);
#5624=B_SPLINE_SURFACE_WITH_KNOTS('',3,1,((#11445,#11446),(#11447,#11448),
(#11449,#11450),(#11451,#11452)),.SURF_OF_LINEAR_EXTRUSION.,.F.,.F.,.F.,
(4,4),(2,2),(0.,1.),(0.,1.),.PIECEWISE_BEZIER_KNOTS.);
#5625=B_SPLINE_SURFACE_WITH_KNOTS('',3,1,((#11458,#11459),(#11460,#11461),
(#11462,#11463),(#11464,#11465)),.SURF_OF_LINEAR_EXTRUSION.,.F.,.F.,.F.,
(4,4),(2,2),(0.,1.),(0.,1.),.PIECEWISE_BEZIER_KNOTS.);
#5626=B_SPLINE_SURFACE_WITH_KNOTS('',3,1,((#11485,#11486),(#11487,#11488),
(#11489,#11490),(#11491,#11492)),.SURF_OF_LINEAR_EXTRUSION.,.F.,.F.,.F.,
(4,4),(2,2),(0.,1.),(0.,1.),.PIECEWISE_BEZIER_KNOTS.);
#5627=B_SPLINE_SURFACE_WITH_KNOTS('',3,1,((#11502,#11503),(#11504,#11505),
(#11506,#11507),(#11508,#11509)),.SURF_OF_LINEAR_EXTRUSION.,.F.,.F.,.F.,
(4,4),(2,2),(0.,1.),(0.,1.),.PIECEWISE_BEZIER_KNOTS.);
#5628=B_SPLINE_SURFACE_WITH_KNOTS('',3,1,((#11569,#11570),(#11571,#11572),
(#11573,#11574),(#11575,#11576)),.SURF_OF_LINEAR_EXTRUSION.,.F.,.F.,.F.,
(4,4),(2,2),(0.,1.),(0.,1.),.PIECEWISE_BEZIER_KNOTS.);
#5629=B_SPLINE_SURFACE_WITH_KNOTS('',3,1,((#11582,#11583),(#11584,#11585),
(#11586,#11587),(#11588,#11589)),.SURF_OF_LINEAR_EXTRUSION.,.F.,.F.,.F.,
(4,4),(2,2),(0.,1.),(0.,1.),.PIECEWISE_BEZIER_KNOTS.);
#5630=B_SPLINE_SURFACE_WITH_KNOTS('',3,1,((#11595,#11596),(#11597,#11598),
(#11599,#11600),(#11601,#11602)),.SURF_OF_LINEAR_EXTRUSION.,.F.,.F.,.F.,
(4,4),(2,2),(0.,1.),(0.,1.),.PIECEWISE_BEZIER_KNOTS.);
#5631=B_SPLINE_SURFACE_WITH_KNOTS('',3,1,((#11608,#11609),(#11610,#11611),
(#11612,#11613),(#11614,#11615)),.SURF_OF_LINEAR_EXTRUSION.,.F.,.F.,.F.,
(4,4),(2,2),(0.,1.),(0.,1.),.PIECEWISE_BEZIER_KNOTS.);
#5632=B_SPLINE_SURFACE_WITH_KNOTS('',3,1,((#11649,#11650),(#11651,#11652),
(#11653,#11654),(#11655,#11656)),.SURF_OF_LINEAR_EXTRUSION.,.F.,.F.,.F.,
(4,4),(2,2),(0.,1.),(0.,1.),.PIECEWISE_BEZIER_KNOTS.);
#5633=B_SPLINE_SURFACE_WITH_KNOTS('',3,1,((#11662,#11663),(#11664,#11665),
(#11666,#11667),(#11668,#11669)),.SURF_OF_LINEAR_EXTRUSION.,.F.,.F.,.F.,
(4,4),(2,2),(0.,1.),(0.,1.),.PIECEWISE_BEZIER_KNOTS.);
#5634=B_SPLINE_SURFACE_WITH_KNOTS('',3,1,((#11675,#11676),(#11677,#11678),
(#11679,#11680),(#11681,#11682)),.SURF_OF_LINEAR_EXTRUSION.,.F.,.F.,.F.,
(4,4),(2,2),(0.,1.),(0.,1.),.PIECEWISE_BEZIER_KNOTS.);
#5635=B_SPLINE_SURFACE_WITH_KNOTS('',3,1,((#11698,#11699),(#11700,#11701),
(#11702,#11703),(#11704,#11705)),.SURF_OF_LINEAR_EXTRUSION.,.F.,.F.,.F.,
(4,4),(2,2),(0.,1.),(0.,1.),.PIECEWISE_BEZIER_KNOTS.);
#5636=B_SPLINE_SURFACE_WITH_KNOTS('',3,1,((#11711,#11712),(#11713,#11714),
(#11715,#11716),(#11717,#11718)),.SURF_OF_LINEAR_EXTRUSION.,.F.,.F.,.F.,
(4,4),(2,2),(0.,1.),(0.,1.),.PIECEWISE_BEZIER_KNOTS.);
#5637=B_SPLINE_SURFACE_WITH_KNOTS('',3,1,((#11724,#11725),(#11726,#11727),
(#11728,#11729),(#11730,#11731)),.SURF_OF_LINEAR_EXTRUSION.,.F.,.F.,.F.,
(4,4),(2,2),(0.,1.),(0.,1.),.PIECEWISE_BEZIER_KNOTS.);
#5638=B_SPLINE_SURFACE_WITH_KNOTS('',3,1,((#11737,#11738),(#11739,#11740),
(#11741,#11742),(#11743,#11744)),.SURF_OF_LINEAR_EXTRUSION.,.F.,.F.,.F.,
(4,4),(2,2),(0.,1.),(0.,1.),.PIECEWISE_BEZIER_KNOTS.);
#5639=B_SPLINE_SURFACE_WITH_KNOTS('',3,1,((#11750,#11751),(#11752,#11753),
(#11754,#11755),(#11756,#11757)),.SURF_OF_LINEAR_EXTRUSION.,.F.,.F.,.F.,
(4,4),(2,2),(0.,1.),(0.,1.),.PIECEWISE_BEZIER_KNOTS.);
#5640=B_SPLINE_SURFACE_WITH_KNOTS('',3,1,((#11763,#11764),(#11765,#11766),
(#11767,#11768),(#11769,#11770)),.SURF_OF_LINEAR_EXTRUSION.,.F.,.F.,.F.,
(4,4),(2,2),(0.,1.),(0.,1.),.PIECEWISE_BEZIER_KNOTS.);
#5641=B_SPLINE_SURFACE_WITH_KNOTS('',3,1,((#11810,#11811),(#11812,#11813),
(#11814,#11815),(#11816,#11817)),.SURF_OF_LINEAR_EXTRUSION.,.F.,.F.,.F.,
(4,4),(2,2),(0.,1.),(0.,1.),.PIECEWISE_BEZIER_KNOTS.);
#5642=B_SPLINE_SURFACE_WITH_KNOTS('',3,1,((#11823,#11824),(#11825,#11826),
(#11827,#11828),(#11829,#11830)),.SURF_OF_LINEAR_EXTRUSION.,.F.,.F.,.F.,
(4,4),(2,2),(0.,1.),(0.,1.),.PIECEWISE_BEZIER_KNOTS.);
#5643=B_SPLINE_SURFACE_WITH_KNOTS('',3,1,((#11836,#11837),(#11838,#11839),
(#11840,#11841),(#11842,#11843)),.SURF_OF_LINEAR_EXTRUSION.,.F.,.F.,.F.,
(4,4),(2,2),(0.,1.),(0.,1.),.PIECEWISE_BEZIER_KNOTS.);
#5644=B_SPLINE_SURFACE_WITH_KNOTS('',3,1,((#11849,#11850),(#11851,#11852),
(#11853,#11854),(#11855,#11856)),.SURF_OF_LINEAR_EXTRUSION.,.F.,.F.,.F.,
(4,4),(2,2),(0.,1.),(0.,1.),.PIECEWISE_BEZIER_KNOTS.);
#5645=B_SPLINE_SURFACE_WITH_KNOTS('',3,1,((#11866,#11867),(#11868,#11869),
(#11870,#11871),(#11872,#11873)),.SURF_OF_LINEAR_EXTRUSION.,.F.,.F.,.F.,
(4,4),(2,2),(0.,1.),(0.,1.),.PIECEWISE_BEZIER_KNOTS.);
#5646=B_SPLINE_SURFACE_WITH_KNOTS('',3,1,((#11879,#11880),(#11881,#11882),
(#11883,#11884),(#11885,#11886)),.SURF_OF_LINEAR_EXTRUSION.,.F.,.F.,.F.,
(4,4),(2,2),(0.,1.),(0.,1.),.PIECEWISE_BEZIER_KNOTS.);
#5647=B_SPLINE_SURFACE_WITH_KNOTS('',3,1,((#11892,#11893),(#11894,#11895),
(#11896,#11897),(#11898,#11899)),.SURF_OF_LINEAR_EXTRUSION.,.F.,.F.,.F.,
(4,4),(2,2),(0.,1.),(0.,1.),.PIECEWISE_BEZIER_KNOTS.);
#5648=B_SPLINE_SURFACE_WITH_KNOTS('',3,1,((#11915,#11916),(#11917,#11918),
(#11919,#11920),(#11921,#11922)),.SURF_OF_LINEAR_EXTRUSION.,.F.,.F.,.F.,
(4,4),(2,2),(0.,1.),(0.,1.),.PIECEWISE_BEZIER_KNOTS.);
#5649=B_SPLINE_SURFACE_WITH_KNOTS('',3,1,((#11928,#11929),(#11930,#11931),
(#11932,#11933),(#11934,#11935)),.SURF_OF_LINEAR_EXTRUSION.,.F.,.F.,.F.,
(4,4),(2,2),(0.,1.),(0.,1.),.PIECEWISE_BEZIER_KNOTS.);
#5650=B_SPLINE_SURFACE_WITH_KNOTS('',3,1,((#11941,#11942),(#11943,#11944),
(#11945,#11946),(#11947,#11948)),.SURF_OF_LINEAR_EXTRUSION.,.F.,.F.,.F.,
(4,4),(2,2),(0.,1.),(0.,1.),.PIECEWISE_BEZIER_KNOTS.);
#5651=B_SPLINE_SURFACE_WITH_KNOTS('',3,1,((#11954,#11955),(#11956,#11957),
(#11958,#11959),(#11960,#11961)),.SURF_OF_LINEAR_EXTRUSION.,.F.,.F.,.F.,
(4,4),(2,2),(0.,1.),(0.,1.),.PIECEWISE_BEZIER_KNOTS.);
#5652=B_SPLINE_SURFACE_WITH_KNOTS('',3,1,((#11979,#11980),(#11981,#11982),
(#11983,#11984),(#11985,#11986)),.SURF_OF_LINEAR_EXTRUSION.,.F.,.F.,.F.,
(4,4),(2,2),(0.,1.),(0.,1.),.PIECEWISE_BEZIER_KNOTS.);
#5653=B_SPLINE_SURFACE_WITH_KNOTS('',3,1,((#11992,#11993),(#11994,#11995),
(#11996,#11997),(#11998,#11999)),.SURF_OF_LINEAR_EXTRUSION.,.F.,.F.,.F.,
(4,4),(2,2),(0.,1.),(0.,1.),.PIECEWISE_BEZIER_KNOTS.);
#5654=B_SPLINE_SURFACE_WITH_KNOTS('',3,1,((#12005,#12006),(#12007,#12008),
(#12009,#12010),(#12011,#12012)),.SURF_OF_LINEAR_EXTRUSION.,.F.,.F.,.F.,
(4,4),(2,2),(0.,1.),(0.,1.),.PIECEWISE_BEZIER_KNOTS.);
#5655=B_SPLINE_SURFACE_WITH_KNOTS('',3,1,((#12018,#12019),(#12020,#12021),
(#12022,#12023),(#12024,#12025)),.SURF_OF_LINEAR_EXTRUSION.,.F.,.F.,.F.,
(4,4),(2,2),(0.,1.),(0.,1.),.PIECEWISE_BEZIER_KNOTS.);
#5656=B_SPLINE_SURFACE_WITH_KNOTS('',3,1,((#12053,#12054),(#12055,#12056),
(#12057,#12058),(#12059,#12060)),.SURF_OF_LINEAR_EXTRUSION.,.F.,.F.,.F.,
(4,4),(2,2),(0.,1.),(0.,1.),.PIECEWISE_BEZIER_KNOTS.);
#5657=B_SPLINE_SURFACE_WITH_KNOTS('',3,1,((#12068,#12069),(#12070,#12071),
(#12072,#12073),(#12074,#12075)),.SURF_OF_LINEAR_EXTRUSION.,.F.,.F.,.F.,
(4,4),(2,2),(0.,1.),(0.,1.),.PIECEWISE_BEZIER_KNOTS.);
#5658=B_SPLINE_SURFACE_WITH_KNOTS('',3,1,((#12081,#12082),(#12083,#12084),
(#12085,#12086),(#12087,#12088)),.SURF_OF_LINEAR_EXTRUSION.,.F.,.F.,.F.,
(4,4),(2,2),(0.,1.),(0.,1.),.PIECEWISE_BEZIER_KNOTS.);
#5659=B_SPLINE_SURFACE_WITH_KNOTS('',3,1,((#12094,#12095),(#12096,#12097),
(#12098,#12099),(#12100,#12101)),.SURF_OF_LINEAR_EXTRUSION.,.F.,.F.,.F.,
(4,4),(2,2),(0.,1.),(0.,1.),.PIECEWISE_BEZIER_KNOTS.);
#5660=B_SPLINE_SURFACE_WITH_KNOTS('',3,1,((#12107,#12108),(#12109,#12110),
(#12111,#12112),(#12113,#12114)),.SURF_OF_LINEAR_EXTRUSION.,.F.,.F.,.F.,
(4,4),(2,2),(0.,1.),(0.,1.),.PIECEWISE_BEZIER_KNOTS.);
#5661=B_SPLINE_SURFACE_WITH_KNOTS('',3,1,((#12120,#12121),(#12122,#12123),
(#12124,#12125),(#12126,#12127)),.SURF_OF_LINEAR_EXTRUSION.,.F.,.F.,.F.,
(4,4),(2,2),(0.,1.),(0.,1.),.PIECEWISE_BEZIER_KNOTS.);
#5662=B_SPLINE_SURFACE_WITH_KNOTS('',3,1,((#12137,#12138),(#12139,#12140),
(#12141,#12142),(#12143,#12144)),.SURF_OF_LINEAR_EXTRUSION.,.F.,.F.,.F.,
(4,4),(2,2),(0.,1.),(0.,1.),.PIECEWISE_BEZIER_KNOTS.);
#5663=B_SPLINE_SURFACE_WITH_KNOTS('',3,1,((#12150,#12151),(#12152,#12153),
(#12154,#12155),(#12156,#12157)),.SURF_OF_LINEAR_EXTRUSION.,.F.,.F.,.F.,
(4,4),(2,2),(0.,1.),(0.,1.),.PIECEWISE_BEZIER_KNOTS.);
#5664=B_SPLINE_SURFACE_WITH_KNOTS('',3,1,((#12163,#12164),(#12165,#12166),
(#12167,#12168),(#12169,#12170)),.SURF_OF_LINEAR_EXTRUSION.,.F.,.F.,.F.,
(4,4),(2,2),(0.,1.),(0.,1.),.PIECEWISE_BEZIER_KNOTS.);
#5665=B_SPLINE_SURFACE_WITH_KNOTS('',3,1,((#12176,#12177),(#12178,#12179),
(#12180,#12181),(#12182,#12183)),.SURF_OF_LINEAR_EXTRUSION.,.F.,.F.,.F.,
(4,4),(2,2),(0.,1.),(0.,1.),.PIECEWISE_BEZIER_KNOTS.);
#5666=B_SPLINE_SURFACE_WITH_KNOTS('',3,1,((#12189,#12190),(#12191,#12192),
(#12193,#12194),(#12195,#12196)),.SURF_OF_LINEAR_EXTRUSION.,.F.,.F.,.F.,
(4,4),(2,2),(0.,1.),(0.,1.),.PIECEWISE_BEZIER_KNOTS.);
#5667=B_SPLINE_SURFACE_WITH_KNOTS('',3,1,((#12202,#12203),(#12204,#12205),
(#12206,#12207),(#12208,#12209)),.SURF_OF_LINEAR_EXTRUSION.,.F.,.F.,.F.,
(4,4),(2,2),(0.,1.),(0.,1.),.PIECEWISE_BEZIER_KNOTS.);
#5668=B_SPLINE_SURFACE_WITH_KNOTS('',3,1,((#12215,#12216),(#12217,#12218),
(#12219,#12220),(#12221,#12222)),.SURF_OF_LINEAR_EXTRUSION.,.F.,.F.,.F.,
(4,4),(2,2),(0.,1.),(0.,1.),.PIECEWISE_BEZIER_KNOTS.);
#5669=B_SPLINE_SURFACE_WITH_KNOTS('',3,1,((#12274,#12275),(#12276,#12277),
(#12278,#12279),(#12280,#12281)),.SURF_OF_LINEAR_EXTRUSION.,.F.,.F.,.F.,
(4,4),(2,2),(0.,1.),(0.,1.),.PIECEWISE_BEZIER_KNOTS.);
#5670=B_SPLINE_SURFACE_WITH_KNOTS('',3,1,((#12289,#12290),(#12291,#12292),
(#12293,#12294),(#12295,#12296)),.SURF_OF_LINEAR_EXTRUSION.,.F.,.F.,.F.,
(4,4),(2,2),(0.,1.),(0.,1.),.PIECEWISE_BEZIER_KNOTS.);
#5671=B_SPLINE_SURFACE_WITH_KNOTS('',3,1,((#12302,#12303),(#12304,#12305),
(#12306,#12307),(#12308,#12309)),.SURF_OF_LINEAR_EXTRUSION.,.F.,.F.,.F.,
(4,4),(2,2),(0.,1.),(0.,1.),.PIECEWISE_BEZIER_KNOTS.);
#5672=B_SPLINE_SURFACE_WITH_KNOTS('',3,1,((#12315,#12316),(#12317,#12318),
(#12319,#12320),(#12321,#12322)),.SURF_OF_LINEAR_EXTRUSION.,.F.,.F.,.F.,
(4,4),(2,2),(0.,1.),(0.,1.),.PIECEWISE_BEZIER_KNOTS.);
#5673=B_SPLINE_SURFACE_WITH_KNOTS('',3,1,((#12328,#12329),(#12330,#12331),
(#12332,#12333),(#12334,#12335)),.SURF_OF_LINEAR_EXTRUSION.,.F.,.F.,.F.,
(4,4),(2,2),(0.,1.),(0.,1.),.PIECEWISE_BEZIER_KNOTS.);
#5674=B_SPLINE_SURFACE_WITH_KNOTS('',3,1,((#12341,#12342),(#12343,#12344),
(#12345,#12346),(#12347,#12348)),.SURF_OF_LINEAR_EXTRUSION.,.F.,.F.,.F.,
(4,4),(2,2),(0.,1.),(0.,1.),.PIECEWISE_BEZIER_KNOTS.);
#5675=B_SPLINE_SURFACE_WITH_KNOTS('',3,1,((#12358,#12359),(#12360,#12361),
(#12362,#12363),(#12364,#12365)),.SURF_OF_LINEAR_EXTRUSION.,.F.,.F.,.F.,
(4,4),(2,2),(0.,1.),(0.,1.),.PIECEWISE_BEZIER_KNOTS.);
#5676=B_SPLINE_SURFACE_WITH_KNOTS('',3,1,((#12371,#12372),(#12373,#12374),
(#12375,#12376),(#12377,#12378)),.SURF_OF_LINEAR_EXTRUSION.,.F.,.F.,.F.,
(4,4),(2,2),(0.,1.),(0.,1.),.PIECEWISE_BEZIER_KNOTS.);
#5677=B_SPLINE_SURFACE_WITH_KNOTS('',3,1,((#12384,#12385),(#12386,#12387),
(#12388,#12389),(#12390,#12391)),.SURF_OF_LINEAR_EXTRUSION.,.F.,.F.,.F.,
(4,4),(2,2),(0.,1.),(0.,1.),.PIECEWISE_BEZIER_KNOTS.);
#5678=B_SPLINE_SURFACE_WITH_KNOTS('',3,1,((#12397,#12398),(#12399,#12400),
(#12401,#12402),(#12403,#12404)),.SURF_OF_LINEAR_EXTRUSION.,.F.,.F.,.F.,
(4,4),(2,2),(0.,1.),(0.,1.),.PIECEWISE_BEZIER_KNOTS.);
#5679=B_SPLINE_SURFACE_WITH_KNOTS('',3,1,((#12410,#12411),(#12412,#12413),
(#12414,#12415),(#12416,#12417)),.SURF_OF_LINEAR_EXTRUSION.,.F.,.F.,.F.,
(4,4),(2,2),(0.,1.),(0.,1.),.PIECEWISE_BEZIER_KNOTS.);
#5680=B_SPLINE_SURFACE_WITH_KNOTS('',3,1,((#12423,#12424),(#12425,#12426),
(#12427,#12428),(#12429,#12430)),.SURF_OF_LINEAR_EXTRUSION.,.F.,.F.,.F.,
(4,4),(2,2),(0.,1.),(0.,1.),.PIECEWISE_BEZIER_KNOTS.);
#5681=B_SPLINE_SURFACE_WITH_KNOTS('',3,1,((#12436,#12437),(#12438,#12439),
(#12440,#12441),(#12442,#12443)),.SURF_OF_LINEAR_EXTRUSION.,.F.,.F.,.F.,
(4,4),(2,2),(0.,1.),(0.,1.),.PIECEWISE_BEZIER_KNOTS.);
#5682=B_SPLINE_SURFACE_WITH_KNOTS('',3,1,((#12468,#12469),(#12470,#12471),
(#12472,#12473),(#12474,#12475)),.SURF_OF_LINEAR_EXTRUSION.,.F.,.F.,.F.,
(4,4),(2,2),(0.,1.),(0.,1.),.PIECEWISE_BEZIER_KNOTS.);
#5683=B_SPLINE_SURFACE_WITH_KNOTS('',3,1,((#12479,#12480),(#12481,#12482),
(#12483,#12484),(#12485,#12486)),.SURF_OF_LINEAR_EXTRUSION.,.F.,.F.,.F.,
(4,4),(2,2),(0.,1.),(0.,1.),.PIECEWISE_BEZIER_KNOTS.);
#5684=B_SPLINE_SURFACE_WITH_KNOTS('',1,3,((#12518,#12519,#12520,#12521,
#12522,#12523,#12524,#12525,#12526,#12527,#12528,#12529,#12530,#12531,#12532,
#12533,#12534,#12535,#12536,#12537,#12538,#12539,#12540,#12541,#12542,#12543,
#12544,#12545,#12546,#12547,#12548,#12549,#12550,#12551,#12552,#12553,#12554,
#12555,#12556,#12557,#12558,#12559,#12560,#12561,#12562,#12563,#12564,#12565,
#12566,#12567,#12568,#12569,#12570,#12571,#12572,#12573,#12574,#12575,#12576,
#12577,#12578,#12579,#12580,#12581,#12582,#12583,#12584,#12585,#12586,#12587,
#12588,#12589,#12590,#12591,#12592,#12593,#12594,#12595),(#12596,#12597,
#12598,#12599,#12600,#12601,#12602,#12603,#12604,#12605,#12606,#12607,#12608,
#12609,#12610,#12611,#12612,#12613,#12614,#12615,#12616,#12617,#12618,#12619,
#12620,#12621,#12622,#12623,#12624,#12625,#12626,#12627,#12628,#12629,#12630,
#12631,#12632,#12633,#12634,#12635,#12636,#12637,#12638,#12639,#12640,#12641,
#12642,#12643,#12644,#12645,#12646,#12647,#12648,#12649,#12650,#12651,#12652,
#12653,#12654,#12655,#12656,#12657,#12658,#12659,#12660,#12661,#12662,#12663,
#12664,#12665,#12666,#12667,#12668,#12669,#12670,#12671,#12672,#12673)),
 .RULED_SURF.,.F.,.F.,.F.,(2,2),(4,2,2,2,2,2,2,2,2,2,2,2,2,2,2,2,2,2,2,
2,2,2,2,2,2,2,2,2,2,2,2,2,2,2,2,2,2,2,4),(0.,1.),(0.0763768099044996,0.0764612255537021,
0.0765170361613198,0.0765728467689376,0.0766844679841731,0.0767960891994087,
0.0770193316298797,0.0774658164908219,0.077912301351764,0.0788052710736482,
0.0796982407955325,0.0805912105174167,0.0823771499611852,0.0841630894049537,
0.0850560591268379,0.0859490288487222,0.0868419985706064,0.0877349682924907,
0.0881814531534328,0.0886279380143749,0.089074422875317,0.0895209077362592,
0.0899673925972013,0.0904138774581434,0.0908603623190855,0.0913068471800276,
0.0921998169019119,0.0930927866237961,0.0939857563456804,0.0948787260675646,
0.0957716957894489,0.0966646655113331,0.0975576352332173,0.0984506049551016,
0.0993435746769858,0.10023654439887,0.101129514120754,0.102022483842639,
0.102665385911132),.UNSPECIFIED.);
#5685=B_SPLINE_SURFACE_WITH_KNOTS('',1,3,((#12683,#12684,#12685,#12686,
#12687,#12688,#12689,#12690,#12691,#12692,#12693,#12694,#12695,#12696,#12697,
#12698,#12699,#12700,#12701,#12702,#12703,#12704,#12705,#12706,#12707,#12708,
#12709,#12710,#12711,#12712,#12713,#12714,#12715,#12716,#12717,#12718,#12719,
#12720,#12721,#12722,#12723,#12724,#12725,#12726,#12727,#12728,#12729,#12730,
#12731,#12732),(#12733,#12734,#12735,#12736,#12737,#12738,#12739,#12740,
#12741,#12742,#12743,#12744,#12745,#12746,#12747,#12748,#12749,#12750,#12751,
#12752,#12753,#12754,#12755,#12756,#12757,#12758,#12759,#12760,#12761,#12762,
#12763,#12764,#12765,#12766,#12767,#12768,#12769,#12770,#12771,#12772,#12773,
#12774,#12775,#12776,#12777,#12778,#12779,#12780,#12781,#12782)),
 .RULED_SURF.,.F.,.F.,.F.,(2,2),(4,2,2,2,2,2,2,2,2,2,2,2,2,2,2,2,2,2,2,
2,2,2,2,2,4),(0.,1.),(0.05666501545747,0.0570488973731455,0.0581096895237344,
0.0591704816743233,0.0602312738249122,0.0612920659755012,0.0623528581260901,
0.063413650276679,0.0644744424272679,0.0665960267284458,0.0676568188790347,
0.0687176110296236,0.0692480071049181,0.0697784031802125,0.070308799255507,
0.0708391953308014,0.0711043933684487,0.0713695914060959,0.0716347894437431,
0.0718999874813904,0.072032586500214,0.0720988860096258,0.0721651855190376,
0.0722314850284494,0.0722822924161699),.UNSPECIFIED.);
#5686=B_SPLINE_SURFACE_WITH_KNOTS('',1,3,((#12787,#12788,#12789,#12790,
#12791,#12792,#12793,#12794,#12795,#12796,#12797,#12798,#12799,#12800,#12801,
#12802,#12803,#12804,#12805,#12806),(#12807,#12808,#12809,#12810,#12811,
#12812,#12813,#12814,#12815,#12816,#12817,#12818,#12819,#12820,#12821,#12822,
#12823,#12824,#12825,#12826)),.RULED_SURF.,.F.,.F.,.F.,(2,2),(4,2,2,2,2,
2,2,2,2,4),(0.,1.),(0.0066947831904003,0.00680315125207624,0.0071041922163264,
0.00770627414482672,0.00830835607332704,0.00891043800182736,0.00951251993032769,
0.010114601858828,0.0107166837873283,0.0111244067307412),.UNSPECIFIED.);
#5687=B_SPLINE_SURFACE_WITH_KNOTS('',1,3,((#12841,#12842,#12843,#12844,
#12845,#12846,#12847,#12848,#12849,#12850,#12851,#12852,#12853,#12854,#12855,
#12856),(#12857,#12858,#12859,#12860,#12861,#12862,#12863,#12864,#12865,
#12866,#12867,#12868,#12869,#12870,#12871,#12872)),.RULED_SURF.,.F.,.F.,
 .F.,(2,2),(4,2,2,2,2,2,2,4),(0.,1.),(0.0078997833823134,0.00891278862152773,
0.010121285225835,0.0107255335279887,0.0113297818301423,0.011934030132296,
0.0122361542833728,0.0123435169545213),.UNSPECIFIED.);
#5688=B_SPLINE_SURFACE_WITH_KNOTS('',1,3,((#12877,#12878,#12879,#12880,
#12881,#12882,#12883,#12884,#12885,#12886,#12887,#12888,#12889,#12890,#12891,
#12892,#12893,#12894,#12895,#12896,#12897,#12898,#12899,#12900,#12901,#12902,
#12903,#12904,#12905,#12906,#12907,#12908,#12909,#12910,#12911,#12912,#12913,
#12914,#12915,#12916,#12917,#12918,#12919,#12920,#12921,#12922),(#12923,
#12924,#12925,#12926,#12927,#12928,#12929,#12930,#12931,#12932,#12933,#12934,
#12935,#12936,#12937,#12938,#12939,#12940,#12941,#12942,#12943,#12944,#12945,
#12946,#12947,#12948,#12949,#12950,#12951,#12952,#12953,#12954,#12955,#12956,
#12957,#12958,#12959,#12960,#12961,#12962,#12963,#12964,#12965,#12966,#12967,
#12968)),.RULED_SURF.,.F.,.F.,.F.,(2,2),(4,2,2,2,2,2,2,2,2,2,2,2,2,2,2,
2,2,2,2,2,2,2,4),(0.,1.),(0.048043400489329,0.0481584104820282,0.0482236731119151,
0.0482889357418019,0.0484194610015756,0.0486805115211231,0.0489415620406705,
0.0494636630797654,0.0499857641188602,0.0505078651579551,0.0515520672361448,
0.0525962693143346,0.0536404713925243,0.054684673470714,0.0557288755489038,
0.0567730776270935,0.0578172797052832,0.058861481783473,0.0599056838616627,
0.0609498859398524,0.0619940880180422,0.0630382900962319,0.063417383283246),
 .UNSPECIFIED.);
#5689=B_SPLINE_SURFACE_WITH_KNOTS('',1,3,((#12994,#12995,#12996,#12997,
#12998,#12999,#13000,#13001,#13002,#13003,#13004,#13005,#13006,#13007,#13008,
#13009,#13010,#13011,#13012,#13013,#13014,#13015,#13016,#13017,#13018,#13019,
#13020,#13021,#13022,#13023,#13024,#13025,#13026,#13027,#13028,#13029,#13030,
#13031,#13032,#13033,#13034,#13035,#13036,#13037,#13038,#13039,#13040,#13041),
(#13042,#13043,#13044,#13045,#13046,#13047,#13048,#13049,#13050,#13051,
#13052,#13053,#13054,#13055,#13056,#13057,#13058,#13059,#13060,#13061,#13062,
#13063,#13064,#13065,#13066,#13067,#13068,#13069,#13070,#13071,#13072,#13073,
#13074,#13075,#13076,#13077,#13078,#13079,#13080,#13081,#13082,#13083,#13084,
#13085,#13086,#13087,#13088,#13089)),.RULED_SURF.,.F.,.F.,.F.,(2,2),(4,
2,2,2,2,2,2,2,2,2,2,2,2,2,2,2,2,2,2,2,2,2,2,4),(0.,1.),(0.0434615939924506,
0.04355278464145,0.0436045473981348,0.0436563101548197,0.0437598356681893,
0.0439668866949287,0.044173937721668,0.0445880397751467,0.0454162438821042,
0.0462444479890616,0.047072652096019,0.0479008562029764,0.0495572644168913,
0.0512136726308061,0.0528700808447209,0.0536982849516783,0.0545264890586358,
0.0549405911121145,0.0551476421388538,0.0553546931655932,0.0554582186789628,
0.0555099814356477,0.0555617441923325,0.0556528531562447),.UNSPECIFIED.);
#5690=B_SPLINE_SURFACE_WITH_KNOTS('',1,3,((#13120,#13121,#13122,#13123,
#13124,#13125,#13126,#13127,#13128,#13129,#13130,#13131,#13132,#13133,#13134,
#13135,#13136,#13137),(#13138,#13139,#13140,#13141,#13142,#13143,#13144,
#13145,#13146,#13147,#13148,#13149,#13150,#13151,#13152,#13153,#13154,#13155)),
 .RULED_SURF.,.F.,.F.,.F.,(2,2),(4,2,2,2,2,2,2,2,4),(0.,1.),(0.0113634709302621,
0.0114147773678744,0.0115573580067906,0.0116999386457068,0.011842519284623,
0.0121276805624554,0.0124128418402877,0.0129831643959525,0.0134632564673439),
 .UNSPECIFIED.);
#5691=B_SPLINE_SURFACE_WITH_KNOTS('',1,3,((#13188,#13189,#13190,#13191,
#13192,#13193,#13194,#13195,#13196,#13197,#13198,#13199,#13200,#13201,#13202,
#13203,#13204,#13205,#13206,#13207,#13208,#13209,#13210,#13211,#13212,#13213,
#13214,#13215,#13216,#13217,#13218,#13219,#13220,#13221,#13222,#13223),
(#13224,#13225,#13226,#13227,#13228,#13229,#13230,#13231,#13232,#13233,
#13234,#13235,#13236,#13237,#13238,#13239,#13240,#13241,#13242,#13243,#13244,
#13245,#13246,#13247,#13248,#13249,#13250,#13251,#13252,#13253,#13254,#13255,
#13256,#13257,#13258,#13259)),.RULED_SURF.,.F.,.F.,.F.,(2,2),(4,2,2,2,2,
2,2,2,2,2,2,2,2,2,2,2,2,4),(0.,1.),(0.,0.00210044353302136,0.00420088706604274,
0.00525110883255342,0.0063013305990641,0.00735155236557479,0.00840177413208547,
0.0105022176651068,0.0126026611981282,0.0136528829646389,0.0147031047311496,
0.0152282156144049,0.0154907710560326,0.0157533264976603,0.0158189653580671,
0.0158846042184741,0.0160158819392879,0.0160993665902698),.UNSPECIFIED.);
#5692=B_SPLINE_SURFACE_WITH_KNOTS('',1,3,((#13264,#13265,#13266,#13267,
#13268,#13269,#13270,#13271,#13272,#13273,#13274,#13275,#13276,#13277,#13278,
#13279,#13280,#13281,#13282,#13283,#13284,#13285,#13286,#13287,#13288,#13289,
#13290,#13291,#13292,#13293,#13294,#13295,#13296,#13297,#13298,#13299,#13300,
#13301,#13302,#13303,#13304,#13305,#13306,#13307,#13308,#13309,#13310,#13311,
#13312,#13313,#13314,#13315,#13316,#13317,#13318,#13319,#13320,#13321,#13322,
#13323,#13324,#13325,#13326,#13327,#13328,#13329,#13330,#13331,#13332,#13333,
#13334,#13335,#13336,#13337,#13338,#13339,#13340,#13341,#13342,#13343,#13344,
#13345,#13346,#13347),(#13348,#13349,#13350,#13351,#13352,#13353,#13354,
#13355,#13356,#13357,#13358,#13359,#13360,#13361,#13362,#13363,#13364,#13365,
#13366,#13367,#13368,#13369,#13370,#13371,#13372,#13373,#13374,#13375,#13376,
#13377,#13378,#13379,#13380,#13381,#13382,#13383,#13384,#13385,#13386,#13387,
#13388,#13389,#13390,#13391,#13392,#13393,#13394,#13395,#13396,#13397,#13398,
#13399,#13400,#13401,#13402,#13403,#13404,#13405,#13406,#13407,#13408,#13409,
#13410,#13411,#13412,#13413,#13414,#13415,#13416,#13417,#13418,#13419,#13420,
#13421,#13422,#13423,#13424,#13425,#13426,#13427,#13428,#13429,#13430,#13431)),
 .RULED_SURF.,.F.,.F.,.F.,(2,2),(4,2,2,2,2,2,2,2,2,2,2,2,2,2,2,2,2,2,2,
2,2,2,2,2,2,2,2,2,2,2,2,2,2,2,2,2,2,2,2,2,2,4),(0.,1.),(0.108582512027521,
0.108625533892581,0.108708146684937,0.108790759477292,0.108873372269648,
0.109038597854359,0.109203823439071,0.109534274608493,0.110195176947338,
0.110856079286183,0.112177883963873,0.113499688641563,0.114821493319253,
0.116143297996943,0.117465102674633,0.118786907352323,0.120108712030013,
0.121430516707703,0.122752321385393,0.125395930740773,0.128039540096153,
0.130683149451533,0.132004954129223,0.133326758806913,0.134648563484603,
0.135970368162293,0.137292172839983,0.138613977517673,0.139935782195363,
0.141257586873053,0.142579391550743,0.143901196228433,0.145223000906123,
0.145883903244968,0.146544805583813,0.146875256753236,0.147040482337947,
0.147123095130303,0.147205707922658,0.147288320715014,0.14737093350737,
0.147496567343473),.UNSPECIFIED.);
#5693=B_SPLINE_SURFACE_WITH_KNOTS('',1,3,((#13450,#13451,#13452,#13453,
#13454,#13455,#13456,#13457,#13458,#13459,#13460,#13461,#13462,#13463,#13464,
#13465,#13466,#13467,#13468,#13469),(#13470,#13471,#13472,#13473,#13474,
#13475,#13476,#13477,#13478,#13479,#13480,#13481,#13482,#13483,#13484,#13485,
#13486,#13487,#13488,#13489)),.RULED_SURF.,.F.,.F.,.F.,(2,2),(4,2,2,2,2,
2,2,2,2,4),(0.,1.),(0.0113751560542316,0.0118037543423698,0.0123137485404477,
0.0125687456394866,0.0128237427385256,0.012951241288045,0.0130787398375645,
0.0131424891123243,0.013206238387084,0.0132521668340276),.UNSPECIFIED.);
#5694=B_SPLINE_SURFACE_WITH_KNOTS('',1,3,((#13494,#13495,#13496,#13497,
#13498,#13499,#13500,#13501,#13502,#13503,#13504,#13505,#13506,#13507,#13508,
#13509),(#13510,#13511,#13512,#13513,#13514,#13515,#13516,#13517,#13518,
#13519,#13520,#13521,#13522,#13523,#13524,#13525)),.RULED_SURF.,.F.,.F.,
 .F.,(2,2),(4,2,2,2,2,2,2,4),(0.,1.),(0.,0.00127815112995326,0.00191722669492989,
0.00255630225990652,0.00319537782488314,0.00383445338985977,0.0044735289548364,
0.00489977623888936),.UNSPECIFIED.);
#5695=B_SPLINE_SURFACE_WITH_KNOTS('',1,3,((#13540,#13541,#13542,#13543,
#13544,#13545,#13546,#13547,#13548,#13549,#13550,#13551,#13552,#13553,#13554,
#13555,#13556,#13557,#13558,#13559),(#13560,#13561,#13562,#13563,#13564,
#13565,#13566,#13567,#13568,#13569,#13570,#13571,#13572,#13573,#13574,#13575,
#13576,#13577,#13578,#13579)),.RULED_SURF.,.F.,.F.,.F.,(2,2),(4,2,2,2,2,
2,2,2,2,4),(0.,1.),(0.000194309779013757,0.000581837711237038,0.00116367542247408,
0.0014545942780926,0.00174551313371112,0.00232735084494816,0.00290918855618519,
0.00349102626742223,0.00407286397865927,0.00465470168989631),
 .UNSPECIFIED.);
#5696=B_SPLINE_SURFACE_WITH_KNOTS('',1,3,((#13584,#13585,#13586,#13587,
#13588,#13589,#13590,#13591,#13592,#13593,#13594,#13595,#13596,#13597,#13598,
#13599,#13600,#13601,#13602,#13603),(#13604,#13605,#13606,#13607,#13608,
#13609,#13610,#13611,#13612,#13613,#13614,#13615,#13616,#13617,#13618,#13619,
#13620,#13621,#13622,#13623)),.RULED_SURF.,.F.,.F.,.F.,(2,2),(4,2,2,2,2,
2,2,2,2,4),(0.,1.),(0.0099759635246405,0.0105334551552614,0.0111970844267525,
0.011528899062498,0.0118607136982436,0.0121925283339891,0.0122754819929255,
0.0123584356518619,0.0123999124813301,0.0124194649941313),.UNSPECIFIED.);
#5697=B_SPLINE_SURFACE_WITH_KNOTS('',1,3,((#13633,#13634,#13635,#13636,
#13637,#13638,#13639,#13640),(#13641,#13642,#13643,#13644,#13645,#13646,
#13647,#13648)),.RULED_SURF.,.F.,.F.,.F.,(2,2),(4,2,2,4),(0.,1.),(0.0047727954883178,
0.00492357279136409,0.00510306416139665,0.00543315928366146),
 .UNSPECIFIED.);
#5698=B_SPLINE_SURFACE_WITH_KNOTS('',1,3,((#13653,#13654,#13655,#13656,
#13657,#13658,#13659,#13660,#13661,#13662,#13663,#13664,#13665,#13666,#13667,
#13668,#13669,#13670,#13671,#13672,#13673,#13674,#13675,#13676,#13677,#13678),
(#13679,#13680,#13681,#13682,#13683,#13684,#13685,#13686,#13687,#13688,
#13689,#13690,#13691,#13692,#13693,#13694,#13695,#13696,#13697,#13698,#13699,
#13700,#13701,#13702,#13703,#13704)),.RULED_SURF.,.F.,.F.,.F.,(2,2),(4,
2,2,2,2,2,2,2,2,2,2,2,4),(0.,1.),(0.0318291861079238,0.0318606034210239,
0.0319320556172722,0.0320749600097687,0.0322178644022652,0.0325036731872583,
0.0327894819722514,0.0330752907572445,0.0333610995422375,0.0339327171122237,
0.0345043346822098,0.035075952252196,0.0360362783967736),.UNSPECIFIED.);
#5699=B_SPLINE_SURFACE_WITH_KNOTS('',1,3,((#13727,#13728,#13729,#13730,
#13731,#13732,#13733,#13734,#13735,#13736,#13737,#13738,#13739,#13740,#13741,
#13742,#13743,#13744,#13745,#13746,#13747,#13748,#13749,#13750,#13751,#13752,
#13753,#13754,#13755,#13756,#13757,#13758,#13759,#13760,#13761,#13762,#13763,
#13764,#13765,#13766,#13767,#13768,#13769,#13770,#13771,#13772,#13773,#13774,
#13775,#13776,#13777,#13778,#13779,#13780,#13781,#13782,#13783,#13784,#13785,
#13786,#13787,#13788,#13789,#13790,#13791,#13792,#13793,#13794,#13795,#13796),
(#13797,#13798,#13799,#13800,#13801,#13802,#13803,#13804,#13805,#13806,
#13807,#13808,#13809,#13810,#13811,#13812,#13813,#13814,#13815,#13816,#13817,
#13818,#13819,#13820,#13821,#13822,#13823,#13824,#13825,#13826,#13827,#13828,
#13829,#13830,#13831,#13832,#13833,#13834,#13835,#13836,#13837,#13838,#13839,
#13840,#13841,#13842,#13843,#13844,#13845,#13846,#13847,#13848,#13849,#13850,
#13851,#13852,#13853,#13854,#13855,#13856,#13857,#13858,#13859,#13860,#13861,
#13862,#13863,#13864,#13865,#13866)),.RULED_SURF.,.F.,.F.,.F.,(2,2),(4,
2,2,2,2,2,2,2,2,2,2,2,2,2,2,2,2,2,2,2,2,2,2,2,2,2,2,2,2,2,2,2,2,2,4),(0.,
1.),(0.0985262527641131,0.0986392207634146,0.0987879139941094,0.0988622606094568,
0.0989366072248042,0.099085300455499,0.0993826869168886,0.0999774598396679,
0.100572232762447,0.101761778608006,0.102951324453564,0.104140870299123,
0.105330416144681,0.10651996199024,0.108899053681357,0.111278145372474,
0.113657237063591,0.116036328754707,0.118415420445824,0.119604966291383,
0.120794512136941,0.123173603828058,0.125552695519175,0.127931787210292,
0.129121333055851,0.130310878901409,0.131500424746968,0.132095197669747,
0.132689970592526,0.132987357053916,0.133284743515306,0.133321916822979,
0.133359090130653,0.133433436746,0.133546460525807),.UNSPECIFIED.);
#5700=ADVANCED_FACE('',(#5211),#5560,.T.);
#5701=ADVANCED_FACE('',(#5212),#5561,.T.);
#5702=ADVANCED_FACE('',(#5213),#5562,.T.);
#5703=ADVANCED_FACE('',(#5214),#5563,.T.);
#5704=ADVANCED_FACE('',(#5215),#5564,.F.);
#5705=ADVANCED_FACE('',(#5216),#5565,.F.);
#5706=ADVANCED_FACE('',(#5217),#5566,.T.);
#5707=ADVANCED_FACE('',(#5218),#5567,.T.);
#5708=ADVANCED_FACE('',(#5219),#5568,.T.);
#5709=ADVANCED_FACE('Face appearance 2',(#5220),#5569,.T.);
#5710=ADVANCED_FACE('Face appearance 2',(#5221),#71,.F.);
#5711=ADVANCED_FACE('Face appearance 2',(#5222),#5570,.T.);
#5712=ADVANCED_FACE('Face appearance 2',(#5223),#72,.T.);
#5713=ADVANCED_FACE('Face appearance 2',(#5224),#5571,.F.);
#5714=ADVANCED_FACE('Face appearance 2',(#5225),#73,.T.);
#5715=ADVANCED_FACE('Face appearance 2',(#5226),#5572,.T.);
#5716=ADVANCED_FACE('Face appearance 2',(#5227),#74,.T.);
#5717=ADVANCED_FACE('Face appearance 2',(#5228),#5573,.T.);
#5718=ADVANCED_FACE('Face appearance 2',(#5229),#75,.T.);
#5719=ADVANCED_FACE('Face appearance 2',(#5230),#5574,.T.);
#5720=ADVANCED_FACE('Face appearance 2',(#5231),#76,.T.);
#5721=ADVANCED_FACE('Face appearance 2',(#5232),#5575,.T.);
#5722=ADVANCED_FACE('Face appearance 2',(#5233),#77,.T.);
#5723=ADVANCED_FACE('Face appearance 2',(#5234),#5576,.T.);
#5724=ADVANCED_FACE('Face appearance 2',(#5235),#52,.F.);
#5725=ADVANCED_FACE('Face appearance 2',(#5236,#5237,#5238,#5239,#5240,
#5241,#5242,#5243,#5244,#5245,#5246,#5247,#5248,#5249,#5250,#5251,#5252,
#5253,#5254,#5255,#5256),#78,.T.);
#5726=ADVANCED_FACE('Face appearance 2',(#5257,#5258),#79,.F.);
#5727=ADVANCED_FACE('',(#5259),#5577,.F.);
#5728=ADVANCED_FACE('',(#5260),#80,.T.);
#5729=ADVANCED_FACE('',(#5261),#5578,.F.);
#5730=ADVANCED_FACE('',(#5262),#81,.F.);
#5731=ADVANCED_FACE('',(#5263),#5579,.T.);
#5732=ADVANCED_FACE('',(#5264),#82,.F.);
#5733=ADVANCED_FACE('',(#5265),#5580,.F.);
#5734=ADVANCED_FACE('',(#5266),#83,.F.);
#5735=ADVANCED_FACE('',(#5267),#5581,.F.);
#5736=ADVANCED_FACE('',(#5268),#84,.F.);
#5737=ADVANCED_FACE('',(#5269),#5582,.F.);
#5738=ADVANCED_FACE('',(#5270),#85,.F.);
#5739=ADVANCED_FACE('',(#5271),#5583,.F.);
#5740=ADVANCED_FACE('',(#5272),#86,.F.);
#5741=ADVANCED_FACE('',(#5273),#5584,.F.);
#5742=ADVANCED_FACE('',(#5274),#53,.T.);
#5743=ADVANCED_FACE('Face appearance 1',(#5275),#87,.T.);
#5744=ADVANCED_FACE('Face appearance 1',(#5276),#88,.T.);
#5745=ADVANCED_FACE('Face appearance 1',(#5277),#89,.T.);
#5746=ADVANCED_FACE('Face appearance 1',(#5278),#90,.T.);
#5747=ADVANCED_FACE('Face appearance 1',(#5279),#91,.T.);
#5748=ADVANCED_FACE('Face appearance 1',(#5280),#92,.T.);
#5749=ADVANCED_FACE('Face appearance 1',(#5281),#93,.T.);
#5750=ADVANCED_FACE('Face appearance 1',(#5282),#94,.T.);
#5751=ADVANCED_FACE('Face appearance 1',(#5283),#95,.T.);
#5752=ADVANCED_FACE('Face appearance 1',(#5284),#96,.T.);
#5753=ADVANCED_FACE('Face appearance 1',(#5285),#97,.T.);
#5754=ADVANCED_FACE('Face appearance 1',(#5286),#98,.T.);
#5755=ADVANCED_FACE('Face appearance 1',(#5287),#99,.T.);
#5756=ADVANCED_FACE('Face appearance 1',(#5288),#100,.T.);
#5757=ADVANCED_FACE('Face appearance 1',(#5289),#101,.T.);
#5758=ADVANCED_FACE('Face appearance 1',(#5290),#102,.T.);
#5759=ADVANCED_FACE('Face appearance 1',(#5291),#103,.T.);
#5760=ADVANCED_FACE('Face appearance 1',(#5292),#104,.T.);
#5761=ADVANCED_FACE('Face appearance 1',(#5293),#105,.T.);
#5762=ADVANCED_FACE('Face appearance 1',(#5294),#106,.T.);
#5763=ADVANCED_FACE('Face appearance 1',(#5295),#107,.T.);
#5764=ADVANCED_FACE('Face appearance 1',(#5296),#108,.T.);
#5765=ADVANCED_FACE('Face appearance 1',(#5297),#109,.T.);
#5766=ADVANCED_FACE('Face appearance 1',(#5298),#110,.T.);
#5767=ADVANCED_FACE('Face appearance 1',(#5299),#111,.T.);
#5768=ADVANCED_FACE('Face appearance 1',(#5300),#112,.T.);
#5769=ADVANCED_FACE('Face appearance 1',(#5301),#113,.T.);
#5770=ADVANCED_FACE('Face appearance 1',(#5302),#114,.T.);
#5771=ADVANCED_FACE('Face appearance 1',(#5303),#54,.F.);
#5772=ADVANCED_FACE('Face appearance 1',(#5304),#5585,.T.);
#5773=ADVANCED_FACE('Face appearance 1',(#5305),#5586,.T.);
#5774=ADVANCED_FACE('Face appearance 1',(#5306),#5587,.T.);
#5775=ADVANCED_FACE('Face appearance 1',(#5307),#5588,.T.);
#5776=ADVANCED_FACE('Face appearance 1',(#5308),#5589,.T.);
#5777=ADVANCED_FACE('Face appearance 1',(#5309),#5590,.T.);
#5778=ADVANCED_FACE('Face appearance 1',(#5310),#5591,.T.);
#5779=ADVANCED_FACE('Face appearance 1',(#5311),#115,.T.);
#5780=ADVANCED_FACE('Face appearance 1',(#5312),#116,.T.);
#5781=ADVANCED_FACE('Face appearance 1',(#5313),#5592,.T.);
#5782=ADVANCED_FACE('Face appearance 1',(#5314),#5593,.T.);
#5783=ADVANCED_FACE('Face appearance 1',(#5315),#5594,.T.);
#5784=ADVANCED_FACE('Face appearance 1',(#5316),#117,.T.);
#5785=ADVANCED_FACE('Face appearance 1',(#5317),#118,.T.);
#5786=ADVANCED_FACE('Face appearance 1',(#5318),#119,.T.);
#5787=ADVANCED_FACE('Face appearance 1',(#5319),#120,.T.);
#5788=ADVANCED_FACE('Face appearance 1',(#5320),#5595,.T.);
#5789=ADVANCED_FACE('Face appearance 1',(#5321),#5596,.T.);
#5790=ADVANCED_FACE('Face appearance 1',(#5322),#5597,.T.);
#5791=ADVANCED_FACE('Face appearance 1',(#5323),#5598,.T.);
#5792=ADVANCED_FACE('Face appearance 1',(#5324),#5599,.T.);
#5793=ADVANCED_FACE('Face appearance 1',(#5325),#121,.T.);
#5794=ADVANCED_FACE('Face appearance 1',(#5326),#122,.T.);
#5795=ADVANCED_FACE('Face appearance 1',(#5327),#5600,.T.);
#5796=ADVANCED_FACE('Face appearance 1',(#5328),#5601,.T.);
#5797=ADVANCED_FACE('Face appearance 1',(#5329),#5602,.T.);
#5798=ADVANCED_FACE('Face appearance 1',(#5330),#123,.T.);
#5799=ADVANCED_FACE('Face appearance 1',(#5331),#55,.F.);
#5800=ADVANCED_FACE('Face appearance 1',(#5332),#56,.F.);
#5801=ADVANCED_FACE('Face appearance 1',(#5333),#5603,.T.);
#5802=ADVANCED_FACE('Face appearance 1',(#5334),#5604,.T.);
#5803=ADVANCED_FACE('Face appearance 1',(#5335),#124,.F.);
#5804=ADVANCED_FACE('Face appearance 1',(#5336),#57,.F.);
#5805=ADVANCED_FACE('Face appearance 1',(#5337),#125,.T.);
#5806=ADVANCED_FACE('Face appearance 1',(#5338),#58,.T.);
#5807=ADVANCED_FACE('Face appearance 1',(#5339),#126,.F.);
#5808=ADVANCED_FACE('Face appearance 1',(#5340),#127,.T.);
#5809=ADVANCED_FACE('Face appearance 1',(#5341),#128,.T.);
#5810=ADVANCED_FACE('Face appearance 1',(#5342),#59,.T.);
#5811=ADVANCED_FACE('Face appearance 1',(#5343),#129,.F.);
#5812=ADVANCED_FACE('Face appearance 1',(#5344),#60,.T.);
#5813=ADVANCED_FACE('Face appearance 1',(#5345),#130,.F.);
#5814=ADVANCED_FACE('Face appearance 1',(#5346),#131,.T.);
#5815=ADVANCED_FACE('Face appearance 1',(#5347),#132,.T.);
#5816=ADVANCED_FACE('Face appearance 1',(#5348),#133,.F.);
#5817=ADVANCED_FACE('Face appearance 1',(#5349),#134,.T.);
#5818=ADVANCED_FACE('Face appearance 1',(#5350),#135,.T.);
#5819=ADVANCED_FACE('Face appearance 1',(#5351),#136,.F.);
#5820=ADVANCED_FACE('Face appearance 1',(#5352),#137,.T.);
#5821=ADVANCED_FACE('Face appearance 1',(#5353),#138,.T.);
#5822=ADVANCED_FACE('Face appearance 1',(#5354),#5605,.T.);
#5823=ADVANCED_FACE('Face appearance 1',(#5355),#5606,.T.);
#5824=ADVANCED_FACE('Face appearance 1',(#5356),#5607,.T.);
#5825=ADVANCED_FACE('Face appearance 1',(#5357),#5608,.T.);
#5826=ADVANCED_FACE('Face appearance 1',(#5358),#139,.T.);
#5827=ADVANCED_FACE('Face appearance 1',(#5359),#61,.T.);
#5828=ADVANCED_FACE('Face appearance 1',(#5360),#62,.T.);
#5829=ADVANCED_FACE('Face appearance 1',(#5361),#5609,.T.);
#5830=ADVANCED_FACE('Face appearance 1',(#5362),#5610,.T.);
#5831=ADVANCED_FACE('Face appearance 1',(#5363),#5611,.T.);
#5832=ADVANCED_FACE('Face appearance 1',(#5364),#5612,.T.);
#5833=ADVANCED_FACE('Face appearance 1',(#5365),#5613,.T.);
#5834=ADVANCED_FACE('Face appearance 1',(#5366),#5614,.T.);
#5835=ADVANCED_FACE('Face appearance 1',(#5367),#5615,.T.);
#5836=ADVANCED_FACE('Face appearance 1',(#5368),#5616,.T.);
#5837=ADVANCED_FACE('Face appearance 1',(#5369),#5617,.T.);
#5838=ADVANCED_FACE('Face appearance 1',(#5370),#5618,.T.);
#5839=ADVANCED_FACE('Face appearance 1',(#5371),#140,.T.);
#5840=ADVANCED_FACE('Face appearance 1',(#5372),#5619,.T.);
#5841=ADVANCED_FACE('Face appearance 1',(#5373),#5620,.T.);
#5842=ADVANCED_FACE('Face appearance 1',(#5374),#5621,.T.);
#5843=ADVANCED_FACE('Face appearance 1',(#5375),#5622,.T.);
#5844=ADVANCED_FACE('Face appearance 1',(#5376),#5623,.T.);
#5845=ADVANCED_FACE('Face appearance 1',(#5377),#5624,.T.);
#5846=ADVANCED_FACE('Face appearance 1',(#5378),#5625,.T.);
#5847=ADVANCED_FACE('Face appearance 1',(#5379),#63,.T.);
#5848=ADVANCED_FACE('Face appearance 1',(#5380),#64,.T.);
#5849=ADVANCED_FACE('Face appearance 1',(#5381),#141,.T.);
#5850=ADVANCED_FACE('Face appearance 1',(#5382),#5626,.T.);
#5851=ADVANCED_FACE('Face appearance 1',(#5383),#65,.F.);
#5852=ADVANCED_FACE('Face appearance 1',(#5384),#5627,.T.);
#5853=ADVANCED_FACE('Face appearance 1',(#5385),#142,.T.);
#5854=ADVANCED_FACE('Face appearance 1',(#5386),#143,.T.);
#5855=ADVANCED_FACE('Face appearance 1',(#5387),#144,.T.);
#5856=ADVANCED_FACE('Face appearance 1',(#5388),#145,.T.);
#5857=ADVANCED_FACE('Face appearance 1',(#5389),#146,.T.);
#5858=ADVANCED_FACE('Face appearance 1',(#5390),#147,.T.);
#5859=ADVANCED_FACE('Face appearance 1',(#5391),#148,.T.);
#5860=ADVANCED_FACE('Face appearance 1',(#5392),#149,.T.);
#5861=ADVANCED_FACE('Face appearance 1',(#5393),#150,.T.);
#5862=ADVANCED_FACE('Face appearance 1',(#5394),#151,.T.);
#5863=ADVANCED_FACE('Face appearance 1',(#5395),#152,.T.);
#5864=ADVANCED_FACE('Face appearance 1',(#5396),#153,.T.);
#5865=ADVANCED_FACE('Face appearance 1',(#5397),#154,.T.);
#5866=ADVANCED_FACE('Face appearance 1',(#5398),#5628,.T.);
#5867=ADVANCED_FACE('Face appearance 1',(#5399),#5629,.T.);
#5868=ADVANCED_FACE('Face appearance 1',(#5400),#5630,.T.);
#5869=ADVANCED_FACE('Face appearance 1',(#5401),#5631,.T.);
#5870=ADVANCED_FACE('Face appearance 1',(#5402),#155,.T.);
#5871=ADVANCED_FACE('Face appearance 1',(#5403),#156,.T.);
#5872=ADVANCED_FACE('Face appearance 1',(#5404),#157,.T.);
#5873=ADVANCED_FACE('Face appearance 1',(#5405),#158,.T.);
#5874=ADVANCED_FACE('Face appearance 1',(#5406),#159,.T.);
#5875=ADVANCED_FACE('Face appearance 1',(#5407),#160,.T.);
#5876=ADVANCED_FACE('Face appearance 1',(#5408),#66,.F.);
#5877=ADVANCED_FACE('Face appearance 1',(#5409),#5632,.T.);
#5878=ADVANCED_FACE('Face appearance 1',(#5410),#5633,.T.);
#5879=ADVANCED_FACE('Face appearance 1',(#5411),#5634,.T.);
#5880=ADVANCED_FACE('Face appearance 1',(#5412),#161,.T.);
#5881=ADVANCED_FACE('Face appearance 1',(#5413),#162,.T.);
#5882=ADVANCED_FACE('Face appearance 1',(#5414),#5635,.T.);
#5883=ADVANCED_FACE('Face appearance 1',(#5415),#5636,.T.);
#5884=ADVANCED_FACE('Face appearance 1',(#5416),#5637,.T.);
#5885=ADVANCED_FACE('Face appearance 1',(#5417),#5638,.T.);
#5886=ADVANCED_FACE('Face appearance 1',(#5418),#5639,.T.);
#5887=ADVANCED_FACE('Face appearance 1',(#5419),#5640,.T.);
#5888=ADVANCED_FACE('Face appearance 1',(#5420),#163,.T.);
#5889=ADVANCED_FACE('Face appearance 1',(#5421),#164,.T.);
#5890=ADVANCED_FACE('Face appearance 1',(#5422),#165,.T.);
#5891=ADVANCED_FACE('Face appearance 1',(#5423),#166,.T.);
#5892=ADVANCED_FACE('Face appearance 1',(#5424),#167,.T.);
#5893=ADVANCED_FACE('Face appearance 1',(#5425),#168,.T.);
#5894=ADVANCED_FACE('Face appearance 1',(#5426),#169,.T.);
#5895=ADVANCED_FACE('Face appearance 1',(#5427),#170,.T.);
#5896=ADVANCED_FACE('Face appearance 1',(#5428),#5641,.T.);
#5897=ADVANCED_FACE('Face appearance 1',(#5429),#5642,.T.);
#5898=ADVANCED_FACE('Face appearance 1',(#5430),#5643,.T.);
#5899=ADVANCED_FACE('Face appearance 1',(#5431),#5644,.T.);
#5900=ADVANCED_FACE('Face appearance 1',(#5432),#171,.T.);
#5901=ADVANCED_FACE('Face appearance 1',(#5433),#5645,.T.);
#5902=ADVANCED_FACE('Face appearance 1',(#5434),#5646,.T.);
#5903=ADVANCED_FACE('Face appearance 1',(#5435),#5647,.T.);
#5904=ADVANCED_FACE('Face appearance 1',(#5436),#172,.T.);
#5905=ADVANCED_FACE('Face appearance 1',(#5437),#173,.T.);
#5906=ADVANCED_FACE('Face appearance 1',(#5438),#5648,.T.);
#5907=ADVANCED_FACE('Face appearance 1',(#5439),#5649,.T.);
#5908=ADVANCED_FACE('Face appearance 1',(#5440),#5650,.T.);
#5909=ADVANCED_FACE('Face appearance 1',(#5441),#5651,.T.);
#5910=ADVANCED_FACE('Face appearance 1',(#5442),#174,.T.);
#5911=ADVANCED_FACE('Face appearance 1',(#5443),#175,.T.);
#5912=ADVANCED_FACE('Face appearance 1',(#5444),#176,.T.);
#5913=ADVANCED_FACE('Face appearance 1',(#5445),#5652,.T.);
#5914=ADVANCED_FACE('Face appearance 1',(#5446),#5653,.T.);
#5915=ADVANCED_FACE('Face appearance 1',(#5447),#5654,.T.);
#5916=ADVANCED_FACE('Face appearance 1',(#5448),#5655,.T.);
#5917=ADVANCED_FACE('Face appearance 1',(#5449),#177,.T.);
#5918=ADVANCED_FACE('Face appearance 1',(#5450),#178,.T.);
#5919=ADVANCED_FACE('Face appearance 1',(#5451),#179,.T.);
#5920=ADVANCED_FACE('Face appearance 1',(#5452),#180,.T.);
#5921=ADVANCED_FACE('Face appearance 1',(#5453),#181,.T.);
#5922=ADVANCED_FACE('Face appearance 1',(#5454),#5656,.T.);
#5923=ADVANCED_FACE('Face appearance 1',(#5455),#5657,.T.);
#5924=ADVANCED_FACE('Face appearance 1',(#5456),#5658,.T.);
#5925=ADVANCED_FACE('Face appearance 1',(#5457),#5659,.T.);
#5926=ADVANCED_FACE('Face appearance 1',(#5458),#5660,.T.);
#5927=ADVANCED_FACE('Face appearance 1',(#5459),#5661,.T.);
#5928=ADVANCED_FACE('Face appearance 1',(#5460),#182,.T.);
#5929=ADVANCED_FACE('Face appearance 1',(#5461),#5662,.T.);
#5930=ADVANCED_FACE('Face appearance 1',(#5462),#5663,.T.);
#5931=ADVANCED_FACE('Face appearance 1',(#5463),#5664,.T.);
#5932=ADVANCED_FACE('Face appearance 1',(#5464),#5665,.T.);
#5933=ADVANCED_FACE('Face appearance 1',(#5465),#5666,.T.);
#5934=ADVANCED_FACE('Face appearance 1',(#5466),#5667,.T.);
#5935=ADVANCED_FACE('Face appearance 1',(#5467),#5668,.T.);
#5936=ADVANCED_FACE('Face appearance 1',(#5468),#183,.T.);
#5937=ADVANCED_FACE('Face appearance 1',(#5469),#184,.T.);
#5938=ADVANCED_FACE('Face appearance 1',(#5470),#185,.T.);
#5939=ADVANCED_FACE('Face appearance 1',(#5471),#186,.T.);
#5940=ADVANCED_FACE('Face appearance 1',(#5472),#187,.T.);
#5941=ADVANCED_FACE('Face appearance 1',(#5473),#188,.T.);
#5942=ADVANCED_FACE('Face appearance 1',(#5474),#189,.T.);
#5943=ADVANCED_FACE('Face appearance 1',(#5475),#190,.T.);
#5944=ADVANCED_FACE('Face appearance 1',(#5476),#191,.T.);
#5945=ADVANCED_FACE('Face appearance 1',(#5477),#192,.T.);
#5946=ADVANCED_FACE('Face appearance 1',(#5478),#193,.T.);
#5947=ADVANCED_FACE('Face appearance 1',(#5479),#5669,.T.);
#5948=ADVANCED_FACE('Face appearance 1',(#5480),#5670,.T.);
#5949=ADVANCED_FACE('Face appearance 1',(#5481),#5671,.T.);
#5950=ADVANCED_FACE('Face appearance 1',(#5482),#5672,.T.);
#5951=ADVANCED_FACE('Face appearance 1',(#5483),#5673,.T.);
#5952=ADVANCED_FACE('Face appearance 1',(#5484),#5674,.T.);
#5953=ADVANCED_FACE('Face appearance 1',(#5485),#194,.T.);
#5954=ADVANCED_FACE('Face appearance 1',(#5486),#5675,.T.);
#5955=ADVANCED_FACE('Face appearance 1',(#5487),#5676,.T.);
#5956=ADVANCED_FACE('Face appearance 1',(#5488),#5677,.T.);
#5957=ADVANCED_FACE('Face appearance 1',(#5489),#5678,.T.);
#5958=ADVANCED_FACE('Face appearance 1',(#5490),#5679,.T.);
#5959=ADVANCED_FACE('Face appearance 1',(#5491),#5680,.T.);
#5960=ADVANCED_FACE('Face appearance 1',(#5492),#5681,.T.);
#5961=ADVANCED_FACE('Face appearance 1',(#5493),#195,.T.);
#5962=ADVANCED_FACE('Face appearance 1',(#5494),#196,.T.);
#5963=ADVANCED_FACE('Face appearance 1',(#5495),#67,.F.);
#5964=ADVANCED_FACE('Face appearance 1',(#5496),#68,.F.);
#5965=ADVANCED_FACE('Face appearance 1',(#5497),#197,.T.);
#5966=ADVANCED_FACE('Face appearance 1',(#5498),#69,.T.);
#5967=ADVANCED_FACE('Face appearance 1',(#5499),#198,.F.);
#5968=ADVANCED_FACE('Face appearance 1',(#5500),#199,.F.);
#5969=ADVANCED_FACE('Face appearance 1',(#5501,#5502),#70,.F.);
#5970=ADVANCED_FACE('Face appearance 1',(#5503),#5682,.T.);
#5971=ADVANCED_FACE('Face appearance 1',(#5504),#5683,.T.);
#5972=ADVANCED_FACE('Face appearance 1',(#5505),#200,.T.);
#5973=ADVANCED_FACE('Face appearance 1',(#5506),#201,.T.);
#5974=ADVANCED_FACE('Face appearance 1',(#5507),#202,.T.);
#5975=ADVANCED_FACE('Face appearance 1',(#5508),#203,.T.);
#5976=ADVANCED_FACE('Face appearance 1',(#5509),#204,.T.);
#5977=ADVANCED_FACE('Face appearance 1',(#5510),#205,.T.);
#5978=ADVANCED_FACE('Face appearance 1',(#5511),#206,.T.);
#5979=ADVANCED_FACE('Face appearance 1',(#5512),#207,.T.);
#5980=ADVANCED_FACE('Face appearance 1',(#5513),#208,.T.);
#5981=ADVANCED_FACE('Face appearance 1',(#5514,#5515,#5516,#5517,#5518,
#5519,#5520,#5521,#5522,#5523,#5524,#5525,#5526,#5527,#5528,#5529,#5530,
#5531,#5532,#5533,#5534),#209,.F.);
#5982=ADVANCED_FACE('',(#5535),#210,.T.);
#5983=ADVANCED_FACE('',(#5536),#5684,.T.);
#5984=ADVANCED_FACE('',(#5537),#211,.T.);
#5985=ADVANCED_FACE('',(#5538),#5685,.T.);
#5986=ADVANCED_FACE('',(#5539),#5686,.T.);
#5987=ADVANCED_FACE('',(#5540),#212,.T.);
#5988=ADVANCED_FACE('',(#5541),#213,.T.);
#5989=ADVANCED_FACE('',(#5542),#5687,.T.);
#5990=ADVANCED_FACE('',(#5543),#5688,.T.);
#5991=ADVANCED_FACE('',(#5544),#214,.T.);
#5992=ADVANCED_FACE('',(#5545),#5689,.T.);
#5993=ADVANCED_FACE('',(#5546),#5690,.T.);
#5994=ADVANCED_FACE('',(#5547),#5691,.T.);
#5995=ADVANCED_FACE('',(#5548),#5692,.T.);
#5996=ADVANCED_FACE('',(#5549),#215,.T.);
#5997=ADVANCED_FACE('',(#5550),#5693,.T.);
#5998=ADVANCED_FACE('',(#5551),#5694,.T.);
#5999=ADVANCED_FACE('',(#5552),#216,.T.);
#6000=ADVANCED_FACE('',(#5553),#217,.F.);
#6001=ADVANCED_FACE('',(#5554),#5695,.T.);
#6002=ADVANCED_FACE('',(#5555),#5696,.T.);
#6003=ADVANCED_FACE('',(#5556),#12,.F.);
#6004=ADVANCED_FACE('',(#5557),#5697,.T.);
#6005=ADVANCED_FACE('',(#5558),#5698,.T.);
#6006=ADVANCED_FACE('',(#5559),#5699,.T.);
#6007=CLOSED_SHELL('',(#5700,#5701,#5702,#5703,#5704,#5705,#5706,#5707,
#5708,#5709,#5710,#5711,#5712,#5713,#5714,#5715,#5716,#5717,#5718,#5719,
#5720,#5721,#5722,#5723,#5724,#5725,#5726,#5727,#5728,#5729,#5730,#5731,
#5732,#5733,#5734,#5735,#5736,#5737,#5738,#5739,#5740,#5741,#5742,#5743,
#5744,#5745,#5746,#5747,#5748,#5749,#5750,#5751,#5752,#5753,#5754,#5755,
#5756,#5757,#5758,#5759,#5760,#5761,#5762,#5763,#5764,#5765,#5766,#5767,
#5768,#5769,#5770,#5771,#5772,#5773,#5774,#5775,#5776,#5777,#5778,#5779,
#5780,#5781,#5782,#5783,#5784,#5785,#5786,#5787,#5788,#5789,#5790,#5791,
#5792,#5793,#5794,#5795,#5796,#5797,#5798,#5799,#5800,#5801,#5802,#5803,
#5804,#5805,#5806,#5807,#5808,#5809,#5810,#5811,#5812,#5813,#5814,#5815,
#5816,#5817,#5818,#5819,#5820,#5821,#5822,#5823,#5824,#5825,#5826,#5827,
#5828,#5829,#5830,#5831,#5832,#5833,#5834,#5835,#5836,#5837,#5838,#5839,
#5840,#5841,#5842,#5843,#5844,#5845,#5846,#5847,#5848,#5849,#5850,#5851,
#5852,#5853,#5854,#5855,#5856,#5857,#5858,#5859,#5860,#5861,#5862,#5863,
#5864,#5865,#5866,#5867,#5868,#5869,#5870,#5871,#5872,#5873,#5874,#5875,
#5876,#5877,#5878,#5879,#5880,#5881,#5882,#5883,#5884,#5885,#5886,#5887,
#5888,#5889,#5890,#5891,#5892,#5893,#5894,#5895,#5896,#5897,#5898,#5899,
#5900,#5901,#5902,#5903,#5904,#5905,#5906,#5907,#5908,#5909,#5910,#5911,
#5912,#5913,#5914,#5915,#5916,#5917,#5918,#5919,#5920,#5921,#5922,#5923,
#5924,#5925,#5926,#5927,#5928,#5929,#5930,#5931,#5932,#5933,#5934,#5935,
#5936,#5937,#5938,#5939,#5940,#5941,#5942,#5943,#5944,#5945,#5946,#5947,
#5948,#5949,#5950,#5951,#5952,#5953,#5954,#5955,#5956,#5957,#5958,#5959,
#5960,#5961,#5962,#5963,#5964,#5965,#5966,#5967,#5968,#5969,#5970,#5971,
#5972,#5973,#5974,#5975,#5976,#5977,#5978,#5979,#5980,#5981,#5982,#5983,
#5984,#5985,#5986,#5987,#5988,#5989,#5990,#5991,#5992,#5993,#5994,#5995,
#5996,#5997,#5998,#5999,#6000,#6001,#6002,#6003,#6004,#6005,#6006));
#6008=STYLED_ITEM('',(#6009),#6016);
#6009=PRESENTATION_STYLE_ASSIGNMENT((#6010));
#6010=SURFACE_STYLE_USAGE(.BOTH.,#6011);
#6011=SURFACE_SIDE_STYLE('',(#6012));
#6012=SURFACE_STYLE_FILL_AREA(#6013);
#6013=FILL_AREA_STYLE('',(#6014));
#6014=FILL_AREA_STYLE_COLOUR('',#6015);
#6015=COLOUR_RGB('',0.615686274509804,0.811764705882353,0.929411764705882);
#6016=MANIFOLD_SOLID_BREP('Part 1',#6007);
#6017=SHAPE_DEFINITION_REPRESENTATION(#13873,#6018);
#6018=SHAPE_REPRESENTATION('Part 1',(#6019),#13868);
#6019=AXIS2_PLACEMENT_3D('',#7196,#6226,#6227);
#6020=AXIS2_PLACEMENT_3D('',#8074,#6243,#6244);
#6021=AXIS2_PLACEMENT_3D('',#8143,#6249,#6250);
#6022=AXIS2_PLACEMENT_3D('',#8225,#6253,#6254);
#6023=AXIS2_PLACEMENT_3D('',#8247,#6258,#6259);
#6024=AXIS2_PLACEMENT_3D('',#8357,#6263,#6264);
#6025=AXIS2_PLACEMENT_3D('',#8414,#6269,#6270);
#6026=AXIS2_PLACEMENT_3D('',#8438,#6274,#6275);
#6027=AXIS2_PLACEMENT_3D('',#8510,#6279,#6280);
#6028=AXIS2_PLACEMENT_3D('',#8511,#6281,#6282);
#6029=AXIS2_PLACEMENT_3D('',#8512,#6283,#6284);
#6030=AXIS2_PLACEMENT_3D('',#8513,#6285,#6286);
#6031=AXIS2_PLACEMENT_3D('',#8555,#6288,#6289);
#6032=AXIS2_PLACEMENT_3D('',#8819,#6327,#6328);
#6033=AXIS2_PLACEMENT_3D('',#8821,#6329,#6330);
#6034=AXIS2_PLACEMENT_3D('',#8869,#6334,#6335);
#6035=AXIS2_PLACEMENT_3D('',#8915,#6342,#6343);
#6036=AXIS2_PLACEMENT_3D('',#8917,#6344,#6345);
#6037=AXIS2_PLACEMENT_3D('',#8931,#6348,#6349);
#6038=AXIS2_PLACEMENT_3D('',#8935,#6351,#6352);
#6039=AXIS2_PLACEMENT_3D('',#8943,#6356,#6357);
#6040=AXIS2_PLACEMENT_3D('',#8947,#6359,#6360);
#6041=AXIS2_PLACEMENT_3D('',#8955,#6364,#6365);
#6042=AXIS2_PLACEMENT_3D('',#8972,#6374,#6375);
#6043=AXIS2_PLACEMENT_3D('',#8993,#6377,#6378);
#6044=AXIS2_PLACEMENT_3D('',#8995,#6379,#6380);
#6045=AXIS2_PLACEMENT_3D('',#9071,#6382,#6383);
#6046=AXIS2_PLACEMENT_3D('',#9073,#6384,#6385);
#6047=AXIS2_PLACEMENT_3D('',#9081,#6387,#6388);
#6048=AXIS2_PLACEMENT_3D('',#9145,#6408,#6409);
#6049=AXIS2_PLACEMENT_3D('',#9430,#6452,#6453);
#6050=AXIS2_PLACEMENT_3D('',#9539,#6454,#6455);
#6051=AXIS2_PLACEMENT_3D('',#10201,#6471,#6472);
#6052=AXIS2_PLACEMENT_3D('',#10278,#6475,#6476);
#6053=AXIS2_PLACEMENT_3D('',#10303,#6479,#6480);
#6054=AXIS2_PLACEMENT_3D('',#10388,#6483,#6484);
#6055=AXIS2_PLACEMENT_3D('',#10413,#6487,#6488);
#6056=AXIS2_PLACEMENT_3D('',#10504,#6491,#6492);
#6057=AXIS2_PLACEMENT_3D('',#10525,#6495,#6496);
#6058=AXIS2_PLACEMENT_3D('',#10636,#6499,#6500);
#6059=AXIS2_PLACEMENT_3D('',#10665,#6503,#6504);
#6060=AXIS2_PLACEMENT_3D('',#10666,#6505,#6506);
#6061=AXIS2_PLACEMENT_3D('',#10672,#6510,#6511);
#6062=AXIS2_PLACEMENT_3D('',#10676,#6514,#6515);
#6063=AXIS2_PLACEMENT_3D('',#10680,#6518,#6519);
#6064=AXIS2_PLACEMENT_3D('',#10684,#6522,#6523);
#6065=AXIS2_PLACEMENT_3D('',#10688,#6526,#6527);
#6066=AXIS2_PLACEMENT_3D('',#10692,#6530,#6531);
#6067=AXIS2_PLACEMENT_3D('',#10696,#6534,#6535);
#6068=AXIS2_PLACEMENT_3D('',#10700,#6538,#6539);
#6069=AXIS2_PLACEMENT_3D('',#10704,#6542,#6543);
#6070=AXIS2_PLACEMENT_3D('',#10708,#6546,#6547);
#6071=AXIS2_PLACEMENT_3D('',#10712,#6550,#6551);
#6072=AXIS2_PLACEMENT_3D('',#10718,#6555,#6556);
#6073=AXIS2_PLACEMENT_3D('',#10722,#6559,#6560);
#6074=AXIS2_PLACEMENT_3D('',#10726,#6563,#6564);
#6075=AXIS2_PLACEMENT_3D('',#10730,#6567,#6568);
#6076=AXIS2_PLACEMENT_3D('',#10734,#6571,#6572);
#6077=AXIS2_PLACEMENT_3D('',#10738,#6575,#6576);
#6078=AXIS2_PLACEMENT_3D('',#10742,#6579,#6580);
#6079=AXIS2_PLACEMENT_3D('',#10748,#6584,#6585);
#6080=AXIS2_PLACEMENT_3D('',#10752,#6588,#6589);
#6081=AXIS2_PLACEMENT_3D('',#10756,#6592,#6593);
#6082=AXIS2_PLACEMENT_3D('',#10762,#6597,#6598);
#6083=AXIS2_PLACEMENT_3D('',#10766,#6601,#6602);
#6084=AXIS2_PLACEMENT_3D('',#10770,#6605,#6606);
#6085=AXIS2_PLACEMENT_3D('',#10774,#6609,#6610);
#6086=AXIS2_PLACEMENT_3D('',#10778,#6613,#6614);
#6087=AXIS2_PLACEMENT_3D('',#10782,#6617,#6618);
#6088=AXIS2_PLACEMENT_3D('',#10786,#6621,#6622);
#6089=AXIS2_PLACEMENT_3D('',#10787,#6623,#6624);
#6090=AXIS2_PLACEMENT_3D('',#10883,#6634,#6635);
#6091=AXIS2_PLACEMENT_3D('',#10887,#6638,#6639);
#6092=AXIS2_PLACEMENT_3D('',#10930,#6645,#6646);
#6093=AXIS2_PLACEMENT_3D('',#10934,#6649,#6650);
#6094=AXIS2_PLACEMENT_3D('',#10940,#6654,#6655);
#6095=AXIS2_PLACEMENT_3D('',#10944,#6658,#6659);
#6096=AXIS2_PLACEMENT_3D('',#11013,#6667,#6668);
#6097=AXIS2_PLACEMENT_3D('',#11017,#6671,#6672);
#6098=AXIS2_PLACEMENT_3D('',#11060,#6678,#6679);
#6099=AXIS2_PLACEMENT_3D('',#11064,#6682,#6683);
#6100=AXIS2_PLACEMENT_3D('',#11065,#6684,#6685);
#6101=AXIS2_PLACEMENT_3D('',#11068,#6687,#6688);
#6102=AXIS2_PLACEMENT_3D('',#11069,#6689,#6690);
#6103=AXIS2_PLACEMENT_3D('',#11098,#6694,#6695);
#6104=AXIS2_PLACEMENT_3D('',#11104,#6699,#6700);
#6105=AXIS2_PLACEMENT_3D('',#11105,#6701,#6702);
#6106=AXIS2_PLACEMENT_3D('',#11108,#6704,#6705);
#6107=AXIS2_PLACEMENT_3D('',#11112,#6708,#6709);
#6108=AXIS2_PLACEMENT_3D('',#11113,#6710,#6711);
#6109=AXIS2_PLACEMENT_3D('',#11116,#6713,#6714);
#6110=AXIS2_PLACEMENT_3D('',#11120,#6717,#6718);
#6111=AXIS2_PLACEMENT_3D('',#11124,#6721,#6722);
#6112=AXIS2_PLACEMENT_3D('',#11128,#6725,#6726);
#6113=AXIS2_PLACEMENT_3D('',#11129,#6727,#6728);
#6114=AXIS2_PLACEMENT_3D('',#11132,#6730,#6731);
#6115=AXIS2_PLACEMENT_3D('',#11136,#6734,#6735);
#6116=AXIS2_PLACEMENT_3D('',#11137,#6736,#6737);
#6117=AXIS2_PLACEMENT_3D('',#11140,#6739,#6740);
#6118=AXIS2_PLACEMENT_3D('',#11144,#6743,#6744);
#6119=AXIS2_PLACEMENT_3D('',#11148,#6747,#6748);
#6120=AXIS2_PLACEMENT_3D('',#11152,#6751,#6752);
#6121=AXIS2_PLACEMENT_3D('',#11158,#6756,#6757);
#6122=AXIS2_PLACEMENT_3D('',#11162,#6760,#6761);
#6123=AXIS2_PLACEMENT_3D('',#11166,#6764,#6765);
#6124=AXIS2_PLACEMENT_3D('',#11172,#6769,#6770);
#6125=AXIS2_PLACEMENT_3D('',#11176,#6773,#6774);
#6126=AXIS2_PLACEMENT_3D('',#11234,#6782,#6783);
#6127=AXIS2_PLACEMENT_3D('',#11238,#6786,#6787);
#6128=AXIS2_PLACEMENT_3D('',#11239,#6788,#6789);
#6129=AXIS2_PLACEMENT_3D('',#11242,#6791,#6792);
#6130=AXIS2_PLACEMENT_3D('',#11243,#6793,#6794);
#6131=AXIS2_PLACEMENT_3D('',#11376,#6806,#6807);
#6132=AXIS2_PLACEMENT_3D('',#11473,#6818,#6819);
#6133=AXIS2_PLACEMENT_3D('',#11474,#6820,#6821);
#6134=AXIS2_PLACEMENT_3D('',#11477,#6823,#6824);
#6135=AXIS2_PLACEMENT_3D('',#11478,#6825,#6826);
#6136=AXIS2_PLACEMENT_3D('',#11481,#6828,#6829);
#6137=AXIS2_PLACEMENT_3D('',#11498,#6833,#6834);
#6138=AXIS2_PLACEMENT_3D('',#11499,#6835,#6836);
#6139=AXIS2_PLACEMENT_3D('',#11515,#6839,#6840);
#6140=AXIS2_PLACEMENT_3D('',#11519,#6843,#6844);
#6141=AXIS2_PLACEMENT_3D('',#11523,#6847,#6848);
#6142=AXIS2_PLACEMENT_3D('',#11527,#6851,#6852);
#6143=AXIS2_PLACEMENT_3D('',#11531,#6855,#6856);
#6144=AXIS2_PLACEMENT_3D('',#11535,#6859,#6860);
#6145=AXIS2_PLACEMENT_3D('',#11539,#6863,#6864);
#6146=AXIS2_PLACEMENT_3D('',#11543,#6867,#6868);
#6147=AXIS2_PLACEMENT_3D('',#11547,#6871,#6872);
#6148=AXIS2_PLACEMENT_3D('',#11551,#6875,#6876);
#6149=AXIS2_PLACEMENT_3D('',#11555,#6879,#6880);
#6150=AXIS2_PLACEMENT_3D('',#11559,#6883,#6884);
#6151=AXIS2_PLACEMENT_3D('',#11565,#6888,#6889);
#6152=AXIS2_PLACEMENT_3D('',#11621,#6896,#6897);
#6153=AXIS2_PLACEMENT_3D('',#11625,#6900,#6901);
#6154=AXIS2_PLACEMENT_3D('',#11629,#6904,#6905);
#6155=AXIS2_PLACEMENT_3D('',#11633,#6908,#6909);
#6156=AXIS2_PLACEMENT_3D('',#11637,#6912,#6913);
#6157=AXIS2_PLACEMENT_3D('',#11641,#6916,#6917);
#6158=AXIS2_PLACEMENT_3D('',#11645,#6920,#6921);
#6159=AXIS2_PLACEMENT_3D('',#11646,#6922,#6923);
#6160=AXIS2_PLACEMENT_3D('',#11688,#6928,#6929);
#6161=AXIS2_PLACEMENT_3D('',#11694,#6933,#6934);
#6162=AXIS2_PLACEMENT_3D('',#11776,#6943,#6944);
#6163=AXIS2_PLACEMENT_3D('',#11780,#6947,#6948);
#6164=AXIS2_PLACEMENT_3D('',#11784,#6951,#6952);
#6165=AXIS2_PLACEMENT_3D('',#11788,#6955,#6956);
#6166=AXIS2_PLACEMENT_3D('',#11792,#6959,#6960);
#6167=AXIS2_PLACEMENT_3D('',#11796,#6963,#6964);
#6168=AXIS2_PLACEMENT_3D('',#11800,#6967,#6968);
#6169=AXIS2_PLACEMENT_3D('',#11806,#6972,#6973);
#6170=AXIS2_PLACEMENT_3D('',#11862,#6980,#6981);
#6171=AXIS2_PLACEMENT_3D('',#11905,#6987,#6988);
#6172=AXIS2_PLACEMENT_3D('',#11911,#6992,#6993);
#6173=AXIS2_PLACEMENT_3D('',#11967,#7000,#7001);
#6174=AXIS2_PLACEMENT_3D('',#11971,#7004,#7005);
#6175=AXIS2_PLACEMENT_3D('',#11975,#7008,#7009);
#6176=AXIS2_PLACEMENT_3D('',#12031,#7016,#7017);
#6177=AXIS2_PLACEMENT_3D('',#12037,#7021,#7022);
#6178=AXIS2_PLACEMENT_3D('',#12041,#7025,#7026);
#6179=AXIS2_PLACEMENT_3D('',#12045,#7029,#7030);
#6180=AXIS2_PLACEMENT_3D('',#12049,#7033,#7034);
#6181=AXIS2_PLACEMENT_3D('',#12133,#7044,#7045);
#6182=AXIS2_PLACEMENT_3D('',#12228,#7055,#7056);
#6183=AXIS2_PLACEMENT_3D('',#12234,#7060,#7061);
#6184=AXIS2_PLACEMENT_3D('',#12238,#7064,#7065);
#6185=AXIS2_PLACEMENT_3D('',#12242,#7068,#7069);
#6186=AXIS2_PLACEMENT_3D('',#12246,#7072,#7073);
#6187=AXIS2_PLACEMENT_3D('',#12250,#7076,#7077);
#6188=AXIS2_PLACEMENT_3D('',#12254,#7080,#7081);
#6189=AXIS2_PLACEMENT_3D('',#12258,#7084,#7085);
#6190=AXIS2_PLACEMENT_3D('',#12262,#7088,#7089);
#6191=AXIS2_PLACEMENT_3D('',#12266,#7092,#7093);
#6192=AXIS2_PLACEMENT_3D('',#12270,#7096,#7097);
#6193=AXIS2_PLACEMENT_3D('',#12354,#7107,#7108);
#6194=AXIS2_PLACEMENT_3D('',#12449,#7118,#7119);
#6195=AXIS2_PLACEMENT_3D('',#12451,#7121,#7122);
#6196=AXIS2_PLACEMENT_3D('',#12453,#7124,#7125);
#6197=AXIS2_PLACEMENT_3D('',#12454,#7126,#7127);
#6198=AXIS2_PLACEMENT_3D('',#12455,#7128,#7129);
#6199=AXIS2_PLACEMENT_3D('',#12456,#7130,#7131);
#6200=AXIS2_PLACEMENT_3D('',#12457,#7132,#7133);
#6201=AXIS2_PLACEMENT_3D('',#12459,#7135,#7136);
#6202=AXIS2_PLACEMENT_3D('',#12460,#7137,#7138);
#6203=AXIS2_PLACEMENT_3D('',#12461,#7139,#7140);
#6204=AXIS2_PLACEMENT_3D('',#12463,#7142,#7143);
#6205=AXIS2_PLACEMENT_3D('',#12465,#7145,#7146);
#6206=AXIS2_PLACEMENT_3D('',#12466,#7147,#7148);
#6207=AXIS2_PLACEMENT_3D('',#12490,#7149,#7150);
#6208=AXIS2_PLACEMENT_3D('',#12492,#7152,#7153);
#6209=AXIS2_PLACEMENT_3D('',#12494,#7155,#7156);
#6210=AXIS2_PLACEMENT_3D('',#12496,#7158,#7159);
#6211=AXIS2_PLACEMENT_3D('',#12498,#7161,#7162);
#6212=AXIS2_PLACEMENT_3D('',#12500,#7164,#7165);
#6213=AXIS2_PLACEMENT_3D('',#12502,#7167,#7168);
#6214=AXIS2_PLACEMENT_3D('',#12504,#7170,#7171);
#6215=AXIS2_PLACEMENT_3D('',#12506,#7173,#7174);
#6216=AXIS2_PLACEMENT_3D('',#12508,#7176,#7177);
#6217=AXIS2_PLACEMENT_3D('',#12509,#7178,#7179);
#6218=AXIS2_PLACEMENT_3D('',#12678,#7180,#7181);
#6219=AXIS2_PLACEMENT_3D('',#12831,#7182,#7183);
#6220=AXIS2_PLACEMENT_3D('',#12836,#7184,#7185);
#6221=AXIS2_PLACEMENT_3D('',#12989,#7186,#7187);
#6222=AXIS2_PLACEMENT_3D('',#13445,#7188,#7189);
#6223=AXIS2_PLACEMENT_3D('',#13530,#7190,#7191);
#6224=AXIS2_PLACEMENT_3D('',#13535,#7192,#7193);
#6225=AXIS2_PLACEMENT_3D('',#13628,#7194,#7195);
#6226=DIRECTION('',(0.,0.,1.));
#6227=DIRECTION('',(1.,0.,0.));
#6228=DIRECTION('',(-1.2246465908147E-16,-7.14330305946622E-20,1.));
#6229=DIRECTION('',(-1.2246465908147E-16,-7.14330305946622E-20,1.));
#6230=DIRECTION('',(-1.2246465908147E-16,-7.14330305946622E-20,1.));
#6231=DIRECTION('',(-1.2246465908147E-16,-7.14330305946622E-20,1.));
#6232=DIRECTION('',(-1.2246465908147E-16,-7.14330305946622E-20,1.));
#6233=DIRECTION('',(-1.2246465908147E-16,-7.14330305946622E-20,1.));
#6234=DIRECTION('',(-1.2246465908147E-16,-7.14330305946622E-20,1.));
#6235=DIRECTION('',(-1.2246465908147E-16,-7.14330305946622E-20,1.));
#6236=DIRECTION('',(-1.2246465908147E-16,-7.14330305946622E-20,1.));
#6237=DIRECTION('',(-1.2246465908147E-16,-7.14330305946622E-20,1.));
#6238=DIRECTION('',(-1.2246465908147E-16,-7.14330305946622E-20,1.));
#6239=DIRECTION('',(-1.2246465908147E-16,-7.14330305946622E-20,1.));
#6240=DIRECTION('',(-1.2246465908147E-16,-7.14330305946622E-20,1.));
#6241=DIRECTION('',(-1.2246465908147E-16,-7.14330305946622E-20,1.));
#6242=DIRECTION('',(-1.2246465908147E-16,-7.14330305946622E-20,1.));
#6243=DIRECTION('',(-0.999999319533978,-0.00116658972190934,-1.2246465908147E-16));
#6244=DIRECTION('',(-1.2246465908147E-16,-7.14330305946622E-20,1.));
#6245=DIRECTION('',(0.00116658972190934,-0.999999319533979,7.14330305946622E-20));
#6246=DIRECTION('',(-1.2246465908147E-16,-7.14330305946622E-20,1.));
#6247=DIRECTION('',(0.00116658972190934,-0.999999319533979,7.14330305946622E-20));
#6248=DIRECTION('',(-1.2246465908147E-16,-7.14330305946622E-20,1.));
#6249=DIRECTION('',(0.00116658972190934,-0.999999319533979,7.14330305946622E-20));
#6250=DIRECTION('',(-1.2246465908147E-16,-7.14330305946622E-20,1.));
#6251=DIRECTION('',(-0.999999319533979,-0.00116658972190934,-1.2246465908147E-16));
#6252=DIRECTION('',(0.999999319533979,0.00116658972190934,1.2246465908147E-16));
#6253=DIRECTION('',(0.000583294960182779,-0.999999829883481,0.));
#6254=DIRECTION('',(-0.99999982988348,-0.000583294960182778,-1.22464679914735E-16));
#6255=DIRECTION('',(-0.99999982988348,-0.000583294960182778,-1.22464679914735E-16));
#6256=DIRECTION('',(0.99999982988348,0.000583294960182778,1.22464679914735E-16));
#6257=DIRECTION('',(-1.2246465908147E-16,-7.14330305946622E-20,1.));
#6258=DIRECTION('',(-0.999999319533978,-0.00116658972190934,-1.2246465908147E-16));
#6259=DIRECTION('',(-1.2246465908147E-16,-7.14330305946622E-20,1.));
#6260=DIRECTION('',(-0.00116658972190934,0.999999319533979,-7.14330305946622E-20));
#6261=DIRECTION('',(0.00116658972190934,-0.999999319533979,7.14330305946622E-20));
#6262=DIRECTION('',(-1.2246465908147E-16,-7.14330305946622E-20,1.));
#6263=DIRECTION('',(-0.999999999378791,3.52479302870958E-5,-1.22464656487528E-16));
#6264=DIRECTION('',(3.52479302870952E-5,0.999999999378792,7.5749656316224E-20));
#6265=DIRECTION('',(3.52479302870958E-5,0.999999999378792,7.57496563162241E-20));
#6266=DIRECTION('',(-1.2246465908147E-16,-7.14330305946622E-20,1.));
#6267=DIRECTION('',(-3.52479302870952E-5,-0.999999999378792,-7.5749656316224E-20));
#6268=DIRECTION('',(-1.2246465908147E-16,-7.14330305946622E-20,1.));
#6269=DIRECTION('',(-0.00640402997340641,0.999979493989802,-7.12835781652525E-19));
#6270=DIRECTION('',(0.999979493989802,0.00640402997340642,1.22462605279191E-16));
#6271=DIRECTION('',(0.999979493989802,0.00640402997340641,1.22462605279191E-16));
#6272=DIRECTION('',(-0.999979493989802,-0.00640402997340642,-1.22462605279191E-16));
#6273=DIRECTION('',(-1.2246465908147E-16,-7.14330305946622E-20,1.));
#6274=DIRECTION('',(-0.00274176982169436,0.999996241342059,-2.64337144391328E-19));
#6275=DIRECTION('',(0.999996241342059,0.00274176982169436,1.22464394631634E-16));
#6276=DIRECTION('',(0.999996241342059,0.00274176982169436,1.22464394631634E-16));
#6277=DIRECTION('',(-0.999996241342059,-0.00274176982169436,-1.22464394631634E-16));
#6278=DIRECTION('',(-1.2246465908147E-16,-7.14330305946622E-20,1.));
#6279=DIRECTION('',(-1.2246465908147E-16,-7.14330305946622E-20,1.));
#6280=DIRECTION('',(0.999999319533979,0.00116658972190934,1.2246465908147E-16));
#6281=DIRECTION('',(0.,0.,-1.));
#6282=DIRECTION('',(-1.,0.,0.));
#6283=DIRECTION('',(1.2246465908147E-16,7.14330305946622E-20,-1.));
#6284=DIRECTION('',(-0.999999319533979,-0.00116658972190934,-1.2246465908147E-16));
#6285=DIRECTION('',(1.2246465908147E-16,7.14330305946622E-20,-1.));
#6286=DIRECTION('',(-0.999999319533979,-0.00116658972190934,-1.2246465908147E-16));
#6287=DIRECTION('',(0.00116658972190934,-0.999999319533979,7.14330305946622E-20));
#6288=DIRECTION('',(1.2246465908147E-16,7.14330305946622E-20,-1.));
#6289=DIRECTION('',(-0.999999319533979,-0.00116658972190934,-1.2246465908147E-16));
#6290=DIRECTION('',(-0.999996241342058,-0.00274176982169436,-1.22464394631634E-16));
#6291=DIRECTION('',(-0.999979493989801,-0.00640402997340642,-1.22462605279191E-16));
#6292=DIRECTION('',(-3.52479302870949E-5,-0.999999999378792,-7.5749656316224E-20));
#6293=DIRECTION('',(0.00116658972190934,-0.999999319533979,7.14330305946622E-20));
#6294=DIRECTION('',(0.99999982988348,0.000583294960182778,1.22464679914735E-16));
#6295=DIRECTION('',(0.999999319533979,0.00116658972190934,1.2246465908147E-16));
#6296=DIRECTION('',(0.00116658972190934,-0.999999319533979,7.14330305946622E-20));
#6297=DIRECTION('',(0.999999319533979,0.00116658972190934,1.2246465908147E-16));
#6298=DIRECTION('',(-0.00116658972190934,0.999999319533979,-7.14330305946622E-20));
#6299=DIRECTION('',(0.999999319533979,0.00116658972190934,1.2246465908147E-16));
#6300=DIRECTION('',(0.00116658972190934,-0.999999319533979,7.14330305946622E-20));
#6301=DIRECTION('',(0.999999319533979,0.00116658972190934,1.2246465908147E-16));
#6302=DIRECTION('',(-0.00116658972190934,0.999999319533979,-7.14330305946622E-20));
#6303=DIRECTION('',(-0.999999319533979,-0.00116658972190934,-1.2246465908147E-16));
#6304=DIRECTION('',(0.00116658972190934,-0.999999319533979,7.14330305946622E-20));
#6305=DIRECTION('',(-0.999999319533979,-0.00116658972190934,-1.2246465908147E-16));
#6306=DIRECTION('',(-0.00116658972190934,0.999999319533979,-7.14330305946622E-20));
#6307=DIRECTION('',(-0.999999319533979,-0.00116658972190934,-1.2246465908147E-16));
#6308=DIRECTION('',(0.999999319533979,0.00116658972190934,1.2246465908147E-16));
#6309=DIRECTION('',(0.363554450460435,0.931572950203263,4.45891169122415E-17));
#6310=DIRECTION('',(0.999999319533979,0.00116658972190934,1.2246465908147E-16));
#6311=DIRECTION('',(0.361829773367267,-0.932244182124508,4.42447668137645E-17));
#6312=DIRECTION('',(0.999999319533979,0.00116658972190934,1.2246465908147E-16));
#6313=DIRECTION('',(-0.367365044261145,0.930076837823095,-4.49227966966788E-17));
#6314=DIRECTION('',(-0.999999319533979,-0.00116658972190934,-1.2246465908147E-16));
#6315=DIRECTION('',(-0.36361127327722,-0.931550772607548,-4.45960741149142E-17));
#6316=DIRECTION('',(0.00116658972190934,-0.999999319533979,7.14330305946622E-20));
#6317=DIRECTION('',(0.999999319533979,0.00116658972190934,1.2246465908147E-16));
#6318=DIRECTION('',(-0.00116658972190934,0.999999319533979,-7.14330305946622E-20));
#6319=DIRECTION('',(-0.999999319533979,-0.00116658972190934,-1.2246465908147E-16));
#6320=DIRECTION('',(0.941886411476629,0.335931522598995,1.15371794881686E-16));
#6321=DIRECTION('',(-0.00116658972190934,0.999999319533979,-7.14330305946622E-20));
#6322=DIRECTION('',(-0.940415231376989,-0.340028223231783,-1.15191919952078E-16));
#6323=DIRECTION('',(0.00116658972190934,-0.999999319533979,7.14330305946622E-20));
#6324=DIRECTION('',(0.941728749907141,-0.336373247447433,1.15304462144121E-16));
#6325=DIRECTION('',(-0.00116658972190934,0.999999319533979,-7.14330305946622E-20));
#6326=DIRECTION('',(-0.942707345707848,0.333620833205098,-1.15424502158524E-16));
#6327=DIRECTION('',(1.2246465908147E-16,7.14330305946622E-20,-1.));
#6328=DIRECTION('',(-1.,0.,-1.2246465908147E-16));
#6329=DIRECTION('',(1.2246465908147E-16,7.14330305946622E-20,-1.));
#6330=DIRECTION('',(-1.,0.,-1.2246465908147E-16));
#6331=DIRECTION('',(-0.999999319533979,-0.00116658972190934,-1.2246465908147E-16));
#6332=DIRECTION('',(0.00116658972190934,-0.999999319533979,7.14330305946622E-20));
#6333=DIRECTION('',(-0.999999319533979,-0.00116658972190934,-1.2246465908147E-16));
#6334=DIRECTION('',(1.2246465908147E-16,7.14330305946622E-20,-1.));
#6335=DIRECTION('',(-1.,0.,-1.2246465908147E-16));
#6336=DIRECTION('',(0.00116658972190934,-0.999999319533979,7.14330305946622E-20));
#6337=DIRECTION('',(0.978683541438449,-0.205374111604885,1.19839475755708E-16));
#6338=DIRECTION('',(0.00116658972190934,-0.999999319533979,7.14330305946622E-20));
#6339=DIRECTION('',(0.031518776388008,0.99950315994248,3.93133374482612E-18));
#6340=DIRECTION('',(0.999999319533979,0.00116658972190934,1.2246465908147E-16));
#6341=DIRECTION('',(0.927942252378278,-0.372723994734882,1.13613506780278E-16));
#6342=DIRECTION('',(1.2246465908147E-16,7.14330305946622E-20,-1.));
#6343=DIRECTION('',(-1.,0.,-1.2246465908147E-16));
#6344=DIRECTION('',(1.2246465908147E-16,7.14330305946622E-20,-1.));
#6345=DIRECTION('',(-1.,0.,-1.2246465908147E-16));
#6346=DIRECTION('',(-0.999999319533979,-0.00116658972190934,-1.2246465908147E-16));
#6347=DIRECTION('',(-0.00116658972190934,0.999999319533979,-7.14330305946622E-20));
#6348=DIRECTION('',(1.2246465908147E-16,7.14330305946622E-20,-1.));
#6349=DIRECTION('',(-0.999999319533979,-0.00116658972190934,-1.2246465908147E-16));
#6350=DIRECTION('',(0.00116658972190934,-0.999999319533979,7.14330305946622E-20));
#6351=DIRECTION('',(1.2246465908147E-16,7.14330305946622E-20,-1.));
#6352=DIRECTION('',(-0.999999319533979,-0.00116658972190934,-1.2246465908147E-16));
#6353=DIRECTION('',(0.999999319533979,0.00116658972190934,1.2246465908147E-16));
#6354=DIRECTION('',(-0.99999982988348,-0.000583294960182751,-1.22464679914735E-16));
#6355=DIRECTION('',(-0.999999319533979,-0.00116658972190934,-1.2246465908147E-16));
#6356=DIRECTION('',(1.2246465908147E-16,7.14330305946622E-20,-1.));
#6357=DIRECTION('',(-0.999999319533979,-0.00116658972190934,-1.2246465908147E-16));
#6358=DIRECTION('',(0.00116658972190934,-0.999999319533979,7.14330305946622E-20));
#6359=DIRECTION('',(1.2246465908147E-16,7.14330305946622E-20,-1.));
#6360=DIRECTION('',(-0.999999319533979,-0.00116658972190934,-1.2246465908147E-16));
#6361=DIRECTION('',(-0.999999319533979,-0.00116658972190934,-1.2246465908147E-16));
#6362=DIRECTION('',(0.999996241342059,0.00274176982169425,1.22464394631634E-16));
#6363=DIRECTION('',(0.999999319533979,0.00116658972190934,1.2246465908147E-16));
#6364=DIRECTION('',(1.2246465908147E-16,7.14330305946622E-20,-1.));
#6365=DIRECTION('',(-0.999999319533979,-0.00116658972190934,-1.2246465908147E-16));
#6366=DIRECTION('',(0.00116658972190934,-0.999999319533979,7.14330305946622E-20));
#6367=DIRECTION('',(-0.999999319533979,-0.00116658972190934,-1.2246465908147E-16));
#6368=DIRECTION('',(0.00116658972190934,-0.999999319533979,7.14330305946622E-20));
#6369=DIRECTION('',(-0.999999319533979,-0.00116658972190934,-1.2246465908147E-16));
#6370=DIRECTION('',(0.999999319533979,0.00116658972190934,1.2246465908147E-16));
#6371=DIRECTION('',(0.00116658972190934,-0.999999319533979,7.14330305946622E-20));
#6372=DIRECTION('',(0.999999319533979,0.00116658972190934,1.2246465908147E-16));
#6373=DIRECTION('',(0.00116658972190934,-0.999999319533979,7.14330305946622E-20));
#6374=DIRECTION('',(1.2246465908147E-16,7.14330305946622E-20,-1.));
#6375=DIRECTION('',(-0.999999319533979,-0.00116658972190934,-1.2246465908147E-16));
#6376=DIRECTION('',(0.999999319533979,0.00116658972190934,1.2246465908147E-16));
#6377=DIRECTION('',(1.2246465908147E-16,7.14330305946622E-20,-1.));
#6378=DIRECTION('',(-1.,0.,-1.2246465908147E-16));
#6379=DIRECTION('',(1.2246465908147E-16,7.14330305946622E-20,-1.));
#6380=DIRECTION('',(-1.,0.,-1.2246465908147E-16));
#6381=DIRECTION('',(-0.940699860730973,-0.339239991776806,-1.15226720683117E-16));
#6382=DIRECTION('',(1.2246465908147E-16,7.14330305946622E-20,-1.));
#6383=DIRECTION('',(-1.,0.,-1.2246465908147E-16));
#6384=DIRECTION('',(1.2246465908147E-16,7.14330305946622E-20,-1.));
#6385=DIRECTION('',(-1.,0.,-1.2246465908147E-16));
#6386=DIRECTION('',(-0.999999319533979,-0.00116658972190934,-1.2246465908147E-16));
#6387=DIRECTION('',(1.2246465908147E-16,7.14330305946622E-20,-1.));
#6388=DIRECTION('',(-1.,0.,-1.2246465908147E-16));
#6389=DIRECTION('',(0.999999319533979,0.00116658972190934,1.2246465908147E-16));
#6390=DIRECTION('',(0.00116658972190934,-0.999999319533979,7.14330305946622E-20));
#6391=DIRECTION('',(0.999999319533979,0.00116658972190934,1.2246465908147E-16));
#6392=DIRECTION('',(0.401608035568469,0.915811654089876,4.92482103621772E-17));
#6393=DIRECTION('',(0.957960014788361,0.286901742878435,1.17336740885713E-16));
#6394=DIRECTION('',(-0.00116658972190934,0.999999319533979,-7.14330305946622E-20));
#6395=DIRECTION('',(-0.999999319533979,-0.00116658972190934,-1.2246465908147E-16));
#6396=DIRECTION('',(-0.00116658972190934,0.999999319533979,-7.14330305946622E-20));
#6397=DIRECTION('',(-0.999999319533979,-0.00116658972190934,-1.2246465908147E-16));
#6398=DIRECTION('',(0.00116658972190934,-0.999999319533979,7.14330305946622E-20));
#6399=DIRECTION('',(-0.999999319533979,-0.00116658972190934,-1.2246465908147E-16));
#6400=DIRECTION('',(0.00116658972190934,-0.999999319533979,7.14330305946622E-20));
#6401=DIRECTION('',(0.999999319533979,0.00116658972190934,1.2246465908147E-16));
#6402=DIRECTION('',(-0.999999319533979,-0.00116658972190934,-1.2246465908147E-16));
#6403=DIRECTION('',(0.00116658972190934,-0.999999319533979,7.14330305946622E-20));
#6404=DIRECTION('',(0.999999319533979,0.00116658972190934,1.2246465908147E-16));
#6405=DIRECTION('',(-0.00116658972190934,0.999999319533979,-7.14330305946622E-20));
#6406=DIRECTION('',(-0.984541642158037,0.175150663306641,-1.20559045015704E-16));
#6407=DIRECTION('',(-0.00116658972190934,0.999999319533979,-7.14330305946622E-20));
#6408=DIRECTION('',(1.2246465908147E-16,7.14330305946622E-20,-1.));
#6409=DIRECTION('',(-1.,0.,-1.2246465908147E-16));
#6410=DIRECTION('',(-0.999999319533979,-0.00116658972190934,-1.2246465908147E-16));
#6411=DIRECTION('',(0.989061642344387,-0.147502771645222,1.21114560270265E-16));
#6412=DIRECTION('',(0.00116658972190934,-0.999999319533979,7.14330305946622E-20));
#6413=DIRECTION('',(-0.00116658972190934,0.999999319533979,-7.14330305946622E-20));
#6414=DIRECTION('',(0.996159637647952,-0.087555561337361,1.21988096056186E-16));
#6415=DIRECTION('',(0.99861045975594,-0.0526986685413317,1.22290725083599E-16));
#6416=DIRECTION('',(0.999999319533979,0.00116658972190934,1.2246465908147E-16));
#6417=DIRECTION('',(-0.00116658972190934,0.999999319533979,-7.14330305946622E-20));
#6418=DIRECTION('',(-0.999999319533979,-0.00116658972190934,-1.2246465908147E-16));
#6419=DIRECTION('',(0.00116658972190934,-0.999999319533979,7.14330305946622E-20));
#6420=DIRECTION('',(-0.00116658972190934,0.999999319533979,-7.14330305946622E-20));
#6421=DIRECTION('',(-0.999999319533979,-0.00116658972190934,-1.2246465908147E-16));
#6422=DIRECTION('',(0.00116658972190934,-0.999999319533979,7.14330305946622E-20));
#6423=DIRECTION('',(0.999999319533979,0.00116658972190934,1.2246465908147E-16));
#6424=DIRECTION('',(-0.999999319533979,-0.00116658972190934,-1.2246465908147E-16));
#6425=DIRECTION('',(0.00116658972190934,-0.999999319533979,7.14330305946622E-20));
#6426=DIRECTION('',(-0.00116658972190934,0.999999319533979,-7.14330305946622E-20));
#6427=DIRECTION('',(-0.999999319533979,-0.00116658972190934,-1.2246465908147E-16));
#6428=DIRECTION('',(0.00116658972190934,-0.999999319533979,7.14330305946622E-20));
#6429=DIRECTION('',(-0.00116658972190934,0.999999319533979,-7.14330305946622E-20));
#6430=DIRECTION('',(0.999999319533979,0.00116658972190934,1.2246465908147E-16));
#6431=DIRECTION('',(-0.00116658972190934,0.999999319533979,-7.14330305946622E-20));
#6432=DIRECTION('',(-0.999999319533979,-0.00116658972190934,-1.2246465908147E-16));
#6433=DIRECTION('',(0.00116658972190934,-0.999999319533979,7.14330305946622E-20));
#6434=DIRECTION('',(-0.999999319533979,-0.00116658972190934,-1.2246465908147E-16));
#6435=DIRECTION('',(0.00116658972190934,-0.999999319533979,7.14330305946622E-20));
#6436=DIRECTION('',(0.00116658972190934,-0.999999319533979,7.14330305946622E-20));
#6437=DIRECTION('',(0.443533369133293,-0.896257859360391,5.42531404270762E-17));
#6438=DIRECTION('',(-0.592663433272559,-0.805450218735822,-7.26378610558951E-17));
#6439=DIRECTION('',(0.999999319533979,0.00116658972190934,1.2246465908147E-16));
#6440=DIRECTION('',(0.599759391380633,0.800180399941621,7.35064887073295E-17));
#6441=DIRECTION('',(0.748785855202215,-0.662811996760083,9.16524578127233E-17));
#6442=DIRECTION('',(0.00116658972190934,-0.999999319533979,7.14330305946622E-20));
#6443=DIRECTION('',(0.999999319533979,0.00116658972190934,1.2246465908147E-16));
#6444=DIRECTION('',(-0.00116658972190934,0.999999319533979,-7.14330305946622E-20));
#6445=DIRECTION('',(-0.999999319533979,-0.00116658972190934,-1.2246465908147E-16));
#6446=DIRECTION('',(0.00116658972190934,-0.999999319533979,7.14330305946622E-20));
#6447=DIRECTION('',(-0.675670220054111,0.737204010930508,-8.26930624337614E-17));
#6448=DIRECTION('',(-0.999999319533979,-0.00116658972190934,-1.2246465908147E-16));
#6449=DIRECTION('',(0.680072052908764,-0.733145280863527,8.32324213210291E-17));
#6450=DIRECTION('',(0.00116658972190934,-0.999999319533979,7.14330305946622E-20));
#6451=DIRECTION('',(0.4435333691333,-0.896257859360388,5.42531404270771E-17));
#6452=DIRECTION('',(1.2246465908147E-16,7.14330305946622E-20,-1.));
#6453=DIRECTION('',(-0.999999319533979,-0.00116658972190934,-1.2246465908147E-16));
#6454=DIRECTION('',(1.2246465908147E-16,7.14330305946622E-20,-1.));
#6455=DIRECTION('',(-1.,0.,-1.2246465908147E-16));
#6456=DIRECTION('',(-0.999996241342059,-0.00274176982169436,-1.22464394631634E-16));
#6457=DIRECTION('',(-0.999979493989802,-0.00640402997340641,-1.22462605279191E-16));
#6458=DIRECTION('',(-3.52479302870958E-5,-0.999999999378792,-7.57496563162241E-20));
#6459=DIRECTION('',(0.00116658972190934,-0.999999319533979,7.14330305946623E-20));
#6460=DIRECTION('',(0.00676824883710441,-0.999977095141523,7.57439891983343E-19));
#6461=DIRECTION('',(0.99999982988348,0.000583294960182778,1.22464679914735E-16));
#6462=DIRECTION('',(0.999999319533979,0.00116658972190934,1.2246465908147E-16));
#6463=DIRECTION('',(-0.00116658972190934,0.999999319533979,-7.14330305946623E-20));
#6464=DIRECTION('',(0.00116658972190934,-0.999999319533979,7.14330305946622E-20));
#6465=DIRECTION('',(0.999999319533979,0.00116658972190934,1.2246465908147E-16));
#6466=DIRECTION('',(0.99999982988348,0.000583294960182778,1.22464679914735E-16));
#6467=DIRECTION('',(0.00116658972190934,-0.999999319533979,7.14330305946622E-20));
#6468=DIRECTION('',(-3.52479302870949E-5,-0.999999999378792,-7.5749656316224E-20));
#6469=DIRECTION('',(-0.999979493989801,-0.00640402997340642,-1.22462605279191E-16));
#6470=DIRECTION('',(-0.999996241342058,-0.00274176982169436,-1.22464394631634E-16));
#6471=DIRECTION('',(1.2246465908147E-16,7.14330305946622E-20,-1.));
#6472=DIRECTION('',(-0.999999319533979,-0.00116658972190934,-1.2246465908147E-16));
#6473=DIRECTION('',(-1.2246465908147E-16,-7.14330305946622E-20,1.));
#6474=DIRECTION('',(-1.2246465908147E-16,-7.14330305946622E-20,1.));
#6475=DIRECTION('',(-0.999999319533978,-0.00116658972190934,-1.2246465908147E-16));
#6476=DIRECTION('',(-1.2246465908147E-16,-7.14330305946622E-20,1.));
#6477=DIRECTION('',(-1.2246465908147E-16,-7.14330305946622E-20,1.));
#6478=DIRECTION('',(-1.2246465908147E-16,-7.14330305946622E-20,1.));
#6479=DIRECTION('',(0.00116658972190934,-0.999999319533979,7.14330305946622E-20));
#6480=DIRECTION('',(-1.2246465908147E-16,-7.14330305946622E-20,1.));
#6481=DIRECTION('',(-1.2246465908147E-16,-7.14330305946622E-20,1.));
#6482=DIRECTION('',(-1.2246465908147E-16,-7.14330305946622E-20,1.));
#6483=DIRECTION('',(0.000583294960182779,-0.999999829883481,0.));
#6484=DIRECTION('',(-0.99999982988348,-0.000583294960182778,-1.22464679914735E-16));
#6485=DIRECTION('',(-1.2246465908147E-16,-7.14330305946622E-20,1.));
#6486=DIRECTION('',(-1.2246465908147E-16,-7.14330305946622E-20,1.));
#6487=DIRECTION('',(-0.999999319533978,-0.00116658972190934,-1.2246465908147E-16));
#6488=DIRECTION('',(-1.2246465908147E-16,-7.14330305946622E-20,1.));
#6489=DIRECTION('',(-1.2246465908147E-16,-7.14330305946622E-20,1.));
#6490=DIRECTION('',(-1.2246465908147E-16,-7.14330305946622E-20,1.));
#6491=DIRECTION('',(-0.999999999378791,3.52479302870958E-5,-1.22464656487528E-16));
#6492=DIRECTION('',(3.52479302870952E-5,0.999999999378792,7.5749656316224E-20));
#6493=DIRECTION('',(-1.2246465908147E-16,-7.14330305946622E-20,1.));
#6494=DIRECTION('',(-1.2246465908147E-16,-7.14330305946622E-20,1.));
#6495=DIRECTION('',(-0.00640402997340641,0.999979493989802,-7.12835781652525E-19));
#6496=DIRECTION('',(0.999979493989802,0.00640402997340642,1.22462605279191E-16));
#6497=DIRECTION('',(-1.2246465908147E-16,-7.14330305946622E-20,1.));
#6498=DIRECTION('',(-1.2246465908147E-16,-7.14330305946622E-20,1.));
#6499=DIRECTION('',(-0.00274176982169436,0.999996241342059,-2.64337144391328E-19));
#6500=DIRECTION('',(0.999996241342059,0.00274176982169436,1.22464394631634E-16));
#6501=DIRECTION('',(-1.2246465908147E-16,-7.14330305946622E-20,1.));
#6502=DIRECTION('',(-1.2246465908147E-16,-7.14330305946622E-20,1.));
#6503=DIRECTION('',(-1.2246465908147E-16,-7.14330305946622E-20,1.));
#6504=DIRECTION('',(0.999999319533979,0.00116658972190934,1.2246465908147E-16));
#6505=DIRECTION('',(0.999999319533979,0.00116658972190934,1.2246465908147E-16));
#6506=DIRECTION('',(1.2246465908147E-16,7.14330305946622E-20,-1.));
#6507=DIRECTION('',(1.2246465908147E-16,7.14330305946622E-20,-1.));
#6508=DIRECTION('',(0.00116658972190934,-0.999999319533979,7.14330305946622E-20));
#6509=DIRECTION('',(1.2246465908147E-16,7.14330305946622E-20,-1.));
#6510=DIRECTION('',(-0.00116658972190934,0.999999319533979,-7.14330305946622E-20));
#6511=DIRECTION('',(1.2246465908147E-16,7.14330305946622E-20,-1.));
#6512=DIRECTION('',(0.999999319533979,0.00116658972190934,1.2246465908147E-16));
#6513=DIRECTION('',(1.2246465908147E-16,7.14330305946622E-20,-1.));
#6514=DIRECTION('',(-0.999999319533979,-0.00116658972190934,-1.2246465908147E-16));
#6515=DIRECTION('',(-1.2246465908147E-16,-7.14330305946622E-20,1.));
#6516=DIRECTION('',(-0.00116658972190934,0.999999319533979,-7.14330305946622E-20));
#6517=DIRECTION('',(1.2246465908147E-16,7.14330305946622E-20,-1.));
#6518=DIRECTION('',(-0.00116658972190934,0.999999319533979,-7.14330305946622E-20));
#6519=DIRECTION('',(1.2246465908147E-16,7.14330305946622E-20,-1.));
#6520=DIRECTION('',(0.999999319533979,0.00116658972190934,1.2246465908147E-16));
#6521=DIRECTION('',(1.2246465908147E-16,7.14330305946622E-20,-1.));
#6522=DIRECTION('',(0.999999319533979,0.00116658972190934,1.2246465908147E-16));
#6523=DIRECTION('',(1.2246465908147E-16,7.14330305946622E-20,-1.));
#6524=DIRECTION('',(0.00116658972190934,-0.999999319533979,7.14330305946622E-20));
#6525=DIRECTION('',(1.2246465908147E-16,7.14330305946622E-20,-1.));
#6526=DIRECTION('',(-0.00116658972190934,0.999999319533979,-7.14330305946622E-20));
#6527=DIRECTION('',(1.2246465908147E-16,7.14330305946622E-20,-1.));
#6528=DIRECTION('',(0.999999319533979,0.00116658972190934,1.2246465908147E-16));
#6529=DIRECTION('',(1.2246465908147E-16,7.14330305946622E-20,-1.));
#6530=DIRECTION('',(-0.999999319533979,-0.00116658972190934,-1.2246465908147E-16));
#6531=DIRECTION('',(-1.2246465908147E-16,-7.14330305946622E-20,1.));
#6532=DIRECTION('',(-0.00116658972190934,0.999999319533979,-7.14330305946622E-20));
#6533=DIRECTION('',(1.2246465908147E-16,7.14330305946622E-20,-1.));
#6534=DIRECTION('',(0.00116658972190934,-0.999999319533979,7.14330305946622E-20));
#6535=DIRECTION('',(-1.2246465908147E-16,-7.14330305946622E-20,1.));
#6536=DIRECTION('',(-0.999999319533979,-0.00116658972190934,-1.2246465908147E-16));
#6537=DIRECTION('',(1.2246465908147E-16,7.14330305946622E-20,-1.));
#6538=DIRECTION('',(0.999999319533979,0.00116658972190934,1.2246465908147E-16));
#6539=DIRECTION('',(1.2246465908147E-16,7.14330305946622E-20,-1.));
#6540=DIRECTION('',(0.00116658972190934,-0.999999319533979,7.14330305946622E-20));
#6541=DIRECTION('',(1.2246465908147E-16,7.14330305946622E-20,-1.));
#6542=DIRECTION('',(0.00116658972190934,-0.999999319533979,7.14330305946622E-20));
#6543=DIRECTION('',(-1.2246465908147E-16,-7.14330305946622E-20,1.));
#6544=DIRECTION('',(-0.999999319533979,-0.00116658972190934,-1.2246465908147E-16));
#6545=DIRECTION('',(1.2246465908147E-16,7.14330305946622E-20,-1.));
#6546=DIRECTION('',(-0.999999319533979,-0.00116658972190934,-1.2246465908147E-16));
#6547=DIRECTION('',(-1.2246465908147E-16,-7.14330305946622E-20,1.));
#6548=DIRECTION('',(-0.00116658972190934,0.999999319533979,-7.14330305946622E-20));
#6549=DIRECTION('',(1.2246465908147E-16,7.14330305946622E-20,-1.));
#6550=DIRECTION('',(-0.00116658972190934,0.999999319533979,-7.14330305946622E-20));
#6551=DIRECTION('',(1.2246465908147E-16,7.14330305946622E-20,-1.));
#6552=DIRECTION('',(1.2246465908147E-16,7.14330305946622E-20,-1.));
#6553=DIRECTION('',(0.999999319533979,0.00116658972190934,1.2246465908147E-16));
#6554=DIRECTION('',(1.2246465908147E-16,7.14330305946622E-20,-1.));
#6555=DIRECTION('',(-0.931572950203263,0.363554450460435,-1.14058793959979E-16));
#6556=DIRECTION('',(0.363554450460435,0.931572950203263,4.45891169122415E-17));
#6557=DIRECTION('',(0.363554450460435,0.931572950203263,4.45891169122415E-17));
#6558=DIRECTION('',(1.2246465908147E-16,7.14330305946622E-20,-1.));
#6559=DIRECTION('',(-0.00116658972190934,0.999999319533979,-7.14330305946622E-20));
#6560=DIRECTION('',(1.2246465908147E-16,7.14330305946622E-20,-1.));
#6561=DIRECTION('',(0.999999319533979,0.00116658972190934,1.2246465908147E-16));
#6562=DIRECTION('',(1.2246465908147E-16,7.14330305946622E-20,-1.));
#6563=DIRECTION('',(0.932244182124508,0.361829773367267,1.14192812541833E-16));
#6564=DIRECTION('',(0.361829773367267,-0.932244182124508,4.42447668137645E-17));
#6565=DIRECTION('',(0.361829773367267,-0.932244182124508,4.42447668137645E-17));
#6566=DIRECTION('',(1.2246465908147E-16,7.14330305946622E-20,-1.));
#6567=DIRECTION('',(-0.00116658972190934,0.999999319533979,-7.14330305946622E-20));
#6568=DIRECTION('',(1.2246465908147E-16,7.14330305946622E-20,-1.));
#6569=DIRECTION('',(0.999999319533979,0.00116658972190934,1.2246465908147E-16));
#6570=DIRECTION('',(1.2246465908147E-16,7.14330305946622E-20,-1.));
#6571=DIRECTION('',(-0.930076837823094,-0.367365044261146,-1.13927784862023E-16));
#6572=DIRECTION('',(-0.367365044261145,0.930076837823095,-4.49227966966788E-17));
#6573=DIRECTION('',(-0.367365044261145,0.930076837823095,-4.49227966966788E-17));
#6574=DIRECTION('',(1.2246465908147E-16,7.14330305946622E-20,-1.));
#6575=DIRECTION('',(0.00116658972190934,-0.999999319533979,7.14330305946622E-20));
#6576=DIRECTION('',(-1.2246465908147E-16,-7.14330305946622E-20,1.));
#6577=DIRECTION('',(-0.999999319533979,-0.00116658972190934,-1.2246465908147E-16));
#6578=DIRECTION('',(1.2246465908147E-16,7.14330305946622E-20,-1.));
#6579=DIRECTION('',(0.999999319533979,0.00116658972190934,1.2246465908147E-16));
#6580=DIRECTION('',(1.2246465908147E-16,7.14330305946622E-20,-1.));
#6581=DIRECTION('',(1.2246465908147E-16,7.14330305946622E-20,-1.));
#6582=DIRECTION('',(0.00116658972190934,-0.999999319533979,7.14330305946622E-20));
#6583=DIRECTION('',(1.2246465908147E-16,7.14330305946622E-20,-1.));
#6584=DIRECTION('',(-0.00116658972190934,0.999999319533979,-7.14330305946622E-20));
#6585=DIRECTION('',(1.2246465908147E-16,7.14330305946622E-20,-1.));
#6586=DIRECTION('',(0.999999319533979,0.00116658972190934,1.2246465908147E-16));
#6587=DIRECTION('',(1.2246465908147E-16,7.14330305946622E-20,-1.));
#6588=DIRECTION('',(-0.999999319533979,-0.00116658972190934,-1.2246465908147E-16));
#6589=DIRECTION('',(-1.2246465908147E-16,-7.14330305946622E-20,1.));
#6590=DIRECTION('',(-0.00116658972190934,0.999999319533979,-7.14330305946622E-20));
#6591=DIRECTION('',(1.2246465908147E-16,7.14330305946622E-20,-1.));
#6592=DIRECTION('',(-0.335931522598994,0.941886411476629,-4.10724575889573E-17));
#6593=DIRECTION('',(0.941886411476629,0.335931522598995,1.15371794881686E-16));
#6594=DIRECTION('',(1.2246465908147E-16,7.14330305946622E-20,-1.));
#6595=DIRECTION('',(0.941886411476629,0.335931522598995,1.15371794881686E-16));
#6596=DIRECTION('',(1.2246465908147E-16,7.14330305946622E-20,-1.));
#6597=DIRECTION('',(-0.999999319533979,-0.00116658972190934,-1.2246465908147E-16));
#6598=DIRECTION('',(-1.2246465908147E-16,-7.14330305946622E-20,1.));
#6599=DIRECTION('',(-0.00116658972190934,0.999999319533979,-7.14330305946622E-20));
#6600=DIRECTION('',(1.2246465908147E-16,7.14330305946622E-20,-1.));
#6601=DIRECTION('',(0.340028223231783,-0.94041523137699,4.15742637261637E-17));
#6602=DIRECTION('',(-0.940415231376989,-0.340028223231783,-1.15191919952078E-16));
#6603=DIRECTION('',(-0.940415231376989,-0.340028223231783,-1.15191919952078E-16));
#6604=DIRECTION('',(1.2246465908147E-16,7.14330305946622E-20,-1.));
#6605=DIRECTION('',(0.999999319533979,0.00116658972190934,1.2246465908147E-16));
#6606=DIRECTION('',(1.2246465908147E-16,7.14330305946622E-20,-1.));
#6607=DIRECTION('',(0.00116658972190934,-0.999999319533979,7.14330305946622E-20));
#6608=DIRECTION('',(1.2246465908147E-16,7.14330305946622E-20,-1.));
#6609=DIRECTION('',(0.336373247447433,0.941728749907142,4.12611056113809E-17));
#6610=DIRECTION('',(0.941728749907141,-0.336373247447433,1.15304462144121E-16));
#6611=DIRECTION('',(0.941728749907141,-0.336373247447433,1.15304462144121E-16));
#6612=DIRECTION('',(1.2246465908147E-16,7.14330305946622E-20,-1.));
#6613=DIRECTION('',(-0.999999319533979,-0.00116658972190934,-1.2246465908147E-16));
#6614=DIRECTION('',(-1.2246465908147E-16,-7.14330305946622E-20,1.));
#6615=DIRECTION('',(-0.00116658972190934,0.999999319533979,-7.14330305946622E-20));
#6616=DIRECTION('',(1.2246465908147E-16,7.14330305946622E-20,-1.));
#6617=DIRECTION('',(-0.333620833205098,-0.942707345707848,-4.09241020436061E-17));
#6618=DIRECTION('',(-0.942707345707848,0.333620833205098,-1.15424502158524E-16));
#6619=DIRECTION('',(-0.942707345707848,0.333620833205098,-1.15424502158524E-16));
#6620=DIRECTION('',(1.2246465908147E-16,7.14330305946622E-20,-1.));
#6621=DIRECTION('',(1.2246465908147E-16,7.14330305946622E-20,-1.));
#6622=DIRECTION('',(0.276126503568871,0.961121300370994,3.3884393930176E-17));
#6623=DIRECTION('',(1.2246465908147E-16,7.14330305946622E-20,-1.));
#6624=DIRECTION('',(-1.,0.,-1.2246465908147E-16));
#6625=DIRECTION('',(1.2246465908147E-16,7.14330305946622E-20,-1.));
#6626=DIRECTION('',(1.2246465908147E-16,7.14330305946622E-20,-1.));
#6627=DIRECTION('',(1.2246465908147E-16,7.14330305946622E-20,-1.));
#6628=DIRECTION('',(1.2246465908147E-16,7.14330305946622E-20,-1.));
#6629=DIRECTION('',(1.2246465908147E-16,7.14330305946622E-20,-1.));
#6630=DIRECTION('',(1.2246465908147E-16,7.14330305946622E-20,-1.));
#6631=DIRECTION('',(1.2246465908147E-16,7.14330305946622E-20,-1.));
#6632=DIRECTION('',(1.2246465908147E-16,7.14330305946622E-20,-1.));
#6633=DIRECTION('',(1.2246465908147E-16,7.14330305946622E-20,-1.));
#6634=DIRECTION('',(0.00116658972190934,-0.999999319533979,7.14330305946622E-20));
#6635=DIRECTION('',(-1.2246465908147E-16,-7.14330305946622E-20,1.));
#6636=DIRECTION('',(-0.999999319533979,-0.00116658972190934,-1.2246465908147E-16));
#6637=DIRECTION('',(1.2246465908147E-16,7.14330305946622E-20,-1.));
#6638=DIRECTION('',(0.999999319533979,0.00116658972190934,1.2246465908147E-16));
#6639=DIRECTION('',(1.2246465908147E-16,7.14330305946622E-20,-1.));
#6640=DIRECTION('',(0.00116658972190934,-0.999999319533979,7.14330305946622E-20));
#6641=DIRECTION('',(1.2246465908147E-16,7.14330305946622E-20,-1.));
#6642=DIRECTION('',(1.2246465908147E-16,7.14330305946622E-20,-1.));
#6643=DIRECTION('',(1.2246465908147E-16,7.14330305946622E-20,-1.));
#6644=DIRECTION('',(1.2246465908147E-16,7.14330305946622E-20,-1.));
#6645=DIRECTION('',(0.00116658972190934,-0.999999319533979,7.14330305946622E-20));
#6646=DIRECTION('',(-1.2246465908147E-16,-7.14330305946622E-20,1.));
#6647=DIRECTION('',(-0.999999319533979,-0.00116658972190934,-1.2246465908147E-16));
#6648=DIRECTION('',(1.2246465908147E-16,7.14330305946622E-20,-1.));
#6649=DIRECTION('',(0.999999319533979,0.00116658972190934,1.2246465908147E-16));
#6650=DIRECTION('',(1.2246465908147E-16,7.14330305946622E-20,-1.));
#6651=DIRECTION('',(1.2246465908147E-16,7.14330305946622E-20,-1.));
#6652=DIRECTION('',(0.00116658972190934,-0.999999319533979,7.14330305946622E-20));
#6653=DIRECTION('',(1.2246465908147E-16,7.14330305946622E-20,-1.));
#6654=DIRECTION('',(0.205374111604885,0.978683541438449,2.522098089321E-17));
#6655=DIRECTION('',(0.978683541438449,-0.205374111604885,1.19839475755708E-16));
#6656=DIRECTION('',(0.978683541438449,-0.205374111604885,1.19839475755708E-16));
#6657=DIRECTION('',(1.2246465908147E-16,7.14330305946622E-20,-1.));
#6658=DIRECTION('',(0.999999319533979,0.00116658972190934,1.2246465908147E-16));
#6659=DIRECTION('',(1.2246465908147E-16,7.14330305946622E-20,-1.));
#6660=DIRECTION('',(0.00116658972190934,-0.999999319533979,7.14330305946622E-20));
#6661=DIRECTION('',(1.2246465908147E-16,7.14330305946622E-20,-1.));
#6662=DIRECTION('',(1.2246465908147E-16,7.14330305946622E-20,-1.));
#6663=DIRECTION('',(1.2246465908147E-16,7.14330305946622E-20,-1.));
#6664=DIRECTION('',(1.2246465908147E-16,7.14330305946622E-20,-1.));
#6665=DIRECTION('',(1.2246465908147E-16,7.14330305946622E-20,-1.));
#6666=DIRECTION('',(1.2246465908147E-16,7.14330305946622E-20,-1.));
#6667=DIRECTION('',(-0.99950315994248,0.031518776388008,-1.2240156225149E-16));
#6668=DIRECTION('',(0.031518776388008,0.99950315994248,3.93133374482612E-18));
#6669=DIRECTION('',(0.031518776388008,0.99950315994248,3.93133374482612E-18));
#6670=DIRECTION('',(1.2246465908147E-16,7.14330305946622E-20,-1.));
#6671=DIRECTION('',(-0.00116658972190934,0.999999319533979,-7.14330305946622E-20));
#6672=DIRECTION('',(1.2246465908147E-16,7.14330305946622E-20,-1.));
#6673=DIRECTION('',(0.999999319533979,0.00116658972190934,1.2246465908147E-16));
#6674=DIRECTION('',(1.2246465908147E-16,7.14330305946622E-20,-1.));
#6675=DIRECTION('',(1.2246465908147E-16,7.14330305946622E-20,-1.));
#6676=DIRECTION('',(1.2246465908147E-16,7.14330305946622E-20,-1.));
#6677=DIRECTION('',(1.2246465908147E-16,7.14330305946622E-20,-1.));
#6678=DIRECTION('',(0.372723994734882,0.927942252378278,4.57118026739953E-17));
#6679=DIRECTION('',(0.927942252378278,-0.372723994734882,1.13613506780278E-16));
#6680=DIRECTION('',(0.927942252378278,-0.372723994734882,1.13613506780278E-16));
#6681=DIRECTION('',(1.2246465908147E-16,7.14330305946622E-20,-1.));
#6682=DIRECTION('',(1.2246465908147E-16,7.14330305946622E-20,-1.));
#6683=DIRECTION('',(0.932205608940106,-0.36192914038608,1.14136388397326E-16));
#6684=DIRECTION('',(1.2246465908147E-16,7.14330305946622E-20,-1.));
#6685=DIRECTION('',(-1.,0.,-1.2246465908147E-16));
#6686=DIRECTION('',(1.2246465908147E-16,7.14330305946622E-20,-1.));
#6687=DIRECTION('',(1.2246465908147E-16,7.14330305946622E-20,-1.));
#6688=DIRECTION('',(0.992017940733481,-0.126096809090884,1.21478131437406E-16));
#6689=DIRECTION('',(1.2246465908147E-16,7.14330305946622E-20,-1.));
#6690=DIRECTION('',(-1.,0.,-1.2246465908147E-16));
#6691=DIRECTION('',(1.2246465908147E-16,7.14330305946622E-20,-1.));
#6692=DIRECTION('',(1.2246465908147E-16,7.14330305946622E-20,-1.));
#6693=DIRECTION('',(1.2246465908147E-16,7.14330305946622E-20,-1.));
#6694=DIRECTION('',(-0.999999319533979,-0.00116658972190934,-1.2246465908147E-16));
#6695=DIRECTION('',(-1.2246465908147E-16,-7.14330305946622E-20,1.));
#6696=DIRECTION('',(1.2246465908147E-16,7.14330305946622E-20,-1.));
#6697=DIRECTION('',(-0.00116658972190934,0.999999319533979,-7.14330305946622E-20));
#6698=DIRECTION('',(1.2246465908147E-16,7.14330305946622E-20,-1.));
#6699=DIRECTION('',(1.2246465908147E-16,7.14330305946622E-20,-1.));
#6700=DIRECTION('',(-0.999999319533979,-0.00116658972190934,-1.2246465908147E-16));
#6701=DIRECTION('',(1.2246465908147E-16,7.14330305946622E-20,-1.));
#6702=DIRECTION('',(-0.999999319533979,-0.00116658972190934,-1.2246465908147E-16));
#6703=DIRECTION('',(1.2246465908147E-16,7.14330305946622E-20,-1.));
#6704=DIRECTION('',(0.999999319533979,0.00116658972190934,1.2246465908147E-16));
#6705=DIRECTION('',(1.2246465908147E-16,7.14330305946622E-20,-1.));
#6706=DIRECTION('',(0.00116658972190934,-0.999999319533979,7.14330305946622E-20));
#6707=DIRECTION('',(1.2246465908147E-16,7.14330305946622E-20,-1.));
#6708=DIRECTION('',(1.2246465908147E-16,7.14330305946622E-20,-1.));
#6709=DIRECTION('',(-0.999999319533979,-0.00116658972190934,-1.2246465908147E-16));
#6710=DIRECTION('',(1.2246465908147E-16,7.14330305946622E-20,-1.));
#6711=DIRECTION('',(-0.999999319533979,-0.00116658972190934,-1.2246465908147E-16));
#6712=DIRECTION('',(1.2246465908147E-16,7.14330305946622E-20,-1.));
#6713=DIRECTION('',(-0.00116658972190934,0.999999319533979,-7.14330305946622E-20));
#6714=DIRECTION('',(1.2246465908147E-16,7.14330305946622E-20,-1.));
#6715=DIRECTION('',(0.999999319533979,0.00116658972190934,1.2246465908147E-16));
#6716=DIRECTION('',(1.2246465908147E-16,7.14330305946622E-20,-1.));
#6717=DIRECTION('',(0.000583294960182751,-0.999999829883481,-3.34630327837282E-33));
#6718=DIRECTION('',(-0.99999982988348,-0.000583294960182751,-1.22464679914735E-16));
#6719=DIRECTION('',(-0.99999982988348,-0.000583294960182751,-1.22464679914735E-16));
#6720=DIRECTION('',(1.2246465908147E-16,7.14330305946622E-20,-1.));
#6721=DIRECTION('',(0.00116658972190934,-0.999999319533979,7.14330305946622E-20));
#6722=DIRECTION('',(-1.2246465908147E-16,-7.14330305946622E-20,1.));
#6723=DIRECTION('',(-0.999999319533979,-0.00116658972190934,-1.2246465908147E-16));
#6724=DIRECTION('',(1.2246465908147E-16,7.14330305946622E-20,-1.));
#6725=DIRECTION('',(1.2246465908147E-16,7.14330305946622E-20,-1.));
#6726=DIRECTION('',(-0.999999319533979,-0.00116658972190934,-1.2246465908147E-16));
#6727=DIRECTION('',(1.2246465908147E-16,7.14330305946622E-20,-1.));
#6728=DIRECTION('',(-0.999999319533979,-0.00116658972190934,-1.2246465908147E-16));
#6729=DIRECTION('',(1.2246465908147E-16,7.14330305946622E-20,-1.));
#6730=DIRECTION('',(0.999999319533979,0.00116658972190934,1.2246465908147E-16));
#6731=DIRECTION('',(1.2246465908147E-16,7.14330305946622E-20,-1.));
#6732=DIRECTION('',(0.00116658972190934,-0.999999319533979,7.14330305946622E-20));
#6733=DIRECTION('',(1.2246465908147E-16,7.14330305946622E-20,-1.));
#6734=DIRECTION('',(1.2246465908147E-16,7.14330305946622E-20,-1.));
#6735=DIRECTION('',(-0.999999319533979,-0.00116658972190934,-1.2246465908147E-16));
#6736=DIRECTION('',(1.2246465908147E-16,7.14330305946622E-20,-1.));
#6737=DIRECTION('',(-0.999999319533979,-0.00116658972190934,-1.2246465908147E-16));
#6738=DIRECTION('',(1.2246465908147E-16,7.14330305946622E-20,-1.));
#6739=DIRECTION('',(0.00116658972190934,-0.999999319533979,7.14330305946622E-20));
#6740=DIRECTION('',(-1.2246465908147E-16,-7.14330305946622E-20,1.));
#6741=DIRECTION('',(-0.999999319533979,-0.00116658972190934,-1.2246465908147E-16));
#6742=DIRECTION('',(1.2246465908147E-16,7.14330305946622E-20,-1.));
#6743=DIRECTION('',(-0.00274176982169425,0.999996241342059,-2.64337144391315E-19));
#6744=DIRECTION('',(0.999996241342058,0.00274176982169425,1.22464394631634E-16));
#6745=DIRECTION('',(0.999996241342059,0.00274176982169425,1.22464394631634E-16));
#6746=DIRECTION('',(1.2246465908147E-16,7.14330305946622E-20,-1.));
#6747=DIRECTION('',(-0.00116658972190934,0.999999319533979,-7.14330305946622E-20));
#6748=DIRECTION('',(1.2246465908147E-16,7.14330305946622E-20,-1.));
#6749=DIRECTION('',(0.999999319533979,0.00116658972190934,1.2246465908147E-16));
#6750=DIRECTION('',(1.2246465908147E-16,7.14330305946622E-20,-1.));
#6751=DIRECTION('',(0.999999319533979,0.00116658972190934,1.2246465908147E-16));
#6752=DIRECTION('',(1.2246465908147E-16,7.14330305946622E-20,-1.));
#6753=DIRECTION('',(1.2246465908147E-16,7.14330305946622E-20,-1.));
#6754=DIRECTION('',(0.00116658972190934,-0.999999319533979,7.14330305946622E-20));
#6755=DIRECTION('',(1.2246465908147E-16,7.14330305946622E-20,-1.));
#6756=DIRECTION('',(0.00116658972190934,-0.999999319533979,7.14330305946622E-20));
#6757=DIRECTION('',(-1.2246465908147E-16,-7.14330305946622E-20,1.));
#6758=DIRECTION('',(-0.999999319533979,-0.00116658972190934,-1.2246465908147E-16));
#6759=DIRECTION('',(1.2246465908147E-16,7.14330305946622E-20,-1.));
#6760=DIRECTION('',(0.999999319533979,0.00116658972190934,1.2246465908147E-16));
#6761=DIRECTION('',(1.2246465908147E-16,7.14330305946622E-20,-1.));
#6762=DIRECTION('',(0.00116658972190934,-0.999999319533979,7.14330305946622E-20));
#6763=DIRECTION('',(1.2246465908147E-16,7.14330305946622E-20,-1.));
#6764=DIRECTION('',(-0.00116658972190934,0.999999319533979,-7.14330305946622E-20));
#6765=DIRECTION('',(1.2246465908147E-16,7.14330305946622E-20,-1.));
#6766=DIRECTION('',(1.2246465908147E-16,7.14330305946622E-20,-1.));
#6767=DIRECTION('',(0.999999319533979,0.00116658972190934,1.2246465908147E-16));
#6768=DIRECTION('',(1.2246465908147E-16,7.14330305946622E-20,-1.));
#6769=DIRECTION('',(0.999999319533979,0.00116658972190934,1.2246465908147E-16));
#6770=DIRECTION('',(1.2246465908147E-16,7.14330305946622E-20,-1.));
#6771=DIRECTION('',(0.00116658972190934,-0.999999319533979,7.14330305946622E-20));
#6772=DIRECTION('',(1.2246465908147E-16,7.14330305946622E-20,-1.));
#6773=DIRECTION('',(-0.00116658972190934,0.999999319533979,-7.14330305946622E-20));
#6774=DIRECTION('',(1.2246465908147E-16,7.14330305946622E-20,-1.));
#6775=DIRECTION('',(0.999999319533979,0.00116658972190934,1.2246465908147E-16));
#6776=DIRECTION('',(1.2246465908147E-16,7.14330305946622E-20,-1.));
#6777=DIRECTION('',(1.2246465908147E-16,7.14330305946622E-20,-1.));
#6778=DIRECTION('',(1.2246465908147E-16,7.14330305946622E-20,-1.));
#6779=DIRECTION('',(1.2246465908147E-16,7.14330305946622E-20,-1.));
#6780=DIRECTION('',(1.2246465908147E-16,7.14330305946622E-20,-1.));
#6781=DIRECTION('',(1.2246465908147E-16,7.14330305946622E-20,-1.));
#6782=DIRECTION('',(-0.00116658972190934,0.999999319533979,-7.14330305946622E-20));
#6783=DIRECTION('',(1.2246465908147E-16,7.14330305946622E-20,-1.));
#6784=DIRECTION('',(0.999999319533979,0.00116658972190934,1.2246465908147E-16));
#6785=DIRECTION('',(1.2246465908147E-16,7.14330305946622E-20,-1.));
#6786=DIRECTION('',(1.2246465908147E-16,7.14330305946622E-20,-1.));
#6787=DIRECTION('',(-0.955674270776346,-0.294426031756873,-1.17057355507292E-16));
#6788=DIRECTION('',(1.2246465908147E-16,7.14330305946622E-20,-1.));
#6789=DIRECTION('',(-1.,0.,-1.2246465908147E-16));
#6790=DIRECTION('',(1.2246465908147E-16,7.14330305946622E-20,-1.));
#6791=DIRECTION('',(1.2246465908147E-16,7.14330305946622E-20,-1.));
#6792=DIRECTION('',(-0.994462649872978,-0.105090618076088,-1.21794036327286E-16));
#6793=DIRECTION('',(1.2246465908147E-16,7.14330305946622E-20,-1.));
#6794=DIRECTION('',(-1.,0.,-1.2246465908147E-16));
#6795=DIRECTION('',(1.2246465908147E-16,7.14330305946622E-20,-1.));
#6796=DIRECTION('',(1.2246465908147E-16,7.14330305946622E-20,-1.));
#6797=DIRECTION('',(1.2246465908147E-16,7.14330305946622E-20,-1.));
#6798=DIRECTION('',(1.2246465908147E-16,7.14330305946622E-20,-1.));
#6799=DIRECTION('',(1.2246465908147E-16,7.14330305946622E-20,-1.));
#6800=DIRECTION('',(1.2246465908147E-16,7.14330305946622E-20,-1.));
#6801=DIRECTION('',(1.2246465908147E-16,7.14330305946622E-20,-1.));
#6802=DIRECTION('',(1.2246465908147E-16,7.14330305946622E-20,-1.));
#6803=DIRECTION('',(1.2246465908147E-16,7.14330305946622E-20,-1.));
#6804=DIRECTION('',(1.2246465908147E-16,7.14330305946622E-20,-1.));
#6805=DIRECTION('',(1.2246465908147E-16,7.14330305946622E-20,-1.));
#6806=DIRECTION('',(0.339239991776806,-0.940699860730974,4.14777128978152E-17));
#6807=DIRECTION('',(-0.940699860730973,-0.339239991776806,-1.15226720683117E-16));
#6808=DIRECTION('',(-0.940699860730973,-0.339239991776806,-1.15226720683117E-16));
#6809=DIRECTION('',(1.2246465908147E-16,7.14330305946622E-20,-1.));
#6810=DIRECTION('',(1.2246465908147E-16,7.14330305946622E-20,-1.));
#6811=DIRECTION('',(1.2246465908147E-16,7.14330305946622E-20,-1.));
#6812=DIRECTION('',(1.2246465908147E-16,7.14330305946622E-20,-1.));
#6813=DIRECTION('',(1.2246465908147E-16,7.14330305946622E-20,-1.));
#6814=DIRECTION('',(1.2246465908147E-16,7.14330305946622E-20,-1.));
#6815=DIRECTION('',(1.2246465908147E-16,7.14330305946622E-20,-1.));
#6816=DIRECTION('',(1.2246465908147E-16,7.14330305946622E-20,-1.));
#6817=DIRECTION('',(1.2246465908147E-16,7.14330305946622E-20,-1.));
#6818=DIRECTION('',(1.2246465908147E-16,7.14330305946622E-20,-1.));
#6819=DIRECTION('',(-0.997211769001382,0.0746236407925446,-1.22117868729968E-16));
#6820=DIRECTION('',(1.2246465908147E-16,7.14330305946622E-20,-1.));
#6821=DIRECTION('',(-1.,0.,-1.2246465908147E-16));
#6822=DIRECTION('',(1.2246465908147E-16,7.14330305946622E-20,-1.));
#6823=DIRECTION('',(1.2246465908147E-16,7.14330305946622E-20,-1.));
#6824=DIRECTION('',(-0.978487332021625,0.206306909901735,-1.19815380403759E-16));
#6825=DIRECTION('',(1.2246465908147E-16,7.14330305946622E-20,-1.));
#6826=DIRECTION('',(-1.,0.,-1.2246465908147E-16));
#6827=DIRECTION('',(1.2246465908147E-16,7.14330305946622E-20,-1.));
#6828=DIRECTION('',(0.00116658972190934,-0.999999319533979,7.14330305946622E-20));
#6829=DIRECTION('',(-1.2246465908147E-16,-7.14330305946622E-20,1.));
#6830=DIRECTION('',(-0.999999319533979,-0.00116658972190934,-1.2246465908147E-16));
#6831=DIRECTION('',(1.2246465908147E-16,7.14330305946622E-20,-1.));
#6832=DIRECTION('',(1.2246465908147E-16,7.14330305946622E-20,-1.));
#6833=DIRECTION('',(1.2246465908147E-16,7.14330305946622E-20,-1.));
#6834=DIRECTION('',(-0.996240982893652,0.0866250772183779,-1.21998124441269E-16));
#6835=DIRECTION('',(1.2246465908147E-16,7.14330305946622E-20,-1.));
#6836=DIRECTION('',(-1.,0.,-1.2246465908147E-16));
#6837=DIRECTION('',(1.2246465908147E-16,7.14330305946622E-20,-1.));
#6838=DIRECTION('',(1.2246465908147E-16,7.14330305946622E-20,-1.));
#6839=DIRECTION('',(-0.00116658972190934,0.999999319533979,-7.14330305946622E-20));
#6840=DIRECTION('',(1.2246465908147E-16,7.14330305946622E-20,-1.));
#6841=DIRECTION('',(0.999999319533979,0.00116658972190934,1.2246465908147E-16));
#6842=DIRECTION('',(1.2246465908147E-16,7.14330305946622E-20,-1.));
#6843=DIRECTION('',(0.999999319533979,0.00116658972190934,1.2246465908147E-16));
#6844=DIRECTION('',(1.2246465908147E-16,7.14330305946622E-20,-1.));
#6845=DIRECTION('',(0.00116658972190934,-0.999999319533979,7.14330305946622E-20));
#6846=DIRECTION('',(1.2246465908147E-16,7.14330305946622E-20,-1.));
#6847=DIRECTION('',(-0.00116658972190934,0.999999319533979,-7.14330305946622E-20));
#6848=DIRECTION('',(1.2246465908147E-16,7.14330305946622E-20,-1.));
#6849=DIRECTION('',(0.999999319533979,0.00116658972190934,1.2246465908147E-16));
#6850=DIRECTION('',(1.2246465908147E-16,7.14330305946622E-20,-1.));
#6851=DIRECTION('',(-0.915811654089876,0.40160803556847,-1.12125873921862E-16));
#6852=DIRECTION('',(0.401608035568469,0.915811654089876,4.92482103621772E-17));
#6853=DIRECTION('',(0.401608035568469,0.915811654089876,4.92482103621772E-17));
#6854=DIRECTION('',(1.2246465908147E-16,7.14330305946622E-20,-1.));
#6855=DIRECTION('',(-0.286901742878434,0.957960014788361,-3.50668941444422E-17));
#6856=DIRECTION('',(0.957960014788361,0.286901742878435,1.17336740885713E-16));
#6857=DIRECTION('',(0.957960014788361,0.286901742878435,1.17336740885713E-16));
#6858=DIRECTION('',(1.2246465908147E-16,7.14330305946622E-20,-1.));
#6859=DIRECTION('',(-0.999999319533979,-0.00116658972190934,-1.2246465908147E-16));
#6860=DIRECTION('',(-1.2246465908147E-16,-7.14330305946622E-20,1.));
#6861=DIRECTION('',(-0.00116658972190934,0.999999319533979,-7.14330305946622E-20));
#6862=DIRECTION('',(1.2246465908147E-16,7.14330305946622E-20,-1.));
#6863=DIRECTION('',(0.00116658972190934,-0.999999319533979,7.14330305946622E-20));
#6864=DIRECTION('',(-1.2246465908147E-16,-7.14330305946622E-20,1.));
#6865=DIRECTION('',(-0.999999319533979,-0.00116658972190934,-1.2246465908147E-16));
#6866=DIRECTION('',(1.2246465908147E-16,7.14330305946622E-20,-1.));
#6867=DIRECTION('',(-0.999999319533979,-0.00116658972190934,-1.2246465908147E-16));
#6868=DIRECTION('',(-1.2246465908147E-16,-7.14330305946622E-20,1.));
#6869=DIRECTION('',(-0.00116658972190934,0.999999319533979,-7.14330305946622E-20));
#6870=DIRECTION('',(1.2246465908147E-16,7.14330305946622E-20,-1.));
#6871=DIRECTION('',(0.00116658972190934,-0.999999319533979,7.14330305946622E-20));
#6872=DIRECTION('',(-1.2246465908147E-16,-7.14330305946622E-20,1.));
#6873=DIRECTION('',(-0.999999319533979,-0.00116658972190934,-1.2246465908147E-16));
#6874=DIRECTION('',(1.2246465908147E-16,7.14330305946622E-20,-1.));
#6875=DIRECTION('',(0.999999319533979,0.00116658972190934,1.2246465908147E-16));
#6876=DIRECTION('',(1.2246465908147E-16,7.14330305946622E-20,-1.));
#6877=DIRECTION('',(0.00116658972190934,-0.999999319533979,7.14330305946622E-20));
#6878=DIRECTION('',(1.2246465908147E-16,7.14330305946622E-20,-1.));
#6879=DIRECTION('',(0.00116658972190934,-0.999999319533979,7.14330305946622E-20));
#6880=DIRECTION('',(-1.2246465908147E-16,-7.14330305946622E-20,1.));
#6881=DIRECTION('',(-0.999999319533979,-0.00116658972190934,-1.2246465908147E-16));
#6882=DIRECTION('',(1.2246465908147E-16,7.14330305946622E-20,-1.));
#6883=DIRECTION('',(0.999999319533979,0.00116658972190934,1.2246465908147E-16));
#6884=DIRECTION('',(1.2246465908147E-16,7.14330305946622E-20,-1.));
#6885=DIRECTION('',(1.2246465908147E-16,7.14330305946622E-20,-1.));
#6886=DIRECTION('',(0.00116658972190934,-0.999999319533979,7.14330305946622E-20));
#6887=DIRECTION('',(1.2246465908147E-16,7.14330305946622E-20,-1.));
#6888=DIRECTION('',(-0.00116658972190934,0.999999319533979,-7.14330305946622E-20));
#6889=DIRECTION('',(1.2246465908147E-16,7.14330305946622E-20,-1.));
#6890=DIRECTION('',(0.999999319533979,0.00116658972190934,1.2246465908147E-16));
#6891=DIRECTION('',(1.2246465908147E-16,7.14330305946622E-20,-1.));
#6892=DIRECTION('',(1.2246465908147E-16,7.14330305946622E-20,-1.));
#6893=DIRECTION('',(1.2246465908147E-16,7.14330305946622E-20,-1.));
#6894=DIRECTION('',(1.2246465908147E-16,7.14330305946622E-20,-1.));
#6895=DIRECTION('',(1.2246465908147E-16,7.14330305946622E-20,-1.));
#6896=DIRECTION('',(0.00116658972190934,-0.999999319533979,7.14330305946622E-20));
#6897=DIRECTION('',(-1.2246465908147E-16,-7.14330305946622E-20,1.));
#6898=DIRECTION('',(-0.999999319533979,-0.00116658972190934,-1.2246465908147E-16));
#6899=DIRECTION('',(1.2246465908147E-16,7.14330305946622E-20,-1.));
#6900=DIRECTION('',(0.999999319533979,0.00116658972190934,1.2246465908147E-16));
#6901=DIRECTION('',(1.2246465908147E-16,7.14330305946622E-20,-1.));
#6902=DIRECTION('',(0.00116658972190934,-0.999999319533979,7.14330305946622E-20));
#6903=DIRECTION('',(1.2246465908147E-16,7.14330305946622E-20,-1.));
#6904=DIRECTION('',(-0.00116658972190934,0.999999319533979,-7.14330305946622E-20));
#6905=DIRECTION('',(1.2246465908147E-16,7.14330305946622E-20,-1.));
#6906=DIRECTION('',(0.999999319533979,0.00116658972190934,1.2246465908147E-16));
#6907=DIRECTION('',(1.2246465908147E-16,7.14330305946622E-20,-1.));
#6908=DIRECTION('',(-0.999999319533979,-0.00116658972190934,-1.2246465908147E-16));
#6909=DIRECTION('',(-1.2246465908147E-16,-7.14330305946622E-20,1.));
#6910=DIRECTION('',(-0.00116658972190934,0.999999319533979,-7.14330305946622E-20));
#6911=DIRECTION('',(1.2246465908147E-16,7.14330305946622E-20,-1.));
#6912=DIRECTION('',(-0.175150663306641,-0.984541642158037,-2.15200950629871E-17));
#6913=DIRECTION('',(-0.984541642158037,0.175150663306641,-1.20559045015704E-16));
#6914=DIRECTION('',(-0.984541642158037,0.175150663306641,-1.20559045015704E-16));
#6915=DIRECTION('',(1.2246465908147E-16,7.14330305946622E-20,-1.));
#6916=DIRECTION('',(-0.999999319533979,-0.00116658972190934,-1.2246465908147E-16));
#6917=DIRECTION('',(-1.2246465908147E-16,-7.14330305946622E-20,1.));
#6918=DIRECTION('',(-0.00116658972190934,0.999999319533979,-7.14330305946622E-20));
#6919=DIRECTION('',(1.2246465908147E-16,7.14330305946622E-20,-1.));
#6920=DIRECTION('',(1.2246465908147E-16,7.14330305946622E-20,-1.));
#6921=DIRECTION('',(0.750415747871548,-0.660966115127232,9.18521939197317E-17));
#6922=DIRECTION('',(1.2246465908147E-16,7.14330305946622E-20,-1.));
#6923=DIRECTION('',(-1.,0.,-1.2246465908147E-16));
#6924=DIRECTION('',(1.2246465908147E-16,7.14330305946622E-20,-1.));
#6925=DIRECTION('',(1.2246465908147E-16,7.14330305946622E-20,-1.));
#6926=DIRECTION('',(1.2246465908147E-16,7.14330305946622E-20,-1.));
#6927=DIRECTION('',(1.2246465908147E-16,7.14330305946622E-20,-1.));
#6928=DIRECTION('',(0.147502771645222,0.989061642344388,1.81345283136616E-17));
#6929=DIRECTION('',(0.989061642344388,-0.147502771645222,1.21114560270265E-16));
#6930=DIRECTION('',(1.2246465908147E-16,7.14330305946622E-20,-1.));
#6931=DIRECTION('',(0.989061642344387,-0.147502771645222,1.21114560270265E-16));
#6932=DIRECTION('',(1.2246465908147E-16,7.14330305946622E-20,-1.));
#6933=DIRECTION('',(0.999999319533979,0.00116658972190934,1.2246465908147E-16));
#6934=DIRECTION('',(1.2246465908147E-16,7.14330305946622E-20,-1.));
#6935=DIRECTION('',(0.00116658972190934,-0.999999319533979,7.14330305946622E-20));
#6936=DIRECTION('',(1.2246465908147E-16,7.14330305946622E-20,-1.));
#6937=DIRECTION('',(1.2246465908147E-16,7.14330305946622E-20,-1.));
#6938=DIRECTION('',(1.2246465908147E-16,7.14330305946622E-20,-1.));
#6939=DIRECTION('',(1.2246465908147E-16,7.14330305946622E-20,-1.));
#6940=DIRECTION('',(1.2246465908147E-16,7.14330305946622E-20,-1.));
#6941=DIRECTION('',(1.2246465908147E-16,7.14330305946622E-20,-1.));
#6942=DIRECTION('',(1.2246465908147E-16,7.14330305946622E-20,-1.));
#6943=DIRECTION('',(-0.999999319533979,-0.00116658972190934,-1.2246465908147E-16));
#6944=DIRECTION('',(-1.2246465908147E-16,-7.14330305946622E-20,1.));
#6945=DIRECTION('',(-0.00116658972190934,0.999999319533979,-7.14330305946622E-20));
#6946=DIRECTION('',(1.2246465908147E-16,7.14330305946622E-20,-1.));
#6947=DIRECTION('',(0.0875555613373609,0.996159637647953,1.07936206717399E-17));
#6948=DIRECTION('',(0.996159637647952,-0.087555561337361,1.21988096056186E-16));
#6949=DIRECTION('',(0.996159637647952,-0.087555561337361,1.21988096056186E-16));
#6950=DIRECTION('',(1.2246465908147E-16,7.14330305946622E-20,-1.));
#6951=DIRECTION('',(0.0526986685413317,0.998610459755941,6.52505824848548E-18));
#6952=DIRECTION('',(0.99861045975594,-0.0526986685413317,1.22290725083599E-16));
#6953=DIRECTION('',(0.99861045975594,-0.0526986685413317,1.22290725083599E-16));
#6954=DIRECTION('',(1.2246465908147E-16,7.14330305946622E-20,-1.));
#6955=DIRECTION('',(-0.00116658972190934,0.999999319533979,-7.14330305946622E-20));
#6956=DIRECTION('',(1.2246465908147E-16,7.14330305946622E-20,-1.));
#6957=DIRECTION('',(0.999999319533979,0.00116658972190934,1.2246465908147E-16));
#6958=DIRECTION('',(1.2246465908147E-16,7.14330305946622E-20,-1.));
#6959=DIRECTION('',(-0.999999319533979,-0.00116658972190934,-1.2246465908147E-16));
#6960=DIRECTION('',(-1.2246465908147E-16,-7.14330305946622E-20,1.));
#6961=DIRECTION('',(-0.00116658972190934,0.999999319533979,-7.14330305946622E-20));
#6962=DIRECTION('',(1.2246465908147E-16,7.14330305946622E-20,-1.));
#6963=DIRECTION('',(0.00116658972190934,-0.999999319533979,7.14330305946622E-20));
#6964=DIRECTION('',(-1.2246465908147E-16,-7.14330305946622E-20,1.));
#6965=DIRECTION('',(-0.999999319533979,-0.00116658972190934,-1.2246465908147E-16));
#6966=DIRECTION('',(1.2246465908147E-16,7.14330305946622E-20,-1.));
#6967=DIRECTION('',(-0.999999319533979,-0.00116658972190934,-1.2246465908147E-16));
#6968=DIRECTION('',(-1.2246465908147E-16,-7.14330305946622E-20,1.));
#6969=DIRECTION('',(1.2246465908147E-16,7.14330305946622E-20,-1.));
#6970=DIRECTION('',(-0.00116658972190934,0.999999319533979,-7.14330305946622E-20));
#6971=DIRECTION('',(1.2246465908147E-16,7.14330305946622E-20,-1.));
#6972=DIRECTION('',(0.00116658972190934,-0.999999319533979,7.14330305946622E-20));
#6973=DIRECTION('',(-1.2246465908147E-16,-7.14330305946622E-20,1.));
#6974=DIRECTION('',(-0.999999319533979,-0.00116658972190934,-1.2246465908147E-16));
#6975=DIRECTION('',(1.2246465908147E-16,7.14330305946622E-20,-1.));
#6976=DIRECTION('',(1.2246465908147E-16,7.14330305946622E-20,-1.));
#6977=DIRECTION('',(1.2246465908147E-16,7.14330305946622E-20,-1.));
#6978=DIRECTION('',(1.2246465908147E-16,7.14330305946622E-20,-1.));
#6979=DIRECTION('',(1.2246465908147E-16,7.14330305946622E-20,-1.));
#6980=DIRECTION('',(0.999999319533979,0.00116658972190934,1.2246465908147E-16));
#6981=DIRECTION('',(1.2246465908147E-16,7.14330305946622E-20,-1.));
#6982=DIRECTION('',(0.00116658972190934,-0.999999319533979,7.14330305946622E-20));
#6983=DIRECTION('',(1.2246465908147E-16,7.14330305946622E-20,-1.));
#6984=DIRECTION('',(1.2246465908147E-16,7.14330305946622E-20,-1.));
#6985=DIRECTION('',(1.2246465908147E-16,7.14330305946622E-20,-1.));
#6986=DIRECTION('',(1.2246465908147E-16,7.14330305946622E-20,-1.));
#6987=DIRECTION('',(0.00116658972190934,-0.999999319533979,7.14330305946622E-20));
#6988=DIRECTION('',(-1.2246465908147E-16,-7.14330305946622E-20,1.));
#6989=DIRECTION('',(1.2246465908147E-16,7.14330305946622E-20,-1.));
#6990=DIRECTION('',(-0.999999319533979,-0.00116658972190934,-1.2246465908147E-16));
#6991=DIRECTION('',(1.2246465908147E-16,7.14330305946622E-20,-1.));
#6992=DIRECTION('',(0.999999319533979,0.00116658972190934,1.2246465908147E-16));
#6993=DIRECTION('',(1.2246465908147E-16,7.14330305946622E-20,-1.));
#6994=DIRECTION('',(0.00116658972190934,-0.999999319533979,7.14330305946622E-20));
#6995=DIRECTION('',(1.2246465908147E-16,7.14330305946622E-20,-1.));
#6996=DIRECTION('',(1.2246465908147E-16,7.14330305946622E-20,-1.));
#6997=DIRECTION('',(1.2246465908147E-16,7.14330305946622E-20,-1.));
#6998=DIRECTION('',(1.2246465908147E-16,7.14330305946622E-20,-1.));
#6999=DIRECTION('',(1.2246465908147E-16,7.14330305946622E-20,-1.));
#7000=DIRECTION('',(-0.999999319533979,-0.00116658972190934,-1.2246465908147E-16));
#7001=DIRECTION('',(-1.2246465908147E-16,-7.14330305946622E-20,1.));
#7002=DIRECTION('',(-0.00116658972190934,0.999999319533979,-7.14330305946622E-20));
#7003=DIRECTION('',(1.2246465908147E-16,7.14330305946622E-20,-1.));
#7004=DIRECTION('',(0.00116658972190934,-0.999999319533979,7.14330305946622E-20));
#7005=DIRECTION('',(-1.2246465908147E-16,-7.14330305946622E-20,1.));
#7006=DIRECTION('',(-0.999999319533979,-0.00116658972190934,-1.2246465908147E-16));
#7007=DIRECTION('',(1.2246465908147E-16,7.14330305946622E-20,-1.));
#7008=DIRECTION('',(0.999999319533979,0.00116658972190934,1.2246465908147E-16));
#7009=DIRECTION('',(1.2246465908147E-16,7.14330305946622E-20,-1.));
#7010=DIRECTION('',(0.00116658972190934,-0.999999319533979,7.14330305946622E-20));
#7011=DIRECTION('',(1.2246465908147E-16,7.14330305946622E-20,-1.));
#7012=DIRECTION('',(1.2246465908147E-16,7.14330305946622E-20,-1.));
#7013=DIRECTION('',(1.2246465908147E-16,7.14330305946622E-20,-1.));
#7014=DIRECTION('',(1.2246465908147E-16,7.14330305946622E-20,-1.));
#7015=DIRECTION('',(1.2246465908147E-16,7.14330305946622E-20,-1.));
#7016=DIRECTION('',(-0.00116658972190934,0.999999319533979,-7.14330305946622E-20));
#7017=DIRECTION('',(1.2246465908147E-16,7.14330305946622E-20,-1.));
#7018=DIRECTION('',(1.2246465908147E-16,7.14330305946622E-20,-1.));
#7019=DIRECTION('',(0.999999319533979,0.00116658972190934,1.2246465908147E-16));
#7020=DIRECTION('',(1.2246465908147E-16,7.14330305946622E-20,-1.));
#7021=DIRECTION('',(-0.999999319533979,-0.00116658972190934,-1.2246465908147E-16));
#7022=DIRECTION('',(-1.2246465908147E-16,-7.14330305946622E-20,1.));
#7023=DIRECTION('',(-0.00116658972190934,0.999999319533979,-7.14330305946622E-20));
#7024=DIRECTION('',(1.2246465908147E-16,7.14330305946622E-20,-1.));
#7025=DIRECTION('',(0.00116658972190934,-0.999999319533979,7.14330305946622E-20));
#7026=DIRECTION('',(-1.2246465908147E-16,-7.14330305946622E-20,1.));
#7027=DIRECTION('',(-0.999999319533979,-0.00116658972190934,-1.2246465908147E-16));
#7028=DIRECTION('',(1.2246465908147E-16,7.14330305946622E-20,-1.));
#7029=DIRECTION('',(0.999999319533979,0.00116658972190934,1.2246465908147E-16));
#7030=DIRECTION('',(1.2246465908147E-16,7.14330305946622E-20,-1.));
#7031=DIRECTION('',(0.00116658972190934,-0.999999319533979,7.14330305946622E-20));
#7032=DIRECTION('',(1.2246465908147E-16,7.14330305946622E-20,-1.));
#7033=DIRECTION('',(0.00116658972190934,-0.999999319533979,7.14330305946622E-20));
#7034=DIRECTION('',(-1.2246465908147E-16,-7.14330305946622E-20,1.));
#7035=DIRECTION('',(-0.999999319533979,-0.00116658972190934,-1.2246465908147E-16));
#7036=DIRECTION('',(1.2246465908147E-16,7.14330305946622E-20,-1.));
#7037=DIRECTION('',(1.2246465908147E-16,7.14330305946622E-20,-1.));
#7038=DIRECTION('',(1.2246465908147E-16,7.14330305946622E-20,-1.));
#7039=DIRECTION('',(1.2246465908147E-16,7.14330305946622E-20,-1.));
#7040=DIRECTION('',(1.2246465908147E-16,7.14330305946622E-20,-1.));
#7041=DIRECTION('',(1.2246465908147E-16,7.14330305946622E-20,-1.));
#7042=DIRECTION('',(1.2246465908147E-16,7.14330305946622E-20,-1.));
#7043=DIRECTION('',(1.2246465908147E-16,7.14330305946622E-20,-1.));
#7044=DIRECTION('',(0.999999319533979,0.00116658972190934,1.2246465908147E-16));
#7045=DIRECTION('',(1.2246465908147E-16,7.14330305946622E-20,-1.));
#7046=DIRECTION('',(0.00116658972190934,-0.999999319533979,7.14330305946622E-20));
#7047=DIRECTION('',(1.2246465908147E-16,7.14330305946622E-20,-1.));
#7048=DIRECTION('',(1.2246465908147E-16,7.14330305946622E-20,-1.));
#7049=DIRECTION('',(1.2246465908147E-16,7.14330305946622E-20,-1.));
#7050=DIRECTION('',(1.2246465908147E-16,7.14330305946622E-20,-1.));
#7051=DIRECTION('',(1.2246465908147E-16,7.14330305946622E-20,-1.));
#7052=DIRECTION('',(1.2246465908147E-16,7.14330305946622E-20,-1.));
#7053=DIRECTION('',(1.2246465908147E-16,7.14330305946622E-20,-1.));
#7054=DIRECTION('',(1.2246465908147E-16,7.14330305946622E-20,-1.));
#7055=DIRECTION('',(0.805450218735822,-0.592663433272559,9.85968506994167E-17));
#7056=DIRECTION('',(-0.592663433272559,-0.805450218735822,-7.26378610558951E-17));
#7057=DIRECTION('',(1.2246465908147E-16,7.14330305946622E-20,-1.));
#7058=DIRECTION('',(-0.592663433272559,-0.805450218735822,-7.26378610558951E-17));
#7059=DIRECTION('',(1.2246465908147E-16,7.14330305946622E-20,-1.));
#7060=DIRECTION('',(-0.00116658972190934,0.999999319533979,-7.14330305946622E-20));
#7061=DIRECTION('',(1.2246465908147E-16,7.14330305946622E-20,-1.));
#7062=DIRECTION('',(0.999999319533979,0.00116658972190934,1.2246465908147E-16));
#7063=DIRECTION('',(1.2246465908147E-16,7.14330305946622E-20,-1.));
#7064=DIRECTION('',(-0.800180399941621,0.599759391380633,-9.79509772515712E-17));
#7065=DIRECTION('',(0.599759391380633,0.800180399941621,7.35064887073295E-17));
#7066=DIRECTION('',(0.599759391380633,0.800180399941621,7.35064887073295E-17));
#7067=DIRECTION('',(1.2246465908147E-16,7.14330305946622E-20,-1.));
#7068=DIRECTION('',(0.662811996760082,0.748785855202215,8.12245332612355E-17));
#7069=DIRECTION('',(0.748785855202215,-0.662811996760083,9.16524578127233E-17));
#7070=DIRECTION('',(0.748785855202215,-0.662811996760083,9.16524578127233E-17));
#7071=DIRECTION('',(1.2246465908147E-16,7.14330305946622E-20,-1.));
#7072=DIRECTION('',(0.999999319533979,0.00116658972190934,1.2246465908147E-16));
#7073=DIRECTION('',(1.2246465908147E-16,7.14330305946622E-20,-1.));
#7074=DIRECTION('',(0.00116658972190934,-0.999999319533979,7.14330305946622E-20));
#7075=DIRECTION('',(1.2246465908147E-16,7.14330305946622E-20,-1.));
#7076=DIRECTION('',(-0.00116658972190934,0.999999319533979,-7.14330305946622E-20));
#7077=DIRECTION('',(1.2246465908147E-16,7.14330305946622E-20,-1.));
#7078=DIRECTION('',(0.999999319533979,0.00116658972190934,1.2246465908147E-16));
#7079=DIRECTION('',(1.2246465908147E-16,7.14330305946622E-20,-1.));
#7080=DIRECTION('',(-0.999999319533979,-0.00116658972190934,-1.2246465908147E-16));
#7081=DIRECTION('',(-1.2246465908147E-16,-7.14330305946622E-20,1.));
#7082=DIRECTION('',(-0.00116658972190934,0.999999319533979,-7.14330305946622E-20));
#7083=DIRECTION('',(1.2246465908147E-16,7.14330305946622E-20,-1.));
#7084=DIRECTION('',(0.00116658972190934,-0.999999319533979,7.14330305946622E-20));
#7085=DIRECTION('',(-1.2246465908147E-16,-7.14330305946622E-20,1.));
#7086=DIRECTION('',(-0.999999319533979,-0.00116658972190934,-1.2246465908147E-16));
#7087=DIRECTION('',(1.2246465908147E-16,7.14330305946622E-20,-1.));
#7088=DIRECTION('',(0.999999319533979,0.00116658972190934,1.2246465908147E-16));
#7089=DIRECTION('',(1.2246465908147E-16,7.14330305946622E-20,-1.));
#7090=DIRECTION('',(0.00116658972190934,-0.999999319533979,7.14330305946622E-20));
#7091=DIRECTION('',(1.2246465908147E-16,7.14330305946622E-20,-1.));
#7092=DIRECTION('',(-0.737204010930508,-0.675670220054112,-9.03297030435981E-17));
#7093=DIRECTION('',(-0.675670220054111,0.737204010930508,-8.26930624337614E-17));
#7094=DIRECTION('',(-0.675670220054111,0.737204010930508,-8.26930624337614E-17));
#7095=DIRECTION('',(1.2246465908147E-16,7.14330305946622E-20,-1.));
#7096=DIRECTION('',(0.00116658972190934,-0.999999319533979,7.14330305946622E-20));
#7097=DIRECTION('',(-1.2246465908147E-16,-7.14330305946622E-20,1.));
#7098=DIRECTION('',(-0.999999319533979,-0.00116658972190934,-1.2246465908147E-16));
#7099=DIRECTION('',(1.2246465908147E-16,7.14330305946622E-20,-1.));
#7100=DIRECTION('',(1.2246465908147E-16,7.14330305946622E-20,-1.));
#7101=DIRECTION('',(1.2246465908147E-16,7.14330305946622E-20,-1.));
#7102=DIRECTION('',(1.2246465908147E-16,7.14330305946622E-20,-1.));
#7103=DIRECTION('',(1.2246465908147E-16,7.14330305946622E-20,-1.));
#7104=DIRECTION('',(1.2246465908147E-16,7.14330305946622E-20,-1.));
#7105=DIRECTION('',(1.2246465908147E-16,7.14330305946622E-20,-1.));
#7106=DIRECTION('',(1.2246465908147E-16,7.14330305946622E-20,-1.));
#7107=DIRECTION('',(0.999999319533979,0.00116658972190934,1.2246465908147E-16));
#7108=DIRECTION('',(1.2246465908147E-16,7.14330305946622E-20,-1.));
#7109=DIRECTION('',(0.00116658972190934,-0.999999319533979,7.14330305946622E-20));
#7110=DIRECTION('',(1.2246465908147E-16,7.14330305946622E-20,-1.));
#7111=DIRECTION('',(1.2246465908147E-16,7.14330305946622E-20,-1.));
#7112=DIRECTION('',(1.2246465908147E-16,7.14330305946622E-20,-1.));
#7113=DIRECTION('',(1.2246465908147E-16,7.14330305946622E-20,-1.));
#7114=DIRECTION('',(1.2246465908147E-16,7.14330305946622E-20,-1.));
#7115=DIRECTION('',(1.2246465908147E-16,7.14330305946622E-20,-1.));
#7116=DIRECTION('',(1.2246465908147E-16,7.14330305946622E-20,-1.));
#7117=DIRECTION('',(1.2246465908147E-16,7.14330305946622E-20,-1.));
#7118=DIRECTION('',(0.931550772607547,-0.363611273277221,1.14056073929255E-16));
#7119=DIRECTION('',(-0.36361127327722,-0.931550772607548,-4.45960741149142E-17));
#7120=DIRECTION('',(-0.36361127327722,-0.931550772607548,-4.45960741149142E-17));
#7121=DIRECTION('',(0.00116658972190934,-0.999999319533979,7.14330305946622E-20));
#7122=DIRECTION('',(-1.2246465908147E-16,-7.14330305946622E-20,1.));
#7123=DIRECTION('',(-0.999999319533979,-0.00116658972190934,-1.2246465908147E-16));
#7124=DIRECTION('',(1.2246465908147E-16,7.14330305946622E-20,-1.));
#7125=DIRECTION('',(0.28055782339646,-0.959837125626552,3.42898541201273E-17));
#7126=DIRECTION('',(1.2246465908147E-16,7.14330305946622E-20,-1.));
#7127=DIRECTION('',(-1.,0.,-1.2246465908147E-16));
#7128=DIRECTION('',(1.2246465908147E-16,7.14330305946622E-20,-1.));
#7129=DIRECTION('',(-0.951744662848416,0.306891017691224,-1.16533163512884E-16));
#7130=DIRECTION('',(1.2246465908147E-16,7.14330305946622E-20,-1.));
#7131=DIRECTION('',(-1.,0.,-1.2246465908147E-16));
#7132=DIRECTION('',(0.00116658972190934,-0.999999319533979,7.14330305946622E-20));
#7133=DIRECTION('',(-1.2246465908147E-16,-7.14330305946622E-20,1.));
#7134=DIRECTION('',(-0.999999319533979,-0.00116658972190934,-1.2246465908147E-16));
#7135=DIRECTION('',(1.2246465908147E-16,7.14330305946622E-20,-1.));
#7136=DIRECTION('',(-0.999999319533979,-0.00116658972190934,-1.2246465908147E-16));
#7137=DIRECTION('',(1.2246465908147E-16,7.14330305946622E-20,-1.));
#7138=DIRECTION('',(-0.999999319533979,-0.00116658972190934,-1.2246465908147E-16));
#7139=DIRECTION('',(0.00116658972190934,-0.999999319533979,7.14330305946622E-20));
#7140=DIRECTION('',(-1.2246465908147E-16,-7.14330305946622E-20,1.));
#7141=DIRECTION('',(-0.999999319533979,-0.00116658972190934,-1.2246465908147E-16));
#7142=DIRECTION('',(0.999999319533979,0.00116658972190934,1.2246465908147E-16));
#7143=DIRECTION('',(1.2246465908147E-16,7.14330305946622E-20,-1.));
#7144=DIRECTION('',(0.00116658972190934,-0.999999319533979,7.14330305946622E-20));
#7145=DIRECTION('',(1.2246465908147E-16,7.14330305946622E-20,-1.));
#7146=DIRECTION('',(-0.999999319533979,-0.00116658972190934,-1.2246465908147E-16));
#7147=DIRECTION('',(1.2246465908147E-16,7.14330305946622E-20,-1.));
#7148=DIRECTION('',(-0.999999319533979,-0.00116658972190934,-1.2246465908147E-16));
#7149=DIRECTION('',(0.00116658972190934,-0.999999319533979,7.14330305946622E-20));
#7150=DIRECTION('',(-1.2246465908147E-16,-7.14330305946622E-20,1.));
#7151=DIRECTION('',(-0.999999319533979,-0.00116658972190934,-1.2246465908147E-16));
#7152=DIRECTION('',(0.999999319533979,0.00116658972190934,1.2246465908147E-16));
#7153=DIRECTION('',(1.2246465908147E-16,7.14330305946622E-20,-1.));
#7154=DIRECTION('',(0.00116658972190934,-0.999999319533979,7.14330305946622E-20));
#7155=DIRECTION('',(-0.00116658972190934,0.999999319533979,-7.14330305946622E-20));
#7156=DIRECTION('',(1.2246465908147E-16,7.14330305946622E-20,-1.));
#7157=DIRECTION('',(0.999999319533979,0.00116658972190934,1.2246465908147E-16));
#7158=DIRECTION('',(-0.999999319533979,-0.00116658972190934,-1.2246465908147E-16));
#7159=DIRECTION('',(-1.2246465908147E-16,-7.14330305946622E-20,1.));
#7160=DIRECTION('',(-0.00116658972190934,0.999999319533979,-7.14330305946622E-20));
#7161=DIRECTION('',(0.999999319533979,0.00116658972190934,1.2246465908147E-16));
#7162=DIRECTION('',(1.2246465908147E-16,7.14330305946622E-20,-1.));
#7163=DIRECTION('',(0.00116658972190934,-0.999999319533979,7.14330305946622E-20));
#7164=DIRECTION('',(0.896257859360391,0.443533369133293,1.09791596128386E-16));
#7165=DIRECTION('',(0.443533369133293,-0.896257859360391,5.42531404270762E-17));
#7166=DIRECTION('',(0.443533369133293,-0.896257859360391,5.42531404270762E-17));
#7167=DIRECTION('',(0.733145280863526,0.680072052908765,8.98329664859025E-17));
#7168=DIRECTION('',(0.680072052908764,-0.733145280863527,8.32324213210291E-17));
#7169=DIRECTION('',(0.680072052908764,-0.733145280863527,8.32324213210291E-17));
#7170=DIRECTION('',(0.896257859360387,0.4435333691333,1.09791596128385E-16));
#7171=DIRECTION('',(0.4435333691333,-0.896257859360388,5.42531404270771E-17));
#7172=DIRECTION('',(0.4435333691333,-0.896257859360388,5.42531404270771E-17));
#7173=DIRECTION('',(0.00116658972190934,-0.999999319533979,7.14330305946622E-20));
#7174=DIRECTION('',(-1.2246465908147E-16,-7.14330305946622E-20,1.));
#7175=DIRECTION('',(-0.999999319533979,-0.00116658972190934,-1.2246465908147E-16));
#7176=DIRECTION('',(1.2246465908147E-16,7.14330305946622E-20,-1.));
#7177=DIRECTION('',(-0.999999319533979,-0.00116658972190934,-1.2246465908147E-16));
#7178=DIRECTION('',(-0.998751659260815,-0.00116513421326781,0.0499376169438929));
#7179=DIRECTION('',(-0.00116658972190934,0.999999319533979,-7.14330305946623E-20));
#7180=DIRECTION('',(-0.9987294157739,-0.00675980403924852,0.0499385534159219));
#7181=DIRECTION('',(0.0499396944248927,0.,0.998752235001629));
#7182=DIRECTION('',(-0.998752338257411,3.52039528148402E-5,0.0499376169438929));
#7183=DIRECTION('',(3.52479302870958E-5,0.999999999378792,7.57496563162241E-20));
#7184=DIRECTION('',(0.000582567205738203,-0.998752168973573,0.0499376169438919));
#7185=DIRECTION('',(-0.99999982988348,-0.000583294960182778,-1.22464679914735E-16));
#7186=DIRECTION('',(-0.00639603991418348,0.998731858452198,0.0499376169438922));
#7187=DIRECTION('',(0.999979493989802,0.00640402997340641,1.22462605279191E-16));
#7188=DIRECTION('',(0.0011651342132678,-0.998751659260814,0.0499376169438926));
#7189=DIRECTION('',(-0.999999319533979,-0.00116658972190934,-1.2246465908147E-16));
#7190=DIRECTION('',(-0.00273834902208194,0.998748584909435,0.0499376169438927));
#7191=DIRECTION('',(0.999996241342059,0.00274176982169436,1.22464394631634E-16));
#7192=DIRECTION('',(-0.998751659260815,-0.00116513421326781,-0.0499376169438931));
#7193=DIRECTION('',(0.00116658972190934,-0.999999319533979,7.14330305946623E-20));
#7194=DIRECTION('',(0.,0.,1.));
#7195=DIRECTION('',(1.,0.,0.));
#7196=CARTESIAN_POINT('',(0.,0.,0.));
#7197=CARTESIAN_POINT('',(-0.00700752589685505,0.0271008948868025,1.30685270650593E-18));
#7198=CARTESIAN_POINT('',(-0.00700752589685505,0.0271008948868025,0.00585));
#7199=CARTESIAN_POINT('',(-0.0071409050766035,0.0271039818936463,1.31046605675528E-18));
#7200=CARTESIAN_POINT('',(-0.0071409050766035,0.0271039818936463,0.00585));
#7201=CARTESIAN_POINT('',(-0.00742089569989202,0.0271164777907518,4.48814516747866E-19));
#7202=CARTESIAN_POINT('',(-0.00742089569989202,0.0271164777907518,0.00585));
#7203=CARTESIAN_POINT('',(-0.00767680161338061,0.0271371894212586,1.32204705147627E-18));
#7204=CARTESIAN_POINT('',(-0.00767680161338061,0.0271371894212586,0.00585));
#7205=CARTESIAN_POINT('',(-0.00782514830646248,0.0271498710841391,1.32204705147627E-18));
#7206=CARTESIAN_POINT('',(-0.00782514830646248,0.0271498710841391,0.00585));
#7207=CARTESIAN_POINT('',(-0.00782514830646193,0.0271498710841391,-0.0032));
#7208=CARTESIAN_POINT('',(-0.00782514830646197,0.0271498710841391,3.46944695195361E-18));
#7209=CARTESIAN_POINT('',(-0.00782515050939508,0.0271498453101087,0.00585));
#7210=CARTESIAN_POINT('',(-0.00700751140859169,0.0271009990209744,0.00585));
#7211=CARTESIAN_POINT('',(-0.00727573919467451,0.027107284471961,0.00585));
#7212=CARTESIAN_POINT('',(-0.00754428697128394,0.0271258136609437,0.00585));
#7213=CARTESIAN_POINT('',(-0.00782515271233032,0.0271498195360785,0.00585));
#7214=CARTESIAN_POINT('',(-0.00700751965664025,0.0271009047583321,0.00585));
#7215=CARTESIAN_POINT('',(-0.00700752592711451,0.0271008948875028,-0.0032));
#7216=CARTESIAN_POINT('',(-0.00700752592711455,0.0271008948875028,3.46944695195361E-18));
#7217=CARTESIAN_POINT('',(-0.00700752592711455,0.0271008948875028,3.46944695195361E-18));
#7218=CARTESIAN_POINT('',(-0.00728055354574452,0.0271072140015568,3.43601116911174E-18));
#7219=CARTESIAN_POINT('',(-0.00755306498384242,0.0271266115904409,3.50276588180385E-18));
#7220=CARTESIAN_POINT('',(-0.00782514830646197,0.0271498710841391,3.46944695195361E-18));
#7221=CARTESIAN_POINT('',(0.00863789846396222,0.0271048746453437,9.95361801560281E-19));
#7222=CARTESIAN_POINT('',(0.00863789846396222,0.0271048746453437,0.00585));
#7223=CARTESIAN_POINT('',(0.0087994244993868,0.0272040140046852,8.20843487219077E-19));
#7224=CARTESIAN_POINT('',(0.0087994244993868,0.0272040140046852,0.00585));
#7225=CARTESIAN_POINT('',(0.0091897879462384,0.0274637470055634,1.09857946176672E-18));
#7226=CARTESIAN_POINT('',(0.0091897879462384,0.0274637470055634,0.00585));
#7227=CARTESIAN_POINT('',(0.00968316372306966,0.0278908450847539,1.01875127549068E-18));
#7228=CARTESIAN_POINT('',(0.00968316372306966,0.0278908450847539,0.00585));
#7229=CARTESIAN_POINT('',(0.0101115833358492,0.0283445615421943,3.64540483542667E-18));
#7230=CARTESIAN_POINT('',(0.0101115833358492,0.0283445615421943,0.00585));
#7231=CARTESIAN_POINT('',(0.0104749589057077,0.028805349751128,1.12479469298285E-18));
#7232=CARTESIAN_POINT('',(0.0104749589057077,0.028805349751128,0.00585));
#7233=CARTESIAN_POINT('',(0.0108372990489829,0.0293823486219443,8.64733754695767E-19));
#7234=CARTESIAN_POINT('',(0.0108372990489829,0.0293823486219443,0.00585));
#7235=CARTESIAN_POINT('',(0.0111330515449475,0.0301221535082619,1.93296123631844E-18));
#7236=CARTESIAN_POINT('',(0.0111330515449475,0.0301221535082619,0.00585));
#7237=CARTESIAN_POINT('',(0.0112605671775837,0.0308577410439779,6.22622678888304E-19));
#7238=CARTESIAN_POINT('',(0.0112605671775837,0.0308577410439779,0.00585));
#7239=CARTESIAN_POINT('',(0.011285784349303,0.0314312328955998,2.24035740399833E-18));
#7240=CARTESIAN_POINT('',(0.011285784349303,0.0314312328955998,0.00585));
#7241=CARTESIAN_POINT('',(0.0112829511572677,0.0318275463704384,2.29354459620079E-18));
#7242=CARTESIAN_POINT('',(0.0112829511572677,0.0318275463704384,0.00585));
#7243=CARTESIAN_POINT('',(0.0112459730128972,0.0322951927183193,4.62264635210175E-19));
#7244=CARTESIAN_POINT('',(0.0112459730128972,0.0322951927183193,0.00585));
#7245=CARTESIAN_POINT('',(0.0111678771035972,0.0327380187856491,2.51872116272174E-18));
#7246=CARTESIAN_POINT('',(0.0111678771035972,0.0327380187856491,0.00585));
#7247=CARTESIAN_POINT('',(0.0110363102146873,0.0332823904565836,1.30936985703728E-18));
#7248=CARTESIAN_POINT('',(0.0110363102146873,0.0332823904565836,0.00585));
#7249=CARTESIAN_POINT('',(0.0107950153807749,0.0339438446527324,1.45454452503485E-18));
#7250=CARTESIAN_POINT('',(0.0107950153807749,0.0339438446527324,0.00585));
#7251=CARTESIAN_POINT('',(0.0104282637842815,0.0345664114291784,2.00818853640828E-18));
#7252=CARTESIAN_POINT('',(0.0104282637842815,0.0345664114291784,0.00585));
#7253=CARTESIAN_POINT('',(0.010082268913807,0.0350036948006511,2.13875974268165E-18));
#7254=CARTESIAN_POINT('',(0.010082268913807,0.0350036948006511,0.00585));
#7255=CARTESIAN_POINT('',(0.00981393292504831,0.0353158740466565,9.81207413304624E-19));
#7256=CARTESIAN_POINT('',(0.00981393292504831,0.0353158740466565,0.00585));
#7257=CARTESIAN_POINT('',(0.0094756588876158,0.035685115264516,2.41150210418444E-19));
#7258=CARTESIAN_POINT('',(0.0094756588876158,0.035685115264516,0.00585));
#7259=CARTESIAN_POINT('',(0.00891886141564349,0.0362087062957438,2.18596841510274E-18));
#7260=CARTESIAN_POINT('',(0.00891886141564349,0.0362087062957438,0.00585));
#7261=CARTESIAN_POINT('',(0.00807619487938246,0.0368003748005201,1.02017272203994E-18));
#7262=CARTESIAN_POINT('',(0.00807619487938246,0.0368003748005201,0.00585));
#7263=CARTESIAN_POINT('',(0.00694972533513889,0.0373529712458729,2.05257185303029E-18));
#7264=CARTESIAN_POINT('',(0.00694972533513889,0.0373529712458729,0.00585));
#7265=CARTESIAN_POINT('',(0.00566582287669352,0.0377992068725129,1.74181950973508E-18));
#7266=CARTESIAN_POINT('',(0.00566582287669352,0.0377992068725129,0.00585));
#7267=CARTESIAN_POINT('',(0.00425854221564657,0.0380846666683285,1.77758607469671E-18));
#7268=CARTESIAN_POINT('',(0.00425854221564657,0.0380846666683285,0.00585));
#7269=CARTESIAN_POINT('',(0.00246803879054884,0.0382605849355324,1.77406440150383E-18));
#7270=CARTESIAN_POINT('',(0.00246803879054884,0.0382605849355324,0.00585));
#7271=CARTESIAN_POINT('',(0.000840590118309796,0.0382835214134051,1.50169325082223E-18));
#7272=CARTESIAN_POINT('',(0.000840590118309795,0.0382835214134051,0.00585));
#7273=CARTESIAN_POINT('',(-0.00049682748032423,0.0382782498285876,2.13379635805933E-18));
#7274=CARTESIAN_POINT('',(-0.000496827480324231,0.0382782498285876,0.00585));
#7275=CARTESIAN_POINT('',(-0.00161387428402419,0.0382128167663634,1.69086629925344E-19));
#7276=CARTESIAN_POINT('',(-0.00161387428402419,0.0382128167663634,0.00585));
#7277=CARTESIAN_POINT('',(-0.00282789306939403,0.0380450933110622,2.24588615719496E-18));
#7278=CARTESIAN_POINT('',(-0.00282789306939403,0.0380450933110622,0.00585));
#7279=CARTESIAN_POINT('',(-0.00406607695414029,0.0377485404611096,9.86913929385033E-19));
#7280=CARTESIAN_POINT('',(-0.00406607695414029,0.0377485404611096,0.00585));
#7281=CARTESIAN_POINT('',(-0.0049381991491882,0.0374360138204347,1.16097672354562E-18));
#7282=CARTESIAN_POINT('',(-0.00493819914918821,0.0374360138204347,0.00585));
#7283=CARTESIAN_POINT('',(-0.00556599106053839,0.0371913889812019,1.35525308612612E-18));
#7284=CARTESIAN_POINT('',(-0.00556599106053839,0.0371913889812019,0.00585));
#7285=CARTESIAN_POINT('',(-0.00610680038759253,0.0369540738994405,6.1406225962509E-19));
#7286=CARTESIAN_POINT('',(-0.00610680038759253,0.0369540738994405,0.00585));
#7287=CARTESIAN_POINT('',(-0.00669321564573518,0.0366354555553871,7.41120408100262E-19));
#7288=CARTESIAN_POINT('',(-0.00669321564573518,0.0366354555553871,0.00585));
#7289=CARTESIAN_POINT('',(-0.00728921806600651,0.0361819659866052,8.29037234325207E-19));
#7290=CARTESIAN_POINT('',(-0.00728921806600651,0.0361819659866052,0.00585));
#7291=CARTESIAN_POINT('',(-0.00770851567435878,0.0357649552265092,1.85480970612646E-19));
#7292=CARTESIAN_POINT('',(-0.00770851567435878,0.0357649552265092,0.00585));
#7293=CARTESIAN_POINT('',(-0.0080059117152817,0.0354390424378355,2.57827490242005E-18));
#7294=CARTESIAN_POINT('',(-0.0080059117152817,0.0354390424378355,0.00585));
#7295=CARTESIAN_POINT('',(-0.00825927394138517,0.0351671806618157,1.42996924278592E-18));
#7296=CARTESIAN_POINT('',(-0.00825927394138517,0.0351671806618157,0.00585));
#7297=CARTESIAN_POINT('',(-0.00861283858821157,0.0347567724563618,1.01257646402142E-18));
#7298=CARTESIAN_POINT('',(-0.00861283858821157,0.0347567724563618,0.00585));
#7299=CARTESIAN_POINT('',(-0.00898186394730243,0.0342004333566803,1.15207546794928E-18));
#7300=CARTESIAN_POINT('',(-0.00898186394730243,0.0342004333566803,0.00585));
#7301=CARTESIAN_POINT('',(-0.00925925449701447,0.0336229481881804,9.06704965744563E-19));
#7302=CARTESIAN_POINT('',(-0.00925925449701447,0.0336229481881804,0.00585));
#7303=CARTESIAN_POINT('',(-0.0094732257475503,0.0330022064697847,1.66831350434668E-18));
#7304=CARTESIAN_POINT('',(-0.0094732257475503,0.0330022064697847,0.00585));
#7305=CARTESIAN_POINT('',(-0.00959272100589547,0.0323478733007906,1.40781506962044E-18));
#7306=CARTESIAN_POINT('',(-0.00959272100589547,0.0323478733007906,0.00585));
#7307=CARTESIAN_POINT('',(-0.00962178946346911,0.0318270091414214,1.65046764997798E-18));
#7308=CARTESIAN_POINT('',(-0.00962178946346911,0.0318270091414214,0.00585));
#7309=CARTESIAN_POINT('',(-0.00963156134829349,0.0314811159781979,9.30469810174689E-19));
#7310=CARTESIAN_POINT('',(-0.00963156134829349,0.0314811159781979,0.00585));
#7311=CARTESIAN_POINT('',(-0.00963508606726184,0.0309215440133357,9.64532088743373E-19));
#7312=CARTESIAN_POINT('',(-0.00963508606726184,0.0309215440133357,0.00585));
#7313=CARTESIAN_POINT('',(-0.00951662162356708,0.0301399067132421,1.55299617390386E-18));
#7314=CARTESIAN_POINT('',(-0.00951662162356708,0.0301399067132421,0.00585));
#7315=CARTESIAN_POINT('',(-0.00920522799840735,0.0293755318210973,1.81580909922403E-18));
#7316=CARTESIAN_POINT('',(-0.00920522799840735,0.0293755318210973,0.00585));
#7317=CARTESIAN_POINT('',(-0.0087026287962669,0.0285722607418845,-2.30406806563563E-19));
#7318=CARTESIAN_POINT('',(-0.0087026287962669,0.0285722607418845,0.00585));
#7319=CARTESIAN_POINT('',(-0.00809571801543313,0.0279221763510376,2.36157369461898E-18));
#7320=CARTESIAN_POINT('',(-0.00809571801543313,0.0279221763510376,0.00585));
#7321=CARTESIAN_POINT('',(-0.00747672806722203,0.0274143778844049,6.36920483639501E-19));
#7322=CARTESIAN_POINT('',(-0.00747672806722203,0.0274143778844049,0.00585));
#7323=CARTESIAN_POINT('',(-0.00715109012623189,0.0271919895281681,1.06723866865885E-19));
#7324=CARTESIAN_POINT('',(-0.00715109012623189,0.0271919895281681,0.00585));
#7325=CARTESIAN_POINT('',(-0.00700752591682505,0.0271008948809739,3.02334893614328E-19));
#7326=CARTESIAN_POINT('',(-0.00700752591682505,0.0271008948809739,0.00585));
#7327=CARTESIAN_POINT('',(0.00863770321666092,0.0271050622392077,0.00585));
#7328=CARTESIAN_POINT('',(0.0089747475888584,0.0273112547611123,0.00585));
#7329=CARTESIAN_POINT('',(0.00964408723484046,0.0278148031723312,0.00585));
#7330=CARTESIAN_POINT('',(0.0104523190876019,0.0287164681180828,0.00585));
#7331=CARTESIAN_POINT('',(0.0110952436782225,0.02984550085725,0.00585));
#7332=CARTESIAN_POINT('',(0.0113088562550627,0.031113971116215,0.00585));
#7333=CARTESIAN_POINT('',(0.0112715177643568,0.032326856712756,0.00585));
#7334=CARTESIAN_POINT('',(0.0110019081432414,0.0335234639011677,0.00585));
#7335=CARTESIAN_POINT('',(0.0103936375711207,0.0346735893849733,0.00585));
#7336=CARTESIAN_POINT('',(0.00962285678068529,0.0355537540716375,0.00585));
#7337=CARTESIAN_POINT('',(0.00872473264989938,0.0363836414479866,0.00585));
#7338=CARTESIAN_POINT('',(0.00732781110530727,0.0372218971753623,0.00585));
#7339=CARTESIAN_POINT('',(0.00549408757324584,0.0378977962415941,0.00585));
#7340=CARTESIAN_POINT('',(0.00314763980656013,0.038230850873842,0.00585));
#7341=CARTESIAN_POINT('',(0.000890677021093493,0.0382909062532228,0.00585));
#7342=CARTESIAN_POINT('',(-0.00139863752944868,0.0382755473617289,0.00585));
#7343=CARTESIAN_POINT('',(-0.00334389358483167,0.0379683849148601,0.00585));
#7344=CARTESIAN_POINT('',(-0.00483771619515515,0.03747994575972,0.00585));
#7345=CARTESIAN_POINT('',(-0.00591269962687827,0.0370665472032498,0.00585));
#7346=CARTESIAN_POINT('',(-0.00683073716932828,0.0365645438194749,0.00585));
#7347=CARTESIAN_POINT('',(-0.00747326947510169,0.036004916534792,0.00585));
#7348=CARTESIAN_POINT('',(-0.00788757991540917,0.0355704179840301,0.00585));
#7349=CARTESIAN_POINT('',(-0.0082675871848607,0.0351578981452465,0.00585));
#7350=CARTESIAN_POINT('',(-0.00867243362875949,0.0346788517083827,0.00585));
#7351=CARTESIAN_POINT('',(-0.0090143352223076,0.0341366413550278,0.00585));
#7352=CARTESIAN_POINT('',(-0.0092780887777727,0.0335745681945341,0.00585));
#7353=CARTESIAN_POINT('',(-0.00948027375398852,0.0329719513091206,0.00585));
#7354=CARTESIAN_POINT('',(-0.00959206169979367,0.0323404934494674,0.00585));
#7355=CARTESIAN_POINT('',(-0.0096253869422577,0.0317357739084079,0.00585));
#7356=CARTESIAN_POINT('',(-0.00964525848027173,0.0309619262291007,0.00585));
#7357=CARTESIAN_POINT('',(-0.00947111179297184,0.0298392506037595,0.00585));
#7358=CARTESIAN_POINT('',(-0.0088326910470278,0.0287261580882189,0.00585));
#7359=CARTESIAN_POINT('',(-0.00800335648996105,0.0278142772644744,0.00585));
#7360=CARTESIAN_POINT('',(-0.00734843560475682,0.0273174865049769,0.00584999999999999));
#7361=CARTESIAN_POINT('',(-0.00700751338616594,0.0271009146291612,0.00585));
#7362=CARTESIAN_POINT('',(0.00863789814884302,0.0271048093807705,0.00585));
#7363=CARTESIAN_POINT('',(0.00863789846396228,0.0271048746453437,-0.0032));
#7364=CARTESIAN_POINT('',(0.00863789846396222,0.0271048746453437,3.46944695195361E-18));
#7365=CARTESIAN_POINT('',(0.00863789846396222,0.0271048746453437,3.46944695195361E-18));
#7366=CARTESIAN_POINT('',(0.00933266564278357,0.0275312998517742,3.55456183849378E-18));
#7367=CARTESIAN_POINT('',(0.0102469181367579,0.0283642619802504,5.19672632299593E-18));
#7368=CARTESIAN_POINT('',(0.0110608768905043,0.0297792138618328,3.44092436393832E-18));
#7369=CARTESIAN_POINT('',(0.0113001386409049,0.0309769053917399,8.11793023023423E-18));
#7370=CARTESIAN_POINT('',(0.0112917239106781,0.0321998692466951,2.47549887088752E-18));
#7371=CARTESIAN_POINT('',(0.0110382533961873,0.0333889390641127,8.65673338882674E-18));
#7372=CARTESIAN_POINT('',(0.0105265447592867,0.0344887751550347,1.28395567114426E-18));
#7373=CARTESIAN_POINT('',(0.00974443833343398,0.0354189966468975,5.01807097491537E-18));
#7374=CARTESIAN_POINT('',(0.00888858886196047,0.0362578055669046,5.32277174380654E-18));
#7375=CARTESIAN_POINT('',(0.00752397661936695,0.0371325576900314,3.98909692853669E-18));
#7376=CARTESIAN_POINT('',(0.00565337701914352,0.0378624154876778,4.4774660656047E-18));
#7377=CARTESIAN_POINT('',(0.00325093373510069,0.038227982043666,1.42622733480154E-18));
#7378=CARTESIAN_POINT('',(0.000863772427447901,0.0382933482937952,5.72490857256592E-18));
#7379=CARTESIAN_POINT('',(-0.0015403030292246,0.038269847046027,3.99299978492564E-18));
#7380=CARTESIAN_POINT('',(-0.00352854261855513,0.0379256797885914,3.47726267305043E-18));
#7381=CARTESIAN_POINT('',(-0.00505032103440498,0.0374001968964026,5.71611813901072E-18));
#7382=CARTESIAN_POINT('',(-0.00617028700565371,0.0369535168244731,2.79318973544243E-18));
#7383=CARTESIAN_POINT('',(-0.00720033041822264,0.0363063115493728,1.29095558659997E-18));
#7384=CARTESIAN_POINT('',(-0.00803692553214944,0.0354154678739749,2.37415981403353E-18));
#7385=CARTESIAN_POINT('',(-0.00884533614710463,0.0345004546394548,3.54838195135645E-18));
#7386=CARTESIAN_POINT('',(-0.00938394234682837,0.0334006320074083,1.73230269378131E-18));
#7387=CARTESIAN_POINT('',(-0.00960150120378629,0.0323972864613399,3.52428339035077E-18));
#7388=CARTESIAN_POINT('',(-0.00962956418894143,0.0315932368447782,4.7846815334847E-19));
#7389=CARTESIAN_POINT('',(-0.00963903063802537,0.0307862410974469,2.31692301329358E-18));
#7390=CARTESIAN_POINT('',(-0.00943287576120243,0.0297786847447587,2.85150825930954E-18));
#7391=CARTESIAN_POINT('',(-0.00861683883380663,0.0283570194669937,8.27942459463329E-20));
#7392=CARTESIAN_POINT('',(-0.00769598207612744,0.0275377354514492,6.85461356117124E-18));
#7393=CARTESIAN_POINT('',(-0.00700752592711491,0.0271008948875031,6.93889390390723E-18));
#7394=CARTESIAN_POINT('',(-0.018988582686915,0.00256662199998814,-1.00096006988556E-18));
#7395=CARTESIAN_POINT('',(-0.018988582686915,0.00256662199998814,0.00585));
#7396=CARTESIAN_POINT('',(-0.0189885826869148,0.00256662199998801,-1.0151610880507E-18));
#7397=CARTESIAN_POINT('',(-0.0189885826869148,0.00256662199998801,0.00585));
#7398=CARTESIAN_POINT('',(-0.0189596628044313,0.0025490188611973,-2.04922016841629E-18));
#7399=CARTESIAN_POINT('',(-0.0189596628044313,0.0025490188611973,0.00585));
#7400=CARTESIAN_POINT('',(-0.0187824880713845,0.00235997262511791,-1.289032431194E-19));
#7401=CARTESIAN_POINT('',(-0.0187824880713845,0.00235997262511791,0.00585));
#7402=CARTESIAN_POINT('',(-0.0186005534979624,0.0021054220338681,-1.18306328003253E-18));
#7403=CARTESIAN_POINT('',(-0.0186005534979624,0.0021054220338681,0.00585));
#7404=CARTESIAN_POINT('',(-0.018428002338099,0.00179888863557753,-1.71001302048035E-18));
#7405=CARTESIAN_POINT('',(-0.018428002338099,0.00179888863557753,0.00585));
#7406=CARTESIAN_POINT('',(-0.0183143067542716,0.00151015092865545,-1.49507989152369E-18));
#7407=CARTESIAN_POINT('',(-0.0183143067542716,0.00151015092865545,0.00585));
#7408=CARTESIAN_POINT('',(-0.0181023137177646,0.000388389799923916,-1.49863366607441E-18));
#7409=CARTESIAN_POINT('',(-0.0181023137177646,0.000388389799923916,0.00585));
#7410=CARTESIAN_POINT('',(-0.0179785067148845,-0.000723316012533092,4.42533440009084E-19));
#7411=CARTESIAN_POINT('',(-0.0179785067148845,-0.000723316012533092,0.00585));
#7412=CARTESIAN_POINT('',(-0.0179189938102651,-0.00143353732972967,-1.22840221183635E-18));
#7413=CARTESIAN_POINT('',(-0.0179189938102651,-0.00143353732972967,0.00585));
#7414=CARTESIAN_POINT('',(-0.0178963570896325,-0.00185592909451444,-1.78136925920759E-18));
#7415=CARTESIAN_POINT('',(-0.0178963570896325,-0.00185592909451444,0.00585));
#7416=CARTESIAN_POINT('',(-0.0178895590428197,-0.00227075050512188,-9.21077440938075E-19));
#7417=CARTESIAN_POINT('',(-0.0178895590428197,-0.00227075050512188,0.00585));
#7418=CARTESIAN_POINT('',(-0.017901319840054,-0.0029516490351042,-1.30372425184287E-18));
#7419=CARTESIAN_POINT('',(-0.017901319840054,-0.0029516490351042,0.00585));
#7420=CARTESIAN_POINT('',(-0.0179550965548389,-0.00407975677295196,-3.43821298499431E-19));
#7421=CARTESIAN_POINT('',(-0.0179550965548389,-0.00407975677295196,0.00585));
#7422=CARTESIAN_POINT('',(-0.0180727402503879,-0.00534396430741304,-1.19711742224283E-18));
#7423=CARTESIAN_POINT('',(-0.0180727402503879,-0.00534396430741304,0.00585));
#7424=CARTESIAN_POINT('',(-0.0181772558093848,-0.00589595420597322,6.94393388829161E-19));
#7425=CARTESIAN_POINT('',(-0.0181772558093848,-0.00589595420597322,0.00585));
#7426=CARTESIAN_POINT('',(-0.0183052936782852,-0.00632948916315389,-3.02295319498298E-18));
#7427=CARTESIAN_POINT('',(-0.0183052936782852,-0.00632948916315389,0.00585));
#7428=CARTESIAN_POINT('',(-0.0184350373896098,-0.00668178903587208,5.2437840817926E-19));
#7429=CARTESIAN_POINT('',(-0.0184350373896098,-0.00668178903587208,0.00585));
#7430=CARTESIAN_POINT('',(-0.0185802713012331,-0.00699194559829376,-3.03371453926327E-18));
#7431=CARTESIAN_POINT('',(-0.0185802713012331,-0.00699194559829376,0.00585));
#7432=CARTESIAN_POINT('',(-0.0187526928615515,-0.00727448575284872,8.80913910521525E-19));
#7433=CARTESIAN_POINT('',(-0.0187526928615515,-0.00727448575284872,0.00585));
#7434=CARTESIAN_POINT('',(-0.0189135712348581,-0.00742124202930081,-2.27557528600834E-18));
#7435=CARTESIAN_POINT('',(-0.0189135712348581,-0.00742124202930081,0.00585));
#7436=CARTESIAN_POINT('',(-0.019049259671549,-0.00749913911692428,-1.30160308209311E-18));
#7437=CARTESIAN_POINT('',(-0.019049259671549,-0.00749913911692428,0.00585));
#7438=CARTESIAN_POINT('',(-0.0192574347226589,-0.00756072668955888,-5.1374844319084E-20));
#7439=CARTESIAN_POINT('',(-0.0192574347226589,-0.00756072668955888,0.00585));
#7440=CARTESIAN_POINT('',(-0.0194748101760823,-0.00759736147646211,-1.72439076448265E-18));
#7441=CARTESIAN_POINT('',(-0.0194748101760823,-0.00759736147646211,0.00585));
#7442=CARTESIAN_POINT('',(-0.0196829298367609,-0.00760827872600253,-1.02007907926503E-18));
#7443=CARTESIAN_POINT('',(-0.0196829298367609,-0.00760827872600253,0.00585));
#7444=CARTESIAN_POINT('',(-0.0198408867808158,-0.00759866709304079,5.98855601824339E-19));
#7445=CARTESIAN_POINT('',(-0.0198408867808158,-0.00759866709304079,0.00585));
#7446=CARTESIAN_POINT('',(-0.0199877992082818,-0.00757132705444772,-1.19570464772845E-18));
#7447=CARTESIAN_POINT('',(-0.0199877992082818,-0.00757132705444772,0.00585));
#7448=CARTESIAN_POINT('',(-0.0201771389387873,-0.00751486781824771,-6.67712716230976E-19));
#7449=CARTESIAN_POINT('',(-0.0201771389387873,-0.00751486781824771,0.00585));
#7450=CARTESIAN_POINT('',(-0.0203908171095794,-0.00743013648084401,-8.49677175443358E-19));
#7451=CARTESIAN_POINT('',(-0.0203908171095794,-0.00743013648084401,0.00585));
#7452=CARTESIAN_POINT('',(-0.0205609412315135,-0.0073446467727044,-5.39654278724588E-19));
#7453=CARTESIAN_POINT('',(-0.0205609412315135,-0.0073446467727044,0.00585));
#7454=CARTESIAN_POINT('',(-0.0207310393100842,-0.00723998630552563,-1.47850637627239E-18));
#7455=CARTESIAN_POINT('',(-0.0207310393100842,-0.00723998630552563,0.00585));
#7456=CARTESIAN_POINT('',(-0.0209616250651289,-0.00706983276710753,-5.21523497582983E-19));
#7457=CARTESIAN_POINT('',(-0.0209616250651289,-0.00706983276710753,0.00585));
#7458=CARTESIAN_POINT('',(-0.0211723637820068,-0.00689358315160787,-7.31380940160525E-19));
#7459=CARTESIAN_POINT('',(-0.0211723637820068,-0.00689358315160787,0.00585));
#7460=CARTESIAN_POINT('',(-0.0212976340816595,-0.00677819915782141,-7.91590040324382E-19));
#7461=CARTESIAN_POINT('',(-0.0212976340816595,-0.00677819915782141,0.00585));
#7462=CARTESIAN_POINT('',(-0.021481702408155,-0.00659773108733254,-2.91187035502724E-19));
#7463=CARTESIAN_POINT('',(-0.021481702408155,-0.00659773108733254,0.00585));
#7464=CARTESIAN_POINT('',(-0.0218729083163419,-0.00621335222601749,6.07530023429954E-19));
#7465=CARTESIAN_POINT('',(-0.0218729083163419,-0.00621335222601749,0.00585));
#7466=CARTESIAN_POINT('',(-0.0226089290054207,-0.00560383756127697,-1.5152017751486E-18));
#7467=CARTESIAN_POINT('',(-0.0226089290054207,-0.00560383756127697,0.00585));
#7468=CARTESIAN_POINT('',(-0.0234162305924075,-0.0051949231965419,2.67365992959013E-19));
#7469=CARTESIAN_POINT('',(-0.0234162305924075,-0.0051949231965419,0.00585));
#7470=CARTESIAN_POINT('',(-0.0241904676744637,-0.00495232403439419,-1.2215804228979E-18));
#7471=CARTESIAN_POINT('',(-0.0241904676744637,-0.00495232403439419,0.00585));
#7472=CARTESIAN_POINT('',(-0.0248312768639255,-0.00484884332948767,1.22434892096589E-19));
#7473=CARTESIAN_POINT('',(-0.0248312768639255,-0.00484884332948767,0.00585));
#7474=CARTESIAN_POINT('',(-0.0255630972272479,-0.00483417526400725,-1.75173228382617E-18));
#7475=CARTESIAN_POINT('',(-0.0255630972272479,-0.00483417526400725,0.00585));
#7476=CARTESIAN_POINT('',(-0.0264453073390923,-0.00506776366915722,-1.09483849523258E-18));
#7477=CARTESIAN_POINT('',(-0.0264453073390923,-0.00506776366915722,0.00585));
#7478=CARTESIAN_POINT('',(-0.0268232909035207,-0.00527314571537738,1.55074722803407E-19));
#7479=CARTESIAN_POINT('',(-0.0268232909035207,-0.00527314571537738,0.00585));
#7480=CARTESIAN_POINT('',(-0.0269566430228904,-0.0053372432081152,-1.68939030430377E-18));
#7481=CARTESIAN_POINT('',(-0.0269566430228904,-0.0053372432081152,0.00585));
#7482=CARTESIAN_POINT('',(-0.0271498967508338,-0.00543132889176856,-1.28027496395432E-18));
#7483=CARTESIAN_POINT('',(-0.0271498967508338,-0.00543132889176856,0.00585));
#7484=CARTESIAN_POINT('',(-0.0274930174825171,-0.00558752371750476,-1.14222277365526E-18));
#7485=CARTESIAN_POINT('',(-0.0274930174825171,-0.00558752371750476,0.00585));
#7486=CARTESIAN_POINT('',(-0.0281057321520948,-0.00602840221718572,-7.11180907897859E-20));
#7487=CARTESIAN_POINT('',(-0.0281057321520948,-0.00602840221718572,0.00585));
#7488=CARTESIAN_POINT('',(-0.0284104088691822,-0.0063666781686483,-2.14713255249364E-18));
#7489=CARTESIAN_POINT('',(-0.0284104088691822,-0.0063666781686483,0.00585));
#7490=CARTESIAN_POINT('',(-0.0287872034179364,-0.00678996718438072,4.06543909721652E-19));
#7491=CARTESIAN_POINT('',(-0.0287872034179364,-0.00678996718438072,0.00585));
#7492=CARTESIAN_POINT('',(-0.0293336479881557,-0.00753683567780391,-2.25785559842027E-18));
#7493=CARTESIAN_POINT('',(-0.0293336479881557,-0.00753683567780391,0.00585));
#7494=CARTESIAN_POINT('',(-0.0297452234832843,-0.00843210562524408,-9.85121007104252E-19));
#7495=CARTESIAN_POINT('',(-0.0297452234832843,-0.00843210562524408,0.00585));
#7496=CARTESIAN_POINT('',(-0.0299819947090559,-0.00962229030203294,-4.02191307310761E-19));
#7497=CARTESIAN_POINT('',(-0.0299819947090559,-0.00962229030203294,0.00585));
#7498=CARTESIAN_POINT('',(-0.0300227160816273,-0.0102839328066263,-1.11148282982775E-18));
#7499=CARTESIAN_POINT('',(-0.0300227160816273,-0.0102839328066263,0.00585));
#7500=CARTESIAN_POINT('',(-0.0300483156364029,-0.010600543418969,-1.11148282982775E-18));
#7501=CARTESIAN_POINT('',(-0.0300483156364029,-0.010600543418969,0.00585));
#7502=CARTESIAN_POINT('',(-0.0300483156364029,-0.0106005434189687,-0.0032));
#7503=CARTESIAN_POINT('',(-0.0300483156364029,-0.0106005434189689,0.));
#7504=CARTESIAN_POINT('',(-0.030048607526324,-0.0105959441981344,0.00585000957671707));
#7505=CARTESIAN_POINT('',(-0.0189869730932314,0.00256556795875238,0.00585));
#7506=CARTESIAN_POINT('',(-0.0189627046009567,0.00254928648291204,0.00585));
#7507=CARTESIAN_POINT('',(-0.0187940708741831,0.00237953936242143,0.00585));
#7508=CARTESIAN_POINT('',(-0.0185224176474535,0.00199799537472418,0.00585));
#7509=CARTESIAN_POINT('',(-0.0183114878235436,0.00152002981814101,0.00585));
#7510=CARTESIAN_POINT('',(-0.0181665826619474,0.000737151761902843,0.00585));
#7511=CARTESIAN_POINT('',(-0.0180191047203095,-0.000308657749368534,0.00585));
#7512=CARTESIAN_POINT('',(-0.0178778740048943,-0.0016374681009489,0.00585));
#7513=CARTESIAN_POINT('',(-0.017902462326877,-0.00320557410907629,0.00585));
#7514=CARTESIAN_POINT('',(-0.0179926057626348,-0.00455604119558818,0.00585));
#7515=CARTESIAN_POINT('',(-0.018110137010725,-0.00559522244438102,0.00585));
#7516=CARTESIAN_POINT('',(-0.0182823431426719,-0.00630503047575951,0.00585));
#7517=CARTESIAN_POINT('',(-0.0185177424572698,-0.00689188327275913,0.00585));
#7518=CARTESIAN_POINT('',(-0.0187460495178354,-0.00726216598036976,0.00585));
#7519=CARTESIAN_POINT('',(-0.0189298913430478,-0.00744026027185032,0.00585));
#7520=CARTESIAN_POINT('',(-0.0191490840090193,-0.00754003547165115,0.00585));
#7521=CARTESIAN_POINT('',(-0.0194945093886223,-0.00760419112816828,0.00585));
#7522=CARTESIAN_POINT('',(-0.0198056401482433,-0.00761168304205371,0.00585));
#7523=CARTESIAN_POINT('',(-0.0200955796625887,-0.00754696255700188,0.00585));
#7524=CARTESIAN_POINT('',(-0.0204385127674422,-0.00741437475532523,0.00585));
#7525=CARTESIAN_POINT('',(-0.0207161923339179,-0.00725463073759872,0.00585));
#7526=CARTESIAN_POINT('',(-0.021019717370473,-0.00702558819296201,0.00585));
#7527=CARTESIAN_POINT('',(-0.0213856366989295,-0.00670497284403539,0.00585));
#7528=CARTESIAN_POINT('',(-0.0218896074892445,-0.00618410081804947,0.00585));
#7529=CARTESIAN_POINT('',(-0.0226064481044542,-0.00562280346262312,0.00585));
#7530=CARTESIAN_POINT('',(-0.0234275285525375,-0.00518722178009004,0.00585));
#7531=CARTESIAN_POINT('',(-0.0243292837690735,-0.00490305331319579,0.00585));
#7532=CARTESIAN_POINT('',(-0.0251307105921303,-0.00482662101942705,0.00585));
#7533=CARTESIAN_POINT('',(-0.0257788769631828,-0.00489149279645908,0.00585));
#7534=CARTESIAN_POINT('',(-0.0262705004892785,-0.00501927819385181,0.00585));
#7535=CARTESIAN_POINT('',(-0.0267243815724988,-0.00521990153671301,0.00585));
#7536=CARTESIAN_POINT('',(-0.0270745653396974,-0.00539640327975528,0.00585));
#7537=CARTESIAN_POINT('',(-0.0274905020058075,-0.00559911401164807,0.00585));
#7538=CARTESIAN_POINT('',(-0.0279112196752076,-0.00587442737852281,0.00585));
#7539=CARTESIAN_POINT('',(-0.0282641893595937,-0.00620206404171244,0.00585));
#7540=CARTESIAN_POINT('',(-0.0286559941969217,-0.00663849155294493,0.00585));
#7541=CARTESIAN_POINT('',(-0.0291211382897543,-0.00721631553864702,0.00585));
#7542=CARTESIAN_POINT('',(-0.0295732646642512,-0.00802188011511233,0.00585));
#7543=CARTESIAN_POINT('',(-0.0299591962762046,-0.00921553878020188,0.00585));
#7544=CARTESIAN_POINT('',(-0.0300043823235931,-0.0100570483935284,0.00585));
#7545=CARTESIAN_POINT('',(-0.0300490771771506,-0.0106004807856906,0.00585));
#7546=CARTESIAN_POINT('',(-0.0189869860415523,0.00256554007510563,0.00585));
#7547=CARTESIAN_POINT('',(-0.0189869989000776,0.00256551232530456,0.006325));
#7548=CARTESIAN_POINT('',(-0.0189869989000776,0.00256551232530457,0.));
#7549=CARTESIAN_POINT('',(-0.0189869989000776,0.00256551232530457,0.));
#7550=CARTESIAN_POINT('',(-0.0188767043379214,0.00248555074983102,1.35014740553382E-20));
#7551=CARTESIAN_POINT('',(-0.0187119328322704,0.00226264777060412,-1.108539705323E-18));
#7552=CARTESIAN_POINT('',(-0.0184098268799843,0.00181950331484672,3.64934182278767E-18));
#7553=CARTESIAN_POINT('',(-0.0181690501324355,0.000885160802596977,-4.48653043983312E-18));
#7554=CARTESIAN_POINT('',(-0.0180034232268805,-0.000441501705275394,1.67385949016209E-18));
#7555=CARTESIAN_POINT('',(-0.0178562884924527,-0.00205928354676108,8.50656424275994E-19));
#7556=CARTESIAN_POINT('',(-0.0179340490524295,-0.0036637408396577,5.98136338445185E-19));
#7557=CARTESIAN_POINT('',(-0.0180223607448379,-0.005003175270555,2.1427184950991E-18));
#7558=CARTESIAN_POINT('',(-0.0182046689881236,-0.0060667910772926,8.55640020292631E-19));
#7559=CARTESIAN_POINT('',(-0.0184361882851193,-0.00670339476875278,6.69232673530005E-19));
#7560=CARTESIAN_POINT('',(-0.0186788939049283,-0.00718417641202937,1.67526483109513E-18));
#7561=CARTESIAN_POINT('',(-0.0189624860891983,-0.00749202525652632,-1.27033283163082E-18));
#7562=CARTESIAN_POINT('',(-0.0193664605936269,-0.00758867095044786,2.78283471467541E-18));
#7563=CARTESIAN_POINT('',(-0.0199013975747799,-0.00763315224829893,1.87439907392409E-18));
#7564=CARTESIAN_POINT('',(-0.0205532290771573,-0.00739214484517822,7.2946611542181E-19));
#7565=CARTESIAN_POINT('',(-0.0211848005236946,-0.00690645606802255,9.65005121810377E-19));
#7566=CARTESIAN_POINT('',(-0.0217451675524203,-0.00632667895904845,2.04751116759319E-18));
#7567=CARTESIAN_POINT('',(-0.0225589706870388,-0.00563026295056455,1.51599471329907E-18));
#7568=CARTESIAN_POINT('',(-0.0237544854058543,-0.00500070574144333,3.18881814452538E-18));
#7569=CARTESIAN_POINT('',(-0.0251018463801039,-0.0047836137684341,-2.13053845696471E-18));
#7570=CARTESIAN_POINT('',(-0.0261671728818437,-0.00495843097261318,2.59483322000039E-18));
#7571=CARTESIAN_POINT('',(-0.0268918769936131,-0.00530710636847129,8.40789898566342E-19));
#7572=CARTESIAN_POINT('',(-0.0276261203537501,-0.00565076745973759,3.4268241244931E-19));
#7573=CARTESIAN_POINT('',(-0.0282500026701468,-0.00616300300002446,2.66868254720702E-19));
#7574=CARTESIAN_POINT('',(-0.0287876650538211,-0.00679245883891832,8.99872488375646E-19));
#7575=CARTESIAN_POINT('',(-0.0294311637918374,-0.00767088456981341,-2.31578534226961E-18));
#7576=CARTESIAN_POINT('',(-0.0299335801320333,-0.00896410430867894,2.72342101119011E-18));
#7577=CARTESIAN_POINT('',(-0.0300042308158762,-0.0100553104200237,5.43778016196717E-21));
#7578=CARTESIAN_POINT('',(-0.0300483156364029,-0.0106005434189689,0.));
#7579=CARTESIAN_POINT('',(-0.0300238000906649,-0.0308692716578057,-2.41314456961464E-18));
#7580=CARTESIAN_POINT('',(-0.0300238000906649,-0.0308692716578057,0.00585000073693463));
#7581=CARTESIAN_POINT('',(-0.0300258034946359,-0.0309209890556543,-1.58923437688515E-18));
#7582=CARTESIAN_POINT('',(-0.0300258034946359,-0.0309209890556543,0.00585000073693463));
#7583=CARTESIAN_POINT('',(-0.0300203193002243,-0.0311747286751921,-1.26450978084331E-18));
#7584=CARTESIAN_POINT('',(-0.0300203193002243,-0.0311747286751921,0.00585000073693463));
#7585=CARTESIAN_POINT('',(-0.0300013451061404,-0.0312809905425893,-2.46171993907173E-18));
#7586=CARTESIAN_POINT('',(-0.0300013451061404,-0.0312809905425893,0.00585000073693463));
#7587=CARTESIAN_POINT('',(-0.029984483496752,-0.0314064293822529,-3.35575555772505E-18));
#7588=CARTESIAN_POINT('',(-0.029984483496752,-0.0314064293822529,0.00585000073693463));
#7589=CARTESIAN_POINT('',(-0.029954053408211,-0.0315779149435473,-4.53034757136332E-19));
#7590=CARTESIAN_POINT('',(-0.029954053408211,-0.0315779149435473,0.00585000073693463));
#7591=CARTESIAN_POINT('',(-0.0299041638081061,-0.0318253982533464,-2.27217849114933E-18));
#7592=CARTESIAN_POINT('',(-0.0299041638081061,-0.0318253982533464,0.00585000073693463));
#7593=CARTESIAN_POINT('',(-0.0297871850371778,-0.0322273141662229,-2.65557634010342E-18));
#7594=CARTESIAN_POINT('',(-0.0297871850371778,-0.0322273141662229,0.00585000073693463));
#7595=CARTESIAN_POINT('',(-0.0295751159435052,-0.0326679180672155,-1.4866364396473E-18));
#7596=CARTESIAN_POINT('',(-0.0295751159435052,-0.0326679180672155,0.00585000073693463));
#7597=CARTESIAN_POINT('',(-0.0293372303274254,-0.0330065894354316,-3.07669948934211E-18));
#7598=CARTESIAN_POINT('',(-0.0293372303274254,-0.0330065894354316,0.00585000073693463));
#7599=CARTESIAN_POINT('',(-0.0291089991065963,-0.033271444643786,-3.81270259418804E-19));
#7600=CARTESIAN_POINT('',(-0.0291089991065963,-0.033271444643786,0.00585000073693463));
#7601=CARTESIAN_POINT('',(-0.0288606467797796,-0.0335183146532999,-1.67702809072518E-18));
#7602=CARTESIAN_POINT('',(-0.0288606467797796,-0.0335183146532999,0.00585000073693463));
#7603=CARTESIAN_POINT('',(-0.0285215813992313,-0.0337864068894236,-1.68991385797551E-18));
#7604=CARTESIAN_POINT('',(-0.0285215813992313,-0.0337864068894236,0.00585000073693463));
#7605=CARTESIAN_POINT('',(-0.028173280900993,-0.0339806715779013,-2.79266782213789E-18));
#7606=CARTESIAN_POINT('',(-0.028173280900993,-0.0339806715779013,0.00585000073693463));
#7607=CARTESIAN_POINT('',(-0.0279750022944814,-0.0340682069318245,-8.17309515945023E-19));
#7608=CARTESIAN_POINT('',(-0.0279750022944814,-0.0340682069318245,0.00585000073693463));
#7609=CARTESIAN_POINT('',(-0.0277569615043189,-0.0341599766601264,-2.33013846262803E-18));
#7610=CARTESIAN_POINT('',(-0.0277569615043189,-0.0341599766601264,0.00585000073693463));
#7611=CARTESIAN_POINT('',(-0.0274203807022277,-0.0342672930692753,-7.72281670628257E-19));
#7612=CARTESIAN_POINT('',(-0.0274203807022277,-0.0342672930692753,0.00585000073693463));
#7613=CARTESIAN_POINT('',(-0.0271166525449766,-0.0343214137880053,-2.74542961237267E-18));
#7614=CARTESIAN_POINT('',(-0.0271166525449766,-0.0343214137880053,0.00585000073693463));
#7615=CARTESIAN_POINT('',(-0.0270179994095685,-0.0343340116468837,-1.49149347597589E-18));
#7616=CARTESIAN_POINT('',(-0.0270179994095685,-0.0343340116468837,0.00585000073693463));
#7617=CARTESIAN_POINT('',(-0.0269484892346195,-0.0343445215015871,-1.77014595073086E-18));
#7618=CARTESIAN_POINT('',(-0.0269484892346195,-0.0343445215015871,0.00585000073693463));
#7619=CARTESIAN_POINT('',(-0.0269142018243957,-0.0343495125186743,-1.77014595073087E-18));
#7620=CARTESIAN_POINT('',(-0.0269142018243957,-0.0343495125186743,0.00585000073693463));
#7621=CARTESIAN_POINT('',(-0.0269142018243952,-0.0343495125186743,-0.0032));
#7622=CARTESIAN_POINT('',(-0.0269142018243952,-0.0343495125186743,0.));
#7623=CARTESIAN_POINT('',(-0.0269152649028408,-0.034349512953011,0.005850003715034));
#7624=CARTESIAN_POINT('',(-0.0300238510516611,-0.0308702366782783,0.00585));
#7625=CARTESIAN_POINT('',(-0.0300271222654863,-0.0309756603997842,0.00585));
#7626=CARTESIAN_POINT('',(-0.0300174936156083,-0.0312363888481399,0.00585));
#7627=CARTESIAN_POINT('',(-0.0299449659725357,-0.0316184304651445,0.00585));
#7628=CARTESIAN_POINT('',(-0.0298365255213641,-0.03213343691586,0.00585));
#7629=CARTESIAN_POINT('',(-0.0295368546672714,-0.0327530207219933,0.00585));
#7630=CARTESIAN_POINT('',(-0.0291473132933477,-0.0332452868483096,0.00585));
#7631=CARTESIAN_POINT('',(-0.0286788460424629,-0.0336913554065619,0.00585));
#7632=CARTESIAN_POINT('',(-0.0281063384948447,-0.0340255027125508,0.00585));
#7633=CARTESIAN_POINT('',(-0.0275314901630066,-0.0342546911630436,0.00585));
#7634=CARTESIAN_POINT('',(-0.0270973624617167,-0.0343244828859118,0.00585));
#7635=CARTESIAN_POINT('',(-0.0269163280321753,-0.0343495137553991,0.00585));
#7636=CARTESIAN_POINT('',(-0.030023825534331,-0.030869754169185,0.00585000073693463));
#7637=CARTESIAN_POINT('',(-0.030023800090665,-0.030869271657806,-0.0032));
#7638=CARTESIAN_POINT('',(-0.030023800090665,-0.0308692716578055,0.));
#7639=CARTESIAN_POINT('',(-0.030023800090665,-0.0308692716578072,0.));
#7640=CARTESIAN_POINT('',(-0.030032132231113,-0.0310843638852059,-1.03575742903846E-21));
#7641=CARTESIAN_POINT('',(-0.0299758069041862,-0.0315125579377125,-6.11516367558261E-19));
#7642=CARTESIAN_POINT('',(-0.0297840977786933,-0.0323456627568701,9.81448432938261E-19));
#7643=CARTESIAN_POINT('',(-0.029206638235256,-0.033271048107005,1.57886189136647E-19));
#7644=CARTESIAN_POINT('',(-0.0281783629580633,-0.0340711455604975,7.9997705347135E-19));
#7645=CARTESIAN_POINT('',(-0.0273387009333537,-0.0342877206745997,-5.19817246803004E-20));
#7646=CARTESIAN_POINT('',(-0.0269142018243952,-0.0343495125186743,0.));
#7647=CARTESIAN_POINT('',(-0.00421740444835376,-0.0233809615452001,1.97945138724071E-18));
#7648=CARTESIAN_POINT('',(-0.00421740444835376,-0.0233809615452001,0.00585));
#7649=CARTESIAN_POINT('',(-0.00421436092368804,-0.0234548921447583,1.97842116741805E-18));
#7650=CARTESIAN_POINT('',(-0.00421436092368804,-0.0234548921447583,0.00585));
#7651=CARTESIAN_POINT('',(-0.00417990062576703,-0.0235944268375345,2.01011854834836E-18));
#7652=CARTESIAN_POINT('',(-0.00417990062576703,-0.0235944268375345,0.00585));
#7653=CARTESIAN_POINT('',(-0.00416118261413226,-0.0236321254802703,1.88186420589873E-18));
#7654=CARTESIAN_POINT('',(-0.00416118261413227,-0.0236321254802703,0.00585));
#7655=CARTESIAN_POINT('',(-0.00404503805235428,-0.0238089680875238,2.25460483359048E-18));
#7656=CARTESIAN_POINT('',(-0.00404503805235428,-0.0238089680875238,0.00585));
#7657=CARTESIAN_POINT('',(-0.0036601423236139,-0.0242218803165098,-1.99957636836585E-19));
#7658=CARTESIAN_POINT('',(-0.0036601423236139,-0.0242218803165098,0.00585));
#7659=CARTESIAN_POINT('',(-0.00321780611523331,-0.0246734832186522,2.91728239871717E-18));
#7660=CARTESIAN_POINT('',(-0.00321780611523331,-0.0246734832186522,0.00585));
#7661=CARTESIAN_POINT('',(-0.00289972929286426,-0.0249995466867449,1.81352554410831E-18));
#7662=CARTESIAN_POINT('',(-0.00289972929286426,-0.0249995466867449,0.00585));
#7663=CARTESIAN_POINT('',(-0.00257162089493627,-0.0253492203042678,1.30035032247846E-18));
#7664=CARTESIAN_POINT('',(-0.00257162089493627,-0.0253492203042678,0.00585));
#7665=CARTESIAN_POINT('',(-0.00209425141135103,-0.0259543072920242,2.10870891926691E-18));
#7666=CARTESIAN_POINT('',(-0.00209425141135103,-0.0259543072920242,0.00585));
#7667=CARTESIAN_POINT('',(-0.00156573893360043,-0.0268410225964005,3.53883557820272E-18));
#7668=CARTESIAN_POINT('',(-0.00156573893360043,-0.0268410225964005,0.00585));
#7669=CARTESIAN_POINT('',(-0.00113414574373567,-0.0281688902674983,9.69315588244723E-19));
#7670=CARTESIAN_POINT('',(-0.00113414574373567,-0.0281688902674983,0.00585));
#7671=CARTESIAN_POINT('',(-0.00105676667237481,-0.0290699629432321,1.68789917402036E-18));
#7672=CARTESIAN_POINT('',(-0.00105676667237481,-0.0290699629432321,0.00585));
#7673=CARTESIAN_POINT('',(-0.00113361359796979,-0.0299475362081646,1.40554549962299E-18));
#7674=CARTESIAN_POINT('',(-0.00113361359796979,-0.0299475362081646,0.00585));
#7675=CARTESIAN_POINT('',(-0.00129875064550228,-0.0305803694705088,2.01418964477684E-18));
#7676=CARTESIAN_POINT('',(-0.00129875064550228,-0.0305803694705088,0.00585));
#7677=CARTESIAN_POINT('',(-0.00151567082998245,-0.0311318327734103,2.34381586570792E-18));
#7678=CARTESIAN_POINT('',(-0.00151567082998245,-0.0311318327734103,0.00585));
#7679=CARTESIAN_POINT('',(-0.00189447543436575,-0.0318233270649153,3.15702195864594E-18));
#7680=CARTESIAN_POINT('',(-0.00189447543436575,-0.0318233270649153,0.00585));
#7681=CARTESIAN_POINT('',(-0.00238628039434315,-0.032443317076248,2.01796188508096E-18));
#7682=CARTESIAN_POINT('',(-0.00238628039434316,-0.032443317076248,0.00585));
#7683=CARTESIAN_POINT('',(-0.00307033656394882,-0.033076560192064,2.52871361925197E-18));
#7684=CARTESIAN_POINT('',(-0.00307033656394882,-0.033076560192064,0.00585));
#7685=CARTESIAN_POINT('',(-0.00382209112912204,-0.033552299970372,1.97490882569325E-18));
#7686=CARTESIAN_POINT('',(-0.00382209112912204,-0.033552299970372,0.00585));
#7687=CARTESIAN_POINT('',(-0.00449360687045436,-0.0338516000540698,8.11205480287646E-19));
#7688=CARTESIAN_POINT('',(-0.00449360687045436,-0.0338516000540698,0.00585));
#7689=CARTESIAN_POINT('',(-0.00508748829443983,-0.0340421022886815,5.09027705962701E-19));
#7690=CARTESIAN_POINT('',(-0.00508748829443983,-0.0340421022886815,0.00585));
#7691=CARTESIAN_POINT('',(-0.00559606751377297,-0.034174318234198,2.77173058735359E-18));
#7692=CARTESIAN_POINT('',(-0.00559606751377297,-0.034174318234198,0.00585));
#7693=CARTESIAN_POINT('',(-0.0060228018752514,-0.0342716091668106,1.7595732902295E-18));
#7694=CARTESIAN_POINT('',(-0.0060228018752514,-0.0342716091668106,0.00585));
#7695=CARTESIAN_POINT('',(-0.00657158301633976,-0.0343427801522333,8.54702130504944E-19));
#7696=CARTESIAN_POINT('',(-0.00657158301633976,-0.0343427801522333,0.00585));
#7697=CARTESIAN_POINT('',(-0.00706402458952744,-0.0343490111128911,2.73047636817006E-18));
#7698=CARTESIAN_POINT('',(-0.00706402458952744,-0.0343490111128911,0.00585));
#7699=CARTESIAN_POINT('',(-0.00733492551574879,-0.0343416669601506,1.72792417985689E-18));
#7700=CARTESIAN_POINT('',(-0.00733492551574879,-0.0343416669601506,0.00585));
#7701=CARTESIAN_POINT('',(-0.00745898773094508,-0.0343381643866376,1.72766847965788E-18));
#7702=CARTESIAN_POINT('',(-0.00745898773094508,-0.0343381643866376,0.00585));
#7703=CARTESIAN_POINT('',(-0.00421740444653656,-0.0233809615893419,0.01585));
#7704=CARTESIAN_POINT('',(-0.00421742755804322,-0.0233810887780982,0.00585000087285209));
#7705=CARTESIAN_POINT('',(-0.00421740444653656,-0.0233809615893418,3.46944695195361E-18));
#7706=CARTESIAN_POINT('',(-0.00745781283951148,-0.034338163703115,0.00585));
#7707=CARTESIAN_POINT('',(-0.00714237164358385,-0.0343464464178756,0.00585));
#7708=CARTESIAN_POINT('',(-0.00646251817800381,-0.0343634130041648,0.00585));
#7709=CARTESIAN_POINT('',(-0.00545738748481992,-0.0341520337551423,0.00585));
#7710=CARTESIAN_POINT('',(-0.004505965945901,-0.0338718776962203,0.00585));
#7711=CARTESIAN_POINT('',(-0.00355522289697507,-0.0334216904932131,0.00585));
#7712=CARTESIAN_POINT('',(-0.002717130553862,-0.0327810116085516,0.00585));
#7713=CARTESIAN_POINT('',(-0.00178777727684735,-0.031758441923103,0.00585));
#7714=CARTESIAN_POINT('',(-0.00116492727449323,-0.0304622003106559,0.00585));
#7715=CARTESIAN_POINT('',(-0.00105156910133593,-0.0290088130943627,0.00585));
#7716=CARTESIAN_POINT('',(-0.00118663951155046,-0.0279851891838055,0.00585));
#7717=CARTESIAN_POINT('',(-0.001524316626844,-0.0269824316403011,0.00585));
#7718=CARTESIAN_POINT('',(-0.00200110840382743,-0.0260873507378508,0.00585));
#7719=CARTESIAN_POINT('',(-0.00263498588941355,-0.0252525725811026,0.00585));
#7720=CARTESIAN_POINT('',(-0.00320780109025761,-0.0246869001113796,0.00585));
#7721=CARTESIAN_POINT('',(-0.00364256247524217,-0.0242373121832512,0.00585));
#7722=CARTESIAN_POINT('',(-0.00390693872449629,-0.0239586654929428,0.00585));
#7723=CARTESIAN_POINT('',(-0.00408871693655738,-0.0237419915601936,0.00585));
#7724=CARTESIAN_POINT('',(-0.00416937348571428,-0.0236234497651996,0.00585));
#7725=CARTESIAN_POINT('',(-0.00419921000927326,-0.0235375452162103,0.00585));
#7726=CARTESIAN_POINT('',(-0.00421560866925908,-0.0234262705903969,0.00585));
#7727=CARTESIAN_POINT('',(-0.0042174505823588,-0.0233812159632895,0.00585));
#7728=CARTESIAN_POINT('',(-0.00745840025462839,-0.0343381640541559,0.00584999983171806));
#7729=CARTESIAN_POINT('',(-0.0074589876693037,-0.0343381643883779,-0.0032));
#7730=CARTESIAN_POINT('',(-0.0074589876693037,-0.0343381643883778,3.46944695195361E-18));
#7731=CARTESIAN_POINT('',(-0.00421740444653656,-0.0233809615893418,3.46944695195361E-18));
#7732=CARTESIAN_POINT('',(-0.00421398813202064,-0.0234639475439706,3.46985940180789E-18));
#7733=CARTESIAN_POINT('',(-0.0041847820904385,-0.0236308125394446,2.47562802377491E-18));
#7734=CARTESIAN_POINT('',(-0.00396544524696872,-0.0238888115164652,2.71611358960834E-18));
#7735=CARTESIAN_POINT('',(-0.00357804003052113,-0.0243126733414256,4.02596158369368E-18));
#7736=CARTESIAN_POINT('',(-0.00298795603013953,-0.0248995911863993,8.0972277143478E-19));
#7737=CARTESIAN_POINT('',(-0.0023159397269968,-0.0256284753699844,3.89375800225292E-18));
#7738=CARTESIAN_POINT('',(-0.00159689732380063,-0.0267613737758477,2.90286508995352E-18));
#7739=CARTESIAN_POINT('',(-0.00102100639762156,-0.0283399504839019,3.20870576078865E-18));
#7740=CARTESIAN_POINT('',(-0.00109654458275311,-0.0303883158561188,3.84753494674821E-18));
#7741=CARTESIAN_POINT('',(-0.00204435312197259,-0.0321896960774568,9.07350451279451E-19));
#7742=CARTESIAN_POINT('',(-0.00357066158478801,-0.033540873160642,4.15320795017756E-18));
#7743=CARTESIAN_POINT('',(-0.00515107954682044,-0.0340895449675652,2.24591791612732E-18));
#7744=CARTESIAN_POINT('',(-0.00645725808868137,-0.0343611076632389,6.81542620144941E-18));
#7745=CARTESIAN_POINT('',(-0.00712586137628408,-0.0343475693414257,4.07955260814427E-20));
#7746=CARTESIAN_POINT('',(-0.00745898766930386,-0.0343381643883778,0.));
#7747=CARTESIAN_POINT('',(0.00582049511490036,-0.0233062685507207,2.38723021171387E-18));
#7748=CARTESIAN_POINT('',(0.00582049511490035,-0.0233062685507207,0.00585));
#7749=CARTESIAN_POINT('',(0.00580666665186701,-0.0232810370645409,2.77290197978738E-18));
#7750=CARTESIAN_POINT('',(0.00580666665186701,-0.0232810370645409,0.00585));
#7751=CARTESIAN_POINT('',(0.00570215463535458,-0.0231337101762067,2.69249516881391E-18));
#7752=CARTESIAN_POINT('',(0.00570215463535458,-0.0231337101762067,0.00585));
#7753=CARTESIAN_POINT('',(0.00548681562557121,-0.0229343873955211,3.16812829687744E-18));
#7754=CARTESIAN_POINT('',(0.00548681562557121,-0.0229343873955211,0.00585));
#7755=CARTESIAN_POINT('',(0.00532130328434956,-0.0228116736846095,1.31820028955612E-18));
#7756=CARTESIAN_POINT('',(0.00532130328434956,-0.0228116736846095,0.00585));
#7757=CARTESIAN_POINT('',(0.0051076741894999,-0.0226932142765974,2.77262010857946E-18));
#7758=CARTESIAN_POINT('',(0.0051076741894999,-0.0226932142765974,0.00585));
#7759=CARTESIAN_POINT('',(0.00435546723591507,-0.0224384080007496,2.94562838750581E-18));
#7760=CARTESIAN_POINT('',(0.00435546723591507,-0.0224384080007496,0.00585));
#7761=CARTESIAN_POINT('',(0.00345850567576803,-0.0221856376659442,3.22607571950148E-18));
#7762=CARTESIAN_POINT('',(0.00345850567576803,-0.0221856376659442,0.00585));
#7763=CARTESIAN_POINT('',(0.0027623930685929,-0.0220599825449405,2.02539434412676E-18));
#7764=CARTESIAN_POINT('',(0.0027623930685929,-0.0220599825449405,0.00585));
#7765=CARTESIAN_POINT('',(0.00190854068759354,-0.0219940441584858,4.10307231035643E-18));
#7766=CARTESIAN_POINT('',(0.00190854068759354,-0.0219940441584858,0.00585));
#7767=CARTESIAN_POINT('',(0.00086714900386602,-0.0219246381090702,2.27508817717603E-18));
#7768=CARTESIAN_POINT('',(0.00086714900386602,-0.0219246381090702,0.00585));
#7769=CARTESIAN_POINT('',(6.22165199590641E-5,-0.0219164255099086,2.34605414698249E-18));
#7770=CARTESIAN_POINT('',(6.22165199590634E-5,-0.0219164255099086,0.00585));
#7771=CARTESIAN_POINT('',(-0.000613613134164752,-0.0219831373273901,4.01423336272743E-18));
#7772=CARTESIAN_POINT('',(-0.000613613134164753,-0.0219831373273901,0.00585));
#7773=CARTESIAN_POINT('',(-0.00152188424541019,-0.0221289176081885,2.60730263731052E-18));
#7774=CARTESIAN_POINT('',(-0.00152188424541019,-0.0221289176081885,0.00585));
#7775=CARTESIAN_POINT('',(-0.00233008848768401,-0.0223163559251635,4.05006346791738E-18));
#7776=CARTESIAN_POINT('',(-0.00233008848768401,-0.0223163559251635,0.00585));
#7777=CARTESIAN_POINT('',(-0.00283702675991851,-0.0224937816409204,2.68432117740295E-18));
#7778=CARTESIAN_POINT('',(-0.00283702675991851,-0.0224937816409204,0.00585));
#7779=CARTESIAN_POINT('',(-0.00325527149302101,-0.0226700919089916,2.43533495724889E-18));
#7780=CARTESIAN_POINT('',(-0.00325527149302101,-0.0226700919089916,0.00585));
#7781=CARTESIAN_POINT('',(-0.00348994006638452,-0.0227848509498521,3.85139100562689E-18));
#7782=CARTESIAN_POINT('',(-0.00348994006638452,-0.0227848509498521,0.00585));
#7783=CARTESIAN_POINT('',(-0.00368590270535383,-0.0229019336223297,3.67249548709409E-18));
#7784=CARTESIAN_POINT('',(-0.00368590270535383,-0.0229019336223297,0.00585));
#7785=CARTESIAN_POINT('',(-0.00398222586047529,-0.0231180439964698,2.89793893207546E-18));
#7786=CARTESIAN_POINT('',(-0.00398222586047529,-0.0231180439964698,0.00585));
#7787=CARTESIAN_POINT('',(-0.00419116814391418,-0.0233432998442604,3.21801980123249E-18));
#7788=CARTESIAN_POINT('',(-0.00419116814391418,-0.0233432998442604,0.00585));
#7789=CARTESIAN_POINT('',(-0.00423124474886671,-0.0233997354824336,3.23538236582219E-18));
#7790=CARTESIAN_POINT('',(-0.00423124474886671,-0.0233997354824336,0.00585));
#7791=CARTESIAN_POINT('',(0.00581526666339481,-0.0232971250733168,0.01585));
#7792=CARTESIAN_POINT('',(0.00581487644570381,-0.0232965462666855,0.00585001001150742));
#7793=CARTESIAN_POINT('',(0.00581526666339481,-0.0232971250733168,3.46944695195361E-18));
#7794=CARTESIAN_POINT('',(-0.00421745060024767,-0.0233812160199499,0.00585));
#7795=CARTESIAN_POINT('',(-0.00417136702189215,-0.023321065862226,0.00585));
#7796=CARTESIAN_POINT('',(-0.00402774014408015,-0.023168270928755,0.00585));
#7797=CARTESIAN_POINT('',(-0.00370685274485232,-0.022903234566888,0.00585));
#7798=CARTESIAN_POINT('',(-0.00325887089831931,-0.0226599364368897,0.00585));
#7799=CARTESIAN_POINT('',(-0.00260600010573311,-0.022405005285966,0.00585));
#7800=CARTESIAN_POINT('',(-0.0017456644028697,-0.022165134234186,0.00585));
#7801=CARTESIAN_POINT('',(-0.000561678544734316,-0.0219515074938969,0.00585));
#7802=CARTESIAN_POINT('',(0.000767500182134607,-0.0219034756189549,0.00585));
#7803=CARTESIAN_POINT('',(0.00200871520406358,-0.0219986690256303,0.00585));
#7804=CARTESIAN_POINT('',(0.00293509054353444,-0.0220832962905636,0.00585));
#7805=CARTESIAN_POINT('',(0.00359198899821653,-0.0222229707332494,0.00585));
#7806=CARTESIAN_POINT('',(0.00427007934540119,-0.0224162481814381,0.00585));
#7807=CARTESIAN_POINT('',(0.00483694128839618,-0.0225951867378628,0.00585));
#7808=CARTESIAN_POINT('',(0.00522987818234061,-0.0227584115773589,0.00585));
#7809=CARTESIAN_POINT('',(0.0054376957133191,-0.0228895104533277,0.00585));
#7810=CARTESIAN_POINT('',(0.00566259087870168,-0.0230926494097589,0.00585));
#7811=CARTESIAN_POINT('',(0.00578778040160218,-0.0232520229225093,0.00585));
#7812=CARTESIAN_POINT('',(0.00581448537232195,-0.023295967980049,0.00585));
#7813=CARTESIAN_POINT('',(0.00581526666339481,-0.0232971250733168,3.46944695195361E-18));
#7814=CARTESIAN_POINT('',(0.0057009348882044,-0.0231040942296459,3.4554591388609E-18));
#7815=CARTESIAN_POINT('',(0.00536338336908376,-0.0227919333664977,4.50763518759467E-18));
#7816=CARTESIAN_POINT('',(0.00472864242266845,-0.0225602496598284,4.51298603883283E-18));
#7817=CARTESIAN_POINT('',(0.00409315766997405,-0.0223640088202551,3.62628599490742E-18));
#7818=CARTESIAN_POINT('',(0.00323369347546055,-0.0221243077829093,3.57374190895598E-18));
#7819=CARTESIAN_POINT('',(0.00212457501410865,-0.0220030545683682,7.11479039080313E-18));
#7820=CARTESIAN_POINT('',(0.000802592853756485,-0.021908599097544,2.5928450257256E-19));
#7821=CARTESIAN_POINT('',(-0.000520499538480386,-0.0219470491001221,4.49097984300325E-18));
#7822=CARTESIAN_POINT('',(-0.00185218489484565,-0.0221813432880288,3.05686543318513E-18));
#7823=CARTESIAN_POINT('',(-0.00313659212863895,-0.0225669119848551,5.26505680801265E-18));
#7824=CARTESIAN_POINT('',(-0.00394057564874339,-0.0230174784350658,3.50337466100257E-18));
#7825=CARTESIAN_POINT('',(-0.00421740444653655,-0.0233809615893419,3.46944695195361E-18));
#7826=CARTESIAN_POINT('',(0.029930805893427,0.00395172239443179,3.69781512067031E-18));
#7827=CARTESIAN_POINT('',(0.029930805893427,0.00395172239443179,0.00585));
#7828=CARTESIAN_POINT('',(0.029907010586366,0.00401299450312405,3.71940264586775E-18));
#7829=CARTESIAN_POINT('',(0.029907010586366,0.00401299450312405,0.00585));
#7830=CARTESIAN_POINT('',(0.0298623302388687,0.00415650853053224,4.68610719997443E-18));
#7831=CARTESIAN_POINT('',(0.0298623302388687,0.00415650853053224,0.00585));
#7832=CARTESIAN_POINT('',(0.0298409711429121,0.00426610403373371,5.46051542014275E-18));
#7833=CARTESIAN_POINT('',(0.0298409711429121,0.00426610403373371,0.00585));
#7834=CARTESIAN_POINT('',(0.0298309786395223,0.00435262182637856,3.54800384276106E-18));
#7835=CARTESIAN_POINT('',(0.0298309786395223,0.00435262182637856,0.00585));
#7836=CARTESIAN_POINT('',(0.0298204556093398,0.0047242432905114,5.2339879847461E-18));
#7837=CARTESIAN_POINT('',(0.0298204556093398,0.0047242432905114,0.00585));
#7838=CARTESIAN_POINT('',(0.0298174652764692,0.00525864433730925,5.60842318220607E-18));
#7839=CARTESIAN_POINT('',(0.0298174652764692,0.00525864433730925,0.00585));
#7840=CARTESIAN_POINT('',(0.0298201162686608,0.00611669368864458,4.83308279133406E-18));
#7841=CARTESIAN_POINT('',(0.0298201162686608,0.00611669368864458,0.00585));
#7842=CARTESIAN_POINT('',(0.0298275552383355,0.00686769835227665,4.14804404569532E-18));
#7843=CARTESIAN_POINT('',(0.0298275552383355,0.00686769835227665,0.00585));
#7844=CARTESIAN_POINT('',(0.0298324556553567,0.00736909602169669,4.14804404569536E-18));
#7845=CARTESIAN_POINT('',(0.0298324556553567,0.00736909602169669,0.00585));
#7846=CARTESIAN_POINT('',(0.0298324556553566,0.00736909602169685,-0.0032));
#7847=CARTESIAN_POINT('',(0.0298324556553566,0.00736909602169685,6.93889390390723E-18));
#7848=CARTESIAN_POINT('',(0.0298324556553566,0.00736909602169685,0.00585));
#7849=CARTESIAN_POINT('',(0.0299308536407923,0.00395182411130166,0.00585));
#7850=CARTESIAN_POINT('',(0.0299096623059641,0.00400633451205417,0.00585));
#7851=CARTESIAN_POINT('',(0.0298708485500144,0.00412791682033026,0.00585));
#7852=CARTESIAN_POINT('',(0.0298369557631743,0.00426938178790196,0.00585));
#7853=CARTESIAN_POINT('',(0.0298281581648989,0.00444003997424478,0.00585));
#7854=CARTESIAN_POINT('',(0.0298208755003424,0.00474152380186865,0.00585));
#7855=CARTESIAN_POINT('',(0.0298180243366283,0.00510862355860868,0.00585));
#7856=CARTESIAN_POINT('',(0.0298184597210964,0.00601293388279468,0.00585));
#7857=CARTESIAN_POINT('',(0.0298265291445211,0.00676515920522991,0.00585));
#7858=CARTESIAN_POINT('',(0.0298324558120497,0.00736909602016497,0.00585));
#7859=CARTESIAN_POINT('',(0.0299307846841531,0.00395175572652288,0.00584999999999859));
#7860=CARTESIAN_POINT('',(0.0299308058934271,0.00395172239443177,-0.0032));
#7861=CARTESIAN_POINT('',(0.029930805893427,0.00395172239443182,6.93889390390723E-18));
#7862=CARTESIAN_POINT('',(0.029930805893427,0.00395172239443182,6.93889390390723E-18));
#7863=CARTESIAN_POINT('',(0.0298260732094917,0.00422140550367909,6.9260871157562E-18));
#7864=CARTESIAN_POINT('',(0.0298200551277026,0.00480162444536377,7.46782079025647E-18));
#7865=CARTESIAN_POINT('',(0.0298172147010454,0.00565480043002959,6.76545258415699E-18));
#7866=CARTESIAN_POINT('',(0.029824212750191,0.00651255832043264,4.85996535999969E-18));
#7867=CARTESIAN_POINT('',(0.0298296644777306,0.00708351013164189,1.04079786349788E-17));
#7868=CARTESIAN_POINT('',(0.0298324556553566,0.00736909602169678,1.04083408558608E-17));
#7869=CARTESIAN_POINT('',(0.0302856765991692,-0.00953991237860618,5.08317932333385E-18));
#7870=CARTESIAN_POINT('',(0.0302856765991692,-0.00953991237860618,0.00585));
#7871=CARTESIAN_POINT('',(0.0303807950692589,-0.00959387987293095,5.51722955972417E-18));
#7872=CARTESIAN_POINT('',(0.0303807950692589,-0.00959387987293095,0.00585));
#7873=CARTESIAN_POINT('',(0.0306282626143494,-0.00976038284575695,5.8181028362369E-18));
#7874=CARTESIAN_POINT('',(0.0306282626143494,-0.00976038284575695,0.00585));
#7875=CARTESIAN_POINT('',(0.0309544764058851,-0.0100624628603066,4.27365279181566E-18));
#7876=CARTESIAN_POINT('',(0.0309544764058851,-0.0100624628603066,0.00585));
#7877=CARTESIAN_POINT('',(0.0314489725890513,-0.0105485659315775,4.62063550800993E-18));
#7878=CARTESIAN_POINT('',(0.0314489725890513,-0.0105485659315775,0.00585));
#7879=CARTESIAN_POINT('',(0.0319542698827079,-0.0109636380190175,4.65843809394934E-18));
#7880=CARTESIAN_POINT('',(0.0319542698827079,-0.0109636380190175,0.00585));
#7881=CARTESIAN_POINT('',(0.0324009444367127,-0.0112743178991733,4.47221616986626E-18));
#7882=CARTESIAN_POINT('',(0.0324009444367127,-0.0112743178991733,0.00585));
#7883=CARTESIAN_POINT('',(0.0328342996701267,-0.0115325635656634,5.27896654807181E-18));
#7884=CARTESIAN_POINT('',(0.0328342996701267,-0.0115325635656634,0.00585));
#7885=CARTESIAN_POINT('',(0.0332365621406177,-0.0117460903913062,4.91295313961955E-18));
#7886=CARTESIAN_POINT('',(0.0332365621406177,-0.0117460903913062,0.00585));
#7887=CARTESIAN_POINT('',(0.0336635635549199,-0.0119497617848296,5.63543075878355E-18));
#7888=CARTESIAN_POINT('',(0.0336635635549199,-0.0119497617848296,0.00585));
#7889=CARTESIAN_POINT('',(0.034249911396522,-0.0121458710854184,5.8271600953892E-18));
#7890=CARTESIAN_POINT('',(0.034249911396522,-0.0121458710854184,0.00585));
#7891=CARTESIAN_POINT('',(0.0348529881635834,-0.0122395518424684,4.5364966586673E-18));
#7892=CARTESIAN_POINT('',(0.0348529881635834,-0.0122395518424684,0.00585));
#7893=CARTESIAN_POINT('',(0.0353700688160045,-0.0122610285129216,4.49943368104812E-18));
#7894=CARTESIAN_POINT('',(0.0353700688160045,-0.0122610285129216,0.00585));
#7895=CARTESIAN_POINT('',(0.035848348099279,-0.0122472578316631,6.0788355451599E-18));
#7896=CARTESIAN_POINT('',(0.035848348099279,-0.0122472578316631,0.00585));
#7897=CARTESIAN_POINT('',(0.0366049473158687,-0.0121462980206642,4.81701689570386E-18));
#7898=CARTESIAN_POINT('',(0.0366049473158687,-0.0121462980206642,0.00585));
#7899=CARTESIAN_POINT('',(0.0375487911480689,-0.0118168569524439,5.0559032457541E-18));
#7900=CARTESIAN_POINT('',(0.0375487911480689,-0.0118168569524439,0.00585));
#7901=CARTESIAN_POINT('',(0.0385852537187374,-0.0111777863977284,4.26280343390724E-18));
#7902=CARTESIAN_POINT('',(0.0385852537187374,-0.0111777863977284,0.00585));
#7903=CARTESIAN_POINT('',(0.0394841224500486,-0.0102752513624672,4.82612565851393E-18));
#7904=CARTESIAN_POINT('',(0.0394841224500486,-0.0102752513624672,0.00585));
#7905=CARTESIAN_POINT('',(0.0403232568791839,-0.00891464688912912,6.66912702752041E-18));
#7906=CARTESIAN_POINT('',(0.0403232568791839,-0.00891464688912912,0.00585));
#7907=CARTESIAN_POINT('',(0.0408331825644879,-0.00710463060558232,3.69594273814794E-18));
#7908=CARTESIAN_POINT('',(0.0408331825644879,-0.00710463060558232,0.00585));
#7909=CARTESIAN_POINT('',(0.0410532740367485,-0.00490327863273562,5.13246706085009E-18));
#7910=CARTESIAN_POINT('',(0.0410532740367485,-0.00490327863273562,0.00585));
#7911=CARTESIAN_POINT('',(0.0411284240140169,-0.00306951984828984,6.36826041409967E-18));
#7912=CARTESIAN_POINT('',(0.0411284240140169,-0.00306951984828984,0.00585));
#7913=CARTESIAN_POINT('',(0.0410996188583532,-0.00172666741758793,4.38213239113416E-18));
#7914=CARTESIAN_POINT('',(0.0410996188583532,-0.00172666741758793,0.00585));
#7915=CARTESIAN_POINT('',(0.0409908367113751,-0.000585532872904888,6.19346227549509E-18));
#7916=CARTESIAN_POINT('',(0.0409908367113751,-0.000585532872904888,0.00585));
#7917=CARTESIAN_POINT('',(0.0409016899414422,0.00031358186532723,6.13338002626776E-18));
#7918=CARTESIAN_POINT('',(0.0409016899414422,0.00031358186532723,0.00585));
#7919=CARTESIAN_POINT('',(0.0407347721033262,0.00144239736493625,4.55905981379239E-18));
#7920=CARTESIAN_POINT('',(0.0407347721033262,0.00144239736493625,0.00585));
#7921=CARTESIAN_POINT('',(0.0403730888884196,0.00271719299679967,5.68792245397927E-18));
#7922=CARTESIAN_POINT('',(0.0403730888884196,0.00271719299679967,0.00585));
#7923=CARTESIAN_POINT('',(0.0397524928782462,0.00405507284668295,5.29116593289429E-18));
#7924=CARTESIAN_POINT('',(0.0397524928782462,0.00405507284668295,0.00585));
#7925=CARTESIAN_POINT('',(0.0388205275346151,0.00523607297745994,5.62218634345055E-18));
#7926=CARTESIAN_POINT('',(0.0388205275346151,0.00523607297745994,0.00585));
#7927=CARTESIAN_POINT('',(0.0377808533511683,0.00598004856227092,4.65570067380121E-18));
#7928=CARTESIAN_POINT('',(0.0377808533511683,0.00598004856227092,0.00585));
#7929=CARTESIAN_POINT('',(0.0369135590897894,0.00636334194693263,5.15018643629335E-18));
#7930=CARTESIAN_POINT('',(0.0369135590897894,0.00636334194693263,0.00585));
#7931=CARTESIAN_POINT('',(0.0362726451568855,0.00656337527870843,3.76265708946531E-18));
#7932=CARTESIAN_POINT('',(0.0362726451568855,0.00656337527870843,0.00585));
#7933=CARTESIAN_POINT('',(0.0355866743405686,0.00669892954444887,6.18159583926001E-18));
#7934=CARTESIAN_POINT('',(0.0355866743405686,0.00669892954444887,0.00585));
#7935=CARTESIAN_POINT('',(0.0348152190786128,0.00674151703548873,5.51722774415393E-18));
#7936=CARTESIAN_POINT('',(0.0348152190786128,0.00674151703548873,0.00585));
#7937=CARTESIAN_POINT('',(0.033975777330471,0.00663924438123402,5.52478598590544E-18));
#7938=CARTESIAN_POINT('',(0.033975777330471,0.00663924438123402,0.00585));
#7939=CARTESIAN_POINT('',(0.0331878194848742,0.00638794288071184,5.898559039302E-18));
#7940=CARTESIAN_POINT('',(0.0331878194848742,0.00638794288071184,0.00585));
#7941=CARTESIAN_POINT('',(0.0325141386937234,0.00606683378757744,4.17219406201176E-18));
#7942=CARTESIAN_POINT('',(0.0325141386937234,0.00606683378757744,0.00585));
#7943=CARTESIAN_POINT('',(0.0319114860040483,0.00569565180423524,5.33546031395918E-18));
#7944=CARTESIAN_POINT('',(0.0319114860040483,0.00569565180423524,0.00585));
#7945=CARTESIAN_POINT('',(0.03137638647232,0.00526867636476425,4.87057387077757E-18));
#7946=CARTESIAN_POINT('',(0.03137638647232,0.00526867636476425,0.00585));
#7947=CARTESIAN_POINT('',(0.0309933383524287,0.00488867950748643,5.4350280320232E-18));
#7948=CARTESIAN_POINT('',(0.0309933383524287,0.00488867950748643,0.00585));
#7949=CARTESIAN_POINT('',(0.030728787449533,0.00461356119857134,3.57030919666925E-18));
#7950=CARTESIAN_POINT('',(0.030728787449533,0.00461356119857134,0.00585));
#7951=CARTESIAN_POINT('',(0.0303919191544418,0.00429162083633389,5.83286626477688E-18));
#7952=CARTESIAN_POINT('',(0.0303919191544418,0.00429162083633389,0.00585));
#7953=CARTESIAN_POINT('',(0.0300884595408528,0.00405243369382505,5.49070004356883E-18));
#7954=CARTESIAN_POINT('',(0.0300884595408528,0.00405243369382505,0.00585));
#7955=CARTESIAN_POINT('',(0.029930805893427,0.00395172239443181,5.50611540611327E-18));
#7956=CARTESIAN_POINT('',(0.029930805893427,0.00395172239443181,0.00585));
#7957=CARTESIAN_POINT('',(0.0303455075921313,-0.00957495299221584,0.00585));
#7958=CARTESIAN_POINT('',(0.0305897564974837,-0.00972428101196472,0.00585));
#7959=CARTESIAN_POINT('',(0.0310521676438239,-0.0101624529180648,0.00585));
#7960=CARTESIAN_POINT('',(0.031909947562718,-0.0109675209017483,0.00585));
#7961=CARTESIAN_POINT('',(0.0327103279075819,-0.0114702067147087,0.00585));
#7962=CARTESIAN_POINT('',(0.0333759941416751,-0.0118193515150315,0.00585));
#7963=CARTESIAN_POINT('',(0.0339406237758081,-0.0120559284143519,0.00585));
#7964=CARTESIAN_POINT('',(0.0345615195584427,-0.0122070203143308,0.00585));
#7965=CARTESIAN_POINT('',(0.0353550051683614,-0.0122761697436832,0.00585));
#7966=CARTESIAN_POINT('',(0.0367840149695912,-0.0122012316786279,0.00585));
#7967=CARTESIAN_POINT('',(0.0386588332758812,-0.0112846228317078,0.00585));
#7968=CARTESIAN_POINT('',(0.0401952876969263,-0.0093712550124233,0.00585));
#7969=CARTESIAN_POINT('',(0.0408314475758038,-0.00708502379126425,0.00585));
#7970=CARTESIAN_POINT('',(0.0410514645753497,-0.00488573708657566,0.00585));
#7971=CARTESIAN_POINT('',(0.0411635616439584,-0.00265733431003538,0.00585));
#7972=CARTESIAN_POINT('',(0.0410132067503316,-0.000801544279086427,0.00585));
#7973=CARTESIAN_POINT('',(0.0408651428133928,0.000659135389551037,0.00585));
#7974=CARTESIAN_POINT('',(0.0405747892801603,0.0021712130049976,0.00585));
#7975=CARTESIAN_POINT('',(0.0400218011801137,0.00361492164984214,0.00585));
#7976=CARTESIAN_POINT('',(0.0391049269676368,0.00490221855660002,0.00585));
#7977=CARTESIAN_POINT('',(0.0381991275789277,0.00571288560920504,0.00585));
#7978=CARTESIAN_POINT('',(0.0371452834983011,0.00630221945222779,0.00585));
#7979=CARTESIAN_POINT('',(0.0360021346371842,0.00665524440951876,0.00585));
#7980=CARTESIAN_POINT('',(0.0347988553630234,0.00677363608861763,0.00585));
#7981=CARTESIAN_POINT('',(0.0335644318566924,0.00655359198484442,0.00585));
#7982=CARTESIAN_POINT('',(0.0324804162290641,0.0060719682492339,0.00585));
#7983=CARTESIAN_POINT('',(0.0314759892341639,0.00539948323776508,0.00585));
#7984=CARTESIAN_POINT('',(0.030689263322907,0.00455160942127219,0.00585));
#7985=CARTESIAN_POINT('',(0.0301909484600195,0.0041173452666246,0.00585));
#7986=CARTESIAN_POINT('',(0.0299307634748793,0.00395178905861397,0.00585));
#7987=CARTESIAN_POINT('',(0.0303454190248873,-0.00957506152136668,0.00584999394972601));
#7988=CARTESIAN_POINT('',(0.0303453307730518,-0.00957516953461865,-0.0032));
#7989=CARTESIAN_POINT('',(0.0303453307730518,-0.00957516953461863,6.93889390390723E-18));
#7990=CARTESIAN_POINT('',(0.0303453307730518,-0.00957516953461863,6.93889390390723E-18));
#7991=CARTESIAN_POINT('',(0.030678952271186,-0.00977954876662539,6.97973614751055E-18));
#7992=CARTESIAN_POINT('',(0.0312212044875524,-0.0103520436538528,6.09544793752119E-18));
#7993=CARTESIAN_POINT('',(0.0321116082985123,-0.0111111934732728,7.2488445806705E-18));
#7994=CARTESIAN_POINT('',(0.0331057111305081,-0.0117026441268773,7.77822122461432E-18));
#7995=CARTESIAN_POINT('',(0.034181493218232,-0.0121733167426971,8.30625185192035E-18));
#7996=CARTESIAN_POINT('',(0.0353437511256306,-0.0122917579329907,5.7359128661555E-18));
#7997=CARTESIAN_POINT('',(0.0368908162467836,-0.0121555836355822,8.47512955031923E-18));
#7998=CARTESIAN_POINT('',(0.0386776175256148,-0.0112563591395535,1.23673355972908E-17));
#7999=CARTESIAN_POINT('',(0.0401663256055554,-0.00941354473532604,5.50125087734203E-18));
#8000=CARTESIAN_POINT('',(0.0408224887815736,-0.00715799245564568,8.82307244203254E-18));
#8001=CARTESIAN_POINT('',(0.0410546424530172,-0.00487616023219372,6.25294214033894E-18));
#8002=CARTESIAN_POINT('',(0.0411625230567577,-0.00256535756889046,9.23650764846649E-18));
#8003=CARTESIAN_POINT('',(0.0409788343241434,-0.000268553581438273,7.65501622340351E-18));
#8004=CARTESIAN_POINT('',(0.0406666289896444,0.00201000797436181,7.13948357038073E-18));
#8005=CARTESIAN_POINT('',(0.0397784522446371,0.00416566317745837,1.08546561716979E-17));
#8006=CARTESIAN_POINT('',(0.0381862451201684,0.00587840298955985,8.29122285431535E-18));
#8007=CARTESIAN_POINT('',(0.0363678317275559,0.00661735853081049,1.04555919084198E-17));
#8008=CARTESIAN_POINT('',(0.0348304047159896,0.00676744272136994,5.0063999010471E-18));
#8009=CARTESIAN_POINT('',(0.0336793137892405,0.0065849078708842,1.00627860815332E-17));
#8010=CARTESIAN_POINT('',(0.0326122958983691,0.00613997399164693,5.51388870519966E-18));
#8011=CARTESIAN_POINT('',(0.0316308205574657,0.0055266372946701,6.92302567883543E-18));
#8012=CARTESIAN_POINT('',(0.0308172703624598,0.00469905344467084,5.8453844545854E-18));
#8013=CARTESIAN_POINT('',(0.030260594095612,0.00416239559425261,1.04487433046356E-17));
#8014=CARTESIAN_POINT('',(0.0299308058934271,0.00395172239443185,1.04083408558608E-17));
#8015=CARTESIAN_POINT('',(0.0302675581583453,-0.00968890943142524,5.84922341496964E-18));
#8016=CARTESIAN_POINT('',(0.0302675581583453,-0.00968890943142524,0.00585));
#8017=CARTESIAN_POINT('',(0.0302793509723856,-0.00966873843794839,5.65706839582849E-18));
#8018=CARTESIAN_POINT('',(0.0302793509723856,-0.00966873843794839,0.00585));
#8019=CARTESIAN_POINT('',(0.0303078216015065,-0.00962493282777037,5.90628693173513E-18));
#8020=CARTESIAN_POINT('',(0.0303078216015065,-0.00962493282777037,0.00585));
#8021=CARTESIAN_POINT('',(0.0303453307730518,-0.00957516953461862,5.83335596357598E-18));
#8022=CARTESIAN_POINT('',(0.0303453307730518,-0.00957516953461862,0.00585));
#8023=CARTESIAN_POINT('',(0.0302678245464665,-0.00968842318099873,0.00585));
#8024=CARTESIAN_POINT('',(0.0302848907490307,-0.0096584244581308,0.00585));
#8025=CARTESIAN_POINT('',(0.0303139703884804,-0.0096163310602508,0.00585));
#8026=CARTESIAN_POINT('',(0.0303455067955831,-0.00957495314141144,0.00585));
#8027=CARTESIAN_POINT('',(0.0302677977743957,-0.00968848445183556,0.00585000005898548));
#8028=CARTESIAN_POINT('',(0.0302677710074488,-0.00968854572558739,-0.0032));
#8029=CARTESIAN_POINT('',(0.0302677710074488,-0.00968854572558746,6.93889390390723E-18));
#8030=CARTESIAN_POINT('',(0.0302677710074488,-0.00968854572558746,6.93889390390723E-18));
#8031=CARTESIAN_POINT('',(0.0302909328622682,-0.00964900695391863,6.94173323693566E-18));
#8032=CARTESIAN_POINT('',(0.030317753832217,-0.00961175577031655,6.9355140897837E-18));
#8033=CARTESIAN_POINT('',(0.0303453307730517,-0.00957516953461873,6.93889390390723E-18));
#8034=CARTESIAN_POINT('',(0.0300770867634872,-0.0118459490809924,4.58147262990204E-18));
#8035=CARTESIAN_POINT('',(0.0300770867634872,-0.0118459490809924,0.00585));
#8036=CARTESIAN_POINT('',(0.0300626129999294,-0.011539151483592,4.58147262990204E-18));
#8037=CARTESIAN_POINT('',(0.0300626129999294,-0.011539151483592,0.00585));
#8038=CARTESIAN_POINT('',(0.0300419032697061,-0.0111078267691194,5.70374917786296E-18));
#8039=CARTESIAN_POINT('',(0.0300419032697061,-0.0111078267691194,0.00585));
#8040=CARTESIAN_POINT('',(0.0300479896652169,-0.010685246343709,4.01280291995698E-18));
#8041=CARTESIAN_POINT('',(0.0300479896652169,-0.010685246343709,0.00585));
#8042=CARTESIAN_POINT('',(0.0300622406357042,-0.0105386914408146,6.15679589309658E-18));
#8043=CARTESIAN_POINT('',(0.0300622406357042,-0.0105386914408146,0.00585));
#8044=CARTESIAN_POINT('',(0.0300819293672143,-0.0104362083478626,4.03980041059335E-18));
#8045=CARTESIAN_POINT('',(0.0300819293672143,-0.0104362083478626,0.00585));
#8046=CARTESIAN_POINT('',(0.0301422582883843,-0.0102178087312952,5.13440654552152E-18));
#8047=CARTESIAN_POINT('',(0.0301422582883843,-0.0102178087312952,0.00585));
#8048=CARTESIAN_POINT('',(0.0302415888732093,-0.00979950995179016,2.8648551186607E-18));
#8049=CARTESIAN_POINT('',(0.0302415888732093,-0.00979950995179016,0.00585));
#8050=CARTESIAN_POINT('',(0.030262091346125,-0.00970834277593359,4.72617717161462E-18));
#8051=CARTESIAN_POINT('',(0.030262091346125,-0.00970834277593359,0.00585));
#8052=CARTESIAN_POINT('',(0.0302677710222771,-0.00968854567390218,5.00588203975339E-18));
#8053=CARTESIAN_POINT('',(0.0302677710222771,-0.00968854567390218,0.00585));
#8054=CARTESIAN_POINT('',(0.0300770866772719,-0.0118458751812952,0.00585));
#8055=CARTESIAN_POINT('',(0.0300677804680888,-0.011650181671643,0.00585));
#8056=CARTESIAN_POINT('',(0.0300484632371273,-0.0112714313983755,0.00585));
#8057=CARTESIAN_POINT('',(0.0300428668052158,-0.0107713002211062,0.00585));
#8058=CARTESIAN_POINT('',(0.030062271927756,-0.0105060568473123,0.00585));
#8059=CARTESIAN_POINT('',(0.0301301160721886,-0.0102575994348826,0.00585));
#8060=CARTESIAN_POINT('',(0.0302084396062723,-0.00995296819275566,0.00585));
#8061=CARTESIAN_POINT('',(0.030254304806905,-0.00973604246875168,0.00585));
#8062=CARTESIAN_POINT('',(0.030267824547017,-0.00968842317969554,0.00585));
#8063=CARTESIAN_POINT('',(0.0300770867182151,-0.0118459121312468,0.00585000004333794));
#8064=CARTESIAN_POINT('',(0.0300770867634872,-0.0118459490809925,-0.0032));
#8065=CARTESIAN_POINT('',(0.0300770867634872,-0.0118459490809927,6.93889390390723E-18));
#8066=CARTESIAN_POINT('',(0.0300770867634872,-0.0118459490809927,6.93889390390723E-18));
#8067=CARTESIAN_POINT('',(0.0300684973240368,-0.0116638803760647,6.9378550068526E-18));
#8068=CARTESIAN_POINT('',(0.0300516434462357,-0.0113000505939603,5.51237518600942E-18));
#8069=CARTESIAN_POINT('',(0.0300388051368407,-0.0108434536732646,5.67089911447812E-18));
#8070=CARTESIAN_POINT('',(0.0300641997800097,-0.0104805456761156,8.34375892569005E-18));
#8071=CARTESIAN_POINT('',(0.03016976368042,-0.0101317893887942,7.01574041849187E-18));
#8072=CARTESIAN_POINT('',(0.0302176396905066,-0.00986328371051069,1.04021890591584E-17));
#8073=CARTESIAN_POINT('',(0.0302677710074488,-0.00968854572558741,1.04083408558608E-17));
#8074=CARTESIAN_POINT('',(0.0300882244597714,-0.0213931690643427,-0.0032));
#8075=CARTESIAN_POINT('',(0.0300882244597714,-0.0213931690643427,0.00585));
#8076=CARTESIAN_POINT('',(0.0300995185241781,-0.0310743366002024,0.00584999787643881));
#8077=CARTESIAN_POINT('',(0.0300995192196444,-0.0310750237688165,-0.0032));
#8078=CARTESIAN_POINT('',(0.0300995192196444,-0.0310750237688165,6.93889390390723E-18));
#8079=CARTESIAN_POINT('',(0.0300882244597714,-0.0213931690643427,6.93889390390723E-18));
#8080=CARTESIAN_POINT('',(0.0262446480925482,-0.0343311019234845,4.76926030975144E-18));
#8081=CARTESIAN_POINT('',(0.0262446480925482,-0.0343311019234845,0.00585));
#8082=CARTESIAN_POINT('',(0.0262951050994491,-0.034331325727851,4.76929270455111E-18));
#8083=CARTESIAN_POINT('',(0.0262951050994491,-0.034331325727851,0.00585));
#8084=CARTESIAN_POINT('',(0.0264081743893537,-0.0343317379541358,5.36579872740738E-18));
#8085=CARTESIAN_POINT('',(0.0264081743893537,-0.0343317379541358,0.00585));
#8086=CARTESIAN_POINT('',(0.0265833925251186,-0.034330954456465,5.29137090167131E-18));
#8087=CARTESIAN_POINT('',(0.0265833925251186,-0.034330954456465,0.00585));
#8088=CARTESIAN_POINT('',(0.0269104322175482,-0.0343246651544606,4.71556586397735E-18));
#8089=CARTESIAN_POINT('',(0.0269104322175482,-0.0343246651544606,0.00585));
#8090=CARTESIAN_POINT('',(0.0274384785207884,-0.0342553101088406,4.59463022143289E-18));
#8091=CARTESIAN_POINT('',(0.0274384785207884,-0.0342553101088406,0.00585));
#8092=CARTESIAN_POINT('',(0.0279907444848095,-0.034062336513646,5.87106194071979E-18));
#8093=CARTESIAN_POINT('',(0.0279907444848095,-0.034062336513646,0.00585));
#8094=CARTESIAN_POINT('',(0.0283572542980529,-0.0338672938696309,3.72457546517043E-18));
#8095=CARTESIAN_POINT('',(0.0283572542980529,-0.0338672938696309,0.00585));
#8096=CARTESIAN_POINT('',(0.0286586538018605,-0.0336757431984542,5.9851262399993E-18));
#8097=CARTESIAN_POINT('',(0.0286586538018605,-0.0336757431984542,0.00585));
#8098=CARTESIAN_POINT('',(0.0289608664864271,-0.0334307051210369,4.41653085667349E-18));
#8099=CARTESIAN_POINT('',(0.0289608664864271,-0.0334307051210369,0.00585));
#8100=CARTESIAN_POINT('',(0.0291984975848459,-0.033197779435925,5.95092476375148E-18));
#8101=CARTESIAN_POINT('',(0.0291984975848459,-0.033197779435925,0.00585));
#8102=CARTESIAN_POINT('',(0.0294923579478666,-0.0328537579352571,4.08359000677335E-18));
#8103=CARTESIAN_POINT('',(0.0294923579478666,-0.0328537579352571,0.00585));
#8104=CARTESIAN_POINT('',(0.0297126475408934,-0.032470547444199,4.79492812443008E-18));
#8105=CARTESIAN_POINT('',(0.0297126475408934,-0.032470547444199,0.00585));
#8106=CARTESIAN_POINT('',(0.0298062349400692,-0.0322618829196244,5.5220582105956E-18));
#8107=CARTESIAN_POINT('',(0.0298062349400692,-0.0322618829196244,0.00585));
#8108=CARTESIAN_POINT('',(0.0298479515712401,-0.0321617530872448,5.50569406152319E-18));
#8109=CARTESIAN_POINT('',(0.0298479515712401,-0.0321617530872448,0.00585));
#8110=CARTESIAN_POINT('',(0.0298896166624221,-0.0320589424924629,5.0400029622562E-18));
#8111=CARTESIAN_POINT('',(0.0298896166624221,-0.0320589424924629,0.00585));
#8112=CARTESIAN_POINT('',(0.0299545023070647,-0.0318748302308088,4.33379291689511E-18));
#8113=CARTESIAN_POINT('',(0.0299545023070647,-0.0318748302308088,0.00585));
#8114=CARTESIAN_POINT('',(0.0300111397561582,-0.0316559024986259,5.05200523917173E-18));
#8115=CARTESIAN_POINT('',(0.0300111397561582,-0.0316559024986259,0.00585));
#8116=CARTESIAN_POINT('',(0.0300724709877001,-0.0313219762312731,5.97790259379196E-18));
#8117=CARTESIAN_POINT('',(0.0300724709877001,-0.0313219762312731,0.00585));
#8118=CARTESIAN_POINT('',(0.030084370496196,-0.0311908016107637,5.01333030114733E-18));
#8119=CARTESIAN_POINT('',(0.030084370496196,-0.0311908016107637,0.00585));
#8120=CARTESIAN_POINT('',(0.0300995192196444,-0.0310750237688168,5.01333030114733E-18));
#8121=CARTESIAN_POINT('',(0.0300995192196444,-0.0310750237688168,0.00585));
#8122=CARTESIAN_POINT('',(0.0262446480925485,-0.0343311019234845,0.00585));
#8123=CARTESIAN_POINT('',(0.0266421971758418,-0.0343352750118957,0.00585));
#8124=CARTESIAN_POINT('',(0.0276372616514218,-0.0343088625711543,0.00585));
#8125=CARTESIAN_POINT('',(0.028701143726647,-0.0336931648352564,0.00585));
#8126=CARTESIAN_POINT('',(0.029361885562621,-0.033046542150922,0.00585));
#8127=CARTESIAN_POINT('',(0.0297033117222435,-0.0325018516064646,0.00585));
#8128=CARTESIAN_POINT('',(0.0298798523201285,-0.0320961129162363,0.00585));
#8129=CARTESIAN_POINT('',(0.0300374351815325,-0.0316134069169694,0.00585));
#8130=CARTESIAN_POINT('',(0.0300733237018696,-0.0312764800270755,0.00585));
#8131=CARTESIAN_POINT('',(0.0300995176181844,-0.0310736494044004,0.00585));
#8132=CARTESIAN_POINT('',(0.0262446480925485,-0.0343311019234845,0.00585));
#8133=CARTESIAN_POINT('',(0.0262446480925485,-0.0343311019234845,-0.0032));
#8134=CARTESIAN_POINT('',(0.0262446480925485,-0.0343311019234845,6.93889390390723E-18));
#8135=CARTESIAN_POINT('',(0.0262446480925485,-0.0343311019234845,6.93889390390723E-18));
#8136=CARTESIAN_POINT('',(0.0267124706015591,-0.0343331769716633,6.99618547975688E-18));
#8137=CARTESIAN_POINT('',(0.0276611458238457,-0.0342893902974613,5.50485943404925E-18));
#8138=CARTESIAN_POINT('',(0.0289122414026303,-0.0335829796144006,8.88466867689346E-18));
#8139=CARTESIAN_POINT('',(0.0296639384657863,-0.0326577535024125,6.24801378838306E-18));
#8140=CARTESIAN_POINT('',(0.0300075947271038,-0.0317837858597458,8.52854594323309E-18));
#8141=CARTESIAN_POINT('',(0.0300687804805391,-0.031309952136868,6.9351127130568E-18));
#8142=CARTESIAN_POINT('',(0.0300995192196444,-0.0310750237688165,6.93889390390723E-18));
#8143=CARTESIAN_POINT('',(0.0181959887973629,-0.0343404914130827,-0.0032));
#8144=CARTESIAN_POINT('',(0.0101490236260549,-0.0343498789263319,0.00585));
#8145=CARTESIAN_POINT('',(0.0101453730412489,-0.0343498765216775,0.00585));
#8146=CARTESIAN_POINT('',(0.0101417224719898,-0.034349887443789,0.00584999999999999));
#8147=CARTESIAN_POINT('',(0.0101417224719898,-0.034349887443789,0.0039));
#8148=CARTESIAN_POINT('',(0.0101417224719898,-0.034349887443789,0.00195));
#8149=CARTESIAN_POINT('',(0.0101417224719898,-0.034349887443789,5.51884938403789E-18));
#8150=CARTESIAN_POINT('',(0.0101453730412489,-0.0343498765216774,3.46944695195361E-18));
#8151=CARTESIAN_POINT('',(0.0181959887973629,-0.0343404914130827,3.46944695195361E-18));
#8152=CARTESIAN_POINT('',(0.0101490236105081,-0.0343498655995658,1.03699906113594E-21));
#8153=CARTESIAN_POINT('',(0.0101490236105081,-0.0343498655995658,0.00585));
#8154=CARTESIAN_POINT('',(0.00988554427107193,-0.0343511348361585,1.03699906113229E-21));
#8155=CARTESIAN_POINT('',(0.00988554427107193,-0.0343511348361585,0.00585));
#8156=CARTESIAN_POINT('',(0.00934442916793781,-0.0343510512822855,5.7061194843025E-19));
#8157=CARTESIAN_POINT('',(0.00934442916793781,-0.0343510512822855,0.00585));
#8158=CARTESIAN_POINT('',(0.00850367270283839,-0.034351765104385,5.95758510236917E-19));
#8159=CARTESIAN_POINT('',(0.00850367270283839,-0.034351765104385,0.00585));
#8160=CARTESIAN_POINT('',(0.00735011157079113,-0.0342300870417982,-4.3079311184178E-19));
#8161=CARTESIAN_POINT('',(0.00735011157079113,-0.0342300870417982,0.00585));
#8162=CARTESIAN_POINT('',(0.00624614015963329,-0.0338793554300849,8.17135037085592E-19));
#8163=CARTESIAN_POINT('',(0.00624614015963329,-0.0338793554300849,0.00585));
#8164=CARTESIAN_POINT('',(0.00525588029568078,-0.0333396948702428,-8.0601737634973E-19));
#8165=CARTESIAN_POINT('',(0.00525588029568078,-0.0333396948702428,0.00585));
#8166=CARTESIAN_POINT('',(0.00453871998765514,-0.0328036114762279,-9.65429484148097E-19));
#8167=CARTESIAN_POINT('',(0.00453871998765514,-0.0328036114762279,0.00585));
#8168=CARTESIAN_POINT('',(0.00390032893677491,-0.0321489915644422,9.6330201114303E-20));
#8169=CARTESIAN_POINT('',(0.00390032893677491,-0.0321489915644422,0.00585));
#8170=CARTESIAN_POINT('',(0.00331367998535985,-0.0313050717541193,-1.12732612293138E-18));
#8171=CARTESIAN_POINT('',(0.00331367998535985,-0.0313050717541193,0.00585));
#8172=CARTESIAN_POINT('',(0.00285853606401047,-0.0301668746435382,-1.57694210519668E-20));
#8173=CARTESIAN_POINT('',(0.00285853606401047,-0.0301668746435382,0.00585));
#8174=CARTESIAN_POINT('',(0.00276458784167414,-0.0285767390838735,-2.05566888211331E-20));
#8175=CARTESIAN_POINT('',(0.00276458784167414,-0.0285767390838735,0.00585));
#8176=CARTESIAN_POINT('',(0.00320959630046304,-0.0271850967974616,1.2416825540176E-18));
#8177=CARTESIAN_POINT('',(0.00320959630046304,-0.0271850967974616,0.00585));
#8178=CARTESIAN_POINT('',(0.00385992416012707,-0.0260343470639364,-1.08970899258291E-18));
#8179=CARTESIAN_POINT('',(0.00385992416012707,-0.0260343470639364,0.00585));
#8180=CARTESIAN_POINT('',(0.00468928130109978,-0.0250518387429713,-6.99238451001632E-19));
#8181=CARTESIAN_POINT('',(0.00468928130109978,-0.0250518387429713,0.00585));
#8182=CARTESIAN_POINT('',(0.00518968817424703,-0.0245355854906271,1.95838457456632E-19));
#8183=CARTESIAN_POINT('',(0.00518968817424703,-0.0245355854906271,0.00585));
#8184=CARTESIAN_POINT('',(0.00552514273045359,-0.0240636138848407,-1.21473463794476E-18));
#8185=CARTESIAN_POINT('',(0.00552514273045359,-0.0240636138848407,0.00585));
#8186=CARTESIAN_POINT('',(0.00577125942050834,-0.0235619713772508,8.04100119543008E-19));
#8187=CARTESIAN_POINT('',(0.00577125942050834,-0.0235619713772508,0.00585));
#8188=CARTESIAN_POINT('',(0.00581322529819542,-0.0233274343620678,-2.51392390636327E-19));
#8189=CARTESIAN_POINT('',(0.00581322529819542,-0.0233274343620678,0.00585));
#8190=CARTESIAN_POINT('',(0.00581526666339482,-0.0232971250733167,-2.44366079279871E-19));
#8191=CARTESIAN_POINT('',(0.00581526666339482,-0.0232971250733167,0.00585));
#8192=CARTESIAN_POINT('',(0.00581448523411509,-0.0232959675106073,0.00585));
#8193=CARTESIAN_POINT('',(0.00581834281136906,-0.0233718098079694,0.00585));
#8194=CARTESIAN_POINT('',(0.00573061137810449,-0.0236425784295976,0.00585));
#8195=CARTESIAN_POINT('',(0.0054756105688343,-0.0241598740984985,0.00585));
#8196=CARTESIAN_POINT('',(0.00501339308731819,-0.0247370351197405,0.00585));
#8197=CARTESIAN_POINT('',(0.00427922381199603,-0.0254959902954283,0.00585));
#8198=CARTESIAN_POINT('',(0.00365553231244123,-0.0263806291760944,0.00585));
#8199=CARTESIAN_POINT('',(0.00316378339580879,-0.0273332187326898,0.00585));
#8200=CARTESIAN_POINT('',(0.00272081646525388,-0.028775233297447,0.00585));
#8201=CARTESIAN_POINT('',(0.00288200890815655,-0.0303259080996101,0.00585));
#8202=CARTESIAN_POINT('',(0.00352427856484202,-0.0316728469087037,0.00585));
#8203=CARTESIAN_POINT('',(0.00424469936199853,-0.032549327592408,0.00585));
#8204=CARTESIAN_POINT('',(0.00508100687145448,-0.0332206227034234,0.00585));
#8205=CARTESIAN_POINT('',(0.00601639299966639,-0.0337735632921246,0.00585));
#8206=CARTESIAN_POINT('',(0.00704025028653271,-0.034151381127929,0.00585));
#8207=CARTESIAN_POINT('',(0.00848160189350116,-0.034390689031939,0.00585));
#8208=CARTESIAN_POINT('',(0.00947798567328641,-0.0343477066230252,0.00585));
#8209=CARTESIAN_POINT('',(0.0101417226210395,-0.0343498410951646,0.00585));
#8210=CARTESIAN_POINT('',(0.010149023610508,-0.0343498655995658,3.46944695195361E-18));
#8211=CARTESIAN_POINT('',(0.00945121878785717,-0.034353227075336,3.38399028212187E-18));
#8212=CARTESIAN_POINT('',(0.00805361157876332,-0.0344030911815563,6.93282942262842E-18));
#8213=CARTESIAN_POINT('',(0.00633563186589517,-0.0339574820514848,4.41751627568791E-18));
#8214=CARTESIAN_POINT('',(0.00512077161525133,-0.033246676360534,5.35198777772744E-18));
#8215=CARTESIAN_POINT('',(0.00402142301571171,-0.0323808257407824,2.67179123289677E-18));
#8216=CARTESIAN_POINT('',(0.0030090820234436,-0.030899642585821,3.23533740634256E-18));
#8217=CARTESIAN_POINT('',(0.00265965678479693,-0.028756047379803,6.01942644723282E-18));
#8218=CARTESIAN_POINT('',(0.00325746230310902,-0.0270483335228602,2.65634266153639E-18));
#8219=CARTESIAN_POINT('',(0.00399773892727964,-0.0258639529102058,4.7687029087372E-18));
#8220=CARTESIAN_POINT('',(0.00468374143082319,-0.0250583285444029,3.11202415400135E-18));
#8221=CARTESIAN_POINT('',(0.00530453566252606,-0.024418228737838,7.23847694626727E-18));
#8222=CARTESIAN_POINT('',(0.0056583408177238,-0.0238056708560646,2.67558766851242E-18));
#8223=CARTESIAN_POINT('',(0.00580309093100228,-0.0234779049695112,3.46794294138124E-18));
#8224=CARTESIAN_POINT('',(0.00581526666339481,-0.0232971250733167,3.46944695195361E-18));
#8225=CARTESIAN_POINT('',(-0.0170994550689771,-0.0343437876253825,-0.0032));
#8226=CARTESIAN_POINT('',(-0.0269142018243952,-0.0343495125186743,0.00585));
#8227=CARTESIAN_POINT('',(-0.0170994550689771,-0.0343437876253825,0.));
#8228=CARTESIAN_POINT('',(-0.030024904714964,-0.0306683573802288,1.88758575766334E-19));
#8229=CARTESIAN_POINT('',(-0.030024904714964,-0.0306683573802288,0.00585000073693463));
#8230=CARTESIAN_POINT('',(-0.0300242185604183,-0.0307522418492867,1.8875857576541E-19));
#8231=CARTESIAN_POINT('',(-0.0300242185604183,-0.0307522418492867,0.00585000073693463));
#8232=CARTESIAN_POINT('',(-0.0300236619620408,-0.0308369591667545,1.88739525356473E-19));
#8233=CARTESIAN_POINT('',(-0.0300236619620408,-0.0308369591667545,0.00585000073693463));
#8234=CARTESIAN_POINT('',(-0.030023800090665,-0.030869271657806,1.88754399397703E-19));
#8235=CARTESIAN_POINT('',(-0.030023800090665,-0.030869271657806,0.00585000073693463));
#8236=CARTESIAN_POINT('',(-0.0300247861121,-0.0306691142330954,0.0058499943794301));
#8237=CARTESIAN_POINT('',(-0.0300243336649898,-0.0307359933166492,0.00584999002886082));
#8238=CARTESIAN_POINT('',(-0.0300238812178797,-0.0308028724002031,0.00584998567829154));
#8239=CARTESIAN_POINT('',(-0.0300234287707695,-0.0308697514837569,0.00584998132772226));
#8240=CARTESIAN_POINT('',(-0.030024842871907,-0.0306691146172759,0.00584999732878316));
#8241=CARTESIAN_POINT('',(-0.0300249047149642,-0.0306683573802111,-0.0032));
#8242=CARTESIAN_POINT('',(-0.0300249047149642,-0.0306683573802111,0.));
#8243=CARTESIAN_POINT('',(-0.0300249047149642,-0.0306683573802131,0.));
#8244=CARTESIAN_POINT('',(-0.0300243569121951,-0.0307353279260068,6.23025703081874E-23));
#8245=CARTESIAN_POINT('',(-0.0300235137963967,-0.0308022987111302,3.98450105104888E-23));
#8246=CARTESIAN_POINT('',(-0.030023800090665,-0.0308692716578053,0.));
#8247=CARTESIAN_POINT('',(-0.0300365664992649,-0.0206718897735834,-0.0032));
#8248=CARTESIAN_POINT('',(-0.0300483156364029,-0.0106005434189687,0.00585));
#8249=CARTESIAN_POINT('',(-0.0300365664992649,-0.0206718897735834,0.));
#8250=CARTESIAN_POINT('',(-0.0300946384665133,0.00593177489989416,-1.97959063170056E-18));
#8251=CARTESIAN_POINT('',(-0.0300946384665133,0.00593177489989416,0.00585));
#8252=CARTESIAN_POINT('',(-0.0300972074706672,0.00581477929320631,-1.97508346038824E-18));
#8253=CARTESIAN_POINT('',(-0.0300972074706672,0.00581477929320631,0.00585));
#8254=CARTESIAN_POINT('',(-0.030103811300943,0.00555044816704996,-1.47879652278034E-18));
#8255=CARTESIAN_POINT('',(-0.030103811300943,0.00555044816704996,0.00585));
#8256=CARTESIAN_POINT('',(-0.0300869474654184,0.00503135694762684,-1.13740295104509E-18));
#8257=CARTESIAN_POINT('',(-0.0300869474654184,0.00503135694762684,0.00585));
#8258=CARTESIAN_POINT('',(-0.0300353984220609,0.00455640873093822,-6.41773459566348E-19));
#8259=CARTESIAN_POINT('',(-0.0300353984220609,0.00455640873093822,0.00585));
#8260=CARTESIAN_POINT('',(-0.0299663306134049,0.00400305142161412,-3.73113918665125E-18));
#8261=CARTESIAN_POINT('',(-0.0299663306134049,0.00400305142161412,0.00585));
#8262=CARTESIAN_POINT('',(-0.0297682658164565,0.00318271191270754,-2.36745288508243E-19));
#8263=CARTESIAN_POINT('',(-0.0297682658164565,0.00318271191270754,0.00585));
#8264=CARTESIAN_POINT('',(-0.029458969420926,0.00245510589023177,-3.24553279019407E-18));
#8265=CARTESIAN_POINT('',(-0.029458969420926,0.00245510589023177,0.00585));
#8266=CARTESIAN_POINT('',(-0.0291470484675857,0.00190057068623818,-3.60998032561838E-19));
#8267=CARTESIAN_POINT('',(-0.0291470484675857,0.00190057068623818,0.00585));
#8268=CARTESIAN_POINT('',(-0.0288283730120076,0.00147057011991825,-1.74902701752838E-18));
#8269=CARTESIAN_POINT('',(-0.0288283730120076,0.00147057011991825,0.00585));
#8270=CARTESIAN_POINT('',(-0.0284342694072525,0.00100148398841567,-1.60186876868347E-18));
#8271=CARTESIAN_POINT('',(-0.0284342694072525,0.00100148398841567,0.00585));
#8272=CARTESIAN_POINT('',(-0.027824493728964,0.000447376116015386,-7.01186101274612E-19));
#8273=CARTESIAN_POINT('',(-0.027824493728964,0.000447376116015386,0.00585));
#8274=CARTESIAN_POINT('',(-0.02705373606591,-1.39980983685714E-6,-1.66320972342305E-18));
#8275=CARTESIAN_POINT('',(-0.02705373606591,-1.39980983685714E-6,0.00585));
#8276=CARTESIAN_POINT('',(-0.0262794875895022,-0.000280860204511021,-1.07609180785108E-18));
#8277=CARTESIAN_POINT('',(-0.0262794875895022,-0.000280860204511021,0.00585));
#8278=CARTESIAN_POINT('',(-0.0254595288294381,-0.000432853772192481,-2.22523109758421E-18));
#8279=CARTESIAN_POINT('',(-0.0254595288294381,-0.000432853772192481,0.00585));
#8280=CARTESIAN_POINT('',(-0.024585813037255,-0.000429736023482691,-5.59736730055923E-19));
#8281=CARTESIAN_POINT('',(-0.024585813037255,-0.000429736023482691,0.00585));
#8282=CARTESIAN_POINT('',(-0.0236816845518761,-0.000219603259626264,-5.70067569026918E-19));
#8283=CARTESIAN_POINT('',(-0.0236816845518761,-0.000219603259626264,0.00585));
#8284=CARTESIAN_POINT('',(-0.0229050136263613,0.000150873880387174,-1.87987791023323E-18));
#8285=CARTESIAN_POINT('',(-0.0229050136263613,0.000150873880387174,0.00585));
#8286=CARTESIAN_POINT('',(-0.0220016843703139,0.000804091573128032,-1.47361096214297E-18));
#8287=CARTESIAN_POINT('',(-0.0220016843703139,0.000804091573128032,0.00585));
#8288=CARTESIAN_POINT('',(-0.0214211890996548,0.00146974645585326,-1.10048939959567E-18));
#8289=CARTESIAN_POINT('',(-0.0214211890996548,0.00146974645585326,0.00585));
#8290=CARTESIAN_POINT('',(-0.021157268028538,0.00174833129285079,-1.06695813179772E-18));
#8291=CARTESIAN_POINT('',(-0.021157268028538,0.00174833129285079,0.00585));
#8292=CARTESIAN_POINT('',(-0.0209742163460038,0.00192602250008733,-1.39846804200226E-18));
#8293=CARTESIAN_POINT('',(-0.0209742163460038,0.00192602250008733,0.00585));
#8294=CARTESIAN_POINT('',(-0.0207371394197957,0.00213458216148101,-1.51224072146025E-19));
#8295=CARTESIAN_POINT('',(-0.0207371394197957,0.00213458216148101,0.00585));
#8296=CARTESIAN_POINT('',(-0.0205054269574713,0.00230853143665989,-2.27374170019665E-18));
#8297=CARTESIAN_POINT('',(-0.0205054269574713,0.00230853143665989,0.00585));
#8298=CARTESIAN_POINT('',(-0.0202572924942355,0.00245753913638292,-3.41664565881091E-19));
#8299=CARTESIAN_POINT('',(-0.0202572924942355,0.00245753913638292,0.00585));
#8300=CARTESIAN_POINT('',(-0.0199688523886562,0.00258928717287363,-8.79358132123432E-19));
#8301=CARTESIAN_POINT('',(-0.0199688523886562,0.00258928717287363,0.00585));
#8302=CARTESIAN_POINT('',(-0.0198096379271708,0.00263422394912195,-8.09466509022218E-19));
#8303=CARTESIAN_POINT('',(-0.0198096379271708,0.00263422394912195,0.00585));
#8304=CARTESIAN_POINT('',(-0.0197494104986324,0.00264438420865668,-7.56599880287641E-19));
#8305=CARTESIAN_POINT('',(-0.0197494104986324,0.00264438420865668,0.00585));
#8306=CARTESIAN_POINT('',(-0.0195246536167939,0.0026491543327421,-1.26480962933233E-18));
#8307=CARTESIAN_POINT('',(-0.0195246536167939,0.0026491543327421,0.00585));
#8308=CARTESIAN_POINT('',(-0.0192561970313961,0.00262783554256786,-2.04570286930339E-18));
#8309=CARTESIAN_POINT('',(-0.0192561970313961,0.00262783554256786,0.00585));
#8310=CARTESIAN_POINT('',(-0.0190172339810502,0.00258017588004208,-1.15414783542713E-18));
#8311=CARTESIAN_POINT('',(-0.0190172339810502,0.00258017588004208,0.00585));
#8312=CARTESIAN_POINT('',(-0.0189858710358722,0.00256504975050272,-1.38735453918279E-18));
#8313=CARTESIAN_POINT('',(-0.0189858710358722,0.00256504975050272,0.00585));
#8314=CARTESIAN_POINT('',(-0.0189851998536157,0.00256474061270775,-1.40363746803382E-18));
#8315=CARTESIAN_POINT('',(-0.0189851998536157,0.00256474061270775,0.00585));
#8316=CARTESIAN_POINT('',(-0.03009463864713,0.0059317749033832,0.00585));
#8317=CARTESIAN_POINT('',(-0.0301009743365714,0.00560379164336916,0.00585));
#8318=CARTESIAN_POINT('',(-0.0300886490499941,0.0049005695984043,0.00585));
#8319=CARTESIAN_POINT('',(-0.0299179045024918,0.00355791296694889,0.00585));
#8320=CARTESIAN_POINT('',(-0.0293879223456179,0.0021664511961946,0.00585));
#8321=CARTESIAN_POINT('',(-0.0285177898757612,0.00106565519162174,0.00585));
#8322=CARTESIAN_POINT('',(-0.0274021670404513,8.29426433670472E-5,0.00585));
#8323=CARTESIAN_POINT('',(-0.0256630559029339,-0.000563739101327058,0.00585));
#8324=CARTESIAN_POINT('',(-0.0233634328387897,-0.000285105955211167,0.00585));
#8325=CARTESIAN_POINT('',(-0.0220407411589641,0.00077673474892433,0.00585));
#8326=CARTESIAN_POINT('',(-0.0213643021421618,0.00152926427971662,0.00585));
#8327=CARTESIAN_POINT('',(-0.0210582783451,0.00185254919702126,0.00585));
#8328=CARTESIAN_POINT('',(-0.0207204222102751,0.00215286268255993,0.00585));
#8329=CARTESIAN_POINT('',(-0.0203866963893195,0.00239103072571168,0.00585));
#8330=CARTESIAN_POINT('',(-0.0200667620117778,0.00254995272583803,0.00585));
#8331=CARTESIAN_POINT('',(-0.0198345532694716,0.00263195798428264,0.00585));
#8332=CARTESIAN_POINT('',(-0.0196736877389099,0.00265228997718273,0.00585));
#8333=CARTESIAN_POINT('',(-0.0192951963758869,0.00263978675466274,0.00585));
#8334=CARTESIAN_POINT('',(-0.0190310802063036,0.00258600585520595,0.00585));
#8335=CARTESIAN_POINT('',(-0.018986973183027,0.0025655678249067,0.00585));
#8336=CARTESIAN_POINT('',(-0.0300946384665133,0.00593177489989415,0.00585));
#8337=CARTESIAN_POINT('',(-0.0300946384665133,0.00593177489989415,-0.0032));
#8338=CARTESIAN_POINT('',(-0.0300946384665133,0.00593177489989415,0.));
#8339=CARTESIAN_POINT('',(-0.0300946384665133,0.00593177489989417,0.));
#8340=CARTESIAN_POINT('',(-0.0301094771770693,0.00525600178316186,-1.86549015116948E-21));
#8341=CARTESIAN_POINT('',(-0.0300350572483351,0.00390246586292253,-2.84775947893707E-19));
#8342=CARTESIAN_POINT('',(-0.0294533154384659,0.00229692818999596,2.72850818982159E-18));
#8343=CARTESIAN_POINT('',(-0.0286460020238983,0.00121811198071664,-1.72872576111054E-18));
#8344=CARTESIAN_POINT('',(-0.0276761438049196,0.000269802032444363,3.67432698602276E-19));
#8345=CARTESIAN_POINT('',(-0.026117994742229,-0.000444103383298374,1.5763752027542E-18));
#8346=CARTESIAN_POINT('',(-0.0240493429682564,-0.000475176607579495,5.90202972120886E-20));
#8347=CARTESIAN_POINT('',(-0.0225115894307914,0.000342062630609366,8.89495421609071E-19));
#8348=CARTESIAN_POINT('',(-0.0215580705489226,0.0013011468078874,-7.13889949552836E-20));
#8349=CARTESIAN_POINT('',(-0.0209910701360178,0.00193821207171133,-1.03921809518734E-18));
#8350=CARTESIAN_POINT('',(-0.020457110703795,0.00235193985860257,1.23584142434727E-18));
#8351=CARTESIAN_POINT('',(-0.0200801753862443,0.00255055539109725,1.56011341330249E-18));
#8352=CARTESIAN_POINT('',(-0.0197545559675936,0.00265553343340684,-2.22818560611089E-18));
#8353=CARTESIAN_POINT('',(-0.0194928201474441,0.00264630844639833,5.38321975806521E-18));
#8354=CARTESIAN_POINT('',(-0.0192400569904294,0.00262237597714793,7.69474781801533E-19));
#8355=CARTESIAN_POINT('',(-0.019067334965675,0.00259859571138891,-9.83596563879434E-21));
#8356=CARTESIAN_POINT('',(-0.0189869989000776,0.00256551232530457,0.));
#8357=CARTESIAN_POINT('',(-0.0300943269312947,0.0147701723869388,-0.0032));
#8358=CARTESIAN_POINT('',(-0.0300940128043779,0.0236820975390648,0.00585));
#8359=CARTESIAN_POINT('',(-0.0300940128043779,0.0236820975390648,0.00585));
#8360=CARTESIAN_POINT('',(-0.0300940128043779,0.0236820975390648,-0.0032));
#8361=CARTESIAN_POINT('',(-0.0300940128043779,0.0236820975390652,0.));
#8362=CARTESIAN_POINT('',(-0.0300943269312947,0.0147701723869388,0.));
#8363=CARTESIAN_POINT('',(-0.0268401600071316,0.0270280958821398,-1.77903228823386E-18));
#8364=CARTESIAN_POINT('',(-0.0268401600071316,0.0270280958821398,0.00585));
#8365=CARTESIAN_POINT('',(-0.0269394954505218,0.0270097642786165,-1.77903228823389E-18));
#8366=CARTESIAN_POINT('',(-0.0269394954505218,0.0270097642786165,0.00585));
#8367=CARTESIAN_POINT('',(-0.0271042934263253,0.0269846401534459,-2.58467742672186E-18));
#8368=CARTESIAN_POINT('',(-0.0271042934263253,0.0269846401534459,0.00585));
#8369=CARTESIAN_POINT('',(-0.0277223199228947,0.0268419049823625,-1.58179871019438E-18));
#8370=CARTESIAN_POINT('',(-0.0277223199228947,0.0268419049823625,0.00585));
#8371=CARTESIAN_POINT('',(-0.0282937349477504,0.0265936137243849,-1.91159132043622E-18));
#8372=CARTESIAN_POINT('',(-0.0282937349477504,0.0265936137243849,0.00585));
#8373=CARTESIAN_POINT('',(-0.0287784078467989,0.0262483904965565,-1.83083192236754E-18));
#8374=CARTESIAN_POINT('',(-0.0287784078467989,0.0262483904965565,0.00585));
#8375=CARTESIAN_POINT('',(-0.0290325348169292,0.0260077341391593,-2.12182086577965E-18));
#8376=CARTESIAN_POINT('',(-0.0290325348169292,0.0260077341391593,0.00585));
#8377=CARTESIAN_POINT('',(-0.0291979245402717,0.0258306933865356,-1.12743196094297E-18));
#8378=CARTESIAN_POINT('',(-0.0291979245402717,0.0258306933865356,0.00585));
#8379=CARTESIAN_POINT('',(-0.0293863939232364,0.0256065429410656,-2.2736057666636E-18));
#8380=CARTESIAN_POINT('',(-0.0293863939232364,0.0256065429410656,0.00585));
#8381=CARTESIAN_POINT('',(-0.0295767950822212,0.0253375383959763,-1.35196360184178E-18));
#8382=CARTESIAN_POINT('',(-0.0295767950822212,0.0253375383959763,0.00585));
#8383=CARTESIAN_POINT('',(-0.0297501442631369,0.0250360001892808,-1.36273148750706E-18));
#8384=CARTESIAN_POINT('',(-0.0297501442631369,0.0250360001892808,0.00585));
#8385=CARTESIAN_POINT('',(-0.0299114531454956,0.0246950033333812,-2.30977139183593E-18));
#8386=CARTESIAN_POINT('',(-0.0299114531454956,0.0246950033333812,0.00585));
#8387=CARTESIAN_POINT('',(-0.0300569620066568,0.0241870047314031,-1.18334907374121E-18));
#8388=CARTESIAN_POINT('',(-0.0300569620066568,0.0241870047314031,0.00585));
#8389=CARTESIAN_POINT('',(-0.0300894743956688,0.0238012246760809,-2.20621626676833E-18));
#8390=CARTESIAN_POINT('',(-0.0300894743956688,0.0238012246760809,0.00585));
#8391=CARTESIAN_POINT('',(-0.0300918855923744,0.0237233136121496,-1.97931986932836E-18));
#8392=CARTESIAN_POINT('',(-0.0300918855923744,0.0237233136121496,0.00585));
#8393=CARTESIAN_POINT('',(-0.030094012804378,0.0236820975390651,-1.97931986932836E-18));
#8394=CARTESIAN_POINT('',(-0.030094012804378,0.0236820975390651,0.00585));
#8395=CARTESIAN_POINT('',(-0.0268401158981839,0.0270278547678874,0.00585));
#8396=CARTESIAN_POINT('',(-0.0272079738093071,0.0269605595948964,0.00585));
#8397=CARTESIAN_POINT('',(-0.028047634109224,0.0267925408254645,0.00585));
#8398=CARTESIAN_POINT('',(-0.0289516036652672,0.026137065382437,0.00585));
#8399=CARTESIAN_POINT('',(-0.0294856804680319,0.0254924133136149,0.00585));
#8400=CARTESIAN_POINT('',(-0.029809190724064,0.024948646755365,0.00585));
#8401=CARTESIAN_POINT('',(-0.0300437534475177,0.0243282932495494,0.00585));
#8402=CARTESIAN_POINT('',(-0.0300844431737802,0.0238669066962664,0.00585));
#8403=CARTESIAN_POINT('',(-0.0300940087024486,0.0236820973267535,0.00585));
#8404=CARTESIAN_POINT('',(-0.0268401600071315,0.0270280958821398,0.00585));
#8405=CARTESIAN_POINT('',(-0.0268401600071315,0.0270280958821398,-0.0032));
#8406=CARTESIAN_POINT('',(-0.0268401600071315,0.0270280958821398,0.));
#8407=CARTESIAN_POINT('',(-0.0268401600071315,0.0270280958821398,0.));
#8408=CARTESIAN_POINT('',(-0.0272574603059259,0.0269510862734185,-5.11100398561891E-20));
#8409=CARTESIAN_POINT('',(-0.0280944067553941,0.0267692123806807,-1.8428855078027E-18));
#8410=CARTESIAN_POINT('',(-0.0291327762088652,0.0259966185026059,1.60488963035499E-18));
#8411=CARTESIAN_POINT('',(-0.029888155169244,0.0249382065979214,-1.9909730452659E-18));
#8412=CARTESIAN_POINT('',(-0.0300720681516502,0.0241072890146322,2.71781713065389E-21));
#8413=CARTESIAN_POINT('',(-0.0300940128043779,0.0236820975390652,0.));
#8414=CARTESIAN_POINT('',(-0.0172902580556259,0.0270892549946097,-0.0032));
#8415=CARTESIAN_POINT('',(-0.00782514830646194,0.0271498710841391,0.00585));
#8416=CARTESIAN_POINT('',(-0.0172902580556259,0.0270892549946097,0.));
#8417=CARTESIAN_POINT('',(0.00926203225406708,0.0271173759600784,1.29614102607286E-18));
#8418=CARTESIAN_POINT('',(0.00926203225406708,0.0271173759600784,0.00585));
#8419=CARTESIAN_POINT('',(0.00914030203649969,0.0271148683459751,1.29614102607286E-18));
#8420=CARTESIAN_POINT('',(0.00914030203649969,0.0271148683459751,0.00585));
#8421=CARTESIAN_POINT('',(0.00888260610802088,0.0271074399290616,6.42530192096831E-19));
#8422=CARTESIAN_POINT('',(0.00888260610802088,0.0271074399290616,0.00585));
#8423=CARTESIAN_POINT('',(0.00871188690074795,0.0271045355134573,8.64745344837991E-19));
#8424=CARTESIAN_POINT('',(0.00871188690074795,0.0271045355134573,0.00585));
#8425=CARTESIAN_POINT('',(0.00863789843201518,0.0271048746454901,8.68627243771913E-19));
#8426=CARTESIAN_POINT('',(0.00863789843201518,0.0271048746454901,0.00585));
#8427=CARTESIAN_POINT('',(0.00926203112342676,0.0271174274240879,0.00585));
#8428=CARTESIAN_POINT('',(0.00904740535232479,0.0271127121972961,0.00585));
#8429=CARTESIAN_POINT('',(0.00882765444243559,0.027103827907619,0.00585));
#8430=CARTESIAN_POINT('',(0.00863789783372375,0.0271047441161972,0.00585));
#8431=CARTESIAN_POINT('',(0.00926203225406677,0.0271173759600784,0.00585));
#8432=CARTESIAN_POINT('',(0.00926203225406677,0.0271173759600784,-0.0032));
#8433=CARTESIAN_POINT('',(0.00926203225406677,0.0271173759600784,3.46944695195361E-18));
#8434=CARTESIAN_POINT('',(0.00926203225406651,0.0271173759600784,3.46944695195361E-18));
#8435=CARTESIAN_POINT('',(0.00905398226707224,0.0271130901788484,3.44396787507812E-18));
#8436=CARTESIAN_POINT('',(0.00884600535713162,0.0271039207722665,3.49493262354006E-18));
#8437=CARTESIAN_POINT('',(0.00863789846396226,0.0271048746453437,3.46944695195361E-18));
#8438=CARTESIAN_POINT('',(0.0178257169695707,0.0271408557006462,-0.0032));
#8439=CARTESIAN_POINT('',(0.0263696274500635,0.0271642812246094,0.00585));
#8440=CARTESIAN_POINT('',(0.0263696225012347,0.0271642793607051,0.00585));
#8441=CARTESIAN_POINT('',(0.0263715461972985,0.0271642864853924,0.00585));
#8442=CARTESIAN_POINT('',(0.0263715461972985,0.0271642864853924,0.0039));
#8443=CARTESIAN_POINT('',(0.0263715461972985,0.0271642864853924,0.00195000000000001));
#8444=CARTESIAN_POINT('',(0.0263715461972985,0.0271642864853924,9.54097911787244E-18));
#8445=CARTESIAN_POINT('',(0.0263696225012348,0.0271642793607051,6.93889390390723E-18));
#8446=CARTESIAN_POINT('',(0.0178257169695707,0.0271408557006462,3.46944695195361E-18));
#8447=CARTESIAN_POINT('',(0.0298150053736669,0.0239088661288356,2.44393348603791E-19));
#8448=CARTESIAN_POINT('',(0.0298150053736669,0.0239088661288356,0.00585));
#8449=CARTESIAN_POINT('',(0.029811539933817,0.0239607031808816,2.44393348603793E-19));
#8450=CARTESIAN_POINT('',(0.029811539933817,0.0239607031808816,0.00585));
#8451=CARTESIAN_POINT('',(0.0298061724910237,0.0240333371636854,1.03710407769999E-18));
#8452=CARTESIAN_POINT('',(0.0298061724910237,0.0240333371636854,0.00585));
#8453=CARTESIAN_POINT('',(0.0297829281516483,0.0243860230688815,2.31905522840929E-19));
#8454=CARTESIAN_POINT('',(0.0297829281516483,0.0243860230688815,0.00585));
#8455=CARTESIAN_POINT('',(0.0296502721904151,0.0248565511357978,9.24699489132758E-20));
#8456=CARTESIAN_POINT('',(0.0296502721904151,0.0248565511357978,0.00585));
#8457=CARTESIAN_POINT('',(0.029479146812728,0.0252312390319713,1.05465161210424E-18));
#8458=CARTESIAN_POINT('',(0.029479146812728,0.0252312390319713,0.00585));
#8459=CARTESIAN_POINT('',(0.0293583366220292,0.0254164646208653,8.44615793552669E-20));
#8460=CARTESIAN_POINT('',(0.0293583366220292,0.0254164646208653,0.00585));
#8461=CARTESIAN_POINT('',(0.0293544016798911,0.025424114447145,2.11187014424989E-19));
#8462=CARTESIAN_POINT('',(0.0293544016798911,0.025424114447145,0.00585));
#8463=CARTESIAN_POINT('',(0.0293237853885739,0.0254720746085891,3.10049671843957E-19));
#8464=CARTESIAN_POINT('',(0.0293237853885739,0.0254720746085891,0.00585));
#8465=CARTESIAN_POINT('',(0.0291990724854904,0.0256739685301986,-7.41165822926177E-19));
#8466=CARTESIAN_POINT('',(0.0291990724854904,0.0256739685301986,0.00585));
#8467=CARTESIAN_POINT('',(0.0288632934157073,0.0260795974920181,1.0274532676832E-18));
#8468=CARTESIAN_POINT('',(0.0288632934157073,0.0260795974920181,0.00585));
#8469=CARTESIAN_POINT('',(0.0285527288486901,0.0263473578858795,2.85596351775276E-19));
#8470=CARTESIAN_POINT('',(0.0285527288486901,0.0263473578858795,0.00585));
#8471=CARTESIAN_POINT('',(0.0283318418486076,0.0265144053788831,-1.2371697917221E-18));
#8472=CARTESIAN_POINT('',(0.0283318418486076,0.0265144053788831,0.00585));
#8473=CARTESIAN_POINT('',(0.0281051155615459,0.0266655764254914,3.15085055775343E-19));
#8474=CARTESIAN_POINT('',(0.0281051155615459,0.0266655764254914,0.00585));
#8475=CARTESIAN_POINT('',(0.0279000186378332,0.0267873063554814,7.56030922055288E-19));
#8476=CARTESIAN_POINT('',(0.0279000186378332,0.0267873063554814,0.00585));
#8477=CARTESIAN_POINT('',(0.0275575387502024,0.0269542379424872,-4.46491225295375E-20));
#8478=CARTESIAN_POINT('',(0.0275575387502024,0.0269542379424872,0.00585));
#8479=CARTESIAN_POINT('',(0.0272206637939612,0.027054852345051,-3.51149868330115E-20));
#8480=CARTESIAN_POINT('',(0.0272206637939612,0.027054852345051,0.00585));
#8481=CARTESIAN_POINT('',(0.0270858187809472,0.0270990616532979,5.85866783942558E-19));
#8482=CARTESIAN_POINT('',(0.0270858187809472,0.0270990616532979,0.00585));
#8483=CARTESIAN_POINT('',(0.0265529865305854,0.0271745973688224,6.0000567876365E-19));
#8484=CARTESIAN_POINT('',(0.0265529865305854,0.0271745973688224,0.00585));
#8485=CARTESIAN_POINT('',(0.0264073855202145,0.0271644573950482,-9.99844871872552E-22));
#8486=CARTESIAN_POINT('',(0.0264073855202145,0.0271644573950482,0.00585));
#8487=CARTESIAN_POINT('',(0.0263676988051724,0.0271642722360179,-9.99844871738207E-22));
#8488=CARTESIAN_POINT('',(0.0263676988051724,0.0271642722360179,0.00585));
#8489=CARTESIAN_POINT('',(0.0298153426011258,0.0239088865344342,0.00585));
#8490=CARTESIAN_POINT('',(0.0298038890330608,0.0240981707550824,0.00585));
#8491=CARTESIAN_POINT('',(0.0297700004976186,0.0245484770792649,0.00585));
#8492=CARTESIAN_POINT('',(0.029509202036134,0.0252012111887207,0.00585));
#8493=CARTESIAN_POINT('',(0.0291772300241793,0.0257185146187159,0.00585));
#8494=CARTESIAN_POINT('',(0.0287293887250978,0.0262175317122296,0.00585));
#8495=CARTESIAN_POINT('',(0.0282355014863019,0.0265950929192868,0.00585));
#8496=CARTESIAN_POINT('',(0.0276645973545883,0.0269231675599256,0.00585));
#8497=CARTESIAN_POINT('',(0.0270483363641221,0.027124604980198,0.00585));
#8498=CARTESIAN_POINT('',(0.0265686744063473,0.0271682483188336,0.00585));
#8499=CARTESIAN_POINT('',(0.026367698805171,0.0271642722360179,0.00585));
#8500=CARTESIAN_POINT('',(0.0298150053736668,0.0239088661288365,0.00585));
#8501=CARTESIAN_POINT('',(0.0298150053736668,0.0239088661288365,-0.0032));
#8502=CARTESIAN_POINT('',(0.0298150053736668,0.0239088661288365,6.93889390390723E-18));
#8503=CARTESIAN_POINT('',(0.0298150053736668,0.0239088661288366,6.93889390390723E-18));
#8504=CARTESIAN_POINT('',(0.0298005349705592,0.0241253186057228,6.93713725278029E-18));
#8505=CARTESIAN_POINT('',(0.0297633831178206,0.0245550189070675,8.24858790334062E-18));
#8506=CARTESIAN_POINT('',(0.0294497308674459,0.0253668776044608,7.76975176882722E-18));
#8507=CARTESIAN_POINT('',(0.0285056566285624,0.02660115505304,5.97331539931686E-18));
#8508=CARTESIAN_POINT('',(0.0272473187134288,0.0271683761173554,1.05160635011996E-17));
#8509=CARTESIAN_POINT('',(0.026367698805171,0.0271642722360179,1.04083408558608E-17));
#8510=CARTESIAN_POINT('',(0.274481938603665,0.0158971076768599,-0.00319999999999997));
#8511=CARTESIAN_POINT('',(0.274481938603665,0.0158971076768599,0.00585));
#8512=CARTESIAN_POINT('',(0.274481938603665,0.0158971076768599,3.81639164714897E-17));
#8513=CARTESIAN_POINT('',(0.00552700589791066,0.00196706791185602,-0.0032));
#8514=CARTESIAN_POINT('',(0.0280882258207035,-0.0213955022437865,-0.0032));
#8515=CARTESIAN_POINT('',(0.0280771417682625,-0.0118942656988962,-0.0032));
#8516=CARTESIAN_POINT('',(0.0280993672214479,-0.0309458976860043,-0.0032));
#8517=CARTESIAN_POINT('',(0.0280771417682625,-0.0118942656988962,-0.0032));
#8518=CARTESIAN_POINT('',(0.0280501806762085,-0.0113227765881068,-0.0032));
#8519=CARTESIAN_POINT('',(0.0280041270181532,-0.0103465860080693,-0.0032));
#8520=CARTESIAN_POINT('',(0.0282623977765733,-0.009566355337953,-0.0032));
#8521=CARTESIAN_POINT('',(0.0283792917752776,-0.00882233260075003,-0.0032));
#8522=CARTESIAN_POINT('',(0.0290454277075614,-0.00797317848474149,-0.0032));
#8523=CARTESIAN_POINT('',(0.0296335867521532,-0.00746897992223652,-0.0032));
#8524=CARTESIAN_POINT('',(0.0305792610730907,-0.00745389705703032,-0.0032));
#8525=CARTESIAN_POINT('',(0.0313614048508193,-0.00781802503883934,-0.0032));
#8526=CARTESIAN_POINT('',(0.0320602962210377,-0.00833730887069831,-0.0032));
#8527=CARTESIAN_POINT('',(0.0326384132236444,-0.00892510824647553,-0.0032));
#8528=CARTESIAN_POINT('',(0.0332795548131068,-0.00948590192832517,-0.0032));
#8529=CARTESIAN_POINT('',(0.0341296858572743,-0.00997067813408867,-0.0032));
#8530=CARTESIAN_POINT('',(0.0347454853247977,-0.0102307003497233,-0.0032));
#8531=CARTESIAN_POINT('',(0.0355108691334889,-0.0102744442601252,-0.0032));
#8532=CARTESIAN_POINT('',(0.0361982105833442,-0.0101940264383199,-0.0032));
#8533=CARTESIAN_POINT('',(0.0370501433771127,-0.00981640451235329,-0.0032));
#8534=CARTESIAN_POINT('',(0.0378265612524873,-0.00915398838543847,-0.0032));
#8535=CARTESIAN_POINT('',(0.038399469726945,-0.00822565256147891,-0.0032));
#8536=CARTESIAN_POINT('',(0.0387898562917032,-0.0070226393693825,-0.0032));
#8537=CARTESIAN_POINT('',(0.0390647921796849,-0.00487905775061377,-0.0032));
#8538=CARTESIAN_POINT('',(0.0391629092712621,-0.002315232081654,-0.0032));
#8539=CARTESIAN_POINT('',(0.0389633116039557,-0.000437993938574664,-0.0032));
#8540=CARTESIAN_POINT('',(0.0388100995635518,0.00103293028133886,-0.0032));
#8541=CARTESIAN_POINT('',(0.0382202834203052,0.00282578836990946,-0.0032));
#8542=CARTESIAN_POINT('',(0.037160223553138,0.0040880475991773,-0.0032));
#8543=CARTESIAN_POINT('',(0.0358090338351272,0.00468568536184175,-0.0032));
#8544=CARTESIAN_POINT('',(0.034375850410519,0.0048084184840257,-0.0032));
#8545=CARTESIAN_POINT('',(0.0328651069962885,0.00400142652881117,-0.0032));
#8546=CARTESIAN_POINT('',(0.0321296186360665,0.0031407011705169,-0.0032));
#8547=CARTESIAN_POINT('',(0.0308495332308855,0.00204098662491774,-0.0032));
#8548=CARTESIAN_POINT('',(0.0294854201307783,0.0016430677263946,-0.0032));
#8549=CARTESIAN_POINT('',(0.0283276616460226,0.00244814363739217,-0.0032));
#8550=CARTESIAN_POINT('',(0.027867530606244,0.00373044834943227,-0.0032));
#8551=CARTESIAN_POINT('',(0.027805031330857,0.00457288517264881,-0.0032));
#8552=CARTESIAN_POINT('',(0.0278214756178788,0.00625542099603391,-0.0032));
#8553=CARTESIAN_POINT('',(0.0278321159395671,0.00734411048370417,-0.0032));
#8554=CARTESIAN_POINT('',(0.0278321159395671,0.00734411048370417,-0.0032));
#8555=CARTESIAN_POINT('',(0.274481938603665,0.0158971076768599,-0.00319999999999997));
#8556=CARTESIAN_POINT('',(0.0278128316229775,0.0238746036854595,-0.0032));
#8557=CARTESIAN_POINT('',(0.0278194597138345,0.0237754587844947,-0.0032));
#8558=CARTESIAN_POINT('',(0.0278172503502155,0.0238085070848163,-0.0032));
#8559=CARTESIAN_POINT('',(0.0278150409865965,0.0238415553851379,-0.0032));
#8560=CARTESIAN_POINT('',(0.0278128316229775,0.0238746036854595,-0.0032));
#8561=CARTESIAN_POINT('',(0.0278064522625662,0.0239700280044438,-0.0032));
#8562=CARTESIAN_POINT('',(0.0277945715997142,0.0241477423972091,-0.0032));
#8563=CARTESIAN_POINT('',(0.0276692020428012,0.024346405636557,-0.0032));
#8564=CARTESIAN_POINT('',(0.0276442047554864,0.0243867028696679,-0.0032));
#8565=CARTESIAN_POINT('',(0.0274874085989841,0.024634972718591,-0.0032));
#8566=CARTESIAN_POINT('',(0.0272037472146694,0.0248648118429511,-0.0032));
#8567=CARTESIAN_POINT('',(0.0270072341754518,0.0249937934401645,-0.0032));
#8568=CARTESIAN_POINT('',(0.0268310745852959,0.025086605629398,-0.0032));
#8569=CARTESIAN_POINT('',(0.0266752732754347,0.0251315231417745,-0.0032));
#8570=CARTESIAN_POINT('',(0.0265376175763046,0.0251650432279486,-0.0032));
#8571=CARTESIAN_POINT('',(0.026431753728515,0.0251645493184027,-0.0032));
#8572=CARTESIAN_POINT('',(0.0263770297369419,0.0251642940027083,-0.0032));
#8573=CARTESIAN_POINT('',(0.0263770297369419,0.0251642940027083,-0.0032));
#8574=CARTESIAN_POINT('',(0.0178312005092141,0.025140863217962,-0.0032));
#8575=CARTESIAN_POINT('',(0.00928537128148627,0.0251174324332158,-0.0032));
#8576=CARTESIAN_POINT('',(0.00928537128148627,0.0251174324332158,-0.0032));
#8577=CARTESIAN_POINT('',(0.00892259260003384,0.0251099592769513,-0.0032));
#8578=CARTESIAN_POINT('',(0.00832438014798971,0.0250784294120965,-0.0032));
#8579=CARTESIAN_POINT('',(0.00740676835190707,0.0252498272626557,-0.0032));
#8580=CARTESIAN_POINT('',(0.00661929334664657,0.025527746452697,-0.0032));
#8581=CARTESIAN_POINT('',(0.00595241964224838,0.0262534257272792,-0.0032));
#8582=CARTESIAN_POINT('',(0.00588688567658383,0.0268015385600631,-0.0032));
#8583=CARTESIAN_POINT('',(0.00594191657668432,0.0273522939375723,-0.0032));
#8584=CARTESIAN_POINT('',(0.00663051330391778,0.0283272439673535,-0.0032));
#8585=CARTESIAN_POINT('',(0.00784770502296106,0.0288823373092326,-0.0032));
#8586=CARTESIAN_POINT('',(0.00873421834507732,0.0297575228968704,-0.0032));
#8587=CARTESIAN_POINT('',(0.00926432101705169,0.0306371375472823,-0.0032));
#8588=CARTESIAN_POINT('',(0.00929335525446162,0.0316437007665338,-0.0032));
#8589=CARTESIAN_POINT('',(0.00925487159626051,0.0321556011714573,-0.0032));
#8590=CARTESIAN_POINT('',(0.00902549604523002,0.0331298966031382,-0.0032));
#8591=CARTESIAN_POINT('',(0.00843755822244599,0.0338623855093298,-0.0032));
#8592=CARTESIAN_POINT('',(0.0077398546037812,0.0346275933566902,-0.0032));
#8593=CARTESIAN_POINT('',(0.00657215008487908,0.0353698734960099,-0.0032));
#8594=CARTESIAN_POINT('',(0.00470394765698326,0.0360393407028926,-0.0032));
#8595=CARTESIAN_POINT('',(0.0024063447862828,0.0362665209310153,-0.0032));
#8596=CARTESIAN_POINT('',(0.0003448132349912,0.0362872861119124,-0.0032));
#8597=CARTESIAN_POINT('',(-0.00122169538924018,0.0362625095819656,-0.0032));
#8598=CARTESIAN_POINT('',(-0.00304031925917715,0.0359903511716877,-0.0032));
#8599=CARTESIAN_POINT('',(-0.00451191906222086,0.0354711482802237,-0.0032));
#8600=CARTESIAN_POINT('',(-0.00576775467466963,0.0349365158862297,-0.0032));
#8601=CARTESIAN_POINT('',(-0.00654285575777724,0.0340688354044418,-0.0032));
#8602=CARTESIAN_POINT('',(-0.00718342859968944,0.0333937585951978,-0.0032));
#8603=CARTESIAN_POINT('',(-0.0075990689760733,0.0324249414108491,-0.0032));
#8604=CARTESIAN_POINT('',(-0.00762937142092875,0.0315672404937926,-0.0032));
#8605=CARTESIAN_POINT('',(-0.00764832644170112,0.0306293080182982,-0.0032));
#8606=CARTESIAN_POINT('',(-0.00701226903288076,0.0296143851090559,-0.0032));
#8607=CARTESIAN_POINT('',(-0.00606509144659935,0.0288248045103474,-0.0032));
#8608=CARTESIAN_POINT('',(-0.00519712883330485,0.0283844985904771,-0.0032));
#8609=CARTESIAN_POINT('',(-0.00441206446242978,0.0275685634941426,-0.0032));
#8610=CARTESIAN_POINT('',(-0.00432420992889217,0.0265460325830501,-0.0032));
#8611=CARTESIAN_POINT('',(-0.00482494943442531,0.0256668465375426,-0.0032));
#8612=CARTESIAN_POINT('',(-0.00576223380310584,0.0251391840194418,-0.0032));
#8613=CARTESIAN_POINT('',(-0.00682130367956284,0.0250774826278125,-0.0032));
#8614=CARTESIAN_POINT('',(-0.00756912940532577,0.0251206902186288,-0.0032));
#8615=CARTESIAN_POINT('',(-0.0079040860367954,0.0251493245413201,-0.0032));
#8616=CARTESIAN_POINT('',(-0.00790408603679541,0.0251493245413202,-0.0032));
#8617=CARTESIAN_POINT('',(-0.017277449995679,0.0250892960066301,-0.0032));
#8618=CARTESIAN_POINT('',(-0.0266508139545627,0.02502926747194,-0.0032));
#8619=CARTESIAN_POINT('',(-0.026477203817494,0.0250613059074847,-0.0032));
#8620=CARTESIAN_POINT('',(-0.0265350738631835,0.0250506264289698,-0.0032));
#8621=CARTESIAN_POINT('',(-0.0265929439088731,0.0250399469504549,-0.0032));
#8622=CARTESIAN_POINT('',(-0.0266508139545627,0.02502926747194,-0.0032));
#8623=CARTESIAN_POINT('',(-0.0267732162343092,0.0250066790585191,-0.0032));
#8624=CARTESIAN_POINT('',(-0.0270235576589786,0.0249604804451554,-0.0032));
#8625=CARTESIAN_POINT('',(-0.0274106795898524,0.0247923856754452,-0.0032));
#8626=CARTESIAN_POINT('',(-0.0276702985570651,0.0245450565197845,-0.0032));
#8627=CARTESIAN_POINT('',(-0.0278966219227367,0.0242696058354597,-0.0032));
#8628=CARTESIAN_POINT('',(-0.0280798156879145,0.0239055987163897,-0.0032));
#8629=CARTESIAN_POINT('',(-0.028089603012762,0.0237159631297447,-0.0032));
#8630=CARTESIAN_POINT('',(-0.0280940146223562,0.0236304854137733,-0.0032));
#8631=CARTESIAN_POINT('',(-0.0280949001526097,0.023613327707072,-0.0032));
#8632=CARTESIAN_POINT('',(-0.0280957856828633,0.0235961700003707,-0.0032));
#8633=CARTESIAN_POINT('',(-0.0280966712131168,0.0235790122936693,-0.0032));
#8634=CARTESIAN_POINT('',(-0.0280940146223562,0.0236304854137733,-0.0032));
#8635=CARTESIAN_POINT('',(-0.0280943269325371,0.0147701018910782,-0.0032));
#8636=CARTESIAN_POINT('',(-0.028094639242718,0.00590971836838314,-0.0032));
#8637=CARTESIAN_POINT('',(-0.028094639242718,0.00590971836838314,-0.0032));
#8638=CARTESIAN_POINT('',(-0.0280989391154927,0.00571477622769051,-0.0032));
#8639=CARTESIAN_POINT('',(-0.028107804918916,0.00531282975418643,-0.0032));
#8640=CARTESIAN_POINT('',(-0.028033967375097,0.00463616398964321,-0.0032));
#8641=CARTESIAN_POINT('',(-0.0279290742235584,0.00400054735527137,-0.0032));
#8642=CARTESIAN_POINT('',(-0.0276387448558118,0.00325375767068294,-0.0032));
#8643=CARTESIAN_POINT('',(-0.0272753039306153,0.00271207604245062,-0.0032));
#8644=CARTESIAN_POINT('',(-0.0266292701553357,0.00198796836552321,-0.0032));
#8645=CARTESIAN_POINT('',(-0.0255733263806094,0.00155464756340947,-0.0032));
#8646=CARTESIAN_POINT('',(-0.024502338628731,0.00155924082353149,-0.0032));
#8647=CARTESIAN_POINT('',(-0.023531400791063,0.00209452782142623,-0.0032));
#8648=CARTESIAN_POINT('',(-0.0228006323606002,0.00293161951827635,-0.0032));
#8649=CARTESIAN_POINT('',(-0.0223117453721516,0.00342642272760063,-0.0032));
#8650=CARTESIAN_POINT('',(-0.0215386992537226,0.00407628919070511,-0.0032));
#8651=CARTESIAN_POINT('',(-0.0204378170290375,0.00459593206312321,-0.0032));
#8652=CARTESIAN_POINT('',(-0.0195876125695762,0.00467477639262881,-0.0032));
#8653=CARTESIAN_POINT('',(-0.0186037346961014,0.00457808591394388,-0.0032));
#8654=CARTESIAN_POINT('',(-0.0176909153211266,0.00422766480536787,-0.0032));
#8655=CARTESIAN_POINT('',(-0.0167255362996857,0.00300580207837846,-0.0032));
#8656=CARTESIAN_POINT('',(-0.0162365613102142,0.00167654684479156,-0.0032));
#8657=CARTESIAN_POINT('',(-0.0159171533518181,-0.00104443820156376,-0.0032));
#8658=CARTESIAN_POINT('',(-0.0158639425226039,-0.00259882863606992,-0.0032));
#8659=CARTESIAN_POINT('',(-0.0160271798939947,-0.0053952135423466,-0.0032));
#8660=CARTESIAN_POINT('',(-0.0163297034134786,-0.00687548454093546,-0.0032));
#8661=CARTESIAN_POINT('',(-0.0169773904651172,-0.0083883523337187,-0.0032));
#8662=CARTESIAN_POINT('',(-0.0179168652053262,-0.00924287381808872,-0.0032));
#8663=CARTESIAN_POINT('',(-0.0189526916853301,-0.00958508000451674,-0.0032));
#8664=CARTESIAN_POINT('',(-0.0200405481830481,-0.0096413701610155,-0.0032));
#8665=CARTESIAN_POINT('',(-0.0209630981658835,-0.00938252236387731,-0.0032));
#8666=CARTESIAN_POINT('',(-0.0217559301076242,-0.00899657949834313,-0.0032));
#8667=CARTESIAN_POINT('',(-0.0224845769258476,-0.00841562504461904,-0.0032));
#8668=CARTESIAN_POINT('',(-0.0228496014824901,-0.00805721377575107,-0.0032));
#8669=CARTESIAN_POINT('',(-0.0234160384208769,-0.00750226434150902,-0.0032));
#8670=CARTESIAN_POINT('',(-0.0240253558873434,-0.00711335247696905,-0.0032));
#8671=CARTESIAN_POINT('',(-0.0247290364522156,-0.00685795915243092,-0.0032));
#8672=CARTESIAN_POINT('',(-0.0254876020353005,-0.00682158484817139,-0.0032));
#8673=CARTESIAN_POINT('',(-0.0260246686337781,-0.00711815885043512,-0.0032));
#8674=CARTESIAN_POINT('',(-0.0265940149935437,-0.00736937351742976,-0.0032));
#8675=CARTESIAN_POINT('',(-0.0269151174876667,-0.00768195963031123,-0.0032));
#8676=CARTESIAN_POINT('',(-0.0274263562454098,-0.00828548160915754,-0.0032));
#8677=CARTESIAN_POINT('',(-0.0277273543664956,-0.00882194162592081,-0.0032));
#8678=CARTESIAN_POINT('',(-0.0279519903645156,-0.00948993336412193,-0.0032));
#8679=CARTESIAN_POINT('',(-0.0280131938001286,-0.0102468862641525,-0.0032));
#8680=CARTESIAN_POINT('',(-0.0280482214631888,-0.0106801019957391,-0.0032));
#8681=CARTESIAN_POINT('',(-0.0280482214631888,-0.0106801019957391,-0.0032));
#8682=CARTESIAN_POINT('',(-0.028036567860197,-0.0206695565941395,-0.0032));
#8683=CARTESIAN_POINT('',(-0.0280249142572051,-0.03065901119254,-0.0032));
#8684=CARTESIAN_POINT('',(-0.0280249142572051,-0.03065901119254,-0.0032));
#8685=CARTESIAN_POINT('',(-0.0280239802575591,-0.0307731954750255,-0.0032));
#8686=CARTESIAN_POINT('',(-0.028022673689,-0.0309329274343426,-0.0032));
#8687=CARTESIAN_POINT('',(-0.0280293661235971,-0.0309723667346501,-0.0032));
#8688=CARTESIAN_POINT('',(-0.0279582111659783,-0.0314217202596562,-0.0032));
#8689=CARTESIAN_POINT('',(-0.0278115287837267,-0.0317337706137695,-0.0032));
#8690=CARTESIAN_POINT('',(-0.0274756357418688,-0.0320885685839634,-0.0032));
#8691=CARTESIAN_POINT('',(-0.0272230405438441,-0.0322176298307256,-0.0032));
#8692=CARTESIAN_POINT('',(-0.0269661568742563,-0.0323208718795332,-0.0032));
#8693=CARTESIAN_POINT('',(-0.02683184557461,-0.0323404227872031,-0.0032));
#8694=CARTESIAN_POINT('',(-0.0267699809666336,-0.0323494280551275,-0.0032));
#8695=CARTESIAN_POINT('',(-0.0267699809666336,-0.0323494280551275,-0.0032));
#8696=CARTESIAN_POINT('',(-0.0171006216588975,-0.0323437879656155,-0.0032));
#8697=CARTESIAN_POINT('',(-0.0074312623511613,-0.0323381478761037,-0.0032));
#8698=CARTESIAN_POINT('',(0.010139389292546,-0.0323498888047211,-0.0032));
#8699=CARTESIAN_POINT('',(0.00978043317432507,-0.0323516179734726,-0.0032));
#8700=CARTESIAN_POINT('',(0.00906389721693954,-0.0323550696811436,-0.0032));
#8701=CARTESIAN_POINT('',(0.00799313224233143,-0.0323228937006262,-0.0032));
#8702=CARTESIAN_POINT('',(0.00698091880449485,-0.0320247320529923,-0.0032));
#8703=CARTESIAN_POINT('',(0.00610253482826176,-0.0315045287759154,-0.0032));
#8704=CARTESIAN_POINT('',(0.00521996644350775,-0.0307151180036702,-0.0032));
#8705=CARTESIAN_POINT('',(0.00473486247302082,-0.0294427566813596,-0.0032));
#8706=CARTESIAN_POINT('',(0.00490047679857651,-0.0282259401062829,-0.0032));
#8707=CARTESIAN_POINT('',(0.00569037574645652,-0.0268700982379217,-0.0032));
#8708=CARTESIAN_POINT('',(0.00665716953496391,-0.0259376461868438,-0.0032));
#8709=CARTESIAN_POINT('',(0.00745788347112099,-0.0248081355143084,-0.0032));
#8710=CARTESIAN_POINT('',(0.00790447128416111,-0.0235042716229334,-0.0032));
#8711=CARTESIAN_POINT('',(0.00772432011885443,-0.0224332920894201,-0.0032));
#8712=CARTESIAN_POINT('',(0.00700365870588814,-0.0215584477119093,-0.0032));
#8713=CARTESIAN_POINT('',(0.0061972005228267,-0.0209545074574568,-0.0032));
#8714=CARTESIAN_POINT('',(0.00505502946238434,-0.0205543137716827,-0.0032));
#8715=CARTESIAN_POINT('',(0.00347575847986415,-0.0201057292344708,-0.0032));
#8716=CARTESIAN_POINT('',(0.00197782082373459,-0.0199927044535618,-0.0032));
#8717=CARTESIAN_POINT('',(0.000247521181391423,-0.0198806945489024,-0.0032));
#8718=CARTESIAN_POINT('',(-0.00113079624332454,-0.0200228579946095,-0.0032));
#8719=CARTESIAN_POINT('',(-0.00272857684995028,-0.0203240902585387,-0.0032));
#8720=CARTESIAN_POINT('',(-0.00392485117195167,-0.0207587718785735,-0.0032));
#8721=CARTESIAN_POINT('',(-0.00497006954356707,-0.0212792894010175,-0.0032));
#8722=CARTESIAN_POINT('',(-0.00612008785870141,-0.0223780901626137,-0.0032));
#8723=CARTESIAN_POINT('',(-0.00628238489545238,-0.0234721461574204,-0.0032));
#8724=CARTESIAN_POINT('',(-0.00602665445340377,-0.024566171817094,-0.0032));
#8725=CARTESIAN_POINT('',(-0.00529169343404171,-0.0254269916270893,-0.0032));
#8726=CARTESIAN_POINT('',(-0.00436972428638707,-0.02634617507107,-0.0032));
#8727=CARTESIAN_POINT('',(-0.00379523812763028,-0.0269780086313939,-0.0032));
#8728=CARTESIAN_POINT('',(-0.00324376692223135,-0.0279967491693704,-0.0032));
#8729=CARTESIAN_POINT('',(-0.00307065018970079,-0.0288856781523024,-0.0032));
#8730=CARTESIAN_POINT('',(-0.00308670402058,-0.0296341303512386,-0.0032));
#8731=CARTESIAN_POINT('',(-0.00334776744015512,-0.0303635588214132,-0.0032));
#8732=CARTESIAN_POINT('',(-0.00369231468636733,-0.0308784105426681,-0.0032));
#8733=CARTESIAN_POINT('',(-0.0041592682936005,-0.0313833245323807,-0.0032));
#8734=CARTESIAN_POINT('',(-0.00493400160863113,-0.031926222970074,-0.0032));
#8735=CARTESIAN_POINT('',(-0.00608302965574494,-0.0322440622334865,-0.0032));
#8736=CARTESIAN_POINT('',(-0.00669396000105033,-0.0323590543797797,-0.0032));
#8737=CARTESIAN_POINT('',(-0.00717981064973591,-0.032345277889889,-0.0032));
#8738=CARTESIAN_POINT('',(-0.0074312623511613,-0.0323381478761037,-0.0032));
#8739=CARTESIAN_POINT('',(0.010139389292546,-0.0323498888047211,-0.0032));
#8740=CARTESIAN_POINT('',(0.0181936556179191,-0.0323404927740147,-0.0032));
#8741=CARTESIAN_POINT('',(0.0262479219432923,-0.0323310967433083,-0.0032));
#8742=CARTESIAN_POINT('',(0.0262479219432923,-0.0323310967433083,-0.0032));
#8743=CARTESIAN_POINT('',(0.0263397140772473,-0.0323315045685542,-0.0032));
#8744=CARTESIAN_POINT('',(0.0265454503962862,-0.0323324186388702,-0.0032));
#8745=CARTESIAN_POINT('',(0.026996010441463,-0.0323216356215974,-0.0032));
#8746=CARTESIAN_POINT('',(0.0274033733939864,-0.0321149368428857,-0.0032));
#8747=CARTESIAN_POINT('',(0.0276423540463378,-0.031930944177695,-0.0032));
#8748=CARTESIAN_POINT('',(0.0278841554509796,-0.0316695483720921,-0.0032));
#8749=CARTESIAN_POINT('',(0.0279974271253406,-0.0314062519346945,-0.0032));
#8750=CARTESIAN_POINT('',(0.0280606883634925,-0.0312415103637537,-0.0032));
#8751=CARTESIAN_POINT('',(0.0280853726912825,-0.0310528543221278,-0.0032));
#8752=CARTESIAN_POINT('',(0.0280993672214479,-0.0309458976860043,-0.0032));
#8753=CARTESIAN_POINT('',(0.0281050522773991,-0.030902448248722,-0.0032));
#8754=CARTESIAN_POINT('',(0.0281107373333503,-0.0308589988114396,-0.0032));
#8755=CARTESIAN_POINT('',(0.0281164223893015,-0.0308155493741572,-0.0032));
#8756=CARTESIAN_POINT('',(0.0197768891768425,-0.0408888328367817,-0.0032));
#8757=CARTESIAN_POINT('',(0.0197728406699983,-0.0374184575940891,-0.0032));
#8758=CARTESIAN_POINT('',(0.0197809376836867,-0.0443592080794743,-0.0032));
#8759=CARTESIAN_POINT('',(0.0201842577217409,-0.0443587375701431,-0.0032));
#8760=CARTESIAN_POINT('',(0.0205875777597951,-0.0443582670608119,-0.0032));
#8761=CARTESIAN_POINT('',(0.0205856726843486,-0.0427252386581441,-0.0032));
#8762=CARTESIAN_POINT('',(0.0205837676089022,-0.0410922102554764,-0.0032));
#8763=CARTESIAN_POINT('',(0.0224119998717958,-0.0410900774570579,-0.0032));
#8764=CARTESIAN_POINT('',(0.0242402321346895,-0.0410879446586394,-0.0032));
#8765=CARTESIAN_POINT('',(0.024242137210136,-0.0427209730613072,-0.0032));
#8766=CARTESIAN_POINT('',(0.0242440422855825,-0.044354001463975,-0.0032));
#8767=CARTESIAN_POINT('',(0.0246473623236367,-0.0443535309546438,-0.0032));
#8768=CARTESIAN_POINT('',(0.0250506823616909,-0.0443530604453126,-0.0032));
#8769=CARTESIAN_POINT('',(0.0250466338548467,-0.04088268520262,-0.0032));
#8770=CARTESIAN_POINT('',(0.0250425853480025,-0.0374123099599274,-0.0032));
#8771=CARTESIAN_POINT('',(0.0246392653099484,-0.0374127804692585,-0.0032));
#8772=CARTESIAN_POINT('',(0.0242359452718941,-0.0374132509785898,-0.0032));
#8773=CARTESIAN_POINT('',(0.0242376678145304,-0.0388898124738392,-0.0032));
#8774=CARTESIAN_POINT('',(0.0242393903571666,-0.0403663739690885,-0.0032));
#8775=CARTESIAN_POINT('',(0.022411158094273,-0.040368506767507,-0.0032));
#8776=CARTESIAN_POINT('',(0.0205829258313793,-0.0403706395659255,-0.0032));
#8777=CARTESIAN_POINT('',(0.020581203288743,-0.038894078070676,-0.0032));
#8778=CARTESIAN_POINT('',(0.0205794807461067,-0.0374175165754266,-0.0032));
#8779=CARTESIAN_POINT('',(0.0201761607080526,-0.0374179870847578,-0.0032));
#8780=CARTESIAN_POINT('',(0.0130969144541626,-0.0443670055975809,-0.0032));
#8781=CARTESIAN_POINT('',(0.0126791630023174,-0.0443674929424625,-0.0032));
#8782=CARTESIAN_POINT('',(0.0135146659060079,-0.0443665182526992,-0.0032));
#8783=CARTESIAN_POINT('',(0.013945561295075,-0.0432623906913013,-0.0032));
#8784=CARTESIAN_POINT('',(0.0143764566841421,-0.0421582631299035,-0.0032));
#8785=CARTESIAN_POINT('',(0.0157671892447396,-0.0421566407144884,-0.0032));
#8786=CARTESIAN_POINT('',(0.0171579218053372,-0.0421550182990732,-0.0032));
#8787=CARTESIAN_POINT('',(0.0175860753108827,-0.0432581437021781,-0.0032));
#8788=CARTESIAN_POINT('',(0.0180142288164284,-0.044361269105283,-0.0032));
#8789=CARTESIAN_POINT('',(0.0184228656911425,-0.0443607923933805,-0.0032));
#8790=CARTESIAN_POINT('',(0.0188315025658566,-0.0443603156814781,-0.0032));
#8791=CARTESIAN_POINT('',(0.0174556933652209,-0.0408771092883695,-0.0032));
#8792=CARTESIAN_POINT('',(0.0160798841645854,-0.0373939028952609,-0.0032));
#8793=CARTESIAN_POINT('',(0.0157403661664494,-0.0373942989737374,-0.0032));
#8794=CARTESIAN_POINT('',(0.0154008481683133,-0.0373946950522139,-0.0032));
#8795=CARTESIAN_POINT('',(0.0140400055853153,-0.0408810939973382,-0.0032));
#8796=CARTESIAN_POINT('',(-0.0374989429589728,-0.0236510758585037,-0.0032));
#8797=CARTESIAN_POINT('',(-0.0375003022081518,-0.0224859290819026,-0.0032));
#8798=CARTESIAN_POINT('',(-0.0374975837097938,-0.0248162226351047,-0.0032));
#8799=CARTESIAN_POINT('',(-0.0371367983650184,-0.0248158017463434,-0.0032));
#8800=CARTESIAN_POINT('',(-0.0367760130202429,-0.0248153808575819,-0.0032));
#8801=CARTESIAN_POINT('',(-0.0367773722694219,-0.0236502340809808,-0.0032));
#8802=CARTESIAN_POINT('',(-0.0367787315186009,-0.0224850873043797,-0.0032));
#8803=CARTESIAN_POINT('',(-0.0371395168633764,-0.0224855081931411,-0.0032));
#8804=CARTESIAN_POINT('',(-0.0350416056923867,-0.0179591861837454,-0.0032));
#8805=CARTESIAN_POINT('',(-0.0372722557414332,-0.0187546947554823,-0.0032));
#8806=CARTESIAN_POINT('',(-0.0328109784606324,-0.0171636146655841,-0.0032));
#8807=CARTESIAN_POINT('',(-0.0328114844132276,-0.0167299127037593,-0.0032));
#8808=CARTESIAN_POINT('',(-0.032811990365823,-0.0162962107419345,-0.0032));
#8809=CARTESIAN_POINT('',(-0.0362809071181971,-0.0175504754119373,-0.0032));
#8810=CARTESIAN_POINT('',(-0.0397498238705711,-0.0188047400819402,-0.0032));
#8811=CARTESIAN_POINT('',(-0.0397493586777296,-0.0192035028314289,-0.0032));
#8812=CARTESIAN_POINT('',(-0.0397488934848879,-0.0196022655809175,-0.0032));
#8813=CARTESIAN_POINT('',(-0.0362770668405296,-0.0208423568524779,-0.0032));
#8814=CARTESIAN_POINT('',(-0.0328052401961713,-0.0220824481240384,-0.0032));
#8815=CARTESIAN_POINT('',(-0.0328057390601137,-0.0216548225469676,-0.0032));
#8816=CARTESIAN_POINT('',(-0.0328062379240562,-0.021227196969897,-0.0032));
#8817=CARTESIAN_POINT('',(-0.0350523924763841,-0.0204322907281381,-0.0032));
#8818=CARTESIAN_POINT('',(-0.0372986118165285,-0.0196375657989364,-0.0032));
#8819=CARTESIAN_POINT('',(-0.0415568842966565,-0.0315545945157963,-0.0032));
#8820=CARTESIAN_POINT('',(-0.038803900908761,-0.0192029233858303,-0.0032));
#8821=CARTESIAN_POINT('',(-0.0416001521103445,-0.00681525865325801,-0.0032));
#8822=CARTESIAN_POINT('',(-0.0397740390398224,-0.0123713872173186,-0.0032));
#8823=CARTESIAN_POINT('',(-0.0398525978616404,-0.0127436579359947,-0.0032));
#8824=CARTESIAN_POINT('',(-0.039851982921008,-0.013270784313414,-0.0032));
#8825=CARTESIAN_POINT('',(-0.0397740390398224,-0.0123713872173186,-0.0032));
#8826=CARTESIAN_POINT('',(-0.039851982921008,-0.013270784313414,-0.0032));
#8827=CARTESIAN_POINT('',(-0.039851982921008,-0.013270784313414,-0.0032));
#8828=CARTESIAN_POINT('',(-0.0398506378491345,-0.0144237783205069,-0.0032));
#8829=CARTESIAN_POINT('',(-0.0391465174481169,-0.0150906005838007,-0.0032));
#8830=CARTESIAN_POINT('',(-0.0391465174481169,-0.0150906005838007,-0.0032));
#8831=CARTESIAN_POINT('',(-0.0391465174481169,-0.0150906005838007,-0.0032));
#8832=CARTESIAN_POINT('',(-0.0384423970470994,-0.0157574228470944,-0.0032));
#8833=CARTESIAN_POINT('',(-0.0371952190763178,-0.0157559679011023,-0.0032));
#8834=CARTESIAN_POINT('',(-0.0371952190763178,-0.0157559679011023,-0.0032));
#8835=CARTESIAN_POINT('',(-0.0371952190763178,-0.0157559679011023,-0.0032));
#8836=CARTESIAN_POINT('',(-0.0359358883360279,-0.0157544987778045,-0.0032));
#8837=CARTESIAN_POINT('',(-0.0351960519867085,-0.015133843603322,-0.0032));
#8838=CARTESIAN_POINT('',(-0.0351960519867085,-0.015133843603322,-0.0032));
#8839=CARTESIAN_POINT('',(-0.0351960519867085,-0.015133843603322,-0.0032));
#8840=CARTESIAN_POINT('',(-0.034456215637389,-0.0145131884288396,-0.0032));
#8841=CARTESIAN_POINT('',(-0.0344574348856748,-0.0134680502511322,-0.0032));
#8842=CARTESIAN_POINT('',(-0.0344574348856748,-0.0134680502511322,-0.0032));
#8843=CARTESIAN_POINT('',(-0.0344574348856748,-0.0134680502511322,-0.0032));
#8844=CARTESIAN_POINT('',(-0.0344585743866163,-0.0124912714019086,-0.0032));
#8845=CARTESIAN_POINT('',(-0.0351025761836602,-0.0119223608423283,-0.0032));
#8846=CARTESIAN_POINT('',(-0.0351025761836602,-0.0119223608423283,-0.0032));
#8847=CARTESIAN_POINT('',(-0.0351025761836602,-0.0119223608423283,-0.0032));
#8848=CARTESIAN_POINT('',(-0.0357465779807042,-0.011353450282748,-0.0032));
#8849=CARTESIAN_POINT('',(-0.0368008307355427,-0.0113546801640129,-0.0032));
#8850=CARTESIAN_POINT('',(-0.0368008307355427,-0.0113546801640129,-0.0032));
#8851=CARTESIAN_POINT('',(-0.0370499625104613,-0.0113549707987787,-0.0032));
#8852=CARTESIAN_POINT('',(-0.03729909428538,-0.0113552614335445,-0.0032));
#8853=CARTESIAN_POINT('',(-0.0372970040188784,-0.0131470353879135,-0.0032));
#8854=CARTESIAN_POINT('',(-0.0372949137523769,-0.0149388093422825,-0.0032));
#8855=CARTESIAN_POINT('',(-0.0372949137523769,-0.0149388093422825,-0.0032));
#8856=CARTESIAN_POINT('',(-0.0382109571086707,-0.0149155724176793,-0.0032));
#8857=CARTESIAN_POINT('',(-0.0386861868227523,-0.0144771074201965,-0.0032));
#8858=CARTESIAN_POINT('',(-0.0386861868227523,-0.0144771074201965,-0.0032));
#8859=CARTESIAN_POINT('',(-0.0386861868227523,-0.0144771074201965,-0.0032));
#8860=CARTESIAN_POINT('',(-0.0391614165368339,-0.0140386424227137,-0.0032));
#8861=CARTESIAN_POINT('',(-0.039162346922517,-0.0132411169237365,-0.0032));
#8862=CARTESIAN_POINT('',(-0.039162346922517,-0.0132411169237365,-0.0032));
#8863=CARTESIAN_POINT('',(-0.039162346922517,-0.0132411169237365,-0.0032));
#8864=CARTESIAN_POINT('',(-0.03916332692877,-0.0124010567314804,-0.0032));
#8865=CARTESIAN_POINT('',(-0.0388133726773513,-0.0115803354199746,-0.0032));
#8866=CARTESIAN_POINT('',(-0.0388133726773513,-0.0115803354199746,-0.0032));
#8867=CARTESIAN_POINT('',(-0.0391650434449955,-0.0115807456757568,-0.0032));
#8868=CARTESIAN_POINT('',(-0.0395160579266203,-0.0115811551621606,-0.0032));
#8869=CARTESIAN_POINT('',(-0.0356044827392554,-0.0132987622854044,-0.0032));
#8870=CARTESIAN_POINT('',(-0.0397711031202675,-0.000564192598188086,-0.0032));
#8871=CARTESIAN_POINT('',(-0.0397714442616846,-0.000271766581896411,-0.0032));
#8872=CARTESIAN_POINT('',(-0.0397707619788503,-0.000856618614479762,-0.0032));
#8873=CARTESIAN_POINT('',(-0.0394000112424443,-0.00093441966036669,-0.0032));
#8874=CARTESIAN_POINT('',(-0.0390292605060384,-0.00101222070625362,-0.0032));
#8875=CARTESIAN_POINT('',(-0.0390292383539982,-0.00103120940861022,-0.0032));
#8876=CARTESIAN_POINT('',(-0.0390292162019582,-0.00105019811096682,-0.0032));
#8877=CARTESIAN_POINT('',(-0.0390292162019582,-0.00105019811096682,-0.0032));
#8878=CARTESIAN_POINT('',(-0.0395179115008835,-0.00143965737178238,-0.0032));
#8879=CARTESIAN_POINT('',(-0.0396913969989341,-0.00182647026444989,-0.0032));
#8880=CARTESIAN_POINT('',(-0.0396913969989341,-0.00182647026444989,-0.0032));
#8881=CARTESIAN_POINT('',(-0.0396913969989341,-0.00182647026444989,-0.0032));
#8882=CARTESIAN_POINT('',(-0.0398648824969846,-0.00221328315711741,-0.0032));
#8883=CARTESIAN_POINT('',(-0.0398642055306399,-0.00279357790113517,-0.0032));
#8884=CARTESIAN_POINT('',(-0.0398642055306399,-0.00279357790113517,-0.0032));
#8885=CARTESIAN_POINT('',(-0.0398642055306399,-0.00279357790113517,-0.0032));
#8886=CARTESIAN_POINT('',(-0.039863303499568,-0.00356679786109601,-0.0032));
#8887=CARTESIAN_POINT('',(-0.0394632690468186,-0.00400535058065747,-0.0032));
#8888=CARTESIAN_POINT('',(-0.0394632690468186,-0.00400535058065747,-0.0032));
#8889=CARTESIAN_POINT('',(-0.0394632690468186,-0.00400535058065747,-0.0032));
#8890=CARTESIAN_POINT('',(-0.0390632345940692,-0.00444390330021893,-0.0032));
#8891=CARTESIAN_POINT('',(-0.0383279920388215,-0.00444304557322722,-0.0032));
#8892=CARTESIAN_POINT('',(-0.0383279920388215,-0.00444304557322722,-0.0032));
#8893=CARTESIAN_POINT('',(-0.0383279920388215,-0.00444304557322722,-0.0032));
#8894=CARTESIAN_POINT('',(-0.0367526892913178,-0.00444120783998257,-0.0032));
#8895=CARTESIAN_POINT('',(-0.0366796745006501,-0.00192093865505402,-0.0032));
#8896=CARTESIAN_POINT('',(-0.0366796745006501,-0.00192093865505402,-0.0032));
#8897=CARTESIAN_POINT('',(-0.0366657579002705,-0.00147962437673612,-0.0032));
#8898=CARTESIAN_POINT('',(-0.0366518412998908,-0.00103831009841823,-0.0032));
#8899=CARTESIAN_POINT('',(-0.0364900575558125,-0.00103812136303679,-0.0032));
#8900=CARTESIAN_POINT('',(-0.0363282738117343,-0.00103793262765535,-0.0032));
#8901=CARTESIAN_POINT('',(-0.0363282738117343,-0.00103793262765535,-0.0032));
#8902=CARTESIAN_POINT('',(-0.0357160780477574,-0.00103721844588332,-0.0032));
#8903=CARTESIAN_POINT('',(-0.0354241049953254,-0.00129968183116313,-0.0032));
#8904=CARTESIAN_POINT('',(-0.0354241049953254,-0.00129968183116313,-0.0032));
#8905=CARTESIAN_POINT('',(-0.0354241049953254,-0.00129968183116313,-0.0032));
#8906=CARTESIAN_POINT('',(-0.0351321319428934,-0.00156214521644295,-0.0032));
#8907=CARTESIAN_POINT('',(-0.0351314549765486,-0.00214243996046071,-0.0032));
#8908=CARTESIAN_POINT('',(-0.0351314549765486,-0.00214243996046071,-0.0032));
#8909=CARTESIAN_POINT('',(-0.0351314549765486,-0.00214243996046071,-0.0032));
#8910=CARTESIAN_POINT('',(-0.0351306964906965,-0.00279261312915078,-0.0032));
#8911=CARTESIAN_POINT('',(-0.0355277427239596,-0.00361338937771598,-0.0032));
#8912=CARTESIAN_POINT('',(-0.0355277427239596,-0.00361338937771598,-0.0032));
#8913=CARTESIAN_POINT('',(-0.0352260603574803,-0.00373456529840183,-0.0032));
#8914=CARTESIAN_POINT('',(-0.034924038998787,-0.00385587738115149,-0.0032));
#8915=CARTESIAN_POINT('',(-0.0382044559599482,-0.00210736346158691,-0.0032));
#8916=CARTESIAN_POINT('',(-0.0345989415269151,-0.00301297466965974,-0.0032));
#8917=CARTESIAN_POINT('',(-0.0381395445698223,-0.00209265799733567,-0.0032));
#8918=CARTESIAN_POINT('',(-0.0344813385170812,-0.00209307039657564,-0.0032));
#8919=CARTESIAN_POINT('',(-0.0344813385170812,-0.00209307039657564,-0.0032));
#8920=CARTESIAN_POINT('',(-0.0344824230809632,-0.00116338352919639,-0.0032));
#8921=CARTESIAN_POINT('',(-0.0348953813703761,-0.00071497174779675,-0.0032));
#8922=CARTESIAN_POINT('',(-0.0348953813703761,-0.00071497174779675,-0.0032));
#8923=CARTESIAN_POINT('',(-0.0348953813703761,-0.00071497174779675,-0.0032));
#8924=CARTESIAN_POINT('',(-0.0353083396597888,-0.000266559966397108,-0.0032));
#8925=CARTESIAN_POINT('',(-0.0362197973729058,-0.000267623264320723,-0.0032));
#8926=CARTESIAN_POINT('',(-0.0362197973729058,-0.000267623264320723,-0.0032));
#8927=CARTESIAN_POINT('',(-0.0379956208172952,-0.000269694923108568,-0.0032));
#8928=CARTESIAN_POINT('',(0.041838850319122,0.0242959368765354,-0.0032));
#8929=CARTESIAN_POINT('',(0.0418390600337707,0.0241161697296301,-0.0032));
#8930=CARTESIAN_POINT('',(0.0418386406044734,0.0244757040234406,-0.0032));
#8931=CARTESIAN_POINT('',(0.274492367515642,0.0159075609497941,-0.00319999999999997));
#8932=CARTESIAN_POINT('',(0.0420705943336489,0.00267645777232957,-0.0032));
#8933=CARTESIAN_POINT('',(0.0420873305913021,-0.0116698423454081,-0.0032));
#8934=CARTESIAN_POINT('',(0.042110559319091,-0.0315814801270985,-0.0032));
#8935=CARTESIAN_POINT('',(0.0273935299335362,-0.0315986488739995,-0.0032));
#8936=CARTESIAN_POINT('',(0.0274106986804372,-0.0463156782595542,-0.0032));
#8937=CARTESIAN_POINT('',(0.0264636117522685,-0.0463167831221822,-0.0032));
#8938=CARTESIAN_POINT('',(0.0255165248240997,-0.0463178879848102,-0.0032));
#8939=CARTESIAN_POINT('',(-0.000809455738898172,-0.0463332437992067,-0.0032));
#8940=CARTESIAN_POINT('',(-0.027135436301896,-0.0463485996136033,-0.0032));
#8941=CARTESIAN_POINT('',(-0.0272125003300717,-0.0463486895157677,-0.0032));
#8942=CARTESIAN_POINT('',(-0.0272895643582472,-0.046348779417932,-0.0032));
#8943=CARTESIAN_POINT('',(-0.0273067331127033,-0.0316317435561553,-0.0032));
#8944=CARTESIAN_POINT('',(-0.04202376897448,-0.0316489123106114,-0.0032));
#8945=CARTESIAN_POINT('',(-0.0420564048251,-0.00367350004744,-0.0032));
#8946=CARTESIAN_POINT('',(-0.04208904067572,0.0243019122157314,-0.0032));
#8947=CARTESIAN_POINT('',(-0.0273720048139432,0.0243190809701875,-0.0032));
#8948=CARTESIAN_POINT('',(-0.0273891735683993,0.0390361168319642,-0.0032));
#8949=CARTESIAN_POINT('',(-0.0246078152949421,0.0390393615381468,-0.0032));
#8950=CARTESIAN_POINT('',(-0.0218264570214848,0.0390426062443296,-0.0032));
#8951=CARTESIAN_POINT('',(0.00226034820255892,0.0391086469682183,-0.0032));
#8952=CARTESIAN_POINT('',(0.0263471534266028,0.0391746876921071,-0.0032));
#8953=CARTESIAN_POINT('',(0.0267257947074216,0.0391751294114342,-0.0032));
#8954=CARTESIAN_POINT('',(0.0271044359882406,0.0391755711307613,-0.0032));
#8955=CARTESIAN_POINT('',(0.0271216047426966,0.0244585352689845,-0.0032));
#8956=CARTESIAN_POINT('',(-0.0134665838460669,0.0329042641769139,-0.0032));
#8957=CARTESIAN_POINT('',(-0.0134677504357888,0.0339042634964479,-0.0032));
#8958=CARTESIAN_POINT('',(-0.013465417256345,0.0319042648573799,-0.0032));
#8959=CARTESIAN_POINT('',(-0.0205498637579277,0.033896001570215,-0.0032));
#8960=CARTESIAN_POINT('',(-0.0276319770800667,0.033887739643982,-0.0032));
#8961=CARTESIAN_POINT('',(-0.0276308104903449,0.032887740324448,-0.0032));
#8962=CARTESIAN_POINT('',(-0.0276296439006229,0.031887741004914,-0.0032));
#8963=CARTESIAN_POINT('',(-0.0205475305784839,0.031896002931147,-0.0032));
#8964=CARTESIAN_POINT('',(0.0361075023379138,-0.0173368836563201,-0.0032));
#8965=CARTESIAN_POINT('',(0.0351075030183799,-0.017338050246042,-0.0032));
#8966=CARTESIAN_POINT('',(0.0371075016574478,-0.0173357170665982,-0.0032));
#8967=CARTESIAN_POINT('',(0.0351157649446128,-0.0244201635681811,-0.0032));
#8968=CARTESIAN_POINT('',(0.0351240268708458,-0.03150227689032,-0.0032));
#8969=CARTESIAN_POINT('',(0.0361240261903798,-0.0315011103005981,-0.0032));
#8970=CARTESIAN_POINT('',(0.0371240255099137,-0.0314999437108762,-0.0032));
#8971=CARTESIAN_POINT('',(0.0371157635836808,-0.0244178303887372,-0.0032));
#8972=CARTESIAN_POINT('',(0.0328770699111567,0.030259036198308,-0.0032));
#8973=CARTESIAN_POINT('',(0.0290612406813412,0.0302545846881188,-0.0032));
#8974=CARTESIAN_POINT('',(-0.0367867045336568,0.0169036020720476,-0.0032));
#8975=CARTESIAN_POINT('',(-0.0372337972971497,0.0173132370269677,-0.0032));
#8976=CARTESIAN_POINT('',(-0.0379447343133809,0.0173124076545873,-0.0032));
#8977=CARTESIAN_POINT('',(-0.0367867045336568,0.0169036020720476,-0.0032));
#8978=CARTESIAN_POINT('',(-0.0379447343133809,0.0173124076545873,-0.0032));
#8979=CARTESIAN_POINT('',(-0.0379447343133809,0.0173124076545873,-0.0032));
#8980=CARTESIAN_POINT('',(-0.0388607493150634,0.017311339040174,-0.0032));
#8981=CARTESIAN_POINT('',(-0.0393734285053833,0.0166461354665293,-0.0032));
#8982=CARTESIAN_POINT('',(-0.0393734285053833,0.0166461354665293,-0.0032));
#8983=CARTESIAN_POINT('',(-0.0393734285053833,0.0166461354665293,-0.0032));
#8984=CARTESIAN_POINT('',(-0.0398861076957031,0.0159809318928846,-0.0032));
#8985=CARTESIAN_POINT('',(-0.0398847785732987,0.0148416097514885,-0.0032));
#8986=CARTESIAN_POINT('',(-0.0398847785732987,0.0148416097514885,-0.0032));
#8987=CARTESIAN_POINT('',(-0.0398847785732987,0.0148416097514885,-0.0032));
#8988=CARTESIAN_POINT('',(-0.0398833395767753,0.0136081036464036,-0.0032));
#8989=CARTESIAN_POINT('',(-0.0395635531697002,0.0129431116701015,-0.0032));
#8990=CARTESIAN_POINT('',(-0.0395635531697002,0.0129431116701015,-0.0032));
#8991=CARTESIAN_POINT('',(-0.039174664545437,0.0129435653438822,-0.0032));
#8992=CARTESIAN_POINT('',(-0.03878620719479,0.0129440185145433,-0.0032));
#8993=CARTESIAN_POINT('',(-0.0340597558437225,0.0148964796436384,-0.0032));
#8994=CARTESIAN_POINT('',(-0.0390707373049904,0.013874933486489,-0.0032));
#8995=CARTESIAN_POINT('',(-0.0343042251402335,0.0148874388986298,-0.0032));
#8996=CARTESIAN_POINT('',(-0.0391769134205454,0.0148712984071245,-0.0032));
#8997=CARTESIAN_POINT('',(-0.0391769134205454,0.0148712984071245,-0.0032));
#8998=CARTESIAN_POINT('',(-0.0391778544392079,0.015677938483233,-0.0032));
#8999=CARTESIAN_POINT('',(-0.0388722332691218,0.016086932448833,-0.0032));
#9000=CARTESIAN_POINT('',(-0.0388722332691218,0.016086932448833,-0.0032));
#9001=CARTESIAN_POINT('',(-0.0388722332691218,0.016086932448833,-0.0032));
#9002=CARTESIAN_POINT('',(-0.0385666120990358,0.0164959264144331,-0.0032));
#9003=CARTESIAN_POINT('',(-0.0380197374711657,0.0164965643931873,-0.0032));
#9004=CARTESIAN_POINT('',(-0.0380197374711657,0.0164965643931873,-0.0032));
#9005=CARTESIAN_POINT('',(-0.0380197374711657,0.0164965643931873,-0.0032));
#9006=CARTESIAN_POINT('',(-0.0376597116744845,0.0164969843958672,-0.0032));
#9007=CARTESIAN_POINT('',(-0.0374293993603363,0.0163521791925885,-0.0032));
#9008=CARTESIAN_POINT('',(-0.0374293993603363,0.0163521791925885,-0.0032));
#9009=CARTESIAN_POINT('',(-0.0374293993603363,0.0163521791925885,-0.0032));
#9010=CARTESIAN_POINT('',(-0.0371990870461881,0.0162073739893097,-0.0032));
#9011=CARTESIAN_POINT('',(-0.0370034871074857,0.0158680837141457,-0.0032));
#9012=CARTESIAN_POINT('',(-0.0370034871074857,0.0158680837141457,-0.0032));
#9013=CARTESIAN_POINT('',(-0.0370034871074857,0.0158680837141457,-0.0032));
#9014=CARTESIAN_POINT('',(-0.0368078871687832,0.0155287934389815,-0.0032));
#9015=CARTESIAN_POINT('',(-0.0365609854798198,0.0148363726674521,-0.0032));
#9016=CARTESIAN_POINT('',(-0.0365609854798198,0.0148363726674521,-0.0032));
#9017=CARTESIAN_POINT('',(-0.0365609854798198,0.0148363726674521,-0.0032));
#9018=CARTESIAN_POINT('',(-0.0362135026808731,0.0138691124485706,-0.0032));
#9019=CARTESIAN_POINT('',(-0.0357383004353212,0.01345419344201,-0.0032));
#9020=CARTESIAN_POINT('',(-0.0357383004353212,0.01345419344201,-0.0032));
#9021=CARTESIAN_POINT('',(-0.0357383004353212,0.01345419344201,-0.0032));
#9022=CARTESIAN_POINT('',(-0.0352630981897693,0.0130392744354495,-0.0032));
#9023=CARTESIAN_POINT('',(-0.0344989928069396,0.0130401658335421,-0.0032));
#9024=CARTESIAN_POINT('',(-0.0344989928069396,0.0130401658335421,-0.0032));
#9025=CARTESIAN_POINT('',(-0.0344989928069396,0.0130401658335421,-0.0032));
#9026=CARTESIAN_POINT('',(-0.0336969100193967,0.0130411015357149,-0.0032));
#9027=CARTESIAN_POINT('',(-0.0332228951231928,0.0136439769754682,-0.0032));
#9028=CARTESIAN_POINT('',(-0.0332228951231928,0.0136439769754682,-0.0032));
#9029=CARTESIAN_POINT('',(-0.0332228951231928,0.0136439769754682,-0.0032));
#9030=CARTESIAN_POINT('',(-0.032748880226989,0.0142468524152215,-0.0032));
#9031=CARTESIAN_POINT('',(-0.0327500392217258,0.0152403413225189,-0.0032));
#9032=CARTESIAN_POINT('',(-0.0327500392217258,0.0152403413225189,-0.0032));
#9033=CARTESIAN_POINT('',(-0.0327500392217258,0.0152403413225189,-0.0032));
#9034=CARTESIAN_POINT('',(-0.032751246064869,0.0162748458269066,-0.0032));
#9035=CARTESIAN_POINT('',(-0.0331320337893549,0.0171433258059432,-0.0032));
#9036=CARTESIAN_POINT('',(-0.0331320337893549,0.0171433258059432,-0.0032));
#9037=CARTESIAN_POINT('',(-0.0334827979193588,0.0170168314525948,-0.0032));
#9038=CARTESIAN_POINT('',(-0.0338335620493627,0.0168903370992463,-0.0032));
#9039=CARTESIAN_POINT('',(-0.0338335620493627,0.0168903370992463,-0.0032));
#9040=CARTESIAN_POINT('',(-0.033472533208307,0.0160309486592193,-0.0032));
#9041=CARTESIAN_POINT('',(-0.0334715868731549,0.0152197512945452,-0.0032));
#9042=CARTESIAN_POINT('',(-0.0334715868731549,0.0152197512945452,-0.0032));
#9043=CARTESIAN_POINT('',(-0.0334715868731549,0.0152197512945452,-0.0032));
#9044=CARTESIAN_POINT('',(-0.033470839020282,0.0145786927029863,-0.0032));
#9045=CARTESIAN_POINT('',(-0.0337453745416442,0.0142175865966706,-0.0032));
#9046=CARTESIAN_POINT('',(-0.0337453745416442,0.0142175865966706,-0.0032));
#9047=CARTESIAN_POINT('',(-0.0337453745416442,0.0142175865966706,-0.0032));
#9048=CARTESIAN_POINT('',(-0.0340199100630064,0.0138564804903548,-0.0032));
#9049=CARTESIAN_POINT('',(-0.0345090590357124,0.0138559098538025,-0.0032));
#9050=CARTESIAN_POINT('',(-0.0345090590357124,0.0138559098538025,-0.0032));
#9051=CARTESIAN_POINT('',(-0.0345090590357124,0.0138559098538025,-0.0032));
#9052=CARTESIAN_POINT('',(-0.0348690848323936,0.0138554898511227,-0.0032));
#9053=CARTESIAN_POINT('',(-0.0351001425173304,0.0139881413988116,-0.0032));
#9054=CARTESIAN_POINT('',(-0.0351001425173304,0.0139881413988116,-0.0032));
#9055=CARTESIAN_POINT('',(-0.0351001425173304,0.0139881413988116,-0.0032));
#9056=CARTESIAN_POINT('',(-0.0353312002022672,0.0141207929465005,-0.0032));
#9057=CARTESIAN_POINT('',(-0.0355237344800629,0.0144365407750688,-0.0032));
#9058=CARTESIAN_POINT('',(-0.0355237344800629,0.0144365407750688,-0.0032));
#9059=CARTESIAN_POINT('',(-0.0355237344800629,0.0144365407750688,-0.0032));
#9060=CARTESIAN_POINT('',(-0.0357162687578585,0.0147522886036371,-0.0032));
#9061=CARTESIAN_POINT('',(-0.0359494489605555,0.0154021906313566,-0.0032));
#9062=CARTESIAN_POINT('',(-0.0359494489605555,0.0154021906313566,-0.0032));
#9063=CARTESIAN_POINT('',(-0.0359494489605555,0.0154021906313566,-0.0032));
#9064=CARTESIAN_POINT('',(-0.0363396117701639,0.0164939671171276,-0.0032));
#9065=CARTESIAN_POINT('',(-0.0367867045336568,0.0169036020720476,-0.0032));
#9066=CARTESIAN_POINT('',(-0.038974144195593,0.00838650450126969,-0.0032));
#9067=CARTESIAN_POINT('',(-0.0392258151227858,0.00860951834797274,-0.0032));
#9068=CARTESIAN_POINT('',(-0.0392262687965665,0.00899840697223595,-0.0032));
#9069=CARTESIAN_POINT('',(-0.038974144195593,0.00838650450126969,-0.0032));
#9070=CARTESIAN_POINT('',(-0.0392262687965665,0.00899840697223595,-0.0032));
#9071=CARTESIAN_POINT('',(-0.0366102715975145,0.0090090427221384,-0.0032));
#9072=CARTESIAN_POINT('',(-0.0391962189124693,0.00940250311127026,-0.0032));
#9073=CARTESIAN_POINT('',(-0.0366189022668146,0.00903995991495823,-0.0032));
#9074=CARTESIAN_POINT('',(-0.0391333750765531,0.00971097242319374,-0.0032));
#9075=CARTESIAN_POINT('',(-0.0394344565708442,0.00971062118437804,-0.0032));
#9076=CARTESIAN_POINT('',(-0.0397359971642671,0.00971026940998164,-0.0032));
#9077=CARTESIAN_POINT('',(-0.0397359971642671,0.00971026940998164,-0.0032));
#9078=CARTESIAN_POINT('',(-0.0397966121500989,0.00958259444361704,-0.0032));
#9079=CARTESIAN_POINT('',(-0.0398373371124233,0.00933341482029185,-0.0032));
#9080=CARTESIAN_POINT('',(-0.0398373371124233,0.00933341482029185,-0.0032));
#9081=CARTESIAN_POINT('',(-0.037069191651577,0.00885305358491041,-0.0032));
#9082=CARTESIAN_POINT('',(-0.0398778281492046,0.00888371450008095,-0.0032));
#9083=CARTESIAN_POINT('',(-0.0398778281492046,0.00888371450008095,-0.0032));
#9084=CARTESIAN_POINT('',(-0.0398760683911411,0.00737525198487246,-0.0032));
#9085=CARTESIAN_POINT('',(-0.038285574681752,0.00737710743974917,-0.0032));
#9086=CARTESIAN_POINT('',(-0.038285574681752,0.00737710743974917,-0.0032));
#9087=CARTESIAN_POINT('',(-0.0367376156656418,0.00737891327405611,-0.0032));
#9088=CARTESIAN_POINT('',(-0.0351896566495316,0.00738071910836305,-0.0032));
#9089=CARTESIAN_POINT('',(-0.0351892215834645,0.00700778099407939,-0.0032));
#9090=CARTESIAN_POINT('',(-0.0351887865173975,0.00663484287979572,-0.0032));
#9091=CARTESIAN_POINT('',(-0.0349988994938314,0.00663506440019647,-0.0032));
#9092=CARTESIAN_POINT('',(-0.0348090124702654,0.00663528592059722,-0.0032));
#9093=CARTESIAN_POINT('',(-0.0346453851479715,0.00700841542850714,-0.0032));
#9094=CARTESIAN_POINT('',(-0.0344817578256775,0.00738154493641706,-0.0032));
#9095=CARTESIAN_POINT('',(-0.0339267213345599,0.00754777414661844,-0.0032));
#9096=CARTESIAN_POINT('',(-0.0333716848434423,0.00771400335681981,-0.0032));
#9097=CARTESIAN_POINT('',(-0.0333719506679232,0.00794186778509904,-0.0032));
#9098=CARTESIAN_POINT('',(-0.0333722164924041,0.00816973221337826,-0.0032));
#9099=CARTESIAN_POINT('',(-0.0339752976792498,0.00816902866458547,-0.0032));
#9100=CARTESIAN_POINT('',(-0.0345783788660954,0.00816832511579268,-0.0032));
#9101=CARTESIAN_POINT('',(-0.0345792596312089,0.00892331592149119,-0.0032));
#9102=CARTESIAN_POINT('',(-0.0345801403963222,0.00967830672718969,-0.0032));
#9103=CARTESIAN_POINT('',(-0.0348862382783107,0.00967794963630368,-0.0032));
#9104=CARTESIAN_POINT('',(-0.0351923361602991,0.00967759254541766,-0.0032));
#9105=CARTESIAN_POINT('',(-0.0351914553951857,0.00892260173971916,-0.0032));
#9106=CARTESIAN_POINT('',(-0.0351905746300724,0.00816761093402065,-0.0032));
#9107=CARTESIAN_POINT('',(-0.0367218235881087,0.00816582459350898,-0.0032));
#9108=CARTESIAN_POINT('',(-0.0382530725461451,0.0081640382529973,-0.0032));
#9109=CARTESIAN_POINT('',(-0.0382530725461451,0.0081640382529973,-0.0032));
#9110=CARTESIAN_POINT('',(-0.0387224732684004,0.00816349065456664,-0.0032));
#9111=CARTESIAN_POINT('',(-0.038974144195593,0.00838650450126969,-0.0032));
#9112=CARTESIAN_POINT('',(-0.0397779507588955,0.0053055950742848,-0.0032));
#9113=CARTESIAN_POINT('',(-0.0397784106352475,0.00569980053520786,-0.0032));
#9114=CARTESIAN_POINT('',(-0.0397774908825436,0.00491138961336174,-0.0032));
#9115=CARTESIAN_POINT('',(-0.0380943323056544,0.00491335317019402,-0.0032));
#9116=CARTESIAN_POINT('',(-0.0364111737287652,0.00491531672702629,-0.0032));
#9117=CARTESIAN_POINT('',(-0.0364111737287652,0.00491531672702629,-0.0032));
#9118=CARTESIAN_POINT('',(-0.0357761915219603,0.00491605749124641,-0.0032));
#9119=CARTESIAN_POINT('',(-0.0354621605619386,0.00462703561903384,-0.0032));
#9120=CARTESIAN_POINT('',(-0.0354621605619386,0.00462703561903384,-0.0032));
#9121=CARTESIAN_POINT('',(-0.0354621605619386,0.00462703561903384,-0.0032));
#9122=CARTESIAN_POINT('',(-0.0351481296019168,0.00433801374682126,-0.0032));
#9123=CARTESIAN_POINT('',(-0.0351474083314919,0.0037197415980903,-0.0032));
#9124=CARTESIAN_POINT('',(-0.0351474083314919,0.0037197415980903,-0.0032));
#9125=CARTESIAN_POINT('',(-0.0351474083314919,0.0037197415980903,-0.0032));
#9126=CARTESIAN_POINT('',(-0.0351464566798503,0.00290398694485066,-0.0032));
#9127=CARTESIAN_POINT('',(-0.0355873110818162,0.00252369808430727,-0.0032));
#9128=CARTESIAN_POINT('',(-0.0355873110818162,0.00252369808430727,-0.0032));
#9129=CARTESIAN_POINT('',(-0.0355873110818162,0.00252369808430727,-0.0032));
#9130=CARTESIAN_POINT('',(-0.0360281654837821,0.00214340922376387,-0.0032));
#9131=CARTESIAN_POINT('',(-0.0370444408339075,0.00214222364657904,-0.0032));
#9132=CARTESIAN_POINT('',(-0.0370444408339075,0.00214222364657904,-0.0032));
#9133=CARTESIAN_POINT('',(-0.0384093487593,0.00214063135793843,-0.0032));
#9134=CARTESIAN_POINT('',(-0.0397742566846926,0.00213903906929781,-0.0032));
#9135=CARTESIAN_POINT('',(-0.0397737968083406,0.00174483360837475,-0.0032));
#9136=CARTESIAN_POINT('',(-0.0397733369319886,0.00135062814745168,-0.0032));
#9137=CARTESIAN_POINT('',(-0.0371718847091341,0.001353662976942,-0.0032));
#9138=CARTESIAN_POINT('',(-0.0345704324862796,0.00135669780643232,-0.0032));
#9139=CARTESIAN_POINT('',(-0.0345708064127161,0.00167722710221177,-0.0032));
#9140=CARTESIAN_POINT('',(-0.0345711803391526,0.00199775639799121,-0.0032));
#9141=CARTESIAN_POINT('',(-0.0349274828262171,0.00206114286563759,-0.0032));
#9142=CARTESIAN_POINT('',(-0.0352837853132816,0.00212452933328396,-0.0032));
#9143=CARTESIAN_POINT('',(-0.0352838074653217,0.00214351803564055,-0.0032));
#9144=CARTESIAN_POINT('',(-0.0352838288438009,0.00216184364250119,-0.0032));
#9145=CARTESIAN_POINT('',(-0.0361580529124242,0.00352465037059714,-0.0032));
#9146=CARTESIAN_POINT('',(-0.0346883774063991,0.00284299785642189,-0.0032));
#9147=CARTESIAN_POINT('',(-0.0346883774063991,0.00284299785642189,-0.0032));
#9148=CARTESIAN_POINT('',(-0.0344769729850212,0.00327998522739098,-0.0032));
#9149=CARTESIAN_POINT('',(-0.034477598558633,0.00381622618194142,-0.0032));
#9150=CARTESIAN_POINT('',(-0.034477598558633,0.00381622618194142,-0.0032));
#9151=CARTESIAN_POINT('',(-0.034477598558633,0.00381622618194142,-0.0032));
#9152=CARTESIAN_POINT('',(-0.0344786955276575,0.00475654672264037,-0.0032));
#9153=CARTESIAN_POINT('',(-0.034932699540935,0.00523073529083843,-0.0032));
#9154=CARTESIAN_POINT('',(-0.034932699540935,0.00523073529083843,-0.0032));
#9155=CARTESIAN_POINT('',(-0.034932699540935,0.00523073529083843,-0.0032));
#9156=CARTESIAN_POINT('',(-0.0353867035542125,0.00570492385903648,-0.0032));
#9157=CARTESIAN_POINT('',(-0.0363847497500756,0.00570375954781013,-0.0032));
#9158=CARTESIAN_POINT('',(-0.0363847497500756,0.00570375954781013,-0.0032));
#9159=CARTESIAN_POINT('',(-0.0380815801926616,0.00570178004150899,-0.0032));
#9160=CARTESIAN_POINT('',(-0.039415638855841,-0.00641990169350844,-0.0032));
#9161=CARTESIAN_POINT('',(-0.0397643325707389,-0.00636789958646,-0.0032));
#9162=CARTESIAN_POINT('',(-0.0390669451409432,-0.00647190380055688,-0.0032));
#9163=CARTESIAN_POINT('',(-0.0390669203306583,-0.00649317114719627,-0.0032));
#9164=CARTESIAN_POINT('',(-0.0390668955203734,-0.00651443849383566,-0.0032));
#9165=CARTESIAN_POINT('',(-0.0390668955203734,-0.00651443849383566,-0.0032));
#9166=CARTESIAN_POINT('',(-0.0398592275241941,-0.00706071909471083,-0.0032));
#9167=CARTESIAN_POINT('',(-0.0398579586553387,-0.00814839196569701,-0.0032));
#9168=CARTESIAN_POINT('',(-0.0398579586553387,-0.00814839196569701,-0.0032));
#9169=CARTESIAN_POINT('',(-0.0398579586553387,-0.00814839196569701,-0.0032));
#9170=CARTESIAN_POINT('',(-0.0398567677616642,-0.00916922460438794,-0.0032));
#9171=CARTESIAN_POINT('',(-0.039158081160078,-0.00973579272181005,-0.0032));
#9172=CARTESIAN_POINT('',(-0.039158081160078,-0.00973579272181005,-0.0032));
#9173=CARTESIAN_POINT('',(-0.039158081160078,-0.00973579272181005,-0.0032));
#9174=CARTESIAN_POINT('',(-0.0384593945584919,-0.0103023608392321,-0.0032));
#9175=CARTESIAN_POINT('',(-0.0371727200868086,-0.0103008598169966,-0.0032));
#9176=CARTESIAN_POINT('',(-0.0371727200868086,-0.0103008598169966,-0.0032));
#9177=CARTESIAN_POINT('',(-0.0371727200868086,-0.0103008598169966,-0.0032));
#9178=CARTESIAN_POINT('',(-0.0358860456151252,-0.0102993587947611,-0.0032));
#9179=CARTESIAN_POINT('',(-0.0351742540639077,-0.00972886657951945,-0.0032));
#9180=CARTESIAN_POINT('',(-0.0351742540639077,-0.00972886657951945,-0.0032));
#9181=CARTESIAN_POINT('',(-0.0351742540639077,-0.00972886657951945,-0.0032));
#9182=CARTESIAN_POINT('',(-0.0344624625126903,-0.00915837436427776,-0.0032));
#9183=CARTESIAN_POINT('',(-0.0344636480898751,-0.00814209901415241,-0.0032));
#9184=CARTESIAN_POINT('',(-0.0344636480898751,-0.00814209901415241,-0.0032));
#9185=CARTESIAN_POINT('',(-0.0344636480898751,-0.00814209901415241,-0.0032));
#9186=CARTESIAN_POINT('',(-0.0344648832876297,-0.00708328897074827,-0.0032));
#9187=CARTESIAN_POINT('',(-0.0352357242999261,-0.00651908367536124,-0.0032));
#9188=CARTESIAN_POINT('',(-0.0352357242999261,-0.00651908367536124,-0.0032));
#9189=CARTESIAN_POINT('',(-0.0352357606292718,-0.00648794220349641,-0.0032));
#9190=CARTESIAN_POINT('',(-0.0352357969586175,-0.00645680073163158,-0.0032));
#9191=CARTESIAN_POINT('',(-0.0350481690855391,-0.00647329192754945,-0.0032));
#9192=CARTESIAN_POINT('',(-0.0348605412124606,-0.00648978312346731,-0.0032));
#9193=CARTESIAN_POINT('',(-0.0346774786026821,-0.00649944370302642,-0.0032));
#9194=CARTESIAN_POINT('',(-0.0344944159929036,-0.00650910428258553,-0.0032));
#9195=CARTESIAN_POINT('',(-0.0334356059494995,-0.00650786908483093,-0.0032));
#9196=CARTESIAN_POINT('',(-0.0323767959060953,-0.00650663388707633,-0.0032));
#9197=CARTESIAN_POINT('',(-0.0323772557824473,-0.00611242842615327,-0.0032));
#9198=CARTESIAN_POINT('',(-0.0323777156587993,-0.0057182229652302,-0.0032));
#9199=CARTESIAN_POINT('',(-0.0360713980412055,-0.00572253198006565,-0.0032));
#9200=CARTESIAN_POINT('',(-0.0397650804236118,-0.00572684099490111,-0.0032));
#9201=CARTESIAN_POINT('',(-0.0397647064971753,-0.00604737029068055,-0.0032));
#9202=CARTESIAN_POINT('',(-0.0211642722001805,-0.0409365944073473,-0.0032));
#9203=CARTESIAN_POINT('',(-0.0211602236933363,-0.0444069696500399,-0.0032));
#9204=CARTESIAN_POINT('',(-0.0211683207070247,-0.0374662191646547,-0.0032));
#9205=CARTESIAN_POINT('',(-0.0221488972967196,-0.0374673630960041,-0.0032));
#9206=CARTESIAN_POINT('',(-0.0231294738864146,-0.0374685070273536,-0.0032));
#9207=CARTESIAN_POINT('',(-0.0231294738864146,-0.0374685070273536,-0.0032));
#9208=CARTESIAN_POINT('',(-0.0245103323217866,-0.0374701179237079,-0.0032));
#9209=CARTESIAN_POINT('',(-0.0251273628940313,-0.0378840324713309,-0.0032));
#9210=CARTESIAN_POINT('',(-0.0251273628940313,-0.0378840324713309,-0.0032));
#9211=CARTESIAN_POINT('',(-0.0251273628940313,-0.0378840324713309,-0.0032));
#9212=CARTESIAN_POINT('',(-0.0257443934662759,-0.0382979470189537,-0.0032));
#9213=CARTESIAN_POINT('',(-0.025743353206474,-0.0391896564816198,-0.0032));
#9214=CARTESIAN_POINT('',(-0.025743353206474,-0.0391896564816198,-0.0032));
#9215=CARTESIAN_POINT('',(-0.025743353206474,-0.0391896564816198,-0.0032));
#9216=CARTESIAN_POINT('',(-0.0257426319360492,-0.0398079286303508,-0.0032));
#9217=CARTESIAN_POINT('',(-0.0253980887982612,-0.0402085686291561,-0.0032));
#9218=CARTESIAN_POINT('',(-0.0253980887982612,-0.0402085686291561,-0.0032));
#9219=CARTESIAN_POINT('',(-0.0253980887982612,-0.0402085686291561,-0.0032));
#9220=CARTESIAN_POINT('',(-0.0250535456604732,-0.0406092086279613,-0.0032));
#9221=CARTESIAN_POINT('',(-0.0243926005897333,-0.0407269272396719,-0.0032));
#9222=CARTESIAN_POINT('',(-0.0243926005897333,-0.0407269272396719,-0.0032));
#9223=CARTESIAN_POINT('',(-0.0243925731212036,-0.040750473230594,-0.0032));
#9224=CARTESIAN_POINT('',(-0.0243925456526739,-0.0407740192215162,-0.0032));
#9225=CARTESIAN_POINT('',(-0.0243925456526739,-0.0407740192215162,-0.0032));
#9226=CARTESIAN_POINT('',(-0.0259736093398811,-0.0410462631649718,-0.0032));
#9227=CARTESIAN_POINT('',(-0.0259719860383844,-0.0424377552736636,-0.0032));
#9228=CARTESIAN_POINT('',(-0.0259719860383844,-0.0424377552736636,-0.0032));
#9229=CARTESIAN_POINT('',(-0.0259719860383844,-0.0424377552736636,-0.0032));
#9230=CARTESIAN_POINT('',(-0.0259709014745023,-0.0433674421410428,-0.0032));
#9231=CARTESIAN_POINT('',(-0.0253413860283088,-0.0438892775543292,-0.0032));
#9232=CARTESIAN_POINT('',(-0.0253413860283088,-0.0438892775543292,-0.0032));
#9233=CARTESIAN_POINT('',(-0.0253413860283088,-0.0438892775543292,-0.0032));
#9234=CARTESIAN_POINT('',(-0.0247118705821152,-0.0444111129676156,-0.0032));
#9235=CARTESIAN_POINT('',(-0.0235816630178502,-0.0444097944781903,-0.0032));
#9236=CARTESIAN_POINT('',(-0.0235816630178502,-0.0444097944781903,-0.0032));
#9237=CARTESIAN_POINT('',(-0.0223709433555933,-0.0444083820641151,-0.0032));
#9238=CARTESIAN_POINT('',(-0.0189284133770399,-0.0374636061100074,-0.0032));
#9239=CARTESIAN_POINT('',(-0.0185250933389856,-0.0374631356006761,-0.0032));
#9240=CARTESIAN_POINT('',(-0.0193317334150941,-0.0374640766193386,-0.0032));
#9241=CARTESIAN_POINT('',(-0.0193291141578756,-0.0397093007859832,-0.0032));
#9242=CARTESIAN_POINT('',(-0.0193264949006571,-0.0419545249526279,-0.0032));
#9243=CARTESIAN_POINT('',(-0.0193264949006571,-0.0419545249526279,-0.0032));
#9244=CARTESIAN_POINT('',(-0.01932510906903,-0.0431424581720569,-0.0032));
#9245=CARTESIAN_POINT('',(-0.0186073035110915,-0.0438206577072957,-0.0032));
#9246=CARTESIAN_POINT('',(-0.0186073035110915,-0.0438206577072957,-0.0032));
#9247=CARTESIAN_POINT('',(-0.0186073035110915,-0.0438206577072957,-0.0032));
#9248=CARTESIAN_POINT('',(-0.0178894979531532,-0.0444988572425346,-0.0032));
#9249=CARTESIAN_POINT('',(-0.0166362435976174,-0.0444973952078896,-0.0032));
#9250=CARTESIAN_POINT('',(-0.0166362435976174,-0.0444973952078896,-0.0032));
#9251=CARTESIAN_POINT('',(-0.0166362435976174,-0.0444973952078896,-0.0032));
#9252=CARTESIAN_POINT('',(-0.0153829892420817,-0.0444959331732447,-0.0032));
#9253=CARTESIAN_POINT('',(-0.0146979156724855,-0.0438107802086252,-0.0032));
#9254=CARTESIAN_POINT('',(-0.0146979156724855,-0.0438107802086252,-0.0032));
#9255=CARTESIAN_POINT('',(-0.0146979156724855,-0.0438107802086252,-0.0032));
#9256=CARTESIAN_POINT('',(-0.0140128421028894,-0.0431256272440058,-0.0032));
#9257=CARTESIAN_POINT('',(-0.0140142367953325,-0.041930098543634,-0.0032));
#9258=CARTESIAN_POINT('',(-0.0140142367953325,-0.041930098543634,-0.0032));
#9259=CARTESIAN_POINT('',(-0.0140168454195718,-0.0396939889541206,-0.0032));
#9260=CARTESIAN_POINT('',(-0.014019454043811,-0.0374578793646071,-0.0032));
#9261=CARTESIAN_POINT('',(-0.0144235336299595,-0.0374583507600199,-0.0032));
#9262=CARTESIAN_POINT('',(-0.014827613216108,-0.0374588221554327,-0.0032));
#9263=CARTESIAN_POINT('',(-0.0148249718068494,-0.0397230350244339,-0.0032));
#9264=CARTESIAN_POINT('',(-0.0148223303975909,-0.0419872478934352,-0.0032));
#9265=CARTESIAN_POINT('',(-0.0148223303975909,-0.0419872478934352,-0.0032));
#9266=CARTESIAN_POINT('',(-0.014821316720237,-0.0428561709132733,-0.0032));
#9267=CARTESIAN_POINT('',(-0.0152954911111294,-0.0433223276960591,-0.0032));
#9268=CARTESIAN_POINT('',(-0.0152954911111294,-0.0433223276960591,-0.0032));
#9269=CARTESIAN_POINT('',(-0.0152954911111294,-0.0433223276960591,-0.0032));
#9270=CARTESIAN_POINT('',(-0.0157696655020218,-0.0437884844788448,-0.0032));
#9271=CARTESIAN_POINT('',(-0.0166902377922699,-0.0437895584097477,-0.0032));
#9272=CARTESIAN_POINT('',(-0.0166902377922699,-0.0437895584097477,-0.0032));
#9273=CARTESIAN_POINT('',(-0.0166902377922699,-0.0437895584097477,-0.0032));
#9274=CARTESIAN_POINT('',(-0.0175682753892392,-0.0437905827200808,-0.0032));
#9275=CARTESIAN_POINT('',(-0.0180435387744217,-0.043323254895016,-0.0032));
#9276=CARTESIAN_POINT('',(-0.0180435387744217,-0.043323254895016,-0.0032));
#9277=CARTESIAN_POINT('',(-0.0180435387744217,-0.043323254895016,-0.0032));
#9278=CARTESIAN_POINT('',(-0.0185188021596043,-0.0428559270699512,-0.0032));
#9279=CARTESIAN_POINT('',(-0.0185198211534477,-0.0419824467615475,-0.0032));
#9280=CARTESIAN_POINT('',(-0.0185198211534477,-0.0419824467615475,-0.0032));
#9281=CARTESIAN_POINT('',(-0.0185224572462167,-0.0397227911811119,-0.0032));
#9282=CARTESIAN_POINT('',(-0.0109708860087836,-0.0443950828653355,-0.0032));
#9283=CARTESIAN_POINT('',(-0.0129054550048742,-0.0443973397151784,-0.0032));
#9284=CARTESIAN_POINT('',(-0.00903631701269292,-0.0443928260154927,-0.0032));
#9285=CARTESIAN_POINT('',(-0.00904036551953708,-0.0409224507728,-0.0032));
#9286=CARTESIAN_POINT('',(-0.00904441402638125,-0.0374520755301073,-0.0032));
#9287=CARTESIAN_POINT('',(-0.00944773406443548,-0.0374525460394386,-0.0032));
#9288=CARTESIAN_POINT('',(-0.00985105410248971,-0.0374530165487698,-0.0032));
#9289=CARTESIAN_POINT('',(-0.0098474318008966,-0.0405580491581213,-0.0032));
#9290=CARTESIAN_POINT('',(-0.00984380949930348,-0.043663081767473,-0.0032));
#9291=CARTESIAN_POINT('',(-0.0113750584573399,-0.0436648681079846,-0.0032));
#9292=CARTESIAN_POINT('',(-0.0129063074153763,-0.0436666544484963,-0.0032));
#9293=CARTESIAN_POINT('',(-0.0129058812101252,-0.0440319970818374,-0.0032));
#9294=CARTESIAN_POINT('',(-0.0074573203829843,-0.0384421952028292,-0.0032));
#9295=CARTESIAN_POINT('',(-0.00666934009679724,-0.0380721350763129,-0.0032));
#9296=CARTESIAN_POINT('',(-0.0058809291749511,-0.038071215323609,-0.0032));
#9297=CARTESIAN_POINT('',(-0.0074573203829843,-0.0384421952028292,-0.0032));
#9298=CARTESIAN_POINT('',(-0.0058809291749511,-0.038071215323609,-0.0032));
#9299=CARTESIAN_POINT('',(-0.0058809291749511,-0.038071215323609,-0.0032));
#9300=CARTESIAN_POINT('',(-0.00473704974498939,-0.0380698808847149,-0.0032));
#9301=CARTESIAN_POINT('',(-0.00407383506694328,-0.0388309349601039,-0.0032));
#9302=CARTESIAN_POINT('',(-0.00407383506694328,-0.0388309349601039,-0.0032));
#9303=CARTESIAN_POINT('',(-0.00407383506694328,-0.0388309349601039,-0.0032));
#9304=CARTESIAN_POINT('',(-0.00341062038889717,-0.0395919890354929,-0.0032));
#9305=CARTESIAN_POINT('',(-0.00340907506258152,-0.0409166409118895,-0.0032));
#9306=CARTESIAN_POINT('',(-0.00340907506258152,-0.0409166409118895,-0.0032));
#9307=CARTESIAN_POINT('',(-0.00340907506258152,-0.0409166409118895,-0.0032));
#9308=CARTESIAN_POINT('',(-0.00340748720434892,-0.0422777510968107,-0.0032));
#9309=CARTESIAN_POINT('',(-0.00404539967773567,-0.0430220938757234,-0.0032));
#9310=CARTESIAN_POINT('',(-0.00404539967773567,-0.0430220938757234,-0.0032));
#9311=CARTESIAN_POINT('',(-0.00404539967773567,-0.0430220938757234,-0.0032));
#9312=CARTESIAN_POINT('',(-0.00468331215112242,-0.0437664366546361,-0.0032));
#9313=CARTESIAN_POINT('',(-0.00586516898579734,-0.0437678153976104,-0.0032));
#9314=CARTESIAN_POINT('',(-0.00586516898579734,-0.0437678153976104,-0.0032));
#9315=CARTESIAN_POINT('',(-0.00586516898579734,-0.0437678153976104,-0.0032));
#9316=CARTESIAN_POINT('',(-0.00659129696391381,-0.0437686624916229,-0.0032));
#9317=CARTESIAN_POINT('',(-0.00752280773955303,-0.0435084642832414,-0.0032));
#9318=CARTESIAN_POINT('',(-0.00752280773955303,-0.0435084642832414,-0.0032));
#9319=CARTESIAN_POINT('',(-0.00752239571160763,-0.0438616541470742,-0.0032));
#9320=CARTESIAN_POINT('',(-0.00752198368366223,-0.044214844010907,-0.0032));
#9321=CARTESIAN_POINT('',(-0.00752198368366223,-0.044214844010907,-0.0032));
#9322=CARTESIAN_POINT('',(-0.00680009577689746,-0.0444859204511306,-0.0032));
#9323=CARTESIAN_POINT('',(-0.00574128573349332,-0.044484685253376,-0.0032));
#9324=CARTESIAN_POINT('',(-0.00574128573349332,-0.044484685253376,-0.0032));
#9325=CARTESIAN_POINT('',(-0.00574128573349332,-0.044484685253376,-0.0032));
#9326=CARTESIAN_POINT('',(-0.00420851767926838,-0.0444828971407012,-0.0032));
#9327=CARTESIAN_POINT('',(-0.00337637975590598,-0.0435507191456149,-0.0032));
#9328=CARTESIAN_POINT('',(-0.00337637975590598,-0.0435507191456149,-0.0032));
#9329=CARTESIAN_POINT('',(-0.00337637975590598,-0.0435507191456149,-0.0032));
#9330=CARTESIAN_POINT('',(-0.00254424183254357,-0.0426185411505286,-0.0032));
#9331=CARTESIAN_POINT('',(-0.00254624083263996,-0.0409050006498688,-0.0032));
#9332=CARTESIAN_POINT('',(-0.00254624083263996,-0.0409050006498688,-0.0032));
#9333=CARTESIAN_POINT('',(-0.00254624083263996,-0.0409050006498688,-0.0032));
#9334=CARTESIAN_POINT('',(-0.00254749197986341,-0.0398325187407679,-0.0032));
#9335=CARTESIAN_POINT('',(-0.00294947439229725,-0.0390263465157459,-0.0032));
#9336=CARTESIAN_POINT('',(-0.00294947439229725,-0.0390263465157459,-0.0032));
#9337=CARTESIAN_POINT('',(-0.00294947439229725,-0.0390263465157459,-0.0032));
#9338=CARTESIAN_POINT('',(-0.00335145680473109,-0.0382201742907237,-0.0032));
#9339=CARTESIAN_POINT('',(-0.00410923575163412,-0.0377843175598801,-0.0032));
#9340=CARTESIAN_POINT('',(-0.00410923575163412,-0.0377843175598801,-0.0032));
#9341=CARTESIAN_POINT('',(-0.00410923575163412,-0.0377843175598801,-0.0032));
#9342=CARTESIAN_POINT('',(-0.00486701469853715,-0.0373484608290364,-0.0032));
#9343=CARTESIAN_POINT('',(-0.00589240462579367,-0.0373496570392006,-0.0032));
#9344=CARTESIAN_POINT('',(-0.00589240462579367,-0.0373496570392006,-0.0032));
#9345=CARTESIAN_POINT('',(-0.00589240462579367,-0.0373496570392006,-0.0032));
#9346=CARTESIAN_POINT('',(-0.0069831156891569,-0.0373509294523825,-0.0032));
#9347=CARTESIAN_POINT('',(-0.00779992513182508,-0.0377498860775817,-0.0032));
#9348=CARTESIAN_POINT('',(-0.00779992513182508,-0.0377498860775817,-0.0032));
#9349=CARTESIAN_POINT('',(-0.00762862275740469,-0.0380960406402054,-0.0032));
#9350=CARTESIAN_POINT('',(0.00202345179730709,-0.0424172488474479,-0.0032));
#9351=CARTESIAN_POINT('',(0.00346886083011227,-0.0404528877003342,-0.0032));
#9352=CARTESIAN_POINT('',(0.000578042764501921,-0.0443816099945617,-0.0032));
#9353=CARTESIAN_POINT('',(0.00105276032341698,-0.0443810561935598,-0.0032));
#9354=CARTESIAN_POINT('',(0.00152747788233204,-0.0443805023925579,-0.0032));
#9355=CARTESIAN_POINT('',(0.00279016190244948,-0.0426958684897997,-0.0032));
#9356=CARTESIAN_POINT('',(0.00405284592256691,-0.0410112345870415,-0.0032));
#9357=CARTESIAN_POINT('',(0.00441704604440068,-0.0413336180940159,-0.0032));
#9358=CARTESIAN_POINT('',(0.00478124616623446,-0.0416560016009902,-0.0032));
#9359=CARTESIAN_POINT('',(0.00478283313838546,-0.0430163522378172,-0.0032));
#9360=CARTESIAN_POINT('',(0.00478442011053645,-0.0443767028746442,-0.0032));
#9361=CARTESIAN_POINT('',(0.00518774014859069,-0.044376232365313,-0.0032));
#9362=CARTESIAN_POINT('',(0.00559106018664492,-0.0443757618559818,-0.0032));
#9363=CARTESIAN_POINT('',(0.00558701167980075,-0.0409053866132892,-0.0032));
#9364=CARTESIAN_POINT('',(0.00558296317295659,-0.0374350113705966,-0.0032));
#9365=CARTESIAN_POINT('',(0.00517964313490235,-0.0374354818799278,-0.0032));
#9366=CARTESIAN_POINT('',(0.00477632309684813,-0.0374359523892589,-0.0032));
#9367=CARTESIAN_POINT('',(0.00477833095776055,-0.0391570883708613,-0.0032));
#9368=CARTESIAN_POINT('',(0.00478033881867297,-0.0408782243524638,-0.0032));
#9369=CARTESIAN_POINT('',(0.00320454730644536,-0.0391589243319428,-0.0032));
#9370=CARTESIAN_POINT('',(0.00162875579421773,-0.0374396243114219,-0.0032));
#9371=CARTESIAN_POINT('',(0.00115175959101989,-0.0374401807706685,-0.0032));
#9372=CARTESIAN_POINT('',(0.000674763387822047,-0.0374407372299152,-0.0032));
#9373=CARTESIAN_POINT('',(0.00207181210896716,-0.0389468124651247,-0.0032));
#9374=CARTESIAN_POINT('',(0.00717005681635355,-0.0384251310433184,-0.0032));
#9375=CARTESIAN_POINT('',(0.0079580371025406,-0.0380550709168021,-0.0032));
#9376=CARTESIAN_POINT('',(0.00874644802438673,-0.0380541511640982,-0.0032));
#9377=CARTESIAN_POINT('',(0.00717005681635355,-0.0384251310433184,-0.0032));
#9378=CARTESIAN_POINT('',(0.00874644802438673,-0.0380541511640982,-0.0032));
#9379=CARTESIAN_POINT('',(0.00874644802438673,-0.0380541511640982,-0.0032));
#9380=CARTESIAN_POINT('',(0.00989032745434845,-0.038052816725204,-0.0032));
#9381=CARTESIAN_POINT('',(0.0105535421323945,-0.0388138708005931,-0.0032));
#9382=CARTESIAN_POINT('',(0.0105535421323945,-0.0388138708005931,-0.0032));
#9383=CARTESIAN_POINT('',(0.0105535421323945,-0.0388138708005931,-0.0032));
#9384=CARTESIAN_POINT('',(0.0112167568104406,-0.0395749248759822,-0.0032));
#9385=CARTESIAN_POINT('',(0.0112183021367563,-0.0408995767523787,-0.0032));
#9386=CARTESIAN_POINT('',(0.0112183021367563,-0.0408995767523787,-0.0032));
#9387=CARTESIAN_POINT('',(0.0112183021367563,-0.0408995767523787,-0.0032));
#9388=CARTESIAN_POINT('',(0.0112198899949889,-0.0422606869372999,-0.0032));
#9389=CARTESIAN_POINT('',(0.0105819775216022,-0.0430050297162127,-0.0032));
#9390=CARTESIAN_POINT('',(0.0105819775216022,-0.0430050297162127,-0.0032));
#9391=CARTESIAN_POINT('',(0.0105819775216022,-0.0430050297162127,-0.0032));
#9392=CARTESIAN_POINT('',(0.00994406504821542,-0.0437493724951253,-0.0032));
#9393=CARTESIAN_POINT('',(0.00876220821354048,-0.0437507512380996,-0.0032));
#9394=CARTESIAN_POINT('',(0.00876220821354048,-0.0437507512380996,-0.0032));
#9395=CARTESIAN_POINT('',(0.00876220821354048,-0.0437507512380996,-0.0032));
#9396=CARTESIAN_POINT('',(0.00803608023542402,-0.043751598332112,-0.0032));
#9397=CARTESIAN_POINT('',(0.00710456945978481,-0.0434914001237306,-0.0032));
#9398=CARTESIAN_POINT('',(0.00710456945978481,-0.0434914001237306,-0.0032));
#9399=CARTESIAN_POINT('',(0.00710498148773021,-0.0438445899875634,-0.0032));
#9400=CARTESIAN_POINT('',(0.00710539351567562,-0.0441977798513962,-0.0032));
#9401=CARTESIAN_POINT('',(0.00710539351567562,-0.0441977798513962,-0.0032));
#9402=CARTESIAN_POINT('',(0.00782728142244038,-0.0444688562916198,-0.0032));
#9403=CARTESIAN_POINT('',(0.00888609146584451,-0.0444676210938652,-0.0032));
#9404=CARTESIAN_POINT('',(0.00888609146584451,-0.0444676210938652,-0.0032));
#9405=CARTESIAN_POINT('',(0.00888609146584451,-0.0444676210938652,-0.0032));
#9406=CARTESIAN_POINT('',(0.0104188595200694,-0.0444658329811904,-0.0032));
#9407=CARTESIAN_POINT('',(0.0112509974434319,-0.0435336549861041,-0.0032));
#9408=CARTESIAN_POINT('',(0.0112509974434319,-0.0435336549861041,-0.0032));
#9409=CARTESIAN_POINT('',(0.0112509974434319,-0.0435336549861041,-0.0032));
#9410=CARTESIAN_POINT('',(0.0120831353667943,-0.0426014769910178,-0.0032));
#9411=CARTESIAN_POINT('',(0.0120811363666979,-0.040887936490358,-0.0032));
#9412=CARTESIAN_POINT('',(0.0120811363666979,-0.040887936490358,-0.0032));
#9413=CARTESIAN_POINT('',(0.0120811363666979,-0.040887936490358,-0.0032));
#9414=CARTESIAN_POINT('',(0.0120798852194744,-0.0398154545812571,-0.0032));
#9415=CARTESIAN_POINT('',(0.0116779028070406,-0.039009282356235,-0.0032));
#9416=CARTESIAN_POINT('',(0.0116779028070406,-0.039009282356235,-0.0032));
#9417=CARTESIAN_POINT('',(0.0116779028070406,-0.039009282356235,-0.0032));
#9418=CARTESIAN_POINT('',(0.0112759203946067,-0.0382031101312129,-0.0032));
#9419=CARTESIAN_POINT('',(0.0105181414477037,-0.0377672534003693,-0.0032));
#9420=CARTESIAN_POINT('',(0.0105181414477037,-0.0377672534003693,-0.0032));
#9421=CARTESIAN_POINT('',(0.0105181414477037,-0.0377672534003693,-0.0032));
#9422=CARTESIAN_POINT('',(0.00976036250080069,-0.0373313966695256,-0.0032));
#9423=CARTESIAN_POINT('',(0.00873497257354416,-0.0373325928796897,-0.0032));
#9424=CARTESIAN_POINT('',(0.00873497257354416,-0.0373325928796897,-0.0032));
#9425=CARTESIAN_POINT('',(0.00873497257354416,-0.0373325928796897,-0.0032));
#9426=CARTESIAN_POINT('',(0.00764426151018094,-0.0373338652928716,-0.0032));
#9427=CARTESIAN_POINT('',(0.00682745206751276,-0.0377328219180708,-0.0032));
#9428=CARTESIAN_POINT('',(0.00682745206751276,-0.0377328219180708,-0.0032));
#9429=CARTESIAN_POINT('',(0.00699875444193315,-0.0380789764806946,-0.0032));
#9430=CARTESIAN_POINT('',(0.00552700589791066,0.00196706791185602,0.01585));
#9431=CARTESIAN_POINT('',(0.0298063035482158,-0.00949112348156191,0.01585));
#9432=CARTESIAN_POINT('',(0.0298903700956416,-0.00932943505742258,0.01585));
#9433=CARTESIAN_POINT('',(0.0300232175596576,-0.00915759572304673,0.01585));
#9434=CARTESIAN_POINT('',(0.030204845940264,-0.00897560547843437,0.01585));
#9435=CARTESIAN_POINT('',(0.0298063926421818,-0.00949115419980611,0.01585));
#9436=CARTESIAN_POINT('',(0.0302048236388754,-0.00897558322138918,0.01585));
#9437=CARTESIAN_POINT('',(0.030204801337487,-0.00897556096434404,0.01585));
#9438=CARTESIAN_POINT('',(0.0303383106743886,-0.00900851079688074,0.01585));
#9439=CARTESIAN_POINT('',(0.0305538587498536,-0.00910432521372889,0.01585));
#9440=CARTESIAN_POINT('',(0.030826353828535,-0.00929209704745861,0.01585));
#9441=CARTESIAN_POINT('',(0.030973581747594,-0.00941017362284377,0.01585));
#9442=CARTESIAN_POINT('',(0.0310518531261217,-0.0094763962414476,0.01585));
#9443=CARTESIAN_POINT('',(0.0311329799096196,-0.00954843845341038,0.01585));
#9444=CARTESIAN_POINT('',(0.0311326657372741,-0.00954862968453861,0.01585));
#9445=CARTESIAN_POINT('',(0.0311755511733355,-0.00958840670977034,0.01585));
#9446=CARTESIAN_POINT('',(0.0312428092341369,-0.00965224416595636,0.01585));
#9447=CARTESIAN_POINT('',(0.0313548339768752,-0.00975889332010462,0.01585));
#9448=CARTESIAN_POINT('',(0.0315354866073984,-0.00993222632874349,0.01585));
#9449=CARTESIAN_POINT('',(0.031626042809056,-0.0100182262735199,0.01585));
#9450=CARTESIAN_POINT('',(0.0317718075089944,-0.0101530994568936,0.01585));
#9451=CARTESIAN_POINT('',(0.0319833128534481,-0.0103415638514419,0.01585));
#9452=CARTESIAN_POINT('',(0.0323590988713996,-0.0106404407815337,0.01585));
#9453=CARTESIAN_POINT('',(0.0327941759795945,-0.0109316911096285,0.01585));
#9454=CARTESIAN_POINT('',(0.0333334759888666,-0.0112386127039289,0.01585));
#9455=CARTESIAN_POINT('',(0.033766601276633,-0.0114508178328,0.01585));
#9456=CARTESIAN_POINT('',(0.0343212639865136,-0.0116465341097917,0.01585));
#9457=CARTESIAN_POINT('',(0.0348667267108045,-0.0117398042266312,0.01585));
#9458=CARTESIAN_POINT('',(0.0354162075034997,-0.0117693758196844,0.01585));
#9459=CARTESIAN_POINT('',(0.0361969444510817,-0.0117189291959516,0.01585));
#9460=CARTESIAN_POINT('',(0.0368784962199206,-0.0115395797346904,0.01585));
#9461=CARTESIAN_POINT('',(0.0375568039757673,-0.0112175345403713,0.01585));
#9462=CARTESIAN_POINT('',(0.0382379040166762,-0.010783212237266,0.01585));
#9463=CARTESIAN_POINT('',(0.038894353606215,-0.0101920942267834,0.01585));
#9464=CARTESIAN_POINT('',(0.0394577216723762,-0.00938311087880988,0.01585));
#9465=CARTESIAN_POINT('',(0.039772347639634,-0.0087379785815107,0.01585));
#9466=CARTESIAN_POINT('',(0.0399411791330687,-0.00830440403897688,0.01585));
#9467=CARTESIAN_POINT('',(0.040059346595528,-0.00792767384286912,0.01585));
#9468=CARTESIAN_POINT('',(0.0401271075656365,-0.00767627992885606,0.01585));
#9469=CARTESIAN_POINT('',(0.040188662982352,-0.00741731286365501,0.01585));
#9470=CARTESIAN_POINT('',(0.0402563387256298,-0.00708771317842166,0.01585));
#9471=CARTESIAN_POINT('',(0.0402935950113759,-0.00688277994983146,0.01585));
#9472=CARTESIAN_POINT('',(0.0403499696244953,-0.00654505237830618,0.01585));
#9473=CARTESIAN_POINT('',(0.0404114792524431,-0.00610494973532067,0.01585));
#9474=CARTESIAN_POINT('',(0.0404765302727444,-0.00553179687601406,0.01585));
#9475=CARTESIAN_POINT('',(0.0405353403813582,-0.00486362939331598,0.01585));
#9476=CARTESIAN_POINT('',(0.0405722578038038,-0.00431670763189408,0.01585));
#9477=CARTESIAN_POINT('',(0.0405996434524705,-0.00374746450354352,0.01585));
#9478=CARTESIAN_POINT('',(0.0406117398004858,-0.00328178411146313,0.01585));
#9479=CARTESIAN_POINT('',(0.0406154779217182,-0.00292074062126278,0.01585));
#9480=CARTESIAN_POINT('',(0.0406151997200815,-0.00262613729607448,0.01585));
#9481=CARTESIAN_POINT('',(0.0406119957141957,-0.00243166311716027,0.01585));
#9482=CARTESIAN_POINT('',(0.0406016375438645,-0.002108600925568,0.01585));
#9483=CARTESIAN_POINT('',(0.0405783040667035,-0.00167623744621688,0.01585));
#9484=CARTESIAN_POINT('',(0.0405332690140267,-0.00108229272551673,0.01585));
#9485=CARTESIAN_POINT('',(0.0404819084314099,-0.000533831567043008,0.01585));
#9486=CARTESIAN_POINT('',(0.0404318555034883,-5.58842343596915E-5,0.01585));
#9487=CARTESIAN_POINT('',(0.0403986097710484,0.000238157436887725,0.01585));
#9488=CARTESIAN_POINT('',(0.0403648137395381,0.000505698486813615,0.01585));
#9489=CARTESIAN_POINT('',(0.0403410682648285,0.00067907411886104,0.01585));
#9490=CARTESIAN_POINT('',(0.0402898141860071,0.000991025312314207,0.01585));
#9491=CARTESIAN_POINT('',(0.0402372949432421,0.0012575768958193,0.01585));
#9492=CARTESIAN_POINT('',(0.0401744530194954,0.00153500865221469,0.01585));
#9493=CARTESIAN_POINT('',(0.0401112750427515,0.0017821766215007,0.01585));
#9494=CARTESIAN_POINT('',(0.0400168720181102,0.00210737686083765,0.01585));
#9495=CARTESIAN_POINT('',(0.0398878839812215,0.00249572790885579,0.01585));
#9496=CARTESIAN_POINT('',(0.0396289984680267,0.00315235433207778,0.01585));
#9497=CARTESIAN_POINT('',(0.0391796726841411,0.0039749896984704,0.01585));
#9498=CARTESIAN_POINT('',(0.0384972127543679,0.00479722515028724,0.01585));
#9499=CARTESIAN_POINT('',(0.037714206422768,0.00543527607907681,0.01585));
#9500=CARTESIAN_POINT('',(0.0366758493909737,0.00594645580367748,0.01585));
#9501=CARTESIAN_POINT('',(0.035586693301434,0.00622051487286418,0.01585));
#9502=CARTESIAN_POINT('',(0.0344668928579927,0.0062400970398995,0.01585));
#9503=CARTESIAN_POINT('',(0.0333576570006987,0.00594140431048082,0.01585));
#9504=CARTESIAN_POINT('',(0.0323835452930726,0.00543766518095505,0.01585));
#9505=CARTESIAN_POINT('',(0.0317060769803688,0.00489111310711044,0.01585));
#9506=CARTESIAN_POINT('',(0.0313106684901063,0.00449993057827702,0.01585));
#9507=CARTESIAN_POINT('',(0.031105330545718,0.00428466792395792,0.01585));
#9508=CARTESIAN_POINT('',(0.0309465940693028,0.00412636586990306,0.01585));
#9509=CARTESIAN_POINT('',(0.030710766945948,0.00391411532946624,0.01585));
#9510=CARTESIAN_POINT('',(0.0304197868562911,0.00367601740995838,0.01585));
#9511=CARTESIAN_POINT('',(0.0300936768684013,0.00345213442290424,0.01585));
#9512=CARTESIAN_POINT('',(0.0298806093137027,0.00335348830458142,0.01585));
#9513=CARTESIAN_POINT('',(0.0297568021890997,0.00332251054622501,0.01585));
#9514=CARTESIAN_POINT('',(0.0297567881842052,0.00332250270436946,0.015849999755577));
#9515=CARTESIAN_POINT('',(0.0297567919283946,0.00332249927832677,0.01585));
#9516=CARTESIAN_POINT('',(0.0296800266992429,0.00339240276505266,0.01585));
#9517=CARTESIAN_POINT('',(0.0295772847359147,0.00351107010251528,0.01585));
#9518=CARTESIAN_POINT('',(0.0294671899963654,0.00375044186496058,0.01585));
#9519=CARTESIAN_POINT('',(0.0293910122529658,0.00397898991455021,0.01585));
#9520=CARTESIAN_POINT('',(0.0293555221994616,0.00413409480983544,0.01585));
#9521=CARTESIAN_POINT('',(0.0293371958673223,0.0042720164357016,0.01585));
#9522=CARTESIAN_POINT('',(0.0293356375361997,0.00430798986266803,0.01585));
#9523=CARTESIAN_POINT('',(0.0293287774710753,0.00442407647543407,0.01585));
#9524=CARTESIAN_POINT('',(0.0293237383523525,0.0046040290527012,0.01585));
#9525=CARTESIAN_POINT('',(0.0293201220337837,0.00485034097052446,0.01585));
#9526=CARTESIAN_POINT('',(0.0293188397081963,0.00506263607801506,0.01585));
#9527=CARTESIAN_POINT('',(0.0293184154372297,0.00518294633928926,0.01585));
#9528=CARTESIAN_POINT('',(0.029318253207697,0.00530842273099474,0.01585));
#9529=CARTESIAN_POINT('',(0.0293182717189411,0.00532251386807521,0.01585));
#9530=CARTESIAN_POINT('',(0.0293182825785012,0.00538307419838509,0.01585));
#9531=CARTESIAN_POINT('',(0.029318428616505,0.00547674562501632,0.01585));
#9532=CARTESIAN_POINT('',(0.0293189169880112,0.00563753056445713,0.01585));
#9533=CARTESIAN_POINT('',(0.0293199767292664,0.00585412979069306,0.01585));
#9534=CARTESIAN_POINT('',(0.0293220120408903,0.00618139491974664,0.01585));
#9535=CARTESIAN_POINT('',(0.0293257273109533,0.00665940838143655,0.01585));
#9536=CARTESIAN_POINT('',(0.0293299478210386,0.00711602763140234,0.01585));
#9537=CARTESIAN_POINT('',(0.0293323702255789,0.00736283262985402,0.01585));
#9538=CARTESIAN_POINT('',(0.0293323702255789,0.00736283262985402,0.01585));
#9539=CARTESIAN_POINT('',(0.274481938603665,0.0158971076768599,0.01585));
#9540=CARTESIAN_POINT('',(0.0293147396352167,0.0239025409954291,0.0158499949511142));
#9541=CARTESIAN_POINT('',(0.0293148763834594,0.0239003646559166,0.01585));
#9542=CARTESIAN_POINT('',(0.0293006867268781,0.0241262781413436,0.01585));
#9543=CARTESIAN_POINT('',(0.0292598714894891,0.0244712525360048,0.01585));
#9544=CARTESIAN_POINT('',(0.0290737716273041,0.0249499981139825,0.01585));
#9545=CARTESIAN_POINT('',(0.0287925874524434,0.0253794982931739,0.01585));
#9546=CARTESIAN_POINT('',(0.0285571654013079,0.0256604243867761,0.01585));
#9547=CARTESIAN_POINT('',(0.0283905080178046,0.0258281493907872,0.01585));
#9548=CARTESIAN_POINT('',(0.0281380728342963,0.0260409467783199,0.01585));
#9549=CARTESIAN_POINT('',(0.0278241604937605,0.026263729613368,0.01585));
#9550=CARTESIAN_POINT('',(0.0272463842343668,0.0265712832564186,0.01585));
#9551=CARTESIAN_POINT('',(0.0267298185355059,0.02666957827099,0.01585));
#9552=CARTESIAN_POINT('',(0.0263729165939086,0.0266643215173976,0.01585));
#9553=CARTESIAN_POINT('',(0.0263729165939086,0.0266643215173976,0.01585));
#9554=CARTESIAN_POINT('',(0.00926340313897762,0.0266173778394074,0.01585));
#9555=CARTESIAN_POINT('',(0.00926696208677968,0.026617405324742,0.0158499996012284));
#9556=CARTESIAN_POINT('',(0.00926786622142375,0.0266174254912857,0.01585));
#9557=CARTESIAN_POINT('',(0.00919079877192171,0.0266157073449867,0.01585));
#9558=CARTESIAN_POINT('',(0.00904231611803505,0.0266125129587496,0.01585));
#9559=CARTESIAN_POINT('',(0.00878573269612404,0.0266040919971075,0.01585));
#9560=CARTESIAN_POINT('',(0.00851634185982764,0.026606080544107,0.01585));
#9561=CARTESIAN_POINT('',(0.00836602250081921,0.0266134063040408,0.01585));
#9562=CARTESIAN_POINT('',(0.00808228852532627,0.0266506769199631,0.01585));
#9563=CARTESIAN_POINT('',(0.00778292738907563,0.0267173464322895,0.01585));
#9564=CARTESIAN_POINT('',(0.00757499081942407,0.0267929008456429,0.01585));
#9565=CARTESIAN_POINT('',(0.00745176338771932,0.026853909800635,0.01585));
#9566=CARTESIAN_POINT('',(0.00745175919633956,0.0268539119764083,0.0158499981960544));
#9567=CARTESIAN_POINT('',(0.0074517905805427,0.0268539647253881,0.01585));
#9568=CARTESIAN_POINT('',(0.00751182345863004,0.026938773734737,0.01585));
#9569=CARTESIAN_POINT('',(0.00762756953839967,0.0270595500223307,0.01585));
#9570=CARTESIAN_POINT('',(0.00774444336817231,0.0271455138443757,0.01585));
#9571=CARTESIAN_POINT('',(0.00796099655835794,0.027285549627926,0.01585));
#9572=CARTESIAN_POINT('',(0.00815072297589188,0.0273998722797749,0.01585));
#9573=CARTESIAN_POINT('',(0.00851432841455602,0.0276106407682077,0.01585));
#9574=CARTESIAN_POINT('',(0.0088761018689486,0.0278519734809015,0.01585));
#9575=CARTESIAN_POINT('',(0.00936254642564668,0.0282763845946915,0.01585));
#9576=CARTESIAN_POINT('',(0.00982521693356482,0.0287719065755666,0.01585));
#9577=CARTESIAN_POINT('',(0.0103036148234502,0.0294257881866616,0.01585));
#9578=CARTESIAN_POINT('',(0.0106116766813708,0.0301093149116402,0.01585));
#9579=CARTESIAN_POINT('',(0.0107479730855215,0.0308072525682386,0.01585));
#9580=CARTESIAN_POINT('',(0.010807919714597,0.0317043911268724,0.01585));
#9581=CARTESIAN_POINT('',(0.0107377367957401,0.0324327624872773,0.01585));
#9582=CARTESIAN_POINT('',(0.0105186947450783,0.0332634366120026,0.01585));
#9583=CARTESIAN_POINT('',(0.0103012890823034,0.0337946175791681,0.01585));
#9584=CARTESIAN_POINT('',(0.0100413706964707,0.034238588484956,0.01585));
#9585=CARTESIAN_POINT('',(0.00962887918392968,0.0347753463718757,0.01585));
#9586=CARTESIAN_POINT('',(0.00919279506498729,0.0352571673622808,0.01585));
#9587=CARTESIAN_POINT('',(0.00881527364963545,0.0356248339519915,0.01585));
#9588=CARTESIAN_POINT('',(0.00835814849068805,0.0359930069541421,0.01585));
#9589=CARTESIAN_POINT('',(0.00782519556962511,0.0363388985987664,0.01585));
#9590=CARTESIAN_POINT('',(0.00733873041334887,0.036603993275871,0.01585));
#9591=CARTESIAN_POINT('',(0.00679931236358131,0.0368542867522105,0.01585));
#9592=CARTESIAN_POINT('',(0.00624575224445954,0.0370688687954888,0.01585));
#9593=CARTESIAN_POINT('',(0.00562224741771311,0.0372653845681359,0.01585));
#9594=CARTESIAN_POINT('',(0.0051131976122867,0.0373941636527281,0.01585));
#9595=CARTESIAN_POINT('',(0.00453344692863062,0.0375125387824445,0.01585));
#9596=CARTESIAN_POINT('',(0.00402727350428325,0.0375900869800332,0.01585));
#9597=CARTESIAN_POINT('',(0.00361499709646201,0.0376406272006778,0.01585));
#9598=CARTESIAN_POINT('',(0.00326812928947168,0.0376751848496822,0.01585));
#9599=CARTESIAN_POINT('',(0.00302657084186075,0.0376952142832739,0.01585));
#9600=CARTESIAN_POINT('',(0.00265211496462212,0.0377225033643108,0.01585));
#9601=CARTESIAN_POINT('',(0.00217789171329506,0.037748495075018,0.01585));
#9602=CARTESIAN_POINT('',(0.00155406954386398,0.037769704959609,0.01585));
#9603=CARTESIAN_POINT('',(0.00104398368915756,0.0377780514020651,0.01585));
#9604=CARTESIAN_POINT('',(0.000531282164136438,0.0377800538216378,0.01585));
#9605=CARTESIAN_POINT('',(7.13827297766926E-5,0.0377780421666476,0.01585));
#9606=CARTESIAN_POINT('',(-0.000463378850974653,0.037768174321615,0.01585));
#9607=CARTESIAN_POINT('',(-0.000919256553257426,0.0377494349214596,0.01585));
#9608=CARTESIAN_POINT('',(-0.00126110032069598,0.0377269759518611,0.01585));
#9609=CARTESIAN_POINT('',(-0.00145018625216585,0.0377118756540546,0.01585));
#9610=CARTESIAN_POINT('',(-0.00179775402103025,0.037676212462013,0.01585));
#9611=CARTESIAN_POINT('',(-0.00219674847979177,0.0376254565948798,0.01585));
#9612=CARTESIAN_POINT('',(-0.00290294452790556,0.0375126406479837,0.01585));
#9613=CARTESIAN_POINT('',(-0.00365356299280603,0.0373356500997934,0.01585));
#9614=CARTESIAN_POINT('',(-0.00436928062602768,0.0371080569109133,0.01585));
#9615=CARTESIAN_POINT('',(-0.00484637461189162,0.0369363996424964,0.01585));
#9616=CARTESIAN_POINT('',(-0.00530028184212656,0.0367575444495908,0.01585));
#9617=CARTESIAN_POINT('',(-0.00558545214041116,0.0366368593783501,0.01585));
#9618=CARTESIAN_POINT('',(-0.00585030555048628,0.0365145268957594,0.01585));
#9619=CARTESIAN_POINT('',(-0.00604644527278695,0.0364167409284482,0.01585));
#9620=CARTESIAN_POINT('',(-0.00633251526939086,0.0362538295046873,0.01585));
#9621=CARTESIAN_POINT('',(-0.00657979541660406,0.0360886176438735,0.01585));
#9622=CARTESIAN_POINT('',(-0.00681619411634033,0.0359109056169212,0.01585));
#9623=CARTESIAN_POINT('',(-0.00705879788463853,0.0356986673207758,0.01585));
#9624=CARTESIAN_POINT('',(-0.0072113522554294,0.0355502068967413,0.01585));
#9625=CARTESIAN_POINT('',(-0.00741640584179641,0.035342144318438,0.01585));
#9626=CARTESIAN_POINT('',(-0.00763060829885137,0.0351125560459455,0.01585));
#9627=CARTESIAN_POINT('',(-0.00796954709113429,0.0347391696717842,0.01585));
#9628=CARTESIAN_POINT('',(-0.00822836771575387,0.0344201338727211,0.01585));
#9629=CARTESIAN_POINT('',(-0.00844991508972217,0.0340906865327676,0.01585));
#9630=CARTESIAN_POINT('',(-0.00862603045489178,0.0337896230605481,0.01585));
#9631=CARTESIAN_POINT('',(-0.00881066188854986,0.033387873060451,0.01585));
#9632=CARTESIAN_POINT('',(-0.00893479908057501,0.0330223682582685,0.01585));
#9633=CARTESIAN_POINT('',(-0.00901478928562921,0.0327165778186823,0.01585));
#9634=CARTESIAN_POINT('',(-0.00905342447044189,0.0325035702838805,0.01585));
#9635=CARTESIAN_POINT('',(-0.00909047577582286,0.0322160573828941,0.01585));
#9636=CARTESIAN_POINT('',(-0.00911472398972957,0.0319048043093768,0.01585));
#9637=CARTESIAN_POINT('',(-0.0091367917627868,0.0314104499764512,0.01585));
#9638=CARTESIAN_POINT('',(-0.00912212397532536,0.0308745374221773,0.01585));
#9639=CARTESIAN_POINT('',(-0.00900783121641019,0.0301654158972355,0.01585));
#9640=CARTESIAN_POINT('',(-0.00870476495199406,0.029472372884039,0.01585));
#9641=CARTESIAN_POINT('',(-0.00823574584791228,0.0288175192605896,0.01585));
#9642=CARTESIAN_POINT('',(-0.00775999699181912,0.0283080477987856,0.01585));
#9643=CARTESIAN_POINT('',(-0.00732275163266632,0.0279276835768225,0.01585));
#9644=CARTESIAN_POINT('',(-0.00683109654183595,0.0275671590047629,0.01585));
#9645=CARTESIAN_POINT('',(-0.00630436831114741,0.0272748148930924,0.01585));
#9646=CARTESIAN_POINT('',(-0.00597650501169806,0.0270178609225191,0.01585));
#9647=CARTESIAN_POINT('',(-0.005859897564487,0.0268597840452867,0.01585));
#9648=CARTESIAN_POINT('',(-0.00585989756448699,0.0268597840452867,0.01585));
#9649=CARTESIAN_POINT('',(-0.00585987438980676,0.0268598011403887,0.01585));
#9650=CARTESIAN_POINT('',(-0.00591436426363043,0.0268184268682426,0.01585));
#9651=CARTESIAN_POINT('',(-0.00601032806651059,0.0267494078133602,0.01585));
#9652=CARTESIAN_POINT('',(-0.00607016276598093,0.026702150330849,0.01585));
#9653=CARTESIAN_POINT('',(-0.00629198917851241,0.0266296817759582,0.01585));
#9654=CARTESIAN_POINT('',(-0.00640181230445595,0.0266179618152496,0.01585));
#9655=CARTESIAN_POINT('',(-0.00652583865682248,0.0266061756637246,0.01585));
#9656=CARTESIAN_POINT('',(-0.00665569495942066,0.0266002441835978,0.01585));
#9657=CARTESIAN_POINT('',(-0.00683703679175661,0.0265981344433872,0.01585));
#9658=CARTESIAN_POINT('',(-0.00692307089348306,0.0265991273166285,0.01585));
#9659=CARTESIAN_POINT('',(-0.00708096238383091,0.0266021066322365,0.01585));
#9660=CARTESIAN_POINT('',(-0.00736137048704256,0.0266132582705546,0.01585));
#9661=CARTESIAN_POINT('',(-0.00764279669002924,0.0266324996984571,0.01585));
#9662=CARTESIAN_POINT('',(-0.00784488686259411,0.0266496859603647,0.01585));
#9663=CARTESIAN_POINT('',(-0.00784515181728315,0.0266497085248154,0.0158499993913639));
#9664=CARTESIAN_POINT('',(-0.0268369579921448,0.0265281061351449,0.01585));
#9665=CARTESIAN_POINT('',(-0.0267928520711278,0.0265283886027017,0.0158499998775118));
#9666=CARTESIAN_POINT('',(-0.0267928252330922,0.0265283982706676,0.01585));
#9667=CARTESIAN_POINT('',(-0.0269063199119303,0.0265076020096929,0.01585));
#9668=CARTESIAN_POINT('',(-0.0271170763341993,0.0264656170359243,0.01585));
#9669=CARTESIAN_POINT('',(-0.027309219829115,0.0264234443349433,0.01585));
#9670=CARTESIAN_POINT('',(-0.0276032491823397,0.0263361300482467,0.01585));
#9671=CARTESIAN_POINT('',(-0.0279183003368221,0.0262076803354763,0.01585));
#9672=CARTESIAN_POINT('',(-0.028324597255463,0.0259752119897613,0.01585));
#9673=CARTESIAN_POINT('',(-0.028725624737173,0.0256241651457831,0.01585));
#9674=CARTESIAN_POINT('',(-0.029092907525076,0.0251749851277297,0.01585));
#9675=CARTESIAN_POINT('',(-0.0293536695516264,0.0247400258093401,0.01585));
#9676=CARTESIAN_POINT('',(-0.0295219316110421,0.0242730989384321,0.01585));
#9677=CARTESIAN_POINT('',(-0.0295703146017372,0.0239803677620888,0.01585));
#9678=CARTESIAN_POINT('',(-0.0295883912029936,0.0237776804714253,0.01585));
#9679=CARTESIAN_POINT('',(-0.0295940151696945,0.0236691946068,0.01585));
#9680=CARTESIAN_POINT('',(-0.0295940142124528,0.0236692130491066,0.0158500000235779));
#9681=CARTESIAN_POINT('',(-0.0295946384668239,0.005931757275929,0.01585));
#9682=CARTESIAN_POINT('',(-0.0295946581090723,0.00592727207723244,0.015849999383112));
#9683=CARTESIAN_POINT('',(-0.0295946775667757,0.00592627236417859,0.01585));
#9684=CARTESIAN_POINT('',(-0.0295983102708485,0.00573973533334959,0.01585));
#9685=CARTESIAN_POINT('',(-0.0295975827057813,0.00538453480571196,0.01585));
#9686=CARTESIAN_POINT('',(-0.0295794845694069,0.00501262756819463,0.01585));
#9687=CARTESIAN_POINT('',(-0.0295496640968984,0.00470902057483672,0.01585));
#9688=CARTESIAN_POINT('',(-0.0295062520327321,0.00435672050454451,0.01585));
#9689=CARTESIAN_POINT('',(-0.0294247647712927,0.00384700877359372,0.01585));
#9690=CARTESIAN_POINT('',(-0.0292414137881585,0.00320577749020622,0.01585));
#9691=CARTESIAN_POINT('',(-0.0289593108976543,0.0025814645722552,0.01585));
#9692=CARTESIAN_POINT('',(-0.0287317312770275,0.00218735163822543,0.01585));
#9693=CARTESIAN_POINT('',(-0.0284247364129923,0.00175785162151637,0.01585));
#9694=CARTESIAN_POINT('',(-0.0280015047836373,0.00127059811815679,0.01585));
#9695=CARTESIAN_POINT('',(-0.0274051964833684,0.000750516586707462,0.01585));
#9696=CARTESIAN_POINT('',(-0.0265064440199355,0.000300599313529314,0.01585));
#9697=CARTESIAN_POINT('',(-0.025554281698872,6.65406735895041E-5,0.01585));
#9698=CARTESIAN_POINT('',(-0.0247207411764825,6.72443774762463E-5,0.01585));
#9699=CARTESIAN_POINT('',(-0.024095212708313,0.00019722508877349,0.01585));
#9700=CARTESIAN_POINT('',(-0.0236052726545853,0.000371817389403338,0.01585));
#9701=CARTESIAN_POINT('',(-0.0232305720988712,0.000561814783326543,0.01585));
#9702=CARTESIAN_POINT('',(-0.0228281253508817,0.000822736414664014,0.01585));
#9703=CARTESIAN_POINT('',(-0.0225052044547466,0.0010831674352987,0.01585));
#9704=CARTESIAN_POINT('',(-0.0222735492851483,0.00129757772329585,0.01585));
#9705=CARTESIAN_POINT('',(-0.0221506568821733,0.00141791152738207,0.01585));
#9706=CARTESIAN_POINT('',(-0.0220334443157155,0.00153842498714963,0.01585));
#9707=CARTESIAN_POINT('',(-0.0220128635914337,0.00156089780262082,0.01585));
#9708=CARTESIAN_POINT('',(-0.0219337846352101,0.0016457554178275,0.01585));
#9709=CARTESIAN_POINT('',(-0.0218447864276867,0.00174223722473074,0.01585));
#9710=CARTESIAN_POINT('',(-0.021706683120414,0.00189296021145444,0.01585));
#9711=CARTESIAN_POINT('',(-0.0216276391265476,0.00197821703354187,0.01585));
#9712=CARTESIAN_POINT('',(-0.0215052613461649,0.00210570430819866,0.01585));
#9713=CARTESIAN_POINT('',(-0.0213883597225404,0.002222332211879,0.01585));
#9714=CARTESIAN_POINT('',(-0.0211680081335296,0.00242330582414446,0.01585));
#9715=CARTESIAN_POINT('',(-0.020978789934504,0.00257838502033052,0.01585));
#9716=CARTESIAN_POINT('',(-0.0207799065357751,0.00272227827148608,0.01585));
#9717=CARTESIAN_POINT('',(-0.0206233492654502,0.00282306623734395,0.01585));
#9718=CARTESIAN_POINT('',(-0.0203419514007885,0.00297371780792403,0.01585));
#9719=CARTESIAN_POINT('',(-0.0200329509131883,0.0030976540539662,0.01585));
#9720=CARTESIAN_POINT('',(-0.0197024164915851,0.00316324458870829,0.01585));
#9721=CARTESIAN_POINT('',(-0.0193063611784621,0.00314065523661739,0.01585));
#9722=CARTESIAN_POINT('',(-0.0189301439456228,0.00307632879265426,0.01585));
#9723=CARTESIAN_POINT('',(-0.0188002594217436,0.00303019810195603,0.01585));
#9724=CARTESIAN_POINT('',(-0.0187433719257179,0.00300351998509052,0.01585));
#9725=CARTESIAN_POINT('',(-0.0187431858344877,0.00300343276004735,0.0158500006972519));
#9726=CARTESIAN_POINT('',(-0.0187433479748144,0.00300357105717074,0.01585));
#9727=CARTESIAN_POINT('',(-0.0186588258628293,0.00294881146571047,0.01585));
#9728=CARTESIAN_POINT('',(-0.0185263050614774,0.00283008483735778,0.01585));
#9729=CARTESIAN_POINT('',(-0.0183477074588265,0.00261334223014225,0.01585));
#9730=CARTESIAN_POINT('',(-0.0181936635246144,0.00239209696419942,0.01585));
#9731=CARTESIAN_POINT('',(-0.0180961003853774,0.00223003575769287,0.01585));
#9732=CARTESIAN_POINT('',(-0.0180005853935764,0.002043122880133,0.01585));
#9733=CARTESIAN_POINT('',(-0.0179240047846712,0.00186306099126356,0.01585));
#9734=CARTESIAN_POINT('',(-0.0178532462643617,0.00164707518259917,0.01585));
#9735=CARTESIAN_POINT('',(-0.0178238727743881,0.00153456242833762,0.01585));
#9736=CARTESIAN_POINT('',(-0.0177709719753535,0.00131817733161479,0.01585));
#9737=CARTESIAN_POINT('',(-0.0177109489288859,0.00101832867209335,0.01585));
#9738=CARTESIAN_POINT('',(-0.0176502286904275,0.000650463945427996,0.01585));
#9739=CARTESIAN_POINT('',(-0.0176036789466916,0.000328148287802191,0.01585));
#9740=CARTESIAN_POINT('',(-0.017554816716538,-4.24152792676147E-5,0.01585));
#9741=CARTESIAN_POINT('',(-0.0175150939533327,-0.000377175907324485,0.01585));
#9742=CARTESIAN_POINT('',(-0.0174555785479514,-0.00094517686802959,0.01585));
#9743=CARTESIAN_POINT('',(-0.0174160389184184,-0.00145800990098284,0.01585));
#9744=CARTESIAN_POINT('',(-0.0173979596610476,-0.00190814541180776,0.01585));
#9745=CARTESIAN_POINT('',(-0.0173937024325224,-0.00230323102881786,0.01585));
#9746=CARTESIAN_POINT('',(-0.0173985166444498,-0.00271975061654789,0.01585));
#9747=CARTESIAN_POINT('',(-0.017414753364609,-0.00321307148272826,0.01585));
#9748=CARTESIAN_POINT('',(-0.0174332390959337,-0.00359777440960874,0.01585));
#9749=CARTESIAN_POINT('',(-0.0174583830766472,-0.00401563171491623,0.01585));
#9750=CARTESIAN_POINT('',(-0.0174866255737452,-0.00440114096711571,0.01585));
#9751=CARTESIAN_POINT('',(-0.0175277962810219,-0.00487453957462035,0.01585));
#9752=CARTESIAN_POINT('',(-0.0175655611346594,-0.00521237524713104,0.01585));
#9753=CARTESIAN_POINT('',(-0.0175933952586867,-0.0054272873847205,0.01585));
#9754=CARTESIAN_POINT('',(-0.0176362082407335,-0.00570958770697505,0.01585));
#9755=CARTESIAN_POINT('',(-0.0176900807197275,-0.0059765544431205,0.01585));
#9756=CARTESIAN_POINT('',(-0.0177591061752784,-0.00624292767673462,0.01585));
#9757=CARTESIAN_POINT('',(-0.017805639368197,-0.00640334604331652,0.01585));
#9758=CARTESIAN_POINT('',(-0.017899728019731,-0.00668385696079093,0.01585));
#9759=CARTESIAN_POINT('',(-0.0180166048031613,-0.00697943366442048,0.01585));
#9760=CARTESIAN_POINT('',(-0.018177618131426,-0.00731044424810089,0.01585));
#9761=CARTESIAN_POINT('',(-0.0183954874052616,-0.00761810776875575,0.01585));
#9762=CARTESIAN_POINT('',(-0.0186020683705077,-0.00782308397599102,0.01585));
#9763=CARTESIAN_POINT('',(-0.0189403418596394,-0.00800593811082976,0.01585));
#9764=CARTESIAN_POINT('',(-0.0195633478806975,-0.00813469571145301,0.01585));
#9765=CARTESIAN_POINT('',(-0.0202185314612973,-0.00807545735567033,0.01585));
#9766=CARTESIAN_POINT('',(-0.0208795312576023,-0.00775556406026366,0.01585));
#9767=CARTESIAN_POINT('',(-0.021286279687977,-0.00745562477960869,0.01585));
#9768=CARTESIAN_POINT('',(-0.0215704121723973,-0.00720891288247957,0.01585));
#9769=CARTESIAN_POINT('',(-0.0217647670269187,-0.00702314258652449,0.01585));
#9770=CARTESIAN_POINT('',(-0.0219238514164555,-0.00686371638912062,0.01585));
#9771=CARTESIAN_POINT('',(-0.0220287426128008,-0.00676099166284322,0.01585));
#9772=CARTESIAN_POINT('',(-0.0222864228126622,-0.00652420780587788,0.01585));
#9773=CARTESIAN_POINT('',(-0.0225444458127218,-0.00630858272853094,0.01585));
#9774=CARTESIAN_POINT('',(-0.0229651655266414,-0.00600219906657419,0.01585));
#9775=CARTESIAN_POINT('',(-0.0236287316986693,-0.00564643540828007,0.01585));
#9776=CARTESIAN_POINT('',(-0.024241876326808,-0.00545116740497557,0.01585));
#9777=CARTESIAN_POINT('',(-0.0248632008463186,-0.00535307150693373,0.01585));
#9778=CARTESIAN_POINT('',(-0.0252838381689881,-0.00534196866258153,0.01585));
#9779=CARTESIAN_POINT('',(-0.0256271241452911,-0.00537933350617447,0.01585));
#9780=CARTESIAN_POINT('',(-0.0258794622567973,-0.00543354764097243,0.01585));
#9781=CARTESIAN_POINT('',(-0.0260931671706662,-0.00549884971859871,0.01585));
#9782=CARTESIAN_POINT('',(-0.0261890335957313,-0.00553714381657229,0.01585));
#9783=CARTESIAN_POINT('',(-0.0263707013501219,-0.00561439709662765,0.01585));
#9784=CARTESIAN_POINT('',(-0.026576967711052,-0.00570996173423179,0.01585));
#9785=CARTESIAN_POINT('',(-0.0269396824316981,-0.00588396190963242,0.01585));
#9786=CARTESIAN_POINT('',(-0.0272987961082063,-0.00607417906110592,0.01585));
#9787=CARTESIAN_POINT('',(-0.0275721276172617,-0.00625099944734089,0.01585));
#9788=CARTESIAN_POINT('',(-0.0278385586013913,-0.0064858595124271,0.01585));
#9789=CARTESIAN_POINT('',(-0.028170487370714,-0.00684232436314311,0.01585));
#9790=CARTESIAN_POINT('',(-0.0284530062128513,-0.00718635382675823,0.01585));
#9791=CARTESIAN_POINT('',(-0.0286745659755339,-0.0074838429943114,0.01585));
#9792=CARTESIAN_POINT('',(-0.0289031876908058,-0.0078492286563374,0.01585));
#9793=CARTESIAN_POINT('',(-0.0290856114806252,-0.00821709223828387,0.01585));
#9794=CARTESIAN_POINT('',(-0.0292344442027135,-0.00859620429166195,0.01585));
#9795=CARTESIAN_POINT('',(-0.0293525183042267,-0.00901690118497938,0.01585));
#9796=CARTESIAN_POINT('',(-0.0294053339997209,-0.00929370594140831,0.01585));
#9797=CARTESIAN_POINT('',(-0.0294432488749796,-0.00954641697791467,0.01585));
#9798=CARTESIAN_POINT('',(-0.0294615797519269,-0.00968758558291475,0.01585));
#9799=CARTESIAN_POINT('',(-0.0294773672812239,-0.00982417429640545,0.01585));
#9800=CARTESIAN_POINT('',(-0.0294815345444147,-0.00986476039306599,0.01585));
#9801=CARTESIAN_POINT('',(-0.0294923181824206,-0.0099708481472435,0.01585));
#9802=CARTESIAN_POINT('',(-0.0295116152184246,-0.0101774458461603,0.01585));
#9803=CARTESIAN_POINT('',(-0.029533029449177,-0.0104264290989612,0.01585));
#9804=CARTESIAN_POINT('',(-0.0295490113209748,-0.0106203737957109,0.01585));
#9805=CARTESIAN_POINT('',(-0.0295486563048842,-0.0106160730810256,0.0158500090779193));
#9806=CARTESIAN_POINT('',(-0.0295249050551972,-0.0306677740853501,0.01585));
#9807=CARTESIAN_POINT('',(-0.0295248402381707,-0.0306686123592888,0.0158499959691954));
#9808=CARTESIAN_POINT('',(-0.0295240632258211,-0.0307727948770186,0.01585));
#9809=CARTESIAN_POINT('',(-0.0295239036223461,-0.0308810011743815,0.01585));
#9810=CARTESIAN_POINT('',(-0.0295238889088419,-0.0308810016839937,0.01585));
#9811=CARTESIAN_POINT('',(-0.029526407866412,-0.0309537289692581,0.01585));
#9812=CARTESIAN_POINT('',(-0.0295210614003038,-0.0311136935286542,0.01585));
#9813=CARTESIAN_POINT('',(-0.029475067278728,-0.0314300089134119,0.01585));
#9814=CARTESIAN_POINT('',(-0.0294115626029703,-0.0317241769288542,0.01585));
#9815=CARTESIAN_POINT('',(-0.0293235019024972,-0.0320321879769154,0.01585));
#9816=CARTESIAN_POINT('',(-0.0291347797189242,-0.0324422084150792,0.01585));
#9817=CARTESIAN_POINT('',(-0.0287909159891962,-0.0328967357604868,0.01585));
#9818=CARTESIAN_POINT('',(-0.0283733809289637,-0.0332829377166547,0.01585));
#9819=CARTESIAN_POINT('',(-0.0279381134698081,-0.0335525933664507,0.01585));
#9820=CARTESIAN_POINT('',(-0.0274677726345572,-0.0337358729035683,0.01585));
#9821=CARTESIAN_POINT('',(-0.0271992763930907,-0.0337986936852653,0.01585));
#9822=CARTESIAN_POINT('',(-0.0269914116106173,-0.033833952724876,0.01585));
#9823=CARTESIAN_POINT('',(-0.0268782035653887,-0.0338498958292529,0.01585));
#9824=CARTESIAN_POINT('',(-0.0268781750876717,-0.0338496936160202,0.01585));
#9825=CARTESIAN_POINT('',(-0.00745927931678379,-0.0338381644734362,0.01585));
#9826=CARTESIAN_POINT('',(-0.00745207202951511,-0.033838245084468,0.01585));
#9827=CARTESIAN_POINT('',(-0.00745207202951512,-0.033838245084468,0.01585));
#9828=CARTESIAN_POINT('',(-0.00724439695512962,-0.0338437117481108,0.01585));
#9829=CARTESIAN_POINT('',(-0.00697240607421558,-0.033846462262257,0.01585));
#9830=CARTESIAN_POINT('',(-0.00667712681035037,-0.0338379923901948,0.01585));
#9831=CARTESIAN_POINT('',(-0.00645787962198737,-0.0338247330662837,0.01585));
#9832=CARTESIAN_POINT('',(-0.00609301643193445,-0.0337744134567603,0.01585));
#9833=CARTESIAN_POINT('',(-0.00557763062023731,-0.0336580389884884,0.01585));
#9834=CARTESIAN_POINT('',(-0.00504895271166562,-0.033507051391586,0.01585));
#9835=CARTESIAN_POINT('',(-0.00458689779738008,-0.033341652616908,0.01585));
#9836=CARTESIAN_POINT('',(-0.00416017260958893,-0.0331500775089039,0.01585));
#9837=CARTESIAN_POINT('',(-0.00381403512829849,-0.0329591847389208,0.01585));
#9838=CARTESIAN_POINT('',(-0.00339874670127527,-0.0326733047771215,0.01585));
#9839=CARTESIAN_POINT('',(-0.00292148957848724,-0.0322673549377458,0.01585));
#9840=CARTESIAN_POINT('',(-0.00238182085747564,-0.031659076488048,0.01585));
#9841=CARTESIAN_POINT('',(-0.00189537174748097,-0.0308213847373592,0.01585));
#9842=CARTESIAN_POINT('',(-0.0016149333367846,-0.0298968078983613,0.01585));
#9843=CARTESIAN_POINT('',(-0.00156389901889966,-0.0291332723303185,0.01585));
#9844=CARTESIAN_POINT('',(-0.00162389569081752,-0.028495705839909,0.01585));
#9845=CARTESIAN_POINT('',(-0.0017299191107947,-0.027975687852641,0.01585));
#9846=CARTESIAN_POINT('',(-0.00185682474305948,-0.0275578179287284,0.01585));
#9847=CARTESIAN_POINT('',(-0.00203453563513988,-0.0271143093594223,0.01585));
#9848=CARTESIAN_POINT('',(-0.00224946810329928,-0.026687855295744,0.01585));
#9849=CARTESIAN_POINT('',(-0.00252603383495615,-0.0262354698423575,0.01585));
#9850=CARTESIAN_POINT('',(-0.00273781377597038,-0.0259445811650471,0.01585));
#9851=CARTESIAN_POINT('',(-0.00292340289322681,-0.0257192129292473,0.01585));
#9852=CARTESIAN_POINT('',(-0.00302541814173232,-0.0256016778090528,0.01585));
#9853=CARTESIAN_POINT('',(-0.00313055398964985,-0.0254858981487943,0.01585));
#9854=CARTESIAN_POINT('',(-0.0031413346015582,-0.0254749408561278,0.01585));
#9855=CARTESIAN_POINT('',(-0.00321233449740366,-0.0253997325080669,0.01585));
#9856=CARTESIAN_POINT('',(-0.00332531504253377,-0.0252823121544069,0.01585));
#9857=CARTESIAN_POINT('',(-0.00351528865725597,-0.0250856608559015,0.01585));
#9858=CARTESIAN_POINT('',(-0.00388125370796684,-0.0247102504215672,0.01585));
#9859=CARTESIAN_POINT('',(-0.00414413764324286,-0.0244348861665566,0.01585));
#9860=CARTESIAN_POINT('',(-0.00430910280335241,-0.0242532905351882,0.01585));
#9861=CARTESIAN_POINT('',(-0.00439045840867339,-0.0241585896341383,0.01585));
#9862=CARTESIAN_POINT('',(-0.00442080417308408,-0.0241238186205751,0.01585));
#9863=CARTESIAN_POINT('',(-0.00452162904812399,-0.0239931051781034,0.01585));
#9864=CARTESIAN_POINT('',(-0.00460565654632294,-0.0238581495559406,0.01585));
#9865=CARTESIAN_POINT('',(-0.00470422004949759,-0.0236423448060298,0.01585));
#9866=CARTESIAN_POINT('',(-0.00472580737978741,-0.0233895185638188,0.01585));
#9867=CARTESIAN_POINT('',(-0.0047077489238398,-0.0232214717255791,0.01585));
#9868=CARTESIAN_POINT('',(-0.00470779635850424,-0.0232214666282098,0.01585));
#9869=CARTESIAN_POINT('',(-0.00470784379316869,-0.0232214615308405,0.01585));
#9870=CARTESIAN_POINT('',(-0.00465487355701753,-0.0231301610034386,0.01585));
#9871=CARTESIAN_POINT('',(-0.00452418291703244,-0.0229512596931395,0.01585));
#9872=CARTESIAN_POINT('',(-0.00419211624667777,-0.0226481517292019,0.01585));
#9873=CARTESIAN_POINT('',(-0.00390935948793234,-0.0224478534627836,0.01585));
#9874=CARTESIAN_POINT('',(-0.00344456237124298,-0.0221950469976799,0.01585));
#9875=CARTESIAN_POINT('',(-0.00301350393077867,-0.0220240918545063,0.01585));
#9876=CARTESIAN_POINT('',(-0.00253736898332452,-0.0218660639414362,0.01585));
#9877=CARTESIAN_POINT('',(-0.00214063737757896,-0.0217587174256566,0.01585));
#9878=CARTESIAN_POINT('',(-0.00183088477934849,-0.021688081239576,0.01585));
#9879=CARTESIAN_POINT('',(-0.0013546431524515,-0.0215931187258131,0.01585));
#9880=CARTESIAN_POINT('',(-0.000674973347677413,-0.0214862831241777,0.01585));
#9881=CARTESIAN_POINT('',(5.02556387788033E-5,-0.0214196312528503,0.01585));
#9882=CARTESIAN_POINT('',(0.00079347070278213,-0.0214233810594436,0.01585));
#9883=CARTESIAN_POINT('',(0.00157977025614553,-0.0214690967316609,0.01585));
#9884=CARTESIAN_POINT('',(0.00232575265586341,-0.0215220739880481,0.01585));
#9885=CARTESIAN_POINT('',(0.00299496609244198,-0.021590449926703,0.01585));
#9886=CARTESIAN_POINT('',(0.00362494818054782,-0.0217220764729821,0.01585));
#9887=CARTESIAN_POINT('',(0.00411401719593419,-0.0218504849975887,0.01585));
#9888=CARTESIAN_POINT('',(0.00461106443116385,-0.0219983908087646,0.01585));
#9889=CARTESIAN_POINT('',(0.0049845849143877,-0.0221211222797909,0.01585));
#9890=CARTESIAN_POINT('',(0.00524574298642675,-0.0222223915925204,0.01585));
#9891=CARTESIAN_POINT('',(0.00537779722346341,-0.0222796876050459,0.01585));
#9892=CARTESIAN_POINT('',(0.00559853035057824,-0.0223939436994697,0.01585));
#9893=CARTESIAN_POINT('',(0.00584877909382681,-0.0225788036788135,0.01585));
#9894=CARTESIAN_POINT('',(0.00612224279798667,-0.0228496532591879,0.01585));
#9895=CARTESIAN_POINT('',(0.00625524746204781,-0.0230545598501381,0.01585));
#9896=CARTESIAN_POINT('',(0.00630917025959128,-0.0231694154525165,0.01585));
#9897=CARTESIAN_POINT('',(0.00630918968331916,-0.0231694063333989,0.01585));
#9898=CARTESIAN_POINT('',(0.00630920910704702,-0.0231693972142813,0.01585));
#9899=CARTESIAN_POINT('',(0.0063185495419087,-0.0233064469066648,0.01585));
#9900=CARTESIAN_POINT('',(0.00628930514972265,-0.0235348099002782,0.01585));
#9901=CARTESIAN_POINT('',(0.00617700016757862,-0.0238620311215509,0.01585));
#9902=CARTESIAN_POINT('',(0.00602971994190025,-0.0241644950129761,0.01585));
#9903=CARTESIAN_POINT('',(0.00592496926497438,-0.024341289437565,0.01585));
#9904=CARTESIAN_POINT('',(0.00578534499736689,-0.0245541328894526,0.01585));
#9905=CARTESIAN_POINT('',(0.00565297542233581,-0.0247301506467734,0.01585));
#9906=CARTESIAN_POINT('',(0.0055448629843095,-0.0248646368748137,0.01585));
#9907=CARTESIAN_POINT('',(0.00543646958735759,-0.024991635738065,0.01585));
#9908=CARTESIAN_POINT('',(0.00540937484403421,-0.0250214879461539,0.01585));
#9909=CARTESIAN_POINT('',(0.00532889796948174,-0.0251108647672555,0.01585));
#9910=CARTESIAN_POINT('',(0.00523605678172788,-0.0252125724385215,0.01585));
#9911=CARTESIAN_POINT('',(0.00505659546411665,-0.025407428844719,0.01585));
#9912=CARTESIAN_POINT('',(0.00491924214342855,-0.0255590325108656,0.01585));
#9913=CARTESIAN_POINT('',(0.00472017022210714,-0.0257856196317858,0.01585));
#9914=CARTESIAN_POINT('',(0.00445135151009005,-0.0261251934010818,0.01585));
#9915=CARTESIAN_POINT('',(0.00417325362031624,-0.0265317461257686,0.01585));
#9916=CARTESIAN_POINT('',(0.00388217903799009,-0.0270289536448045,0.01585));
#9917=CARTESIAN_POINT('',(0.0036641741309801,-0.0274905145067364,0.01585));
#9918=CARTESIAN_POINT('',(0.00349521081462618,-0.0279580836913692,0.01585));
#9919=CARTESIAN_POINT('',(0.00338535505970024,-0.0283913427309369,0.01585));
#9920=CARTESIAN_POINT('',(0.0033183710677747,-0.0289099105166982,0.01585));
#9921=CARTESIAN_POINT('',(0.00332115977042849,-0.0295681145774422,0.01585));
#9922=CARTESIAN_POINT('',(0.00349400662734489,-0.0304230934078624,0.01585));
#9923=CARTESIAN_POINT('',(0.00391109381084757,-0.0313398413247488,0.01585));
#9924=CARTESIAN_POINT('',(0.00445300069726039,-0.0320201081387957,0.01585));
#9925=CARTESIAN_POINT('',(0.00492004193665648,-0.0324463275293122,0.01585));
#9926=CARTESIAN_POINT('',(0.00548170885715944,-0.0328770699443515,0.01585));
#9927=CARTESIAN_POINT('',(0.00619354850008119,-0.0333006682629301,0.01585));
#9928=CARTESIAN_POINT('',(0.00698116893723893,-0.0335955273369216,0.01585));
#9929=CARTESIAN_POINT('',(0.0076247887687299,-0.0337440446329586,0.01585));
#9930=CARTESIAN_POINT('',(0.00816074274291695,-0.0338140958530025,0.01585));
#9931=CARTESIAN_POINT('',(0.00856983058888284,-0.033839385603757,0.01585));
#9932=CARTESIAN_POINT('',(0.00915705778128956,-0.033853449570032,0.01585));
#9933=CARTESIAN_POINT('',(0.00963476016859929,-0.0338532462507016,0.01585));
#9934=CARTESIAN_POINT('',(0.00997408526716113,-0.0338516754914124,0.01585));
#9935=CARTESIAN_POINT('',(0.010141139245107,-0.0338498582826115,0.01585));
#9936=CARTESIAN_POINT('',(0.0101411392111179,-0.0338498730333168,0.01585));
#9937=CARTESIAN_POINT('',(0.0262440647976875,-0.0338311022637175,0.01585));
#9938=CARTESIAN_POINT('',(0.0262468658344942,-0.0338310989960546,0.01585));
#9939=CARTESIAN_POINT('',(0.0262468658436471,-0.0338311068419286,0.01585));
#9940=CARTESIAN_POINT('',(0.0263730069927873,-0.0338323803497846,0.01585));
#9941=CARTESIAN_POINT('',(0.0266100467302823,-0.0338303873283475,0.01585));
#9942=CARTESIAN_POINT('',(0.026832874719194,-0.0338232541251623,0.01585));
#9943=CARTESIAN_POINT('',(0.027183982895699,-0.0337835479296937,0.01585));
#9944=CARTESIAN_POINT('',(0.0275358957585412,-0.033700724199275,0.01585));
#9945=CARTESIAN_POINT('',(0.0280169979346966,-0.0335067377135528,0.01585));
#9946=CARTESIAN_POINT('',(0.028527358621295,-0.0331621729768699,0.01585));
#9947=CARTESIAN_POINT('',(0.0289784542902077,-0.0327156472237988,0.01585));
#9948=CARTESIAN_POINT('',(0.0292387222477529,-0.0323080789061762,0.01585));
#9949=CARTESIAN_POINT('',(0.0294086329298274,-0.0319300651502027,0.01585));
#9950=CARTESIAN_POINT('',(0.029493012881718,-0.0316667235853546,0.01585));
#9951=CARTESIAN_POINT('',(0.0295201358379457,-0.0315476753996851,0.01585));
#9952=CARTESIAN_POINT('',(0.029555515657854,-0.031361815258157,0.01585));
#9953=CARTESIAN_POINT('',(0.0295814458130248,-0.0311832272641694,0.01585));
#9954=CARTESIAN_POINT('',(0.0295995631211786,-0.0310427528110816,0.01585));
#9955=CARTESIAN_POINT('',(0.029599522170637,-0.0310427475295975,0.01585));
#9956=CARTESIAN_POINT('',(0.0295609395800526,0.0019951056709454,0.01585));
#9957=CARTESIAN_POINT('',(0.0295770899526966,-0.0118580287396212,0.01585));
#9958=CARTESIAN_POINT('',(0.0295770899526966,-0.0118580287396212,0.01585));
#9959=CARTESIAN_POINT('',(0.0295637206879279,-0.0115779439696508,0.01585));
#9960=CARTESIAN_POINT('',(0.0295506590432004,-0.0112158481406243,0.01585));
#9961=CARTESIAN_POINT('',(0.0295468921512074,-0.0109053827784367,0.01585));
#9962=CARTESIAN_POINT('',(0.029548891266186,-0.0107480539904649,0.01585));
#9963=CARTESIAN_POINT('',(0.0295500629203521,-0.0106728615273561,0.01585));
#9964=CARTESIAN_POINT('',(0.0295607393695913,-0.0105064381039645,0.01585));
#9965=CARTESIAN_POINT('',(0.0295907479466029,-0.0103458228769618,0.01585));
#9966=CARTESIAN_POINT('',(0.0296071297159892,-0.0102812700465999,0.01585));
#9967=CARTESIAN_POINT('',(0.0296850103485813,-0.00998128080237551,0.01585));
#9968=CARTESIAN_POINT('',(0.0297125016380017,-0.00986852532090026,0.01585));
#9969=CARTESIAN_POINT('',(0.0297796421742064,-0.00957835813320898,0.01585));
#9970=CARTESIAN_POINT('',(0.0297984421174018,-0.00951450270649948,0.01585));
#9971=CARTESIAN_POINT('',(0.0298064817361479,-0.0094911849180503,0.01585));
#9972=CARTESIAN_POINT('',(0.0280771417682625,-0.0118942656988962,0.01585));
#9973=CARTESIAN_POINT('',(0.0280501806762085,-0.0113227765881068,0.01585));
#9974=CARTESIAN_POINT('',(0.0280041270181532,-0.0103465860080693,0.01585));
#9975=CARTESIAN_POINT('',(0.0282623977765733,-0.009566355337953,0.01585));
#9976=CARTESIAN_POINT('',(0.0283792917752776,-0.00882233260075003,0.01585));
#9977=CARTESIAN_POINT('',(0.0290454277075614,-0.00797317848474149,0.01585));
#9978=CARTESIAN_POINT('',(0.0296335867521531,-0.00746897992223652,0.01585));
#9979=CARTESIAN_POINT('',(0.0305792610730907,-0.00745389705703032,0.01585));
#9980=CARTESIAN_POINT('',(0.0313614048508193,-0.00781802503883934,0.01585));
#9981=CARTESIAN_POINT('',(0.0320602962210377,-0.00833730887069831,0.01585));
#9982=CARTESIAN_POINT('',(0.0326384132236444,-0.00892510824647553,0.01585));
#9983=CARTESIAN_POINT('',(0.0332795548131068,-0.00948590192832517,0.01585));
#9984=CARTESIAN_POINT('',(0.0341296858572743,-0.00997067813408867,0.01585));
#9985=CARTESIAN_POINT('',(0.0347454853247977,-0.0102307003497233,0.01585));
#9986=CARTESIAN_POINT('',(0.0355108691334889,-0.0102744442601252,0.01585));
#9987=CARTESIAN_POINT('',(0.0361982105833442,-0.0101940264383199,0.01585));
#9988=CARTESIAN_POINT('',(0.0370501433771127,-0.00981640451235329,0.01585));
#9989=CARTESIAN_POINT('',(0.0378265612524873,-0.00915398838543847,0.01585));
#9990=CARTESIAN_POINT('',(0.038399469726945,-0.00822565256147891,0.01585));
#9991=CARTESIAN_POINT('',(0.0387898562917032,-0.0070226393693825,0.01585));
#9992=CARTESIAN_POINT('',(0.0390647921796849,-0.00487905775061377,0.01585));
#9993=CARTESIAN_POINT('',(0.0391629092712621,-0.002315232081654,0.01585));
#9994=CARTESIAN_POINT('',(0.0389633116039557,-0.000437993938574664,0.01585));
#9995=CARTESIAN_POINT('',(0.0388100995635518,0.00103293028133886,0.01585));
#9996=CARTESIAN_POINT('',(0.0382202834203052,0.00282578836990946,0.01585));
#9997=CARTESIAN_POINT('',(0.037160223553138,0.0040880475991773,0.01585));
#9998=CARTESIAN_POINT('',(0.0358090338351272,0.00468568536184175,0.01585));
#9999=CARTESIAN_POINT('',(0.034375850410519,0.0048084184840257,0.01585));
#10000=CARTESIAN_POINT('',(0.0328651069962885,0.00400142652881117,0.01585));
#10001=CARTESIAN_POINT('',(0.0321296186360665,0.0031407011705169,0.01585));
#10002=CARTESIAN_POINT('',(0.0308495332308855,0.00204098662491774,0.01585));
#10003=CARTESIAN_POINT('',(0.0294854201307783,0.0016430677263946,0.01585));
#10004=CARTESIAN_POINT('',(0.0283276616460226,0.00244814363739217,0.01585));
#10005=CARTESIAN_POINT('',(0.027867530606244,0.00373044834943227,0.01585));
#10006=CARTESIAN_POINT('',(0.027805031330857,0.00457288517264881,0.01585));
#10007=CARTESIAN_POINT('',(0.0278214756178788,0.00625542099603391,0.01585));
#10008=CARTESIAN_POINT('',(0.0278321159395671,0.00734411048370417,0.01585));
#10009=CARTESIAN_POINT('',(0.0280771417682625,-0.0118942656988962,0.01585));
#10010=CARTESIAN_POINT('',(0.0278321159395671,0.00734411048370417,0.01585));
#10011=CARTESIAN_POINT('',(0.0280882258207035,-0.0213955022437865,0.01585));
#10012=CARTESIAN_POINT('',(0.0280993672214478,-0.0309458976860043,0.01585));
#10013=CARTESIAN_POINT('',(0.0262479219432923,-0.0323310967433083,0.01585));
#10014=CARTESIAN_POINT('',(0.0263397140772473,-0.0323315045685542,0.01585));
#10015=CARTESIAN_POINT('',(0.0265454503962862,-0.0323324186388702,0.01585));
#10016=CARTESIAN_POINT('',(0.026996010441463,-0.0323216356215974,0.01585));
#10017=CARTESIAN_POINT('',(0.0274033733939864,-0.0321149368428857,0.01585));
#10018=CARTESIAN_POINT('',(0.0276423540463378,-0.031930944177695,0.01585));
#10019=CARTESIAN_POINT('',(0.0278841554509796,-0.0316695483720921,0.01585));
#10020=CARTESIAN_POINT('',(0.0279974271253406,-0.0314062519346945,0.01585));
#10021=CARTESIAN_POINT('',(0.0280606883634925,-0.0312415103637537,0.01585));
#10022=CARTESIAN_POINT('',(0.0280853726912825,-0.0310528543221278,0.01585));
#10023=CARTESIAN_POINT('',(0.0280993672214478,-0.0309458976860043,0.01585));
#10024=CARTESIAN_POINT('',(0.0262479219432923,-0.0323310967433083,0.01585));
#10025=CARTESIAN_POINT('',(0.0181936556179191,-0.0323404927740147,0.01585));
#10026=CARTESIAN_POINT('',(0.0101393892925459,-0.0323498888047211,0.01585));
#10027=CARTESIAN_POINT('',(0.0101393892925459,-0.0323498888047211,0.01585));
#10028=CARTESIAN_POINT('',(0.00978043317432507,-0.0323516179734726,0.01585));
#10029=CARTESIAN_POINT('',(0.00906389721693954,-0.0323550696811436,0.01585));
#10030=CARTESIAN_POINT('',(0.00799313224233143,-0.0323228937006262,0.01585));
#10031=CARTESIAN_POINT('',(0.00698091880449483,-0.0320247320529923,0.01585));
#10032=CARTESIAN_POINT('',(0.00610253482826176,-0.0315045287759154,0.01585));
#10033=CARTESIAN_POINT('',(0.00521996644350775,-0.0307151180036702,0.01585));
#10034=CARTESIAN_POINT('',(0.00473486247302082,-0.0294427566813596,0.01585));
#10035=CARTESIAN_POINT('',(0.00490047679857651,-0.0282259401062829,0.01585));
#10036=CARTESIAN_POINT('',(0.00569037574645652,-0.0268700982379217,0.01585));
#10037=CARTESIAN_POINT('',(0.00665716953496391,-0.0259376461868438,0.01585));
#10038=CARTESIAN_POINT('',(0.00745788347112099,-0.0248081355143084,0.01585));
#10039=CARTESIAN_POINT('',(0.00790447128416109,-0.0235042716229334,0.01585));
#10040=CARTESIAN_POINT('',(0.00772432011885443,-0.0224332920894201,0.01585));
#10041=CARTESIAN_POINT('',(0.00700365870588814,-0.0215584477119093,0.01585));
#10042=CARTESIAN_POINT('',(0.0061972005228267,-0.0209545074574568,0.01585));
#10043=CARTESIAN_POINT('',(0.00505502946238434,-0.0205543137716827,0.01585));
#10044=CARTESIAN_POINT('',(0.00347575847986415,-0.0201057292344708,0.01585));
#10045=CARTESIAN_POINT('',(0.00197782082373458,-0.0199927044535618,0.01585));
#10046=CARTESIAN_POINT('',(0.000247521181391423,-0.0198806945489024,0.01585));
#10047=CARTESIAN_POINT('',(-0.00113079624332455,-0.0200228579946095,0.01585));
#10048=CARTESIAN_POINT('',(-0.00272857684995029,-0.0203240902585387,0.01585));
#10049=CARTESIAN_POINT('',(-0.00392485117195167,-0.0207587718785735,0.01585));
#10050=CARTESIAN_POINT('',(-0.00497006954356707,-0.0212792894010175,0.01585));
#10051=CARTESIAN_POINT('',(-0.00612008785870141,-0.0223780901626137,0.01585));
#10052=CARTESIAN_POINT('',(-0.00628238489545238,-0.0234721461574204,0.01585));
#10053=CARTESIAN_POINT('',(-0.00602665445340377,-0.024566171817094,0.01585));
#10054=CARTESIAN_POINT('',(-0.00529169343404172,-0.0254269916270893,0.01585));
#10055=CARTESIAN_POINT('',(-0.00436972428638707,-0.02634617507107,0.01585));
#10056=CARTESIAN_POINT('',(-0.00379523812763028,-0.0269780086313939,0.01585));
#10057=CARTESIAN_POINT('',(-0.00324376692223136,-0.0279967491693704,0.01585));
#10058=CARTESIAN_POINT('',(-0.00307065018970079,-0.0288856781523024,0.01585));
#10059=CARTESIAN_POINT('',(-0.00308670402058,-0.0296341303512386,0.01585));
#10060=CARTESIAN_POINT('',(-0.00334776744015512,-0.0303635588214132,0.01585));
#10061=CARTESIAN_POINT('',(-0.00369231468636733,-0.0308784105426681,0.01585));
#10062=CARTESIAN_POINT('',(-0.0041592682936005,-0.0313833245323807,0.01585));
#10063=CARTESIAN_POINT('',(-0.00493400160863113,-0.031926222970074,0.01585));
#10064=CARTESIAN_POINT('',(-0.00608302965574495,-0.0322440622334865,0.01585));
#10065=CARTESIAN_POINT('',(-0.00669396000105033,-0.0323590543797797,0.01585));
#10066=CARTESIAN_POINT('',(-0.00717981064973592,-0.032345277889889,0.01585));
#10067=CARTESIAN_POINT('',(-0.0074312623511613,-0.0323381478761037,0.01585));
#10068=CARTESIAN_POINT('',(-0.0074312623511613,-0.0323381478761037,0.01585));
#10069=CARTESIAN_POINT('',(-0.0171006216588975,-0.0323437879656155,0.01585));
#10070=CARTESIAN_POINT('',(-0.0267699809666336,-0.0323494280551275,0.01585));
#10071=CARTESIAN_POINT('',(-0.0280249142572051,-0.03065901119254,0.01585));
#10072=CARTESIAN_POINT('',(-0.0280239802575591,-0.0307731954750255,0.01585));
#10073=CARTESIAN_POINT('',(-0.028022673689,-0.0309329274343426,0.01585));
#10074=CARTESIAN_POINT('',(-0.0280293661235971,-0.0309723667346501,0.01585));
#10075=CARTESIAN_POINT('',(-0.0279582111659783,-0.0314217202596562,0.01585));
#10076=CARTESIAN_POINT('',(-0.0278115287837267,-0.0317337706137695,0.01585));
#10077=CARTESIAN_POINT('',(-0.0274756357418688,-0.0320885685839634,0.01585));
#10078=CARTESIAN_POINT('',(-0.0272230405438441,-0.0322176298307256,0.01585));
#10079=CARTESIAN_POINT('',(-0.0269661568742563,-0.0323208718795332,0.01585));
#10080=CARTESIAN_POINT('',(-0.02683184557461,-0.0323404227872031,0.01585));
#10081=CARTESIAN_POINT('',(-0.0267699809666336,-0.0323494280551275,0.01585));
#10082=CARTESIAN_POINT('',(-0.0280249142572051,-0.03065901119254,0.01585));
#10083=CARTESIAN_POINT('',(-0.028036567860197,-0.0206695565941395,0.01585));
#10084=CARTESIAN_POINT('',(-0.0280482214631888,-0.0106801019957391,0.01585));
#10085=CARTESIAN_POINT('',(-0.028094639242718,0.00590971836838314,0.01585));
#10086=CARTESIAN_POINT('',(-0.0280989391154927,0.00571477622769051,0.01585));
#10087=CARTESIAN_POINT('',(-0.028107804918916,0.00531282975418643,0.01585));
#10088=CARTESIAN_POINT('',(-0.028033967375097,0.00463616398964321,0.01585));
#10089=CARTESIAN_POINT('',(-0.0279290742235584,0.00400054735527137,0.01585));
#10090=CARTESIAN_POINT('',(-0.0276387448558118,0.00325375767068294,0.01585));
#10091=CARTESIAN_POINT('',(-0.0272753039306153,0.00271207604245062,0.01585));
#10092=CARTESIAN_POINT('',(-0.0266292701553357,0.00198796836552321,0.01585));
#10093=CARTESIAN_POINT('',(-0.0255733263806094,0.00155464756340947,0.01585));
#10094=CARTESIAN_POINT('',(-0.024502338628731,0.00155924082353149,0.01585));
#10095=CARTESIAN_POINT('',(-0.023531400791063,0.00209452782142623,0.01585));
#10096=CARTESIAN_POINT('',(-0.0228006323606002,0.00293161951827635,0.01585));
#10097=CARTESIAN_POINT('',(-0.0223117453721516,0.00342642272760063,0.01585));
#10098=CARTESIAN_POINT('',(-0.0215386992537226,0.00407628919070511,0.01585));
#10099=CARTESIAN_POINT('',(-0.0204378170290375,0.00459593206312321,0.01585));
#10100=CARTESIAN_POINT('',(-0.0195876125695762,0.00467477639262881,0.01585));
#10101=CARTESIAN_POINT('',(-0.0186037346961014,0.00457808591394388,0.01585));
#10102=CARTESIAN_POINT('',(-0.0176909153211266,0.00422766480536787,0.01585));
#10103=CARTESIAN_POINT('',(-0.0167255362996857,0.00300580207837846,0.01585));
#10104=CARTESIAN_POINT('',(-0.0162365613102142,0.00167654684479156,0.01585));
#10105=CARTESIAN_POINT('',(-0.0159171533518181,-0.00104443820156376,0.01585));
#10106=CARTESIAN_POINT('',(-0.0158639425226039,-0.00259882863606992,0.01585));
#10107=CARTESIAN_POINT('',(-0.0160271798939947,-0.0053952135423466,0.01585));
#10108=CARTESIAN_POINT('',(-0.0163297034134786,-0.00687548454093546,0.01585));
#10109=CARTESIAN_POINT('',(-0.0169773904651172,-0.0083883523337187,0.01585));
#10110=CARTESIAN_POINT('',(-0.0179168652053262,-0.00924287381808872,0.01585));
#10111=CARTESIAN_POINT('',(-0.0189526916853301,-0.00958508000451674,0.01585));
#10112=CARTESIAN_POINT('',(-0.0200405481830481,-0.0096413701610155,0.01585));
#10113=CARTESIAN_POINT('',(-0.0209630981658835,-0.00938252236387731,0.01585));
#10114=CARTESIAN_POINT('',(-0.0217559301076242,-0.00899657949834313,0.01585));
#10115=CARTESIAN_POINT('',(-0.0224845769258476,-0.00841562504461904,0.01585));
#10116=CARTESIAN_POINT('',(-0.0228496014824901,-0.00805721377575107,0.01585));
#10117=CARTESIAN_POINT('',(-0.0234160384208769,-0.00750226434150902,0.01585));
#10118=CARTESIAN_POINT('',(-0.0240253558873434,-0.00711335247696905,0.01585));
#10119=CARTESIAN_POINT('',(-0.0247290364522156,-0.00685795915243092,0.01585));
#10120=CARTESIAN_POINT('',(-0.0254876020353005,-0.00682158484817139,0.01585));
#10121=CARTESIAN_POINT('',(-0.0260246686337781,-0.00711815885043512,0.01585));
#10122=CARTESIAN_POINT('',(-0.0265940149935437,-0.00736937351742976,0.01585));
#10123=CARTESIAN_POINT('',(-0.0269151174876667,-0.00768195963031123,0.01585));
#10124=CARTESIAN_POINT('',(-0.0274263562454098,-0.00828548160915754,0.01585));
#10125=CARTESIAN_POINT('',(-0.0277273543664956,-0.00882194162592081,0.01585));
#10126=CARTESIAN_POINT('',(-0.0279519903645156,-0.00948993336412193,0.01585));
#10127=CARTESIAN_POINT('',(-0.0280131938001286,-0.0102468862641525,0.01585));
#10128=CARTESIAN_POINT('',(-0.0280482214631888,-0.0106801019957391,0.01585));
#10129=CARTESIAN_POINT('',(-0.028094639242718,0.00590971836838314,0.01585));
#10130=CARTESIAN_POINT('',(-0.0280943269325371,0.0147701018910782,0.01585));
#10131=CARTESIAN_POINT('',(-0.0280940146223562,0.0236304854137733,0.01585));
#10132=CARTESIAN_POINT('',(-0.0266508139545627,0.02502926747194,0.01585));
#10133=CARTESIAN_POINT('',(-0.0267732162343092,0.0250066790585191,0.01585));
#10134=CARTESIAN_POINT('',(-0.0270235576589786,0.0249604804451554,0.01585));
#10135=CARTESIAN_POINT('',(-0.0274106795898524,0.0247923856754452,0.01585));
#10136=CARTESIAN_POINT('',(-0.0276702985570651,0.0245450565197845,0.01585));
#10137=CARTESIAN_POINT('',(-0.0278966219227367,0.0242696058354597,0.01585));
#10138=CARTESIAN_POINT('',(-0.0280798156879145,0.0239055987163897,0.01585));
#10139=CARTESIAN_POINT('',(-0.028089603012762,0.0237159631297447,0.01585));
#10140=CARTESIAN_POINT('',(-0.0280940146223562,0.0236304854137733,0.01585));
#10141=CARTESIAN_POINT('',(-0.0266508139545627,0.02502926747194,0.01585));
#10142=CARTESIAN_POINT('',(-0.017277449995679,0.0250892960066301,0.01585));
#10143=CARTESIAN_POINT('',(-0.00790408603679541,0.0251493245413202,0.01585));
#10144=CARTESIAN_POINT('',(0.00928537128148627,0.0251174324332158,0.01585));
#10145=CARTESIAN_POINT('',(0.00892259260003382,0.0251099592769513,0.01585));
#10146=CARTESIAN_POINT('',(0.0083243801479897,0.0250784294120965,0.01585));
#10147=CARTESIAN_POINT('',(0.00740676835190707,0.0252498272626557,0.01585));
#10148=CARTESIAN_POINT('',(0.00661929334664657,0.025527746452697,0.01585));
#10149=CARTESIAN_POINT('',(0.00595241964224838,0.0262534257272792,0.01585));
#10150=CARTESIAN_POINT('',(0.00588688567658383,0.0268015385600631,0.01585));
#10151=CARTESIAN_POINT('',(0.00594191657668432,0.0273522939375723,0.01585));
#10152=CARTESIAN_POINT('',(0.00663051330391778,0.0283272439673535,0.01585));
#10153=CARTESIAN_POINT('',(0.00784770502296106,0.0288823373092326,0.01585));
#10154=CARTESIAN_POINT('',(0.0087342183450773,0.0297575228968704,0.01585));
#10155=CARTESIAN_POINT('',(0.00926432101705169,0.0306371375472823,0.01585));
#10156=CARTESIAN_POINT('',(0.00929335525446162,0.0316437007665338,0.01585));
#10157=CARTESIAN_POINT('',(0.00925487159626051,0.0321556011714573,0.01585));
#10158=CARTESIAN_POINT('',(0.00902549604523002,0.0331298966031382,0.01585));
#10159=CARTESIAN_POINT('',(0.00843755822244599,0.0338623855093298,0.01585));
#10160=CARTESIAN_POINT('',(0.0077398546037812,0.0346275933566902,0.01585));
#10161=CARTESIAN_POINT('',(0.00657215008487908,0.0353698734960099,0.01585));
#10162=CARTESIAN_POINT('',(0.00470394765698326,0.0360393407028926,0.01585));
#10163=CARTESIAN_POINT('',(0.0024063447862828,0.0362665209310153,0.01585));
#10164=CARTESIAN_POINT('',(0.000344813234991192,0.0362872861119124,0.01585));
#10165=CARTESIAN_POINT('',(-0.00122169538924018,0.0362625095819656,0.01585));
#10166=CARTESIAN_POINT('',(-0.00304031925917715,0.0359903511716877,0.01585));
#10167=CARTESIAN_POINT('',(-0.00451191906222087,0.0354711482802237,0.01585));
#10168=CARTESIAN_POINT('',(-0.00576775467466964,0.0349365158862297,0.01585));
#10169=CARTESIAN_POINT('',(-0.00654285575777724,0.0340688354044418,0.01585));
#10170=CARTESIAN_POINT('',(-0.00718342859968944,0.0333937585951978,0.01585));
#10171=CARTESIAN_POINT('',(-0.00759906897607331,0.0324249414108491,0.01585));
#10172=CARTESIAN_POINT('',(-0.00762937142092875,0.0315672404937926,0.01585));
#10173=CARTESIAN_POINT('',(-0.00764832644170112,0.0306293080182982,0.01585));
#10174=CARTESIAN_POINT('',(-0.00701226903288076,0.0296143851090559,0.01585));
#10175=CARTESIAN_POINT('',(-0.00606509144659935,0.0288248045103474,0.01585));
#10176=CARTESIAN_POINT('',(-0.00519712883330485,0.0283844985904771,0.01585));
#10177=CARTESIAN_POINT('',(-0.00441206446242978,0.0275685634941426,0.01585));
#10178=CARTESIAN_POINT('',(-0.00432420992889217,0.0265460325830501,0.01585));
#10179=CARTESIAN_POINT('',(-0.00482494943442531,0.0256668465375426,0.01585));
#10180=CARTESIAN_POINT('',(-0.00576223380310584,0.0251391840194418,0.01585));
#10181=CARTESIAN_POINT('',(-0.00682130367956284,0.0250774826278125,0.01585));
#10182=CARTESIAN_POINT('',(-0.00756912940532577,0.0251206902186288,0.01585));
#10183=CARTESIAN_POINT('',(-0.00790408603679541,0.0251493245413201,0.01585));
#10184=CARTESIAN_POINT('',(0.00928537128148627,0.0251174324332158,0.01585));
#10185=CARTESIAN_POINT('',(0.0178312005092141,0.025140863217962,0.01585));
#10186=CARTESIAN_POINT('',(0.0263770297369419,0.0251642940027083,0.01585));
#10187=CARTESIAN_POINT('',(0.0278128316229775,0.0238746036854595,0.01585));
#10188=CARTESIAN_POINT('',(0.0278064522625662,0.0239700280044438,0.01585));
#10189=CARTESIAN_POINT('',(0.0277945715997142,0.0241477423972091,0.01585));
#10190=CARTESIAN_POINT('',(0.0276692020428012,0.024346405636557,0.01585));
#10191=CARTESIAN_POINT('',(0.0276442047554864,0.0243867028696679,0.01585));
#10192=CARTESIAN_POINT('',(0.0274874085989841,0.024634972718591,0.01585));
#10193=CARTESIAN_POINT('',(0.0272037472146694,0.0248648118429511,0.01585));
#10194=CARTESIAN_POINT('',(0.0270072341754518,0.0249937934401645,0.01585));
#10195=CARTESIAN_POINT('',(0.0268310745852959,0.025086605629398,0.01585));
#10196=CARTESIAN_POINT('',(0.0266752732754347,0.0251315231417745,0.01585));
#10197=CARTESIAN_POINT('',(0.0265376175763046,0.0251650432279486,0.01585));
#10198=CARTESIAN_POINT('',(0.026431753728515,0.0251645493184027,0.01585));
#10199=CARTESIAN_POINT('',(0.0263770297369419,0.0251642940027083,0.01585));
#10200=CARTESIAN_POINT('',(0.0278128316229775,0.0238746036854595,0.01585));
#10201=CARTESIAN_POINT('',(0.274481938603665,0.0158971076768599,0.01585));
#10202=CARTESIAN_POINT('',(0.0280771417682625,-0.0118942656988962,-0.0032));
#10203=CARTESIAN_POINT('',(0.0280771417682624,-0.0118942656988962,0.01585));
#10204=CARTESIAN_POINT('',(0.0280501806762085,-0.0113227765881068,-0.0032));
#10205=CARTESIAN_POINT('',(0.0280501806762085,-0.0113227765881068,0.01585));
#10206=CARTESIAN_POINT('',(0.0280041270181532,-0.0103465860080693,-0.0032));
#10207=CARTESIAN_POINT('',(0.0280041270181532,-0.0103465860080693,0.01585));
#10208=CARTESIAN_POINT('',(0.0282623977765733,-0.009566355337953,-0.0032));
#10209=CARTESIAN_POINT('',(0.0282623977765733,-0.009566355337953,0.01585));
#10210=CARTESIAN_POINT('',(0.0283792917752776,-0.00882233260075003,-0.0032));
#10211=CARTESIAN_POINT('',(0.0283792917752776,-0.00882233260075003,0.01585));
#10212=CARTESIAN_POINT('',(0.0290454277075614,-0.00797317848474149,-0.0032));
#10213=CARTESIAN_POINT('',(0.0290454277075614,-0.00797317848474149,0.01585));
#10214=CARTESIAN_POINT('',(0.0296335867521532,-0.00746897992223652,-0.0032));
#10215=CARTESIAN_POINT('',(0.0296335867521532,-0.00746897992223652,0.01585));
#10216=CARTESIAN_POINT('',(0.0305792610730907,-0.00745389705703032,-0.0032));
#10217=CARTESIAN_POINT('',(0.0305792610730907,-0.00745389705703032,0.01585));
#10218=CARTESIAN_POINT('',(0.0313614048508193,-0.00781802503883934,-0.0032));
#10219=CARTESIAN_POINT('',(0.0313614048508193,-0.00781802503883934,0.01585));
#10220=CARTESIAN_POINT('',(0.0320602962210377,-0.00833730887069831,-0.0032));
#10221=CARTESIAN_POINT('',(0.0320602962210377,-0.00833730887069831,0.01585));
#10222=CARTESIAN_POINT('',(0.0326384132236444,-0.00892510824647553,-0.0032));
#10223=CARTESIAN_POINT('',(0.0326384132236444,-0.00892510824647553,0.01585));
#10224=CARTESIAN_POINT('',(0.0332795548131068,-0.00948590192832517,-0.0032));
#10225=CARTESIAN_POINT('',(0.0332795548131068,-0.00948590192832517,0.01585));
#10226=CARTESIAN_POINT('',(0.0341296858572743,-0.00997067813408867,-0.0032));
#10227=CARTESIAN_POINT('',(0.0341296858572743,-0.00997067813408867,0.01585));
#10228=CARTESIAN_POINT('',(0.0347454853247977,-0.0102307003497233,-0.0032));
#10229=CARTESIAN_POINT('',(0.0347454853247977,-0.0102307003497233,0.01585));
#10230=CARTESIAN_POINT('',(0.0355108691334889,-0.0102744442601252,-0.0032));
#10231=CARTESIAN_POINT('',(0.0355108691334889,-0.0102744442601252,0.01585));
#10232=CARTESIAN_POINT('',(0.0361982105833442,-0.0101940264383199,-0.0032));
#10233=CARTESIAN_POINT('',(0.0361982105833442,-0.0101940264383199,0.01585));
#10234=CARTESIAN_POINT('',(0.0370501433771127,-0.00981640451235329,-0.0032));
#10235=CARTESIAN_POINT('',(0.0370501433771127,-0.00981640451235329,0.01585));
#10236=CARTESIAN_POINT('',(0.0378265612524873,-0.00915398838543847,-0.0032));
#10237=CARTESIAN_POINT('',(0.0378265612524873,-0.00915398838543847,0.01585));
#10238=CARTESIAN_POINT('',(0.038399469726945,-0.00822565256147891,-0.0032));
#10239=CARTESIAN_POINT('',(0.038399469726945,-0.00822565256147891,0.01585));
#10240=CARTESIAN_POINT('',(0.0387898562917032,-0.0070226393693825,-0.0032));
#10241=CARTESIAN_POINT('',(0.0387898562917032,-0.0070226393693825,0.01585));
#10242=CARTESIAN_POINT('',(0.0390647921796849,-0.00487905775061377,-0.0032));
#10243=CARTESIAN_POINT('',(0.0390647921796849,-0.00487905775061377,0.01585));
#10244=CARTESIAN_POINT('',(0.0391629092712621,-0.002315232081654,-0.0032));
#10245=CARTESIAN_POINT('',(0.0391629092712621,-0.002315232081654,0.01585));
#10246=CARTESIAN_POINT('',(0.0389633116039557,-0.000437993938574664,-0.0032));
#10247=CARTESIAN_POINT('',(0.0389633116039557,-0.000437993938574664,0.01585));
#10248=CARTESIAN_POINT('',(0.0388100995635518,0.00103293028133886,-0.0032));
#10249=CARTESIAN_POINT('',(0.0388100995635518,0.00103293028133886,0.01585));
#10250=CARTESIAN_POINT('',(0.0382202834203052,0.00282578836990946,-0.0032));
#10251=CARTESIAN_POINT('',(0.0382202834203052,0.00282578836990946,0.01585));
#10252=CARTESIAN_POINT('',(0.037160223553138,0.0040880475991773,-0.0032));
#10253=CARTESIAN_POINT('',(0.037160223553138,0.0040880475991773,0.01585));
#10254=CARTESIAN_POINT('',(0.0358090338351272,0.00468568536184175,-0.0032));
#10255=CARTESIAN_POINT('',(0.0358090338351272,0.00468568536184175,0.01585));
#10256=CARTESIAN_POINT('',(0.034375850410519,0.0048084184840257,-0.0032));
#10257=CARTESIAN_POINT('',(0.034375850410519,0.0048084184840257,0.01585));
#10258=CARTESIAN_POINT('',(0.0328651069962885,0.00400142652881117,-0.0032));
#10259=CARTESIAN_POINT('',(0.0328651069962885,0.00400142652881117,0.01585));
#10260=CARTESIAN_POINT('',(0.0321296186360665,0.0031407011705169,-0.0032));
#10261=CARTESIAN_POINT('',(0.0321296186360665,0.0031407011705169,0.01585));
#10262=CARTESIAN_POINT('',(0.0308495332308855,0.00204098662491774,-0.0032));
#10263=CARTESIAN_POINT('',(0.0308495332308854,0.00204098662491774,0.01585));
#10264=CARTESIAN_POINT('',(0.0294854201307783,0.0016430677263946,-0.0032));
#10265=CARTESIAN_POINT('',(0.0294854201307783,0.0016430677263946,0.01585));
#10266=CARTESIAN_POINT('',(0.0283276616460226,0.00244814363739217,-0.0032));
#10267=CARTESIAN_POINT('',(0.0283276616460226,0.00244814363739217,0.01585));
#10268=CARTESIAN_POINT('',(0.027867530606244,0.00373044834943227,-0.0032));
#10269=CARTESIAN_POINT('',(0.027867530606244,0.00373044834943227,0.01585));
#10270=CARTESIAN_POINT('',(0.027805031330857,0.00457288517264881,-0.0032));
#10271=CARTESIAN_POINT('',(0.027805031330857,0.00457288517264881,0.01585));
#10272=CARTESIAN_POINT('',(0.0278214756178788,0.00625542099603391,-0.0032));
#10273=CARTESIAN_POINT('',(0.0278214756178788,0.00625542099603391,0.01585));
#10274=CARTESIAN_POINT('',(0.0278321159395671,0.00734411048370417,-0.0032));
#10275=CARTESIAN_POINT('',(0.027832115939567,0.00734411048370417,0.01585));
#10276=CARTESIAN_POINT('',(0.0280771417682625,-0.0118942656988962,-0.0032));
#10277=CARTESIAN_POINT('',(0.0278321159395671,0.00734411048370417,-0.0032));
#10278=CARTESIAN_POINT('',(0.0280882258207035,-0.0213955022437865,-0.0032));
#10279=CARTESIAN_POINT('',(0.0280993672214479,-0.0309458976860043,-0.0032));
#10280=CARTESIAN_POINT('',(0.0262479219432923,-0.0323310967433083,-0.0032));
#10281=CARTESIAN_POINT('',(0.0262479219432923,-0.0323310967433083,0.01585));
#10282=CARTESIAN_POINT('',(0.0263397140772473,-0.0323315045685542,-0.0032));
#10283=CARTESIAN_POINT('',(0.0263397140772472,-0.0323315045685542,0.01585));
#10284=CARTESIAN_POINT('',(0.0265454503962862,-0.0323324186388702,-0.0032));
#10285=CARTESIAN_POINT('',(0.0265454503962862,-0.0323324186388702,0.01585));
#10286=CARTESIAN_POINT('',(0.026996010441463,-0.0323216356215974,-0.0032));
#10287=CARTESIAN_POINT('',(0.026996010441463,-0.0323216356215974,0.01585));
#10288=CARTESIAN_POINT('',(0.0274033733939864,-0.0321149368428857,-0.0032));
#10289=CARTESIAN_POINT('',(0.0274033733939864,-0.0321149368428857,0.01585));
#10290=CARTESIAN_POINT('',(0.0276423540463378,-0.031930944177695,-0.0032));
#10291=CARTESIAN_POINT('',(0.0276423540463378,-0.031930944177695,0.01585));
#10292=CARTESIAN_POINT('',(0.0278841554509796,-0.0316695483720921,-0.0032));
#10293=CARTESIAN_POINT('',(0.0278841554509796,-0.0316695483720921,0.01585));
#10294=CARTESIAN_POINT('',(0.0279974271253406,-0.0314062519346945,-0.0032));
#10295=CARTESIAN_POINT('',(0.0279974271253406,-0.0314062519346945,0.01585));
#10296=CARTESIAN_POINT('',(0.0280606883634925,-0.0312415103637537,-0.0032));
#10297=CARTESIAN_POINT('',(0.0280606883634925,-0.0312415103637537,0.01585));
#10298=CARTESIAN_POINT('',(0.0280853726912825,-0.0310528543221278,-0.0032));
#10299=CARTESIAN_POINT('',(0.0280853726912825,-0.0310528543221278,0.01585));
#10300=CARTESIAN_POINT('',(0.0280993672214479,-0.0309458976860043,-0.0032));
#10301=CARTESIAN_POINT('',(0.0280993672214479,-0.0309458976860043,0.01585));
#10302=CARTESIAN_POINT('',(0.0262479219432923,-0.0323310967433083,-0.0032));
#10303=CARTESIAN_POINT('',(0.0181936556179191,-0.0323404927740147,-0.0032));
#10304=CARTESIAN_POINT('',(0.010139389292546,-0.0323498888047211,-0.0032));
#10305=CARTESIAN_POINT('',(0.010139389292546,-0.0323498888047211,-0.0032));
#10306=CARTESIAN_POINT('',(0.010139389292546,-0.0323498888047211,0.01585));
#10307=CARTESIAN_POINT('',(0.00978043317432507,-0.0323516179734726,-0.0032));
#10308=CARTESIAN_POINT('',(0.00978043317432507,-0.0323516179734726,0.01585));
#10309=CARTESIAN_POINT('',(0.00906389721693954,-0.0323550696811436,-0.0032));
#10310=CARTESIAN_POINT('',(0.00906389721693954,-0.0323550696811436,0.01585));
#10311=CARTESIAN_POINT('',(0.00799313224233143,-0.0323228937006262,-0.0032));
#10312=CARTESIAN_POINT('',(0.00799313224233143,-0.0323228937006262,0.01585));
#10313=CARTESIAN_POINT('',(0.00698091880449485,-0.0320247320529923,-0.0032));
#10314=CARTESIAN_POINT('',(0.00698091880449485,-0.0320247320529923,0.01585));
#10315=CARTESIAN_POINT('',(0.00610253482826176,-0.0315045287759154,-0.0032));
#10316=CARTESIAN_POINT('',(0.00610253482826176,-0.0315045287759154,0.01585));
#10317=CARTESIAN_POINT('',(0.00521996644350775,-0.0307151180036702,-0.0032));
#10318=CARTESIAN_POINT('',(0.00521996644350775,-0.0307151180036702,0.01585));
#10319=CARTESIAN_POINT('',(0.00473486247302082,-0.0294427566813596,-0.0032));
#10320=CARTESIAN_POINT('',(0.00473486247302082,-0.0294427566813596,0.01585));
#10321=CARTESIAN_POINT('',(0.00490047679857651,-0.0282259401062829,-0.0032));
#10322=CARTESIAN_POINT('',(0.00490047679857651,-0.0282259401062829,0.01585));
#10323=CARTESIAN_POINT('',(0.00569037574645652,-0.0268700982379217,-0.0032));
#10324=CARTESIAN_POINT('',(0.00569037574645652,-0.0268700982379217,0.01585));
#10325=CARTESIAN_POINT('',(0.00665716953496391,-0.0259376461868438,-0.0032));
#10326=CARTESIAN_POINT('',(0.00665716953496391,-0.0259376461868438,0.01585));
#10327=CARTESIAN_POINT('',(0.00745788347112099,-0.0248081355143084,-0.0032));
#10328=CARTESIAN_POINT('',(0.00745788347112099,-0.0248081355143084,0.01585));
#10329=CARTESIAN_POINT('',(0.00790447128416111,-0.0235042716229334,-0.0032));
#10330=CARTESIAN_POINT('',(0.00790447128416111,-0.0235042716229334,0.01585));
#10331=CARTESIAN_POINT('',(0.00772432011885443,-0.0224332920894201,-0.0032));
#10332=CARTESIAN_POINT('',(0.00772432011885443,-0.0224332920894201,0.01585));
#10333=CARTESIAN_POINT('',(0.00700365870588814,-0.0215584477119093,-0.0032));
#10334=CARTESIAN_POINT('',(0.00700365870588814,-0.0215584477119093,0.01585));
#10335=CARTESIAN_POINT('',(0.0061972005228267,-0.0209545074574568,-0.0032));
#10336=CARTESIAN_POINT('',(0.0061972005228267,-0.0209545074574568,0.01585));
#10337=CARTESIAN_POINT('',(0.00505502946238434,-0.0205543137716827,-0.0032));
#10338=CARTESIAN_POINT('',(0.00505502946238434,-0.0205543137716827,0.01585));
#10339=CARTESIAN_POINT('',(0.00347575847986415,-0.0201057292344708,-0.0032));
#10340=CARTESIAN_POINT('',(0.00347575847986414,-0.0201057292344708,0.01585));
#10341=CARTESIAN_POINT('',(0.00197782082373459,-0.0199927044535618,-0.0032));
#10342=CARTESIAN_POINT('',(0.00197782082373458,-0.0199927044535618,0.01585));
#10343=CARTESIAN_POINT('',(0.000247521181391423,-0.0198806945489024,-0.0032));
#10344=CARTESIAN_POINT('',(0.000247521181391421,-0.0198806945489024,0.01585));
#10345=CARTESIAN_POINT('',(-0.00113079624332454,-0.0200228579946095,-0.0032));
#10346=CARTESIAN_POINT('',(-0.00113079624332455,-0.0200228579946095,0.01585));
#10347=CARTESIAN_POINT('',(-0.00272857684995028,-0.0203240902585387,-0.0032));
#10348=CARTESIAN_POINT('',(-0.00272857684995029,-0.0203240902585387,0.01585));
#10349=CARTESIAN_POINT('',(-0.00392485117195167,-0.0207587718785735,-0.0032));
#10350=CARTESIAN_POINT('',(-0.00392485117195167,-0.0207587718785735,0.01585));
#10351=CARTESIAN_POINT('',(-0.00497006954356707,-0.0212792894010175,-0.0032));
#10352=CARTESIAN_POINT('',(-0.00497006954356707,-0.0212792894010175,0.01585));
#10353=CARTESIAN_POINT('',(-0.00612008785870141,-0.0223780901626137,-0.0032));
#10354=CARTESIAN_POINT('',(-0.00612008785870141,-0.0223780901626137,0.01585));
#10355=CARTESIAN_POINT('',(-0.00628238489545238,-0.0234721461574204,-0.0032));
#10356=CARTESIAN_POINT('',(-0.00628238489545238,-0.0234721461574204,0.01585));
#10357=CARTESIAN_POINT('',(-0.00602665445340377,-0.024566171817094,-0.0032));
#10358=CARTESIAN_POINT('',(-0.00602665445340377,-0.024566171817094,0.01585));
#10359=CARTESIAN_POINT('',(-0.00529169343404171,-0.0254269916270893,-0.0032));
#10360=CARTESIAN_POINT('',(-0.00529169343404171,-0.0254269916270893,0.01585));
#10361=CARTESIAN_POINT('',(-0.00436972428638707,-0.02634617507107,-0.0032));
#10362=CARTESIAN_POINT('',(-0.00436972428638707,-0.02634617507107,0.01585));
#10363=CARTESIAN_POINT('',(-0.00379523812763028,-0.0269780086313939,-0.0032));
#10364=CARTESIAN_POINT('',(-0.00379523812763028,-0.0269780086313939,0.01585));
#10365=CARTESIAN_POINT('',(-0.00324376692223135,-0.0279967491693704,-0.0032));
#10366=CARTESIAN_POINT('',(-0.00324376692223135,-0.0279967491693704,0.01585));
#10367=CARTESIAN_POINT('',(-0.00307065018970079,-0.0288856781523024,-0.0032));
#10368=CARTESIAN_POINT('',(-0.00307065018970079,-0.0288856781523024,0.01585));
#10369=CARTESIAN_POINT('',(-0.00308670402058,-0.0296341303512386,-0.0032));
#10370=CARTESIAN_POINT('',(-0.00308670402058,-0.0296341303512386,0.01585));
#10371=CARTESIAN_POINT('',(-0.00334776744015512,-0.0303635588214132,-0.0032));
#10372=CARTESIAN_POINT('',(-0.00334776744015512,-0.0303635588214132,0.01585));
#10373=CARTESIAN_POINT('',(-0.00369231468636733,-0.0308784105426681,-0.0032));
#10374=CARTESIAN_POINT('',(-0.00369231468636734,-0.0308784105426681,0.01585));
#10375=CARTESIAN_POINT('',(-0.0041592682936005,-0.0313833245323807,-0.0032));
#10376=CARTESIAN_POINT('',(-0.0041592682936005,-0.0313833245323807,0.01585));
#10377=CARTESIAN_POINT('',(-0.00493400160863113,-0.031926222970074,-0.0032));
#10378=CARTESIAN_POINT('',(-0.00493400160863113,-0.031926222970074,0.01585));
#10379=CARTESIAN_POINT('',(-0.00608302965574494,-0.0322440622334865,-0.0032));
#10380=CARTESIAN_POINT('',(-0.00608302965574494,-0.0322440622334865,0.01585));
#10381=CARTESIAN_POINT('',(-0.00669396000105033,-0.0323590543797797,-0.0032));
#10382=CARTESIAN_POINT('',(-0.00669396000105033,-0.0323590543797797,0.01585));
#10383=CARTESIAN_POINT('',(-0.00717981064973591,-0.032345277889889,-0.0032));
#10384=CARTESIAN_POINT('',(-0.00717981064973591,-0.032345277889889,0.01585));
#10385=CARTESIAN_POINT('',(-0.0074312623511613,-0.0323381478761037,-0.0032));
#10386=CARTESIAN_POINT('',(-0.0074312623511613,-0.0323381478761037,0.01585));
#10387=CARTESIAN_POINT('',(-0.0074312623511613,-0.0323381478761037,-0.0032));
#10388=CARTESIAN_POINT('',(-0.0171006216588975,-0.0323437879656155,-0.0032));
#10389=CARTESIAN_POINT('',(-0.0267699809666336,-0.0323494280551275,-0.0032));
#10390=CARTESIAN_POINT('',(-0.0280249142572051,-0.03065901119254,-0.0032));
#10391=CARTESIAN_POINT('',(-0.0280249142572051,-0.03065901119254,0.01585));
#10392=CARTESIAN_POINT('',(-0.0280239802575591,-0.0307731954750255,-0.0032));
#10393=CARTESIAN_POINT('',(-0.0280239802575592,-0.0307731954750255,0.01585));
#10394=CARTESIAN_POINT('',(-0.028022673689,-0.0309329274343426,-0.0032));
#10395=CARTESIAN_POINT('',(-0.028022673689,-0.0309329274343426,0.01585));
#10396=CARTESIAN_POINT('',(-0.0280293661235971,-0.0309723667346501,-0.0032));
#10397=CARTESIAN_POINT('',(-0.0280293661235971,-0.0309723667346501,0.01585));
#10398=CARTESIAN_POINT('',(-0.0279582111659783,-0.0314217202596562,-0.0032));
#10399=CARTESIAN_POINT('',(-0.0279582111659783,-0.0314217202596562,0.01585));
#10400=CARTESIAN_POINT('',(-0.0278115287837267,-0.0317337706137695,-0.0032));
#10401=CARTESIAN_POINT('',(-0.0278115287837267,-0.0317337706137695,0.01585));
#10402=CARTESIAN_POINT('',(-0.0274756357418688,-0.0320885685839634,-0.0032));
#10403=CARTESIAN_POINT('',(-0.0274756357418688,-0.0320885685839634,0.01585));
#10404=CARTESIAN_POINT('',(-0.0272230405438441,-0.0322176298307256,-0.0032));
#10405=CARTESIAN_POINT('',(-0.0272230405438441,-0.0322176298307256,0.01585));
#10406=CARTESIAN_POINT('',(-0.0269661568742563,-0.0323208718795332,-0.0032));
#10407=CARTESIAN_POINT('',(-0.0269661568742564,-0.0323208718795332,0.01585));
#10408=CARTESIAN_POINT('',(-0.02683184557461,-0.0323404227872031,-0.0032));
#10409=CARTESIAN_POINT('',(-0.02683184557461,-0.0323404227872031,0.01585));
#10410=CARTESIAN_POINT('',(-0.0267699809666336,-0.0323494280551275,-0.0032));
#10411=CARTESIAN_POINT('',(-0.0267699809666336,-0.0323494280551275,0.01585));
#10412=CARTESIAN_POINT('',(-0.0280249142572051,-0.03065901119254,-0.0032));
#10413=CARTESIAN_POINT('',(-0.028036567860197,-0.0206695565941395,-0.0032));
#10414=CARTESIAN_POINT('',(-0.0280482214631888,-0.0106801019957391,-0.0032));
#10415=CARTESIAN_POINT('',(-0.028094639242718,0.00590971836838314,-0.0032));
#10416=CARTESIAN_POINT('',(-0.028094639242718,0.00590971836838314,0.01585));
#10417=CARTESIAN_POINT('',(-0.0280989391154927,0.00571477622769051,-0.0032));
#10418=CARTESIAN_POINT('',(-0.0280989391154927,0.00571477622769051,0.01585));
#10419=CARTESIAN_POINT('',(-0.028107804918916,0.00531282975418643,-0.0032));
#10420=CARTESIAN_POINT('',(-0.028107804918916,0.00531282975418643,0.01585));
#10421=CARTESIAN_POINT('',(-0.028033967375097,0.00463616398964321,-0.0032));
#10422=CARTESIAN_POINT('',(-0.028033967375097,0.00463616398964321,0.01585));
#10423=CARTESIAN_POINT('',(-0.0279290742235584,0.00400054735527137,-0.0032));
#10424=CARTESIAN_POINT('',(-0.0279290742235584,0.00400054735527137,0.01585));
#10425=CARTESIAN_POINT('',(-0.0276387448558118,0.00325375767068294,-0.0032));
#10426=CARTESIAN_POINT('',(-0.0276387448558118,0.00325375767068294,0.01585));
#10427=CARTESIAN_POINT('',(-0.0272753039306153,0.00271207604245062,-0.0032));
#10428=CARTESIAN_POINT('',(-0.0272753039306153,0.00271207604245062,0.01585));
#10429=CARTESIAN_POINT('',(-0.0266292701553357,0.00198796836552321,-0.0032));
#10430=CARTESIAN_POINT('',(-0.0266292701553357,0.00198796836552321,0.01585));
#10431=CARTESIAN_POINT('',(-0.0255733263806094,0.00155464756340947,-0.0032));
#10432=CARTESIAN_POINT('',(-0.0255733263806094,0.00155464756340947,0.01585));
#10433=CARTESIAN_POINT('',(-0.024502338628731,0.00155924082353149,-0.0032));
#10434=CARTESIAN_POINT('',(-0.024502338628731,0.00155924082353149,0.01585));
#10435=CARTESIAN_POINT('',(-0.023531400791063,0.00209452782142623,-0.0032));
#10436=CARTESIAN_POINT('',(-0.0235314007910631,0.00209452782142623,0.01585));
#10437=CARTESIAN_POINT('',(-0.0228006323606002,0.00293161951827635,-0.0032));
#10438=CARTESIAN_POINT('',(-0.0228006323606002,0.00293161951827635,0.01585));
#10439=CARTESIAN_POINT('',(-0.0223117453721516,0.00342642272760063,-0.0032));
#10440=CARTESIAN_POINT('',(-0.0223117453721516,0.00342642272760063,0.01585));
#10441=CARTESIAN_POINT('',(-0.0215386992537226,0.00407628919070511,-0.0032));
#10442=CARTESIAN_POINT('',(-0.0215386992537226,0.00407628919070511,0.01585));
#10443=CARTESIAN_POINT('',(-0.0204378170290375,0.00459593206312321,-0.0032));
#10444=CARTESIAN_POINT('',(-0.0204378170290375,0.00459593206312321,0.01585));
#10445=CARTESIAN_POINT('',(-0.0195876125695762,0.00467477639262881,-0.0032));
#10446=CARTESIAN_POINT('',(-0.0195876125695762,0.00467477639262881,0.01585));
#10447=CARTESIAN_POINT('',(-0.0186037346961014,0.00457808591394388,-0.0032));
#10448=CARTESIAN_POINT('',(-0.0186037346961014,0.00457808591394388,0.01585));
#10449=CARTESIAN_POINT('',(-0.0176909153211266,0.00422766480536787,-0.0032));
#10450=CARTESIAN_POINT('',(-0.0176909153211266,0.00422766480536787,0.01585));
#10451=CARTESIAN_POINT('',(-0.0167255362996857,0.00300580207837846,-0.0032));
#10452=CARTESIAN_POINT('',(-0.0167255362996857,0.00300580207837846,0.01585));
#10453=CARTESIAN_POINT('',(-0.0162365613102142,0.00167654684479156,-0.0032));
#10454=CARTESIAN_POINT('',(-0.0162365613102142,0.00167654684479156,0.01585));
#10455=CARTESIAN_POINT('',(-0.0159171533518181,-0.00104443820156376,-0.0032));
#10456=CARTESIAN_POINT('',(-0.0159171533518181,-0.00104443820156376,0.01585));
#10457=CARTESIAN_POINT('',(-0.0158639425226039,-0.00259882863606992,-0.0032));
#10458=CARTESIAN_POINT('',(-0.015863942522604,-0.00259882863606992,0.01585));
#10459=CARTESIAN_POINT('',(-0.0160271798939947,-0.0053952135423466,-0.0032));
#10460=CARTESIAN_POINT('',(-0.0160271798939947,-0.0053952135423466,0.01585));
#10461=CARTESIAN_POINT('',(-0.0163297034134786,-0.00687548454093546,-0.0032));
#10462=CARTESIAN_POINT('',(-0.0163297034134786,-0.00687548454093546,0.01585));
#10463=CARTESIAN_POINT('',(-0.0169773904651172,-0.0083883523337187,-0.0032));
#10464=CARTESIAN_POINT('',(-0.0169773904651172,-0.0083883523337187,0.01585));
#10465=CARTESIAN_POINT('',(-0.0179168652053262,-0.00924287381808872,-0.0032));
#10466=CARTESIAN_POINT('',(-0.0179168652053263,-0.00924287381808872,0.01585));
#10467=CARTESIAN_POINT('',(-0.0189526916853301,-0.00958508000451674,-0.0032));
#10468=CARTESIAN_POINT('',(-0.0189526916853301,-0.00958508000451674,0.01585));
#10469=CARTESIAN_POINT('',(-0.0200405481830481,-0.0096413701610155,-0.0032));
#10470=CARTESIAN_POINT('',(-0.0200405481830481,-0.0096413701610155,0.01585));
#10471=CARTESIAN_POINT('',(-0.0209630981658835,-0.00938252236387731,-0.0032));
#10472=CARTESIAN_POINT('',(-0.0209630981658836,-0.00938252236387731,0.01585));
#10473=CARTESIAN_POINT('',(-0.0217559301076242,-0.00899657949834313,-0.0032));
#10474=CARTESIAN_POINT('',(-0.0217559301076242,-0.00899657949834313,0.01585));
#10475=CARTESIAN_POINT('',(-0.0224845769258476,-0.00841562504461904,-0.0032));
#10476=CARTESIAN_POINT('',(-0.0224845769258476,-0.00841562504461904,0.01585));
#10477=CARTESIAN_POINT('',(-0.0228496014824901,-0.00805721377575107,-0.0032));
#10478=CARTESIAN_POINT('',(-0.0228496014824901,-0.00805721377575107,0.01585));
#10479=CARTESIAN_POINT('',(-0.0234160384208769,-0.00750226434150902,-0.0032));
#10480=CARTESIAN_POINT('',(-0.023416038420877,-0.00750226434150902,0.01585));
#10481=CARTESIAN_POINT('',(-0.0240253558873434,-0.00711335247696905,-0.0032));
#10482=CARTESIAN_POINT('',(-0.0240253558873434,-0.00711335247696905,0.01585));
#10483=CARTESIAN_POINT('',(-0.0247290364522156,-0.00685795915243092,-0.0032));
#10484=CARTESIAN_POINT('',(-0.0247290364522156,-0.00685795915243092,0.01585));
#10485=CARTESIAN_POINT('',(-0.0254876020353005,-0.00682158484817139,-0.0032));
#10486=CARTESIAN_POINT('',(-0.0254876020353005,-0.00682158484817139,0.01585));
#10487=CARTESIAN_POINT('',(-0.0260246686337781,-0.00711815885043512,-0.0032));
#10488=CARTESIAN_POINT('',(-0.0260246686337782,-0.00711815885043512,0.01585));
#10489=CARTESIAN_POINT('',(-0.0265940149935437,-0.00736937351742976,-0.0032));
#10490=CARTESIAN_POINT('',(-0.0265940149935437,-0.00736937351742976,0.01585));
#10491=CARTESIAN_POINT('',(-0.0269151174876667,-0.00768195963031123,-0.0032));
#10492=CARTESIAN_POINT('',(-0.0269151174876667,-0.00768195963031123,0.01585));
#10493=CARTESIAN_POINT('',(-0.0274263562454098,-0.00828548160915754,-0.0032));
#10494=CARTESIAN_POINT('',(-0.0274263562454098,-0.00828548160915754,0.01585));
#10495=CARTESIAN_POINT('',(-0.0277273543664956,-0.00882194162592081,-0.0032));
#10496=CARTESIAN_POINT('',(-0.0277273543664957,-0.00882194162592081,0.01585));
#10497=CARTESIAN_POINT('',(-0.0279519903645156,-0.00948993336412193,-0.0032));
#10498=CARTESIAN_POINT('',(-0.0279519903645156,-0.00948993336412193,0.01585));
#10499=CARTESIAN_POINT('',(-0.0280131938001286,-0.0102468862641525,-0.0032));
#10500=CARTESIAN_POINT('',(-0.0280131938001286,-0.0102468862641525,0.01585));
#10501=CARTESIAN_POINT('',(-0.0280482214631888,-0.0106801019957391,-0.0032));
#10502=CARTESIAN_POINT('',(-0.0280482214631888,-0.0106801019957391,0.01585));
#10503=CARTESIAN_POINT('',(-0.028094639242718,0.00590971836838314,-0.0032));
#10504=CARTESIAN_POINT('',(-0.0280943269325371,0.0147701018910782,-0.0032));
#10505=CARTESIAN_POINT('',(-0.0280940146223562,0.0236304854137733,-0.0032));
#10506=CARTESIAN_POINT('',(-0.0266508139545627,0.02502926747194,-0.0032));
#10507=CARTESIAN_POINT('',(-0.0266508139545627,0.02502926747194,0.01585));
#10508=CARTESIAN_POINT('',(-0.0267732162343092,0.0250066790585191,-0.0032));
#10509=CARTESIAN_POINT('',(-0.0267732162343092,0.0250066790585191,0.01585));
#10510=CARTESIAN_POINT('',(-0.0270235576589786,0.0249604804451554,-0.0032));
#10511=CARTESIAN_POINT('',(-0.0270235576589787,0.0249604804451554,0.01585));
#10512=CARTESIAN_POINT('',(-0.0274106795898524,0.0247923856754452,-0.0032));
#10513=CARTESIAN_POINT('',(-0.0274106795898525,0.0247923856754452,0.01585));
#10514=CARTESIAN_POINT('',(-0.0276702985570651,0.0245450565197845,-0.0032));
#10515=CARTESIAN_POINT('',(-0.0276702985570651,0.0245450565197845,0.01585));
#10516=CARTESIAN_POINT('',(-0.0278966219227367,0.0242696058354597,-0.0032));
#10517=CARTESIAN_POINT('',(-0.0278966219227367,0.0242696058354597,0.01585));
#10518=CARTESIAN_POINT('',(-0.0280798156879145,0.0239055987163897,-0.0032));
#10519=CARTESIAN_POINT('',(-0.0280798156879145,0.0239055987163897,0.01585));
#10520=CARTESIAN_POINT('',(-0.028089603012762,0.0237159631297447,-0.0032));
#10521=CARTESIAN_POINT('',(-0.028089603012762,0.0237159631297447,0.01585));
#10522=CARTESIAN_POINT('',(-0.0280940146223562,0.0236304854137733,-0.0032));
#10523=CARTESIAN_POINT('',(-0.0280940146223562,0.0236304854137733,0.01585));
#10524=CARTESIAN_POINT('',(-0.0266508139545627,0.02502926747194,-0.0032));
#10525=CARTESIAN_POINT('',(-0.017277449995679,0.0250892960066301,-0.0032));
#10526=CARTESIAN_POINT('',(-0.00790408603679541,0.0251493245413202,-0.0032));
#10527=CARTESIAN_POINT('',(0.00928537128148627,0.0251174324332158,-0.0032));
#10528=CARTESIAN_POINT('',(0.00928537128148627,0.0251174324332158,0.01585));
#10529=CARTESIAN_POINT('',(0.00906225502407854,0.0251128362903275,-0.0032));
#10530=CARTESIAN_POINT('',(0.00906225502407854,0.0251128362903275,0.01585));
#10531=CARTESIAN_POINT('',(0.00866082665549806,0.0250962316417181,-0.0032));
#10532=CARTESIAN_POINT('',(0.00866082665549806,0.0250962316417181,0.01585));
#10533=CARTESIAN_POINT('',(0.00809151852300886,0.025122890347947,-0.0032));
#10534=CARTESIAN_POINT('',(0.00809151852300886,0.025122890347947,0.01585));
#10535=CARTESIAN_POINT('',(0.00751108285639238,0.0252380935063857,-0.0032));
#10536=CARTESIAN_POINT('',(0.00751108285639238,0.0252380935063857,0.01585));
#10537=CARTESIAN_POINT('',(0.00698291537837498,0.0253888402764146,-0.0032));
#10538=CARTESIAN_POINT('',(0.00698291537837498,0.0253888402764146,0.01585));
#10539=CARTESIAN_POINT('',(0.00648597017147489,0.0256858934055436,-0.0032));
#10540=CARTESIAN_POINT('',(0.00648597017147489,0.0256858934055436,0.01585));
#10541=CARTESIAN_POINT('',(0.00604170231964987,0.0261709259245782,-0.0032));
#10542=CARTESIAN_POINT('',(0.00604170231964987,0.0261709259245782,0.01585));
#10543=CARTESIAN_POINT('',(0.00589337654022068,0.0266167505867156,-0.0032));
#10544=CARTESIAN_POINT('',(0.00589337654022067,0.0266167505867156,0.01585));
#10545=CARTESIAN_POINT('',(0.00589299075794203,0.0270093144365551,-0.0032));
#10546=CARTESIAN_POINT('',(0.00589299075794203,0.0270093144365551,0.01585));
#10547=CARTESIAN_POINT('',(0.0060381392587964,0.0274710634946676,-0.0032));
#10548=CARTESIAN_POINT('',(0.0060381392587964,0.0274710634946676,0.01585));
#10549=CARTESIAN_POINT('',(0.00644778633753705,0.0280419040352091,-0.0032));
#10550=CARTESIAN_POINT('',(0.00644778633753705,0.0280419040352091,0.01585));
#10551=CARTESIAN_POINT('',(0.00701287309828516,0.0284842098446853,-0.0032));
#10552=CARTESIAN_POINT('',(0.00701287309828516,0.0284842098446853,0.01585));
#10553=CARTESIAN_POINT('',(0.0078578385216643,0.0289331857860606,-0.0032));
#10554=CARTESIAN_POINT('',(0.0078578385216643,0.0289331857860606,0.01585));
#10555=CARTESIAN_POINT('',(0.00855154962472337,0.0295578001112967,-0.0032));
#10556=CARTESIAN_POINT('',(0.00855154962472337,0.0295578001112967,0.01585));
#10557=CARTESIAN_POINT('',(0.00903323116715398,0.0302393365237019,-0.0032));
#10558=CARTESIAN_POINT('',(0.00903323116715398,0.0302393365237019,0.01585));
#10559=CARTESIAN_POINT('',(0.00924869285066604,0.0308114605532539,-0.0032));
#10560=CARTESIAN_POINT('',(0.00924869285066604,0.0308114605532539,0.01585));
#10561=CARTESIAN_POINT('',(0.00929003128956755,0.0314711425185661,-0.0032));
#10562=CARTESIAN_POINT('',(0.00929003128956755,0.0314711425185661,0.01585));
#10563=CARTESIAN_POINT('',(0.00927924702687244,0.0319074570755323,-0.0032));
#10564=CARTESIAN_POINT('',(0.00927924702687243,0.0319074570755323,0.01585));
#10565=CARTESIAN_POINT('',(0.0092101585194529,0.0323531458275288,-0.0032));
#10566=CARTESIAN_POINT('',(0.0092101585194529,0.0323531458275288,0.01585));
#10567=CARTESIAN_POINT('',(0.00903551357616153,0.0329960603038078,-0.0032));
#10568=CARTESIAN_POINT('',(0.00903551357616153,0.0329960603038078,0.01585));
#10569=CARTESIAN_POINT('',(0.00872922206757112,0.0335086345521008,-0.0032));
#10570=CARTESIAN_POINT('',(0.00872922206757112,0.0335086345521008,0.01585));
#10571=CARTESIAN_POINT('',(0.00822440205115593,0.0341046905545287,-0.0032));
#10572=CARTESIAN_POINT('',(0.00822440205115593,0.0341046905545287,0.01585));
#10573=CARTESIAN_POINT('',(0.00750293977580199,0.0348316755113616,-0.0032));
#10574=CARTESIAN_POINT('',(0.00750293977580199,0.0348316755113616,0.01585));
#10575=CARTESIAN_POINT('',(0.00615561330701072,0.0355481674622356,-0.0032));
#10576=CARTESIAN_POINT('',(0.00615561330701072,0.0355481674622356,0.01585));
#10577=CARTESIAN_POINT('',(0.00441963423890424,0.0360660267942099,-0.0032));
#10578=CARTESIAN_POINT('',(0.00441963423890423,0.0360660267942099,0.01585));
#10579=CARTESIAN_POINT('',(0.00251639038506907,0.0362503442324031,-0.0032));
#10580=CARTESIAN_POINT('',(0.00251639038506907,0.0362503442324031,0.01585));
#10581=CARTESIAN_POINT('',(0.00100330713658468,0.0362818821880743,-0.0032));
#10582=CARTESIAN_POINT('',(0.00100330713658467,0.0362818821880743,0.01585));
#10583=CARTESIAN_POINT('',(-5.53988192663569E-5,0.0362800905363448,-0.0032));
#10584=CARTESIAN_POINT('',(-5.53988192663592E-5,0.0362800905363448,0.01585));
#10585=CARTESIAN_POINT('',(-0.000791894131927109,0.0362620874861377,-0.0032));
#10586=CARTESIAN_POINT('',(-0.000791894131927111,0.0362620874861377,0.01585));
#10587=CARTESIAN_POINT('',(-0.00156848148936347,0.0361993503619899,-0.0032));
#10588=CARTESIAN_POINT('',(-0.00156848148936347,0.0361993503619899,0.01585));
#10589=CARTESIAN_POINT('',(-0.00240050732458958,0.0360796690606557,-0.0032));
#10590=CARTESIAN_POINT('',(-0.00240050732458958,0.0360796690606557,0.01585));
#10591=CARTESIAN_POINT('',(-0.00320743373144235,0.0359030012118821,-0.0032));
#10592=CARTESIAN_POINT('',(-0.00320743373144235,0.0359030012118821,0.01585));
#10593=CARTESIAN_POINT('',(-0.00394468317430062,0.0356712109167159,-0.0032));
#10594=CARTESIAN_POINT('',(-0.00394468317430062,0.0356712109167159,0.01585));
#10595=CARTESIAN_POINT('',(-0.00464021695727019,0.0354091672721214,-0.0032));
#10596=CARTESIAN_POINT('',(-0.0046402169572702,0.0354091672721214,0.01585));
#10597=CARTESIAN_POINT('',(-0.00530525083932157,0.035130018016335,-0.0032));
#10598=CARTESIAN_POINT('',(-0.00530525083932157,0.035130018016335,0.01585));
#10599=CARTESIAN_POINT('',(-0.00588336045970879,0.0347667317640287,-0.0032));
#10600=CARTESIAN_POINT('',(-0.00588336045970879,0.0347667317640287,0.01585));
#10601=CARTESIAN_POINT('',(-0.00634672250948416,0.0342936701598729,-0.0032));
#10602=CARTESIAN_POINT('',(-0.00634672250948416,0.0342936701598729,0.01585));
#10603=CARTESIAN_POINT('',(-0.00675909562116021,0.0338455298799532,-0.0032));
#10604=CARTESIAN_POINT('',(-0.00675909562116022,0.0338455298799532,0.01585));
#10605=CARTESIAN_POINT('',(-0.00712783623954627,0.0334131869377344,-0.0032));
#10606=CARTESIAN_POINT('',(-0.00712783623954627,0.0334131869377344,0.01585));
#10607=CARTESIAN_POINT('',(-0.00742324960577049,0.0328505617670603,-0.0032));
#10608=CARTESIAN_POINT('',(-0.00742324960577049,0.0328505617670603,0.01585));
#10609=CARTESIAN_POINT('',(-0.00759569446245465,0.0322596482052178,-0.0032));
#10610=CARTESIAN_POINT('',(-0.00759569446245465,0.0322596482052178,0.01585));
#10611=CARTESIAN_POINT('',(-0.00762387378241336,0.0317121815572559,-0.0032));
#10612=CARTESIAN_POINT('',(-0.00762387378241336,0.0317121815572559,0.01585));
#10613=CARTESIAN_POINT('',(-0.0076457653979321,0.0311451288684735,-0.0032));
#10614=CARTESIAN_POINT('',(-0.0076457653979321,0.0311451288684735,0.01585));
#10615=CARTESIAN_POINT('',(-0.00755852944585954,0.0305595650028123,-0.0032));
#10616=CARTESIAN_POINT('',(-0.00755852944585954,0.0305595650028123,0.01585));
#10617=CARTESIAN_POINT('',(-0.00713283618109821,0.0297802105566515,-0.0032));
#10618=CARTESIAN_POINT('',(-0.00713283618109821,0.0297802105566515,0.01585));
#10619=CARTESIAN_POINT('',(-0.00625373288358493,0.0289201179155965,-0.0032));
#10620=CARTESIAN_POINT('',(-0.00625373288358493,0.0289201179155965,0.01585));
#10621=CARTESIAN_POINT('',(-0.00521584193133344,0.0284282629998126,-0.0032));
#10622=CARTESIAN_POINT('',(-0.00521584193133344,0.0284282629998126,0.01585));
#10623=CARTESIAN_POINT('',(-0.00428190960875347,0.0274030573845115,-0.0032));
#10624=CARTESIAN_POINT('',(-0.00428190960875347,0.0274030573845115,0.01585));
#10625=CARTESIAN_POINT('',(-0.00441626892561274,0.0261314143829786,-0.0032));
#10626=CARTESIAN_POINT('',(-0.00441626892561274,0.0261314143829786,0.01585));
#10627=CARTESIAN_POINT('',(-0.00537375210108333,0.0252401858317453,-0.0032));
#10628=CARTESIAN_POINT('',(-0.00537375210108333,0.0252401858317453,0.01585));
#10629=CARTESIAN_POINT('',(-0.00662604375282821,0.0250543563620083,-0.0032));
#10630=CARTESIAN_POINT('',(-0.00662604375282821,0.0250543563620083,0.01585));
#10631=CARTESIAN_POINT('',(-0.00751118465570403,0.0251157367156882,-0.0032));
#10632=CARTESIAN_POINT('',(-0.00751118465570403,0.0251157367156882,0.01585));
#10633=CARTESIAN_POINT('',(-0.0079040860367954,0.0251493245413201,-0.0032));
#10634=CARTESIAN_POINT('',(-0.0079040860367954,0.0251493245413201,0.01585));
#10635=CARTESIAN_POINT('',(0.00928537128148627,0.0251174324332158,-0.0032));
#10636=CARTESIAN_POINT('',(0.0178312005092141,0.025140863217962,-0.0032));
#10637=CARTESIAN_POINT('',(0.0263770297369419,0.0251642940027083,-0.0032));
#10638=CARTESIAN_POINT('',(0.0278128316229775,0.0238746036854595,-0.0032));
#10639=CARTESIAN_POINT('',(0.0278128316229774,0.0238746036854595,0.01585));
#10640=CARTESIAN_POINT('',(0.0278064522625662,0.0239700280044438,-0.0032));
#10641=CARTESIAN_POINT('',(0.0278064522625661,0.0239700280044438,0.01585));
#10642=CARTESIAN_POINT('',(0.0277945715997142,0.0241477423972091,-0.0032));
#10643=CARTESIAN_POINT('',(0.0277945715997142,0.0241477423972091,0.01585));
#10644=CARTESIAN_POINT('',(0.0276692020428012,0.024346405636557,-0.0032));
#10645=CARTESIAN_POINT('',(0.0276692020428012,0.024346405636557,0.01585));
#10646=CARTESIAN_POINT('',(0.0276442047554864,0.0243867028696679,-0.0032));
#10647=CARTESIAN_POINT('',(0.0276442047554863,0.0243867028696679,0.01585));
#10648=CARTESIAN_POINT('',(0.0274874085989841,0.024634972718591,-0.0032));
#10649=CARTESIAN_POINT('',(0.0274874085989841,0.024634972718591,0.01585));
#10650=CARTESIAN_POINT('',(0.0272037472146694,0.0248648118429511,-0.0032));
#10651=CARTESIAN_POINT('',(0.0272037472146694,0.0248648118429511,0.01585));
#10652=CARTESIAN_POINT('',(0.0270072341754518,0.0249937934401645,-0.0032));
#10653=CARTESIAN_POINT('',(0.0270072341754518,0.0249937934401645,0.01585));
#10654=CARTESIAN_POINT('',(0.0268310745852959,0.025086605629398,-0.0032));
#10655=CARTESIAN_POINT('',(0.0268310745852959,0.025086605629398,0.01585));
#10656=CARTESIAN_POINT('',(0.0266752732754347,0.0251315231417745,-0.0032));
#10657=CARTESIAN_POINT('',(0.0266752732754346,0.0251315231417745,0.01585));
#10658=CARTESIAN_POINT('',(0.0265376175763046,0.0251650432279486,-0.0032));
#10659=CARTESIAN_POINT('',(0.0265376175763046,0.0251650432279486,0.01585));
#10660=CARTESIAN_POINT('',(0.026431753728515,0.0251645493184027,-0.0032));
#10661=CARTESIAN_POINT('',(0.0264317537285149,0.0251645493184027,0.01585));
#10662=CARTESIAN_POINT('',(0.0263770297369419,0.0251642940027083,-0.0032));
#10663=CARTESIAN_POINT('',(0.0263770297369419,0.0251642940027083,0.01585));
#10664=CARTESIAN_POINT('',(0.0278128316229775,0.0238746036854595,-0.0032));
#10665=CARTESIAN_POINT('',(0.274481938603665,0.0158971076768599,-0.00319999999999997));
#10666=CARTESIAN_POINT('',(0.0197768891768425,-0.0408888328367817,6.93889390390723E-18));
#10667=CARTESIAN_POINT('',(0.0197728406699983,-0.0374184575940891,6.93889390390723E-18));
#10668=CARTESIAN_POINT('',(0.0197728406699983,-0.0374184575940891,6.93889390390723E-18));
#10669=CARTESIAN_POINT('',(0.0197768891768425,-0.0408888328367817,6.93889390390723E-18));
#10670=CARTESIAN_POINT('',(0.0197809376836867,-0.0443592080794743,6.93889390390723E-18));
#10671=CARTESIAN_POINT('',(0.0197809376836867,-0.0443592080794743,6.93889390390723E-18));
#10672=CARTESIAN_POINT('',(0.0201842577217409,-0.0443587375701431,6.93889390390723E-18));
#10673=CARTESIAN_POINT('',(0.0201842577217409,-0.0443587375701431,6.93889390390723E-18));
#10674=CARTESIAN_POINT('',(0.0205875777597951,-0.0443582670608119,6.93889390390723E-18));
#10675=CARTESIAN_POINT('',(0.0205875777597951,-0.0443582670608119,6.93889390390723E-18));
#10676=CARTESIAN_POINT('',(0.0205856726843486,-0.0427252386581441,6.93889390390723E-18));
#10677=CARTESIAN_POINT('',(0.0205856726843486,-0.0427252386581441,6.93889390390723E-18));
#10678=CARTESIAN_POINT('',(0.0205837676089022,-0.0410922102554764,6.93889390390723E-18));
#10679=CARTESIAN_POINT('',(0.0205837676089022,-0.0410922102554764,6.93889390390723E-18));
#10680=CARTESIAN_POINT('',(0.0224119998717958,-0.0410900774570579,6.93889390390723E-18));
#10681=CARTESIAN_POINT('',(0.0224119998717958,-0.0410900774570579,6.93889390390723E-18));
#10682=CARTESIAN_POINT('',(0.0242402321346895,-0.0410879446586394,6.93889390390723E-18));
#10683=CARTESIAN_POINT('',(0.0242402321346895,-0.0410879446586394,6.93889390390723E-18));
#10684=CARTESIAN_POINT('',(0.024242137210136,-0.0427209730613072,6.93889390390723E-18));
#10685=CARTESIAN_POINT('',(0.024242137210136,-0.0427209730613072,6.93889390390723E-18));
#10686=CARTESIAN_POINT('',(0.0242440422855825,-0.044354001463975,6.93889390390723E-18));
#10687=CARTESIAN_POINT('',(0.0242440422855825,-0.044354001463975,6.93889390390723E-18));
#10688=CARTESIAN_POINT('',(0.0246473623236367,-0.0443535309546438,6.93889390390723E-18));
#10689=CARTESIAN_POINT('',(0.0246473623236367,-0.0443535309546438,6.93889390390723E-18));
#10690=CARTESIAN_POINT('',(0.0250506823616909,-0.0443530604453126,6.93889390390723E-18));
#10691=CARTESIAN_POINT('',(0.0250506823616909,-0.0443530604453126,6.93889390390723E-18));
#10692=CARTESIAN_POINT('',(0.0250466338548467,-0.04088268520262,6.93889390390723E-18));
#10693=CARTESIAN_POINT('',(0.0250466338548467,-0.04088268520262,6.93889390390723E-18));
#10694=CARTESIAN_POINT('',(0.0250425853480025,-0.0374123099599274,6.93889390390723E-18));
#10695=CARTESIAN_POINT('',(0.0250425853480025,-0.0374123099599274,6.93889390390723E-18));
#10696=CARTESIAN_POINT('',(0.0246392653099484,-0.0374127804692585,6.93889390390723E-18));
#10697=CARTESIAN_POINT('',(0.0246392653099484,-0.0374127804692585,6.93889390390723E-18));
#10698=CARTESIAN_POINT('',(0.0242359452718941,-0.0374132509785898,6.93889390390723E-18));
#10699=CARTESIAN_POINT('',(0.0242359452718941,-0.0374132509785898,6.93889390390723E-18));
#10700=CARTESIAN_POINT('',(0.0242376678145304,-0.0388898124738392,6.93889390390723E-18));
#10701=CARTESIAN_POINT('',(0.0242376678145304,-0.0388898124738392,6.93889390390723E-18));
#10702=CARTESIAN_POINT('',(0.0242393903571666,-0.0403663739690885,6.93889390390723E-18));
#10703=CARTESIAN_POINT('',(0.0242393903571666,-0.0403663739690885,6.93889390390723E-18));
#10704=CARTESIAN_POINT('',(0.022411158094273,-0.040368506767507,6.93889390390723E-18));
#10705=CARTESIAN_POINT('',(0.022411158094273,-0.040368506767507,6.93889390390723E-18));
#10706=CARTESIAN_POINT('',(0.0205829258313793,-0.0403706395659255,6.93889390390723E-18));
#10707=CARTESIAN_POINT('',(0.0205829258313793,-0.0403706395659255,6.93889390390723E-18));
#10708=CARTESIAN_POINT('',(0.020581203288743,-0.038894078070676,6.93889390390723E-18));
#10709=CARTESIAN_POINT('',(0.020581203288743,-0.038894078070676,6.93889390390723E-18));
#10710=CARTESIAN_POINT('',(0.0205794807461067,-0.0374175165754266,6.93889390390723E-18));
#10711=CARTESIAN_POINT('',(0.0205794807461067,-0.0374175165754266,6.93889390390723E-18));
#10712=CARTESIAN_POINT('',(0.0130969144541626,-0.0443670055975809,3.46944695195361E-18));
#10713=CARTESIAN_POINT('',(0.0126791630023174,-0.0443674929424625,3.46944695195361E-18));
#10714=CARTESIAN_POINT('',(0.0126791630023174,-0.0443674929424625,3.46944695195361E-18));
#10715=CARTESIAN_POINT('',(0.0130969144541626,-0.0443670055975809,3.46944695195361E-18));
#10716=CARTESIAN_POINT('',(0.0135146659060079,-0.0443665182526992,3.46944695195361E-18));
#10717=CARTESIAN_POINT('',(0.0135146659060079,-0.0443665182526992,3.46944695195361E-18));
#10718=CARTESIAN_POINT('',(0.013945561295075,-0.0432623906913013,3.46944695195361E-18));
#10719=CARTESIAN_POINT('',(0.013945561295075,-0.0432623906913013,3.46944695195361E-18));
#10720=CARTESIAN_POINT('',(0.0143764566841421,-0.0421582631299035,3.46944695195361E-18));
#10721=CARTESIAN_POINT('',(0.0143764566841421,-0.0421582631299035,3.46944695195361E-18));
#10722=CARTESIAN_POINT('',(0.0157671892447396,-0.0421566407144884,3.46944695195361E-18));
#10723=CARTESIAN_POINT('',(0.0157671892447396,-0.0421566407144884,3.46944695195361E-18));
#10724=CARTESIAN_POINT('',(0.0171579218053372,-0.0421550182990732,3.46944695195361E-18));
#10725=CARTESIAN_POINT('',(0.0171579218053372,-0.0421550182990732,3.46944695195361E-18));
#10726=CARTESIAN_POINT('',(0.0175860753108827,-0.0432581437021781,3.46944695195361E-18));
#10727=CARTESIAN_POINT('',(0.0175860753108827,-0.0432581437021781,3.46944695195361E-18));
#10728=CARTESIAN_POINT('',(0.0180142288164284,-0.044361269105283,3.46944695195361E-18));
#10729=CARTESIAN_POINT('',(0.0180142288164284,-0.044361269105283,3.46944695195361E-18));
#10730=CARTESIAN_POINT('',(0.0184228656911425,-0.0443607923933805,3.46944695195361E-18));
#10731=CARTESIAN_POINT('',(0.0184228656911425,-0.0443607923933805,3.46944695195361E-18));
#10732=CARTESIAN_POINT('',(0.0188315025658566,-0.0443603156814781,6.93889390390723E-18));
#10733=CARTESIAN_POINT('',(0.0188315025658566,-0.0443603156814781,6.93889390390723E-18));
#10734=CARTESIAN_POINT('',(0.0174556933652209,-0.0408771092883695,3.46944695195361E-18));
#10735=CARTESIAN_POINT('',(0.0174556933652209,-0.0408771092883695,3.46944695195361E-18));
#10736=CARTESIAN_POINT('',(0.0160798841645854,-0.0373939028952609,3.46944695195361E-18));
#10737=CARTESIAN_POINT('',(0.0160798841645854,-0.0373939028952609,3.46944695195361E-18));
#10738=CARTESIAN_POINT('',(0.0157403661664494,-0.0373942989737374,3.46944695195361E-18));
#10739=CARTESIAN_POINT('',(0.0157403661664494,-0.0373942989737374,3.46944695195361E-18));
#10740=CARTESIAN_POINT('',(0.0154008481683133,-0.0373946950522139,3.46944695195361E-18));
#10741=CARTESIAN_POINT('',(0.0154008481683133,-0.0373946950522139,3.46944695195361E-18));
#10742=CARTESIAN_POINT('',(-0.0374989429589728,-0.0236510758585037,0.));
#10743=CARTESIAN_POINT('',(-0.0375003022081518,-0.0224859290819026,0.));
#10744=CARTESIAN_POINT('',(-0.0375003022081518,-0.0224859290819026,0.));
#10745=CARTESIAN_POINT('',(-0.0374989429589728,-0.0236510758585037,0.));
#10746=CARTESIAN_POINT('',(-0.0374975837097938,-0.0248162226351047,0.));
#10747=CARTESIAN_POINT('',(-0.0374975837097938,-0.0248162226351047,0.));
#10748=CARTESIAN_POINT('',(-0.0371367983650184,-0.0248158017463434,0.));
#10749=CARTESIAN_POINT('',(-0.0371367983650184,-0.0248158017463434,0.));
#10750=CARTESIAN_POINT('',(-0.0367760130202429,-0.0248153808575819,0.));
#10751=CARTESIAN_POINT('',(-0.0367760130202429,-0.0248153808575819,0.));
#10752=CARTESIAN_POINT('',(-0.0367773722694219,-0.0236502340809808,0.));
#10753=CARTESIAN_POINT('',(-0.0367773722694219,-0.0236502340809808,0.));
#10754=CARTESIAN_POINT('',(-0.0367787315186009,-0.0224850873043797,0.));
#10755=CARTESIAN_POINT('',(-0.0367787315186009,-0.0224850873043797,0.));
#10756=CARTESIAN_POINT('',(-0.0350416056923867,-0.0179591861837454,0.));
#10757=CARTESIAN_POINT('',(-0.0372722329241411,-0.0187547577019068,0.));
#10758=CARTESIAN_POINT('',(-0.0372722557414332,-0.0187546947554823,-6.83102482052543E-20));
#10759=CARTESIAN_POINT('',(-0.0350416056923867,-0.0179591861837454,0.));
#10760=CARTESIAN_POINT('',(-0.0328109784606324,-0.0171636146655841,0.));
#10761=CARTESIAN_POINT('',(-0.0328109784606324,-0.0171636146655841,0.));
#10762=CARTESIAN_POINT('',(-0.0328114844132276,-0.0167299127037593,0.));
#10763=CARTESIAN_POINT('',(-0.0328114844132276,-0.0167299127037593,0.));
#10764=CARTESIAN_POINT('',(-0.032811990365823,-0.0162962107419345,0.));
#10765=CARTESIAN_POINT('',(-0.032811990365823,-0.0162962107419345,0.));
#10766=CARTESIAN_POINT('',(-0.0362809071181971,-0.0175504754119373,0.));
#10767=CARTESIAN_POINT('',(-0.0362809071181971,-0.0175504754119373,0.));
#10768=CARTESIAN_POINT('',(-0.0397498238705711,-0.0188047400819402,-3.46944695195361E-18));
#10769=CARTESIAN_POINT('',(-0.0397498238705711,-0.0188047400819402,-3.46944695195361E-18));
#10770=CARTESIAN_POINT('',(-0.0397493586777296,-0.0192035028314289,-3.46944695195361E-18));
#10771=CARTESIAN_POINT('',(-0.0397493586777296,-0.0192035028314289,-3.46944695195361E-18));
#10772=CARTESIAN_POINT('',(-0.0397488934848879,-0.0196022655809175,-3.46944695195361E-18));
#10773=CARTESIAN_POINT('',(-0.0397488934848879,-0.0196022655809175,-3.46944695195361E-18));
#10774=CARTESIAN_POINT('',(-0.0362770668405296,-0.0208423568524779,0.));
#10775=CARTESIAN_POINT('',(-0.0362770668405296,-0.0208423568524779,0.));
#10776=CARTESIAN_POINT('',(-0.0328052401961713,-0.0220824481240384,0.));
#10777=CARTESIAN_POINT('',(-0.0328052401961713,-0.0220824481240384,0.));
#10778=CARTESIAN_POINT('',(-0.0328057390601137,-0.0216548225469676,0.));
#10779=CARTESIAN_POINT('',(-0.0328057390601137,-0.0216548225469676,0.));
#10780=CARTESIAN_POINT('',(-0.0328062379240562,-0.021227196969897,0.));
#10781=CARTESIAN_POINT('',(-0.0328062379240562,-0.021227196969897,0.));
#10782=CARTESIAN_POINT('',(-0.0350523924763841,-0.0204322907281381,0.));
#10783=CARTESIAN_POINT('',(-0.0350523924763841,-0.0204322907281381,0.));
#10784=CARTESIAN_POINT('',(-0.0372986118165286,-0.0196375657989365,-2.50000000012075E-10));
#10785=CARTESIAN_POINT('',(-0.0372985470287119,-0.0196373844863794,0.));
#10786=CARTESIAN_POINT('',(-0.0415568842966565,-0.0315545945157963,4.27877771708051E-16));
#10787=CARTESIAN_POINT('',(-0.0415568842966565,-0.0315545945157963,-5.22347104201444E-19));
#10788=CARTESIAN_POINT('',(-0.0388040487637345,-0.0192029166837162,-2.5384876662411E-18));
#10789=CARTESIAN_POINT('',(-0.0388044799623834,-0.019203160094009,-3.46944695195361E-18));
#10790=CARTESIAN_POINT('',(-0.0397740390398224,-0.0123713872173186,-3.46944695195361E-18));
#10791=CARTESIAN_POINT('',(-0.0397740390398224,-0.0123713872173186,-0.0032));
#10792=CARTESIAN_POINT('',(-0.0398264115877011,-0.012619567696436,-3.46944695195361E-18));
#10793=CARTESIAN_POINT('',(-0.0398264115877011,-0.012619567696436,-0.0032));
#10794=CARTESIAN_POINT('',(-0.0398523928814296,-0.0129193667284678,-3.46944695195361E-18));
#10795=CARTESIAN_POINT('',(-0.0398523928814296,-0.0129193667284678,-0.0032));
#10796=CARTESIAN_POINT('',(-0.039851982921008,-0.013270784313414,-3.46944695195361E-18));
#10797=CARTESIAN_POINT('',(-0.039851982921008,-0.013270784313414,-0.0032));
#10798=CARTESIAN_POINT('',(-0.0397740390398224,-0.0123713872173186,-3.46944695195361E-18));
#10799=CARTESIAN_POINT('',(-0.0397740390398224,-0.0123713872173186,-3.46944695195361E-18));
#10800=CARTESIAN_POINT('',(-0.0397740390398224,-0.0123713872173186,-3.46944695195361E-18));
#10801=CARTESIAN_POINT('',(-0.0398525978616404,-0.0127436579359947,-3.46944695195361E-18));
#10802=CARTESIAN_POINT('',(-0.039851982921008,-0.013270784313414,-3.46944695195361E-18));
#10803=CARTESIAN_POINT('',(-0.039851982921008,-0.013270784313414,-3.46944695195361E-18));
#10804=CARTESIAN_POINT('',(-0.039851982921008,-0.013270784313414,-3.46944695195361E-18));
#10805=CARTESIAN_POINT('',(-0.039851982921008,-0.013270784313414,-3.46944695195361E-18));
#10806=CARTESIAN_POINT('',(-0.039851982921008,-0.013270784313414,-0.0032));
#10807=CARTESIAN_POINT('',(-0.0398510862064257,-0.0140394469848093,-3.46944695195361E-18));
#10808=CARTESIAN_POINT('',(-0.0398510862064257,-0.0140394469848093,-0.0032));
#10809=CARTESIAN_POINT('',(-0.0396159310487953,-0.0146460524082715,-3.46944695195361E-18));
#10810=CARTESIAN_POINT('',(-0.0396159310487953,-0.0146460524082715,-0.0032));
#10811=CARTESIAN_POINT('',(-0.0391465174481169,-0.0150906005838007,-3.46944695195361E-18));
#10812=CARTESIAN_POINT('',(-0.0391465174481169,-0.0150906005838007,-0.0032));
#10813=CARTESIAN_POINT('',(-0.039851982921008,-0.013270784313414,-3.46944695195361E-18));
#10814=CARTESIAN_POINT('',(-0.0398506378491345,-0.0144237783205069,-3.46944695195361E-18));
#10815=CARTESIAN_POINT('',(-0.0391465174481169,-0.0150906005838007,-3.46944695195361E-18));
#10816=CARTESIAN_POINT('',(-0.0391465174481169,-0.0150906005838007,-3.46944695195361E-18));
#10817=CARTESIAN_POINT('',(-0.0391465174481169,-0.0150906005838007,-3.46944695195361E-18));
#10818=CARTESIAN_POINT('',(-0.0391465174481169,-0.0150906005838007,-3.46944695195361E-18));
#10819=CARTESIAN_POINT('',(-0.0391465174481169,-0.0150906005838007,-0.0032));
#10820=CARTESIAN_POINT('',(-0.0386771038474386,-0.0155351487593298,-3.46944695195361E-18));
#10821=CARTESIAN_POINT('',(-0.0386771038474386,-0.0155351487593298,-0.0032));
#10822=CARTESIAN_POINT('',(-0.0380266710568389,-0.015756937865097,-2.31296463463574E-18));
#10823=CARTESIAN_POINT('',(-0.0380266710568389,-0.015756937865097,-0.0032));
#10824=CARTESIAN_POINT('',(-0.0371952190763178,-0.0157559679011023,6.25460729536842E-35));
#10825=CARTESIAN_POINT('',(-0.0371952190763178,-0.0157559679011023,-0.0032));
#10826=CARTESIAN_POINT('',(-0.0391465174481169,-0.0150906005838007,-3.46944695195361E-18));
#10827=CARTESIAN_POINT('',(-0.0384423970470994,-0.0157574228470944,-3.46944695195361E-18));
#10828=CARTESIAN_POINT('',(-0.0371952190763178,-0.0157559679011023,0.));
#10829=CARTESIAN_POINT('',(-0.0371952190763178,-0.0157559679011023,0.));
#10830=CARTESIAN_POINT('',(-0.0371952190763178,-0.0157559679011023,0.));
#10831=CARTESIAN_POINT('',(-0.0371952190763178,-0.0157559679011023,-1.42180578320788E-37));
#10832=CARTESIAN_POINT('',(-0.0371952190763178,-0.0157559679011023,-0.0032));
#10833=CARTESIAN_POINT('',(-0.0363556652494579,-0.0157549884855704,-1.42180578320788E-37));
#10834=CARTESIAN_POINT('',(-0.0363556652494579,-0.0157549884855704,-0.0032));
#10835=CARTESIAN_POINT('',(-0.0356892762195881,-0.0155476137196437,-1.42180578320788E-37));
#10836=CARTESIAN_POINT('',(-0.0356892762195881,-0.0155476137196437,-0.0032));
#10837=CARTESIAN_POINT('',(-0.0351960519867085,-0.015133843603322,-1.42180578320788E-37));
#10838=CARTESIAN_POINT('',(-0.0351960519867085,-0.015133843603322,-0.0032));
#10839=CARTESIAN_POINT('',(-0.0371952190763178,-0.0157559679011023,0.));
#10840=CARTESIAN_POINT('',(-0.0359358883360279,-0.0157544987778045,0.));
#10841=CARTESIAN_POINT('',(-0.0351960519867085,-0.015133843603322,0.));
#10842=CARTESIAN_POINT('',(-0.0351960519867085,-0.015133843603322,0.));
#10843=CARTESIAN_POINT('',(-0.0351960519867085,-0.015133843603322,0.));
#10844=CARTESIAN_POINT('',(-0.0351960519867085,-0.015133843603322,-2.25652314266335E-37));
#10845=CARTESIAN_POINT('',(-0.0351960519867085,-0.015133843603322,-0.0032));
#10846=CARTESIAN_POINT('',(-0.0347028277538288,-0.0147200734870004,-2.25652314266335E-37));
#10847=CARTESIAN_POINT('',(-0.0347028277538288,-0.0147200734870004,-0.0032));
#10848=CARTESIAN_POINT('',(-0.0344566220534843,-0.0141648090362705,-2.25652314266335E-37));
#10849=CARTESIAN_POINT('',(-0.0344566220534843,-0.0141648090362705,-0.0032));
#10850=CARTESIAN_POINT('',(-0.0344574348856748,-0.0134680502511322,-2.25652314266335E-37));
#10851=CARTESIAN_POINT('',(-0.0344574348856748,-0.0134680502511322,-0.0032));
#10852=CARTESIAN_POINT('',(-0.0351960519867085,-0.015133843603322,0.));
#10853=CARTESIAN_POINT('',(-0.034456215637389,-0.0145131884288396,0.));
#10854=CARTESIAN_POINT('',(-0.0344574348856748,-0.0134680502511322,0.));
#10855=CARTESIAN_POINT('',(-0.0344574348856748,-0.0134680502511322,0.));
#10856=CARTESIAN_POINT('',(-0.0344574348856748,-0.0134680502511322,0.));
#10857=CARTESIAN_POINT('',(-0.0344574348856748,-0.0134680502511322,0.));
#10858=CARTESIAN_POINT('',(-0.0344574348856748,-0.0134680502511322,-0.0032));
#10859=CARTESIAN_POINT('',(-0.0344581945529691,-0.0128168643516498,0.));
#10860=CARTESIAN_POINT('',(-0.0344581945529691,-0.0128168643516498,-0.0032));
#10861=CARTESIAN_POINT('',(-0.0346732416522976,-0.0123016345487152,0.));
#10862=CARTESIAN_POINT('',(-0.0346732416522976,-0.0123016345487152,-0.0032));
#10863=CARTESIAN_POINT('',(-0.0351025761836602,-0.0119223608423283,0.));
#10864=CARTESIAN_POINT('',(-0.0351025761836602,-0.0119223608423283,-0.0032));
#10865=CARTESIAN_POINT('',(-0.0344574348856748,-0.0134680502511322,0.));
#10866=CARTESIAN_POINT('',(-0.0344585743866163,-0.0124912714019086,0.));
#10867=CARTESIAN_POINT('',(-0.0351025761836602,-0.0119223608423283,0.));
#10868=CARTESIAN_POINT('',(-0.0351025761836602,-0.0119223608423283,0.));
#10869=CARTESIAN_POINT('',(-0.0351025761836602,-0.0119223608423283,0.));
#10870=CARTESIAN_POINT('',(-0.0351025761836602,-0.0119223608423283,6.66602331732337E-38));
#10871=CARTESIAN_POINT('',(-0.0351025761836602,-0.0119223608423283,-0.0032));
#10872=CARTESIAN_POINT('',(-0.0355319107150228,-0.0115430871359414,6.66602331732337E-38));
#10873=CARTESIAN_POINT('',(-0.0355319107150228,-0.0115430871359414,-0.0032));
#10874=CARTESIAN_POINT('',(-0.0360979955656503,-0.0113538602431696,6.66602331732337E-38));
#10875=CARTESIAN_POINT('',(-0.0360979955656503,-0.0113538602431696,-0.0032));
#10876=CARTESIAN_POINT('',(-0.0368008307355427,-0.0113546801640129,6.66602331732337E-38));
#10877=CARTESIAN_POINT('',(-0.0368008307355427,-0.0113546801640129,-0.0032));
#10878=CARTESIAN_POINT('',(-0.0351025761836602,-0.0119223608423283,0.));
#10879=CARTESIAN_POINT('',(-0.0357465779807042,-0.011353450282748,0.));
#10880=CARTESIAN_POINT('',(-0.0368008307355427,-0.0113546801640129,0.));
#10881=CARTESIAN_POINT('',(-0.0368008307355427,-0.0113546801640129,0.));
#10882=CARTESIAN_POINT('',(-0.0368008307355427,-0.0113546801640129,0.));
#10883=CARTESIAN_POINT('',(-0.0370499625104613,-0.0113549707987787,0.));
#10884=CARTESIAN_POINT('',(-0.0370499625104613,-0.0113549707987787,0.));
#10885=CARTESIAN_POINT('',(-0.03729909428538,-0.0113552614335445,0.));
#10886=CARTESIAN_POINT('',(-0.03729909428538,-0.0113552614335445,0.));
#10887=CARTESIAN_POINT('',(-0.0372970040188784,-0.0131470353879135,0.));
#10888=CARTESIAN_POINT('',(-0.0372970040188784,-0.0131470353879135,0.));
#10889=CARTESIAN_POINT('',(-0.0372949137523769,-0.0149388093422825,0.));
#10890=CARTESIAN_POINT('',(-0.0372949137523769,-0.0149388093422825,0.));
#10891=CARTESIAN_POINT('',(-0.0372949137523769,-0.0149388093422825,1.08133869313511E-37));
#10892=CARTESIAN_POINT('',(-0.0372949137523769,-0.0149388093422825,-0.0032));
#10893=CARTESIAN_POINT('',(-0.0379056093232394,-0.0149233180592137,-2.31296463463574E-18));
#10894=CARTESIAN_POINT('',(-0.0379056093232394,-0.0149233180592137,-0.0032));
#10895=CARTESIAN_POINT('',(-0.0383693670133646,-0.0147694174185183,-3.46944695195361E-18));
#10896=CARTESIAN_POINT('',(-0.0383693670133646,-0.0147694174185183,-0.0032));
#10897=CARTESIAN_POINT('',(-0.0386861868227523,-0.0144771074201965,-3.46944695195361E-18));
#10898=CARTESIAN_POINT('',(-0.0386861868227523,-0.0144771074201965,-0.0032));
#10899=CARTESIAN_POINT('',(-0.0372949137523769,-0.0149388093422825,0.));
#10900=CARTESIAN_POINT('',(-0.0382109571086707,-0.0149155724176793,-3.46944695195361E-18));
#10901=CARTESIAN_POINT('',(-0.0386861868227523,-0.0144771074201965,-3.46944695195361E-18));
#10902=CARTESIAN_POINT('',(-0.0386861868227523,-0.0144771074201965,-3.46944695195361E-18));
#10903=CARTESIAN_POINT('',(-0.0386861868227523,-0.0144771074201965,-3.46944695195361E-18));
#10904=CARTESIAN_POINT('',(-0.0386861868227523,-0.0144771074201965,-3.46944695195361E-18));
#10905=CARTESIAN_POINT('',(-0.0386861868227523,-0.0144771074201965,-0.0032));
#10906=CARTESIAN_POINT('',(-0.03900300663214,-0.0141847974218747,-3.46944695195361E-18));
#10907=CARTESIAN_POINT('',(-0.03900300663214,-0.0141847974218747,-0.0032));
#10908=CARTESIAN_POINT('',(-0.0391617266653949,-0.0137728005897213,-3.46944695195361E-18));
#10909=CARTESIAN_POINT('',(-0.0391617266653949,-0.0137728005897213,-0.0032));
#10910=CARTESIAN_POINT('',(-0.039162346922517,-0.0132411169237365,-3.46944695195361E-18));
#10911=CARTESIAN_POINT('',(-0.039162346922517,-0.0132411169237365,-0.0032));
#10912=CARTESIAN_POINT('',(-0.0386861868227523,-0.0144771074201965,-3.46944695195361E-18));
#10913=CARTESIAN_POINT('',(-0.0391614165368339,-0.0140386424227137,-3.46944695195361E-18));
#10914=CARTESIAN_POINT('',(-0.039162346922517,-0.0132411169237365,-3.46944695195361E-18));
#10915=CARTESIAN_POINT('',(-0.039162346922517,-0.0132411169237365,-3.46944695195361E-18));
#10916=CARTESIAN_POINT('',(-0.039162346922517,-0.0132411169237365,-3.46944695195361E-18));
#10917=CARTESIAN_POINT('',(-0.039162346922517,-0.0132411169237365,-3.46944695195361E-18));
#10918=CARTESIAN_POINT('',(-0.039162346922517,-0.0132411169237365,-0.0032));
#10919=CARTESIAN_POINT('',(-0.039163000260019,-0.0126810767955657,-3.46944695195361E-18));
#10920=CARTESIAN_POINT('',(-0.039163000260019,-0.0126810767955657,-0.0032));
#10921=CARTESIAN_POINT('',(-0.0390466755116304,-0.0121274829609784,-3.46944695195361E-18));
#10922=CARTESIAN_POINT('',(-0.0390466755116304,-0.0121274829609784,-0.0032));
#10923=CARTESIAN_POINT('',(-0.0388133726773513,-0.0115803354199746,-3.46944695195361E-18));
#10924=CARTESIAN_POINT('',(-0.0388133726773513,-0.0115803354199746,-0.0032));
#10925=CARTESIAN_POINT('',(-0.039162346922517,-0.0132411169237365,-3.46944695195361E-18));
#10926=CARTESIAN_POINT('',(-0.03916332692877,-0.0124010567314804,-3.46944695195361E-18));
#10927=CARTESIAN_POINT('',(-0.0388133726773513,-0.0115803354199746,-3.46944695195361E-18));
#10928=CARTESIAN_POINT('',(-0.0388133726773513,-0.0115803354199746,-3.46944695195361E-18));
#10929=CARTESIAN_POINT('',(-0.0388133726773513,-0.0115803354199746,-3.46944695195361E-18));
#10930=CARTESIAN_POINT('',(-0.0391650434449955,-0.0115807456757568,-3.46944695195361E-18));
#10931=CARTESIAN_POINT('',(-0.0391650434449955,-0.0115807456757568,-3.46944695195361E-18));
#10932=CARTESIAN_POINT('',(-0.0395160579266203,-0.0115811551621606,-2.44209308611066E-18));
#10933=CARTESIAN_POINT('',(-0.0395160579290779,-0.0115811551584022,-3.46936658035572E-18));
#10934=CARTESIAN_POINT('',(-0.0397711031202675,-0.000564192598188086,-3.46944695195361E-18));
#10935=CARTESIAN_POINT('',(-0.0397714442616846,-0.000271766581896411,-3.46944695195361E-18));
#10936=CARTESIAN_POINT('',(-0.0397714442616846,-0.000271766581896411,-3.46944695195361E-18));
#10937=CARTESIAN_POINT('',(-0.0397711031202675,-0.000564192598188086,-3.46944695195361E-18));
#10938=CARTESIAN_POINT('',(-0.0397707619788503,-0.000856618614479762,-3.46944695195361E-18));
#10939=CARTESIAN_POINT('',(-0.0397707619788503,-0.000856618614479762,-3.46944695195361E-18));
#10940=CARTESIAN_POINT('',(-0.0394000112424443,-0.00093441966036669,-3.46944695195361E-18));
#10941=CARTESIAN_POINT('',(-0.0394000112424443,-0.00093441966036669,-3.46944695195361E-18));
#10942=CARTESIAN_POINT('',(-0.0390292605060384,-0.00101222070625362,-3.46944695195361E-18));
#10943=CARTESIAN_POINT('',(-0.0390292605060384,-0.00101222070625362,-3.46944695195361E-18));
#10944=CARTESIAN_POINT('',(-0.0390292383539982,-0.00103120940861022,-3.46944695195361E-18));
#10945=CARTESIAN_POINT('',(-0.0390292383539982,-0.00103120940861022,-3.46944695195361E-18));
#10946=CARTESIAN_POINT('',(-0.0390292162019582,-0.00105019811096682,-3.46944695195361E-18));
#10947=CARTESIAN_POINT('',(-0.0390292162019582,-0.00105019811096682,-3.46944695195361E-18));
#10948=CARTESIAN_POINT('',(-0.0390292162019582,-0.00105019811096682,-3.46944695195361E-18));
#10949=CARTESIAN_POINT('',(-0.0390292162019582,-0.00105019811096682,-0.0032));
#10950=CARTESIAN_POINT('',(-0.0393550130679084,-0.00130983761817719,-3.46944695195361E-18));
#10951=CARTESIAN_POINT('',(-0.0393550130679084,-0.00130983761817719,-0.0032));
#10952=CARTESIAN_POINT('',(-0.0395757400002337,-0.00156859500267155,-3.46944695195361E-18));
#10953=CARTESIAN_POINT('',(-0.0395757400002337,-0.00156859500267155,-0.0032));
#10954=CARTESIAN_POINT('',(-0.0396913969989341,-0.00182647026444989,-3.46944695195361E-18));
#10955=CARTESIAN_POINT('',(-0.0396913969989341,-0.00182647026444989,-0.0032));
#10956=CARTESIAN_POINT('',(-0.0390292162019582,-0.00105019811096682,-3.46944695195361E-18));
#10957=CARTESIAN_POINT('',(-0.0395179115008835,-0.00143965737178238,-3.46944695195361E-18));
#10958=CARTESIAN_POINT('',(-0.0396913969989341,-0.00182647026444989,-3.46944695195361E-18));
#10959=CARTESIAN_POINT('',(-0.0396913969989341,-0.00182647026444989,-3.46944695195361E-18));
#10960=CARTESIAN_POINT('',(-0.0396913969989341,-0.00182647026444989,-3.46944695195361E-18));
#10961=CARTESIAN_POINT('',(-0.0396913969989341,-0.00182647026444989,-3.46944695195361E-18));
#10962=CARTESIAN_POINT('',(-0.0396913969989341,-0.00182647026444989,-0.0032));
#10963=CARTESIAN_POINT('',(-0.0398070539976344,-0.00208434552622824,-3.46944695195361E-18));
#10964=CARTESIAN_POINT('',(-0.0398070539976344,-0.00208434552622824,-0.0032));
#10965=CARTESIAN_POINT('',(-0.0398646568415364,-0.00240671473845666,-3.46944695195361E-18));
#10966=CARTESIAN_POINT('',(-0.0398646568415364,-0.00240671473845666,-0.0032));
#10967=CARTESIAN_POINT('',(-0.0398642055306399,-0.00279357790113517,-3.46944695195361E-18));
#10968=CARTESIAN_POINT('',(-0.0398642055306399,-0.00279357790113517,-0.0032));
#10969=CARTESIAN_POINT('',(-0.0396913969989341,-0.00182647026444989,-3.46944695195361E-18));
#10970=CARTESIAN_POINT('',(-0.0398648824969846,-0.00221328315711741,-3.46944695195361E-18));
#10971=CARTESIAN_POINT('',(-0.0398642055306399,-0.00279357790113517,-3.46944695195361E-18));
#10972=CARTESIAN_POINT('',(-0.0398642055306399,-0.00279357790113517,-3.46944695195361E-18));
#10973=CARTESIAN_POINT('',(-0.0398642055306399,-0.00279357790113517,-3.46944695195361E-18));
#10974=CARTESIAN_POINT('',(-0.0398642055306399,-0.00279357790113517,-3.46944695195361E-18));
#10975=CARTESIAN_POINT('',(-0.0398642055306399,-0.00279357790113517,-0.0032));
#10976=CARTESIAN_POINT('',(-0.039863604176592,-0.0033090578744424,-3.46944695195361E-18));
#10977=CARTESIAN_POINT('',(-0.039863604176592,-0.0033090578744424,-0.0032));
#10978=CARTESIAN_POINT('',(-0.0397299586819849,-0.00371298210094983,-3.46944695195361E-18));
#10979=CARTESIAN_POINT('',(-0.0397299586819849,-0.00371298210094983,-0.0032));
#10980=CARTESIAN_POINT('',(-0.0394632690468186,-0.00400535058065747,-3.46944695195361E-18));
#10981=CARTESIAN_POINT('',(-0.0394632690468186,-0.00400535058065747,-0.0032));
#10982=CARTESIAN_POINT('',(-0.0398642055306399,-0.00279357790113517,-3.46944695195361E-18));
#10983=CARTESIAN_POINT('',(-0.039863303499568,-0.00356679786109601,-3.46944695195361E-18));
#10984=CARTESIAN_POINT('',(-0.0394632690468186,-0.00400535058065747,-3.46944695195361E-18));
#10985=CARTESIAN_POINT('',(-0.0394632690468186,-0.00400535058065747,-3.46944695195361E-18));
#10986=CARTESIAN_POINT('',(-0.0394632690468186,-0.00400535058065747,-3.46944695195361E-18));
#10987=CARTESIAN_POINT('',(-0.0394632690468186,-0.00400535058065747,-3.46944695195361E-18));
#10988=CARTESIAN_POINT('',(-0.0394632690468186,-0.00400535058065747,-0.0032));
#10989=CARTESIAN_POINT('',(-0.0391965794116523,-0.00429771906036511,-3.46944695195361E-18));
#10990=CARTESIAN_POINT('',(-0.0391965794116523,-0.00429771906036511,-0.0032));
#10991=CARTESIAN_POINT('',(-0.0388181537423199,-0.00444361739122169,-3.46944695195361E-18));
#10992=CARTESIAN_POINT('',(-0.0388181537423199,-0.00444361739122169,-0.0032));
#10993=CARTESIAN_POINT('',(-0.0383279920388215,-0.00444304557322722,-3.46944695195361E-18));
#10994=CARTESIAN_POINT('',(-0.0383279920388215,-0.00444304557322722,-0.0032));
#10995=CARTESIAN_POINT('',(-0.0394632690468186,-0.00400535058065747,-3.46944695195361E-18));
#10996=CARTESIAN_POINT('',(-0.0390632345940692,-0.00444390330021893,-3.46944695195361E-18));
#10997=CARTESIAN_POINT('',(-0.0383279920388215,-0.00444304557322722,-3.46944695195361E-18));
#10998=CARTESIAN_POINT('',(-0.0383279920388215,-0.00444304557322722,-3.46944695195361E-18));
#10999=CARTESIAN_POINT('',(-0.0383279920388215,-0.00444304557322722,-3.46944695195361E-18));
#11000=CARTESIAN_POINT('',(-0.0383279920388215,-0.00444304557322722,-3.46944695195361E-18));
#11001=CARTESIAN_POINT('',(-0.0383279920388215,-0.00444304557322722,-0.0032));
#11002=CARTESIAN_POINT('',(-0.0372777902071523,-0.00444182041773078,-1.15648231731787E-18));
#11003=CARTESIAN_POINT('',(-0.0372777902071523,-0.00444182041773078,-0.0032));
#11004=CARTESIAN_POINT('',(-0.0367283510277619,-0.00360111811167305,2.02743423452286E-35));
#11005=CARTESIAN_POINT('',(-0.0367283510277619,-0.00360111811167305,-0.0032));
#11006=CARTESIAN_POINT('',(-0.0366796745006501,-0.00192093865505402,2.02743423452286E-35));
#11007=CARTESIAN_POINT('',(-0.0366796745006501,-0.00192093865505402,-0.0032));
#11008=CARTESIAN_POINT('',(-0.0383279920388215,-0.00444304557322722,-3.46944695195361E-18));
#11009=CARTESIAN_POINT('',(-0.0367526892913178,-0.00444120783998257,0.));
#11010=CARTESIAN_POINT('',(-0.0366796745006501,-0.00192093865505402,0.));
#11011=CARTESIAN_POINT('',(-0.0366796745006501,-0.00192093865505402,0.));
#11012=CARTESIAN_POINT('',(-0.0366796745006501,-0.00192093865505402,0.));
#11013=CARTESIAN_POINT('',(-0.0366657579002705,-0.00147962437673612,0.));
#11014=CARTESIAN_POINT('',(-0.0366657579002705,-0.00147962437673612,0.));
#11015=CARTESIAN_POINT('',(-0.0366518412998908,-0.00103831009841823,0.));
#11016=CARTESIAN_POINT('',(-0.0366518412998908,-0.00103831009841823,0.));
#11017=CARTESIAN_POINT('',(-0.0364900575558125,-0.00103812136303679,0.));
#11018=CARTESIAN_POINT('',(-0.0364900575558125,-0.00103812136303679,0.));
#11019=CARTESIAN_POINT('',(-0.0363282738117343,-0.00103793262765535,0.));
#11020=CARTESIAN_POINT('',(-0.0363282738117343,-0.00103793262765535,0.));
#11021=CARTESIAN_POINT('',(-0.0363282738117343,-0.00103793262765535,0.));
#11022=CARTESIAN_POINT('',(-0.0363282738117343,-0.00103793262765535,-0.0032));
#11023=CARTESIAN_POINT('',(-0.0359201433024164,-0.00103745650647399,0.));
#11024=CARTESIAN_POINT('',(-0.0359201433024164,-0.00103745650647399,-0.0032));
#11025=CARTESIAN_POINT('',(-0.0356187536969468,-0.00112470624097659,0.));
#11026=CARTESIAN_POINT('',(-0.0356187536969468,-0.00112470624097659,-0.0032));
#11027=CARTESIAN_POINT('',(-0.0354241049953254,-0.00129968183116313,0.));
#11028=CARTESIAN_POINT('',(-0.0354241049953254,-0.00129968183116313,-0.0032));
#11029=CARTESIAN_POINT('',(-0.0363282738117343,-0.00103793262765535,0.));
#11030=CARTESIAN_POINT('',(-0.0357160780477574,-0.00103721844588332,0.));
#11031=CARTESIAN_POINT('',(-0.0354241049953254,-0.00129968183116313,0.));
#11032=CARTESIAN_POINT('',(-0.0354241049953254,-0.00129968183116313,0.));
#11033=CARTESIAN_POINT('',(-0.0354241049953254,-0.00129968183116313,0.));
#11034=CARTESIAN_POINT('',(-0.0354241049953254,-0.00129968183116313,-3.10060826330299E-37));
#11035=CARTESIAN_POINT('',(-0.0354241049953254,-0.00129968183116313,-0.0032));
#11036=CARTESIAN_POINT('',(-0.035229456293704,-0.00147465742134968,-3.10060826330299E-37));
#11037=CARTESIAN_POINT('',(-0.035229456293704,-0.00147465742134968,-0.0032));
#11038=CARTESIAN_POINT('',(-0.0351319062874451,-0.0017555767977822,-3.10060826330299E-37));
#11039=CARTESIAN_POINT('',(-0.0351319062874451,-0.0017555767977822,-0.0032));
#11040=CARTESIAN_POINT('',(-0.0351314549765486,-0.00214243996046071,-3.10060826330299E-37));
#11041=CARTESIAN_POINT('',(-0.0351314549765486,-0.00214243996046071,-0.0032));
#11042=CARTESIAN_POINT('',(-0.0354241049953254,-0.00129968183116313,0.));
#11043=CARTESIAN_POINT('',(-0.0351321319428934,-0.00156214521644295,0.));
#11044=CARTESIAN_POINT('',(-0.0351314549765486,-0.00214243996046071,0.));
#11045=CARTESIAN_POINT('',(-0.0351314549765486,-0.00214243996046071,0.));
#11046=CARTESIAN_POINT('',(-0.0351314549765486,-0.00214243996046071,0.));
#11047=CARTESIAN_POINT('',(-0.0351314549765486,-0.00214243996046071,-3.10720271805653E-37));
#11048=CARTESIAN_POINT('',(-0.0351314549765486,-0.00214243996046071,-0.0032));
#11049=CARTESIAN_POINT('',(-0.0351309493193138,-0.00257588873958742,-3.10720271805653E-37));
#11050=CARTESIAN_POINT('',(-0.0351309493193138,-0.00257588873958742,-0.0032));
#11051=CARTESIAN_POINT('',(-0.0352630452351175,-0.00306620521200585,-3.10720271805653E-37));
#11052=CARTESIAN_POINT('',(-0.0352630452351175,-0.00306620521200585,-0.0032));
#11053=CARTESIAN_POINT('',(-0.0355277427239596,-0.00361338937771598,-3.10720271805653E-37));
#11054=CARTESIAN_POINT('',(-0.0355277427239596,-0.00361338937771598,-0.0032));
#11055=CARTESIAN_POINT('',(-0.0351314549765486,-0.00214243996046071,0.));
#11056=CARTESIAN_POINT('',(-0.0351306964906965,-0.00279261312915078,0.));
#11057=CARTESIAN_POINT('',(-0.0355277427239596,-0.00361338937771598,0.));
#11058=CARTESIAN_POINT('',(-0.0355277427239596,-0.00361338937771598,0.));
#11059=CARTESIAN_POINT('',(-0.0355277427239596,-0.00361338937771598,0.));
#11060=CARTESIAN_POINT('',(-0.0352260603574803,-0.00373456529840183,0.));
#11061=CARTESIAN_POINT('',(-0.0352260603574803,-0.00373456529840183,0.));
#11062=CARTESIAN_POINT('',(-0.034924038998787,-0.00385587738115149,-4.04399472427859E-19));
#11063=CARTESIAN_POINT('',(-0.034924038998787,-0.00385587738115149,4.15048394462873E-23));
#11064=CARTESIAN_POINT('',(-0.0382044559599482,-0.00210736346158691,-4.87655854507497E-24));
#11065=CARTESIAN_POINT('',(-0.0382044559599482,-0.00210736346158691,-4.01568738305928E-19));
#11066=CARTESIAN_POINT('',(-0.0345989414792875,-0.00301297452244527,-3.84495059255293E-19));
#11067=CARTESIAN_POINT('',(-0.0345987549749652,-0.00301302136745952,0.));
#11068=CARTESIAN_POINT('',(-0.0381395445698223,-0.00209265799733567,-6.84938572062181E-24));
#11069=CARTESIAN_POINT('',(-0.0381395445698223,-0.00209265799733567,-4.33555846268622E-19));
#11070=CARTESIAN_POINT('',(-0.0344813385170812,-0.00209307039657564,0.));
#11071=CARTESIAN_POINT('',(-0.0344813385170812,-0.00209307039657564,0.));
#11072=CARTESIAN_POINT('',(-0.0344813385170812,-0.00209307039657564,1.27073990361814E-36));
#11073=CARTESIAN_POINT('',(-0.0344813385170812,-0.00209307039657564,-0.0032));
#11074=CARTESIAN_POINT('',(-0.0344820615596692,-0.00147327915165614,1.27073990361814E-36));
#11075=CARTESIAN_POINT('',(-0.0344820615596692,-0.00147327915165614,-0.0032));
#11076=CARTESIAN_POINT('',(-0.0346200758441009,-0.00101391293539651,1.27073990361814E-36));
#11077=CARTESIAN_POINT('',(-0.0346200758441009,-0.00101391293539651,-0.0032));
#11078=CARTESIAN_POINT('',(-0.0348953813703761,-0.00071497174779675,1.27073990361814E-36));
#11079=CARTESIAN_POINT('',(-0.0348953813703761,-0.00071497174779675,-0.0032));
#11080=CARTESIAN_POINT('',(-0.0344813385170812,-0.00209307039657564,0.));
#11081=CARTESIAN_POINT('',(-0.0344824230809632,-0.00116338352919639,0.));
#11082=CARTESIAN_POINT('',(-0.0348953813703761,-0.00071497174779675,0.));
#11083=CARTESIAN_POINT('',(-0.0348953813703761,-0.00071497174779675,0.));
#11084=CARTESIAN_POINT('',(-0.0348953813703761,-0.00071497174779675,0.));
#11085=CARTESIAN_POINT('',(-0.0348953813703761,-0.00071497174779675,1.00401089672864E-38));
#11086=CARTESIAN_POINT('',(-0.0348953813703761,-0.00071497174779675,-0.0032));
#11087=CARTESIAN_POINT('',(-0.0351706868966513,-0.000416030560196989,1.00401089672864E-38));
#11088=CARTESIAN_POINT('',(-0.0351706868966513,-0.000416030560196989,-0.0032));
#11089=CARTESIAN_POINT('',(-0.0356121588974945,-0.000266914399038313,1.00401089672864E-38));
#11090=CARTESIAN_POINT('',(-0.0356121588974945,-0.000266914399038313,-0.0032));
#11091=CARTESIAN_POINT('',(-0.0362197973729058,-0.000267623264320723,1.00401089672864E-38));
#11092=CARTESIAN_POINT('',(-0.0362197973729058,-0.000267623264320723,-0.0032));
#11093=CARTESIAN_POINT('',(-0.0348953813703761,-0.00071497174779675,0.));
#11094=CARTESIAN_POINT('',(-0.0353083396597888,-0.000266559966397108,0.));
#11095=CARTESIAN_POINT('',(-0.0362197973729058,-0.000267623264320723,0.));
#11096=CARTESIAN_POINT('',(-0.0362197973729058,-0.000267623264320723,0.));
#11097=CARTESIAN_POINT('',(-0.0362197973729058,-0.000267623264320723,0.));
#11098=CARTESIAN_POINT('',(0.041838850319122,0.0242959368765354,6.93889390390723E-18));
#11099=CARTESIAN_POINT('',(0.0418386406044734,0.0244757040234406,6.93889390390723E-18));
#11100=CARTESIAN_POINT('',(0.0418386406044734,0.0244757040234406,6.93889390390723E-18));
#11101=CARTESIAN_POINT('',(0.041838850319122,0.0242959368765354,6.93889390390723E-18));
#11102=CARTESIAN_POINT('',(0.0418390600337707,0.0241161697296301,6.93889390390723E-18));
#11103=CARTESIAN_POINT('',(0.0418390600337707,0.0241161697296301,6.93889390390723E-18));
#11104=CARTESIAN_POINT('',(0.274492367515642,0.0159075609497941,3.81639164714897E-17));
#11105=CARTESIAN_POINT('',(0.274492367515642,0.0159075609497941,3.81639164714897E-17));
#11106=CARTESIAN_POINT('',(0.0420705943336489,0.00267645777232957,6.93889390390723E-18));
#11107=CARTESIAN_POINT('',(0.0420705943336489,0.00267645777232957,6.93889390390723E-18));
#11108=CARTESIAN_POINT('',(0.0420873305913021,-0.0116698423454081,6.93889390390723E-18));
#11109=CARTESIAN_POINT('',(0.0420873305913021,-0.0116698423454081,6.93889390390723E-18));
#11110=CARTESIAN_POINT('',(0.042110559319091,-0.0315814801270985,6.93889390390723E-18));
#11111=CARTESIAN_POINT('',(0.042110559319091,-0.0315814801270985,6.93889390390723E-18));
#11112=CARTESIAN_POINT('',(0.0273935299335362,-0.0315986488739995,6.93889390390723E-18));
#11113=CARTESIAN_POINT('',(0.0273935299335362,-0.0315986488739995,6.93889390390723E-18));
#11114=CARTESIAN_POINT('',(0.0274106986804372,-0.0463156782595542,6.93889390390723E-18));
#11115=CARTESIAN_POINT('',(0.0274106986804372,-0.0463156782595542,6.93889390390723E-18));
#11116=CARTESIAN_POINT('',(0.0264636117522685,-0.0463167831221822,6.93889390390723E-18));
#11117=CARTESIAN_POINT('',(0.0264636117522685,-0.0463167831221822,6.93889390390723E-18));
#11118=CARTESIAN_POINT('',(0.0255165248240997,-0.0463178879848102,6.93889390390723E-18));
#11119=CARTESIAN_POINT('',(0.0255165248240997,-0.0463178879848102,6.93889390390723E-18));
#11120=CARTESIAN_POINT('',(-0.000809455738898172,-0.0463332437992067,3.46944695195361E-18));
#11121=CARTESIAN_POINT('',(-0.000809455738898172,-0.0463332437992067,3.46944695195361E-18));
#11122=CARTESIAN_POINT('',(-0.027135436301896,-0.0463485996136033,0.));
#11123=CARTESIAN_POINT('',(-0.027135436301896,-0.0463485996136033,0.));
#11124=CARTESIAN_POINT('',(-0.0272125003300717,-0.0463486895157677,0.));
#11125=CARTESIAN_POINT('',(-0.0272125003300717,-0.0463486895157677,0.));
#11126=CARTESIAN_POINT('',(-0.0272895643582472,-0.046348779417932,0.));
#11127=CARTESIAN_POINT('',(-0.0272895643582472,-0.046348779417932,0.));
#11128=CARTESIAN_POINT('',(-0.0273067331127033,-0.0316317435561553,0.));
#11129=CARTESIAN_POINT('',(-0.0273067331127033,-0.0316317435561553,0.));
#11130=CARTESIAN_POINT('',(-0.04202376897448,-0.0316489123106114,-3.46944695195361E-18));
#11131=CARTESIAN_POINT('',(-0.04202376897448,-0.0316489123106114,-3.46944695195361E-18));
#11132=CARTESIAN_POINT('',(-0.0420564048251,-0.00367350004744,-3.46944695195361E-18));
#11133=CARTESIAN_POINT('',(-0.0420564048251,-0.00367350004744,-3.46944695195361E-18));
#11134=CARTESIAN_POINT('',(-0.04208904067572,0.0243019122157314,-3.46944695195361E-18));
#11135=CARTESIAN_POINT('',(-0.04208904067572,0.0243019122157314,-3.46944695195361E-18));
#11136=CARTESIAN_POINT('',(-0.0273720048139432,0.0243190809701875,0.));
#11137=CARTESIAN_POINT('',(-0.0273720048139432,0.0243190809701875,0.));
#11138=CARTESIAN_POINT('',(-0.0273891735683993,0.0390361168319642,0.));
#11139=CARTESIAN_POINT('',(-0.0273891735683993,0.0390361168319642,0.));
#11140=CARTESIAN_POINT('',(-0.0246078152949421,0.0390393615381468,0.));
#11141=CARTESIAN_POINT('',(-0.0246078152949421,0.0390393615381468,0.));
#11142=CARTESIAN_POINT('',(-0.0218264570214848,0.0390426062443296,0.));
#11143=CARTESIAN_POINT('',(-0.0218264570214848,0.0390426062443296,0.));
#11144=CARTESIAN_POINT('',(0.00226034820255892,0.0391086469682183,3.46944695195361E-18));
#11145=CARTESIAN_POINT('',(0.00226034820255892,0.0391086469682183,3.46944695195361E-18));
#11146=CARTESIAN_POINT('',(0.0263471534266028,0.0391746876921071,6.93889390390723E-18));
#11147=CARTESIAN_POINT('',(0.0263471534266028,0.0391746876921071,6.93889390390723E-18));
#11148=CARTESIAN_POINT('',(0.0267257947074216,0.0391751294114342,6.93889390390723E-18));
#11149=CARTESIAN_POINT('',(0.0267257947074216,0.0391751294114342,6.93889390390723E-18));
#11150=CARTESIAN_POINT('',(0.0271044359882406,0.0391755711307613,6.93889390390723E-18));
#11151=CARTESIAN_POINT('',(0.0271044359882406,0.0391755711307613,6.93889390390723E-18));
#11152=CARTESIAN_POINT('',(-0.0134665838460669,0.0329042641769139,0.));
#11153=CARTESIAN_POINT('',(-0.013465417256345,0.0319042648573799,0.));
#11154=CARTESIAN_POINT('',(-0.013465417256345,0.0319042648573799,0.));
#11155=CARTESIAN_POINT('',(-0.0134665838460669,0.0329042641769139,0.));
#11156=CARTESIAN_POINT('',(-0.0134677504357888,0.0339042634964479,0.));
#11157=CARTESIAN_POINT('',(-0.0134677504357888,0.0339042634964479,0.));
#11158=CARTESIAN_POINT('',(-0.0205498637579277,0.033896001570215,0.));
#11159=CARTESIAN_POINT('',(-0.0205498637579277,0.033896001570215,0.));
#11160=CARTESIAN_POINT('',(-0.0276319770800667,0.033887739643982,0.));
#11161=CARTESIAN_POINT('',(-0.0276319770800667,0.033887739643982,0.));
#11162=CARTESIAN_POINT('',(-0.0276308104903449,0.032887740324448,0.));
#11163=CARTESIAN_POINT('',(-0.0276308104903449,0.032887740324448,0.));
#11164=CARTESIAN_POINT('',(-0.0276296439006229,0.031887741004914,0.));
#11165=CARTESIAN_POINT('',(-0.0276296439006229,0.031887741004914,0.));
#11166=CARTESIAN_POINT('',(0.0361075023379138,-0.0173368836563201,6.93889390390723E-18));
#11167=CARTESIAN_POINT('',(0.0371075016574478,-0.0173357170665982,6.93889390390723E-18));
#11168=CARTESIAN_POINT('',(0.0371075016574478,-0.0173357170665982,6.93889390390723E-18));
#11169=CARTESIAN_POINT('',(0.0361075023379138,-0.0173368836563201,6.93889390390723E-18));
#11170=CARTESIAN_POINT('',(0.0351075030183799,-0.017338050246042,6.93889390390723E-18));
#11171=CARTESIAN_POINT('',(0.0351075030183799,-0.017338050246042,6.93889390390723E-18));
#11172=CARTESIAN_POINT('',(0.0351157649446128,-0.0244201635681811,6.93889390390723E-18));
#11173=CARTESIAN_POINT('',(0.0351157649446128,-0.0244201635681811,6.93889390390723E-18));
#11174=CARTESIAN_POINT('',(0.0351240268708458,-0.03150227689032,6.93889390390723E-18));
#11175=CARTESIAN_POINT('',(0.0351240268708458,-0.03150227689032,6.93889390390723E-18));
#11176=CARTESIAN_POINT('',(0.0361240261903798,-0.0315011103005981,6.93889390390723E-18));
#11177=CARTESIAN_POINT('',(0.0361240261903798,-0.0315011103005981,6.93889390390723E-18));
#11178=CARTESIAN_POINT('',(0.0371240255099137,-0.0314999437108762,6.93889390390723E-18));
#11179=CARTESIAN_POINT('',(0.0371240255099137,-0.0314999437108762,6.93889390390723E-18));
#11180=CARTESIAN_POINT('',(-0.0367867045336568,0.0169036020720476,-6.73201125225315E-37));
#11181=CARTESIAN_POINT('',(-0.0367867045336568,0.0169036020720476,-0.0032));
#11182=CARTESIAN_POINT('',(-0.0370847663759854,0.0171766920419943,-6.73201125225315E-37));
#11183=CARTESIAN_POINT('',(-0.0370847663759854,0.0171766920419943,-0.0032));
#11184=CARTESIAN_POINT('',(-0.0374707763025601,0.0173129605695076,-6.73201125225315E-37));
#11185=CARTESIAN_POINT('',(-0.0374707763025601,0.0173129605695076,-0.0032));
#11186=CARTESIAN_POINT('',(-0.0379447343133809,0.0173124076545873,-6.73201125225315E-37));
#11187=CARTESIAN_POINT('',(-0.0379447343133809,0.0173124076545873,-0.0032));
#11188=CARTESIAN_POINT('',(-0.0367867045336568,0.0169036020720476,0.));
#11189=CARTESIAN_POINT('',(-0.0367867045336568,0.0169036020720476,0.));
#11190=CARTESIAN_POINT('',(-0.0367867045336568,0.0169036020720476,0.));
#11191=CARTESIAN_POINT('',(-0.0372337972971497,0.0173132370269677,0.));
#11192=CARTESIAN_POINT('',(-0.0379447343133809,0.0173124076545873,0.));
#11193=CARTESIAN_POINT('',(-0.0379447343133809,0.0173124076545873,0.));
#11194=CARTESIAN_POINT('',(-0.0379447343133809,0.0173124076545873,0.));
#11195=CARTESIAN_POINT('',(-0.0379447343133809,0.0173124076545873,-3.37054409015548E-35));
#11196=CARTESIAN_POINT('',(-0.0379447343133809,0.0173124076545873,-0.0032));
#11197=CARTESIAN_POINT('',(-0.0385554109811692,0.0173116952449784,-2.31296463463574E-18));
#11198=CARTESIAN_POINT('',(-0.0385554109811692,0.0173116952449784,-0.0032));
#11199=CARTESIAN_POINT('',(-0.0390316423785034,0.0170896045156258,-3.46944695195361E-18));
#11200=CARTESIAN_POINT('',(-0.0390316423785034,0.0170896045156258,-0.0032));
#11201=CARTESIAN_POINT('',(-0.0393734285053833,0.0166461354665293,-3.46944695195361E-18));
#11202=CARTESIAN_POINT('',(-0.0393734285053833,0.0166461354665293,-0.0032));
#11203=CARTESIAN_POINT('',(-0.0379447343133809,0.0173124076545873,0.));
#11204=CARTESIAN_POINT('',(-0.0388607493150634,0.017311339040174,-3.46944695195361E-18));
#11205=CARTESIAN_POINT('',(-0.0393734285053833,0.0166461354665293,-3.46944695195361E-18));
#11206=CARTESIAN_POINT('',(-0.0393734285053833,0.0166461354665293,-3.46944695195361E-18));
#11207=CARTESIAN_POINT('',(-0.0393734285053833,0.0166461354665293,-3.46944695195361E-18));
#11208=CARTESIAN_POINT('',(-0.0393734285053833,0.0166461354665293,-3.46944695195361E-18));
#11209=CARTESIAN_POINT('',(-0.0393734285053833,0.0166461354665293,-0.0032));
#11210=CARTESIAN_POINT('',(-0.0397152146322632,0.0162026664174328,-3.46944695195361E-18));
#11211=CARTESIAN_POINT('',(-0.0397152146322632,0.0162026664174328,-0.0032));
#11212=CARTESIAN_POINT('',(-0.0398856646549016,0.0156011578457526,-3.46944695195361E-18));
#11213=CARTESIAN_POINT('',(-0.0398856646549016,0.0156011578457526,-0.0032));
#11214=CARTESIAN_POINT('',(-0.0398847785732987,0.0148416097514885,-3.46944695195361E-18));
#11215=CARTESIAN_POINT('',(-0.0398847785732987,0.0148416097514885,-0.0032));
#11216=CARTESIAN_POINT('',(-0.0393734285053833,0.0166461354665293,-3.46944695195361E-18));
#11217=CARTESIAN_POINT('',(-0.0398861076957031,0.0159809318928846,-3.46944695195361E-18));
#11218=CARTESIAN_POINT('',(-0.0398847785732987,0.0148416097514885,-3.46944695195361E-18));
#11219=CARTESIAN_POINT('',(-0.0398847785732987,0.0148416097514885,-3.46944695195361E-18));
#11220=CARTESIAN_POINT('',(-0.0398847785732987,0.0148416097514885,-3.46944695195361E-18));
#11221=CARTESIAN_POINT('',(-0.0398847785732987,0.0148416097514885,-3.46944695195361E-18));
#11222=CARTESIAN_POINT('',(-0.0398847785732987,0.0148416097514885,-0.0032));
#11223=CARTESIAN_POINT('',(-0.0398838192422831,0.0140192723480986,-3.46944695195361E-18));
#11224=CARTESIAN_POINT('',(-0.0398838192422831,0.0140192723480986,-0.0032));
#11225=CARTESIAN_POINT('',(-0.0397767441077503,0.0133864396543029,-3.46944695195361E-18));
#11226=CARTESIAN_POINT('',(-0.0397767441077503,0.0133864396543029,-0.0032));
#11227=CARTESIAN_POINT('',(-0.0395635531697002,0.0129431116701015,-3.46944695195361E-18));
#11228=CARTESIAN_POINT('',(-0.0395635531697002,0.0129431116701015,-0.0032));
#11229=CARTESIAN_POINT('',(-0.0398847785732987,0.0148416097514885,-3.46944695195361E-18));
#11230=CARTESIAN_POINT('',(-0.0398833395767753,0.0136081036464036,-3.46944695195361E-18));
#11231=CARTESIAN_POINT('',(-0.0395635531697002,0.0129431116701015,-3.46944695195361E-18));
#11232=CARTESIAN_POINT('',(-0.0395635531697002,0.0129431116701015,-3.46944695195361E-18));
#11233=CARTESIAN_POINT('',(-0.0395635531697002,0.0129431116701015,-3.46944695195361E-18));
#11234=CARTESIAN_POINT('',(-0.039174664545437,0.0129435653438822,-3.46944695195361E-18));
#11235=CARTESIAN_POINT('',(-0.039174664545437,0.0129435653438822,-3.46944695195361E-18));
#11236=CARTESIAN_POINT('',(-0.03878620719479,0.0129440185145433,-3.44568719516677E-18));
#11237=CARTESIAN_POINT('',(-0.03878620719479,0.0129440185145433,-3.46949976776594E-18));
#11238=CARTESIAN_POINT('',(-0.0340597558437225,0.0148964796436384,-3.46944277214483E-18));
#11239=CARTESIAN_POINT('',(-0.0340597558437225,0.0148964796436384,-2.89053704417673E-18));
#11240=CARTESIAN_POINT('',(-0.039070737320867,0.0138749335018474,-2.40983801752086E-18));
#11241=CARTESIAN_POINT('',(-0.0390709332444738,0.0138748935867112,-3.46944695195361E-18));
#11242=CARTESIAN_POINT('',(-0.0343042251402335,0.0148874388986298,-3.46944082081293E-18));
#11243=CARTESIAN_POINT('',(-0.0343042251402335,0.0148874388986298,-2.8856213398467E-18));
#11244=CARTESIAN_POINT('',(-0.0391769134205454,0.0148712984071245,-3.46944695195361E-18));
#11245=CARTESIAN_POINT('',(-0.0391769134205454,0.0148712984071245,-3.46944695195361E-18));
#11246=CARTESIAN_POINT('',(-0.0391769134205454,0.0148712984071245,-3.46944695195361E-18));
#11247=CARTESIAN_POINT('',(-0.0391769134205454,0.0148712984071245,-0.0032));
#11248=CARTESIAN_POINT('',(-0.0391775407663204,0.0154090584578635,-3.46944695195361E-18));
#11249=CARTESIAN_POINT('',(-0.0391775407663204,0.0154090584578635,-0.0032));
#11250=CARTESIAN_POINT('',(-0.0390759807158458,0.0158142698050997,-3.46944695195361E-18));
#11251=CARTESIAN_POINT('',(-0.0390759807158458,0.0158142698050997,-0.0032));
#11252=CARTESIAN_POINT('',(-0.0388722332691218,0.016086932448833,-3.46944695195361E-18));
#11253=CARTESIAN_POINT('',(-0.0388722332691218,0.016086932448833,-0.0032));
#11254=CARTESIAN_POINT('',(-0.0391769134205454,0.0148712984071245,-3.46944695195361E-18));
#11255=CARTESIAN_POINT('',(-0.0391778544392079,0.015677938483233,-3.46944695195361E-18));
#11256=CARTESIAN_POINT('',(-0.0388722332691218,0.016086932448833,-3.46944695195361E-18));
#11257=CARTESIAN_POINT('',(-0.0388722332691218,0.016086932448833,-3.46944695195361E-18));
#11258=CARTESIAN_POINT('',(-0.0388722332691218,0.016086932448833,-3.46944695195361E-18));
#11259=CARTESIAN_POINT('',(-0.0388722332691218,0.016086932448833,-3.46944695195361E-18));
#11260=CARTESIAN_POINT('',(-0.0388722332691218,0.016086932448833,-0.0032));
#11261=CARTESIAN_POINT('',(-0.0386684858223978,0.0163595950925664,-3.46944695195361E-18));
#11262=CARTESIAN_POINT('',(-0.0386684858223978,0.0163595950925664,-0.0032));
#11263=CARTESIAN_POINT('',(-0.0383843205564124,0.0164961390740179,-3.46944695195361E-18));
#11264=CARTESIAN_POINT('',(-0.0383843205564124,0.0164961390740179,-0.0032));
#11265=CARTESIAN_POINT('',(-0.0380197374711657,0.0164965643931873,-3.46944695195361E-18));
#11266=CARTESIAN_POINT('',(-0.0380197374711657,0.0164965643931873,-0.0032));
#11267=CARTESIAN_POINT('',(-0.0388722332691218,0.016086932448833,-3.46944695195361E-18));
#11268=CARTESIAN_POINT('',(-0.0385666120990358,0.0164959264144331,-3.46944695195361E-18));
#11269=CARTESIAN_POINT('',(-0.0380197374711657,0.0164965643931873,-3.46944695195361E-18));
#11270=CARTESIAN_POINT('',(-0.0380197374711657,0.0164965643931873,-3.46944695195361E-18));
#11271=CARTESIAN_POINT('',(-0.0380197374711657,0.0164965643931873,-3.46944695195361E-18));
#11272=CARTESIAN_POINT('',(-0.0380197374711657,0.0164965643931873,-3.46944695195361E-18));
#11273=CARTESIAN_POINT('',(-0.0380197374711657,0.0164965643931873,-0.0032));
#11274=CARTESIAN_POINT('',(-0.0377797202733782,0.0164968443949739,-1.15648231731787E-18));
#11275=CARTESIAN_POINT('',(-0.0377797202733782,0.0164968443949739,-0.0032));
#11276=CARTESIAN_POINT('',(-0.0375829409031018,0.0164487159947742,-4.81346406517029E-35));
#11277=CARTESIAN_POINT('',(-0.0375829409031018,0.0164487159947742,-0.0032));
#11278=CARTESIAN_POINT('',(-0.0374293993603363,0.0163521791925885,-4.81346406517029E-35));
#11279=CARTESIAN_POINT('',(-0.0374293993603363,0.0163521791925885,-0.0032));
#11280=CARTESIAN_POINT('',(-0.0380197374711657,0.0164965643931873,-3.46944695195361E-18));
#11281=CARTESIAN_POINT('',(-0.0376597116744845,0.0164969843958672,0.));
#11282=CARTESIAN_POINT('',(-0.0374293993603363,0.0163521791925885,0.));
#11283=CARTESIAN_POINT('',(-0.0374293993603363,0.0163521791925885,0.));
#11284=CARTESIAN_POINT('',(-0.0374293993603363,0.0163521791925885,0.));
#11285=CARTESIAN_POINT('',(-0.0374293993603363,0.0163521791925885,3.59619377142567E-38));
#11286=CARTESIAN_POINT('',(-0.0374293993603363,0.0163521791925885,-0.0032));
#11287=CARTESIAN_POINT('',(-0.0372758578175708,0.0162556423904026,3.59619377142567E-38));
#11288=CARTESIAN_POINT('',(-0.0372758578175708,0.0162556423904026,-0.0032));
#11289=CARTESIAN_POINT('',(-0.0371338870666206,0.0160942772309217,3.59619377142567E-38));
#11290=CARTESIAN_POINT('',(-0.0371338870666206,0.0160942772309217,-0.0032));
#11291=CARTESIAN_POINT('',(-0.0370034871074857,0.0158680837141457,3.59619377142567E-38));
#11292=CARTESIAN_POINT('',(-0.0370034871074857,0.0158680837141457,-0.0032));
#11293=CARTESIAN_POINT('',(-0.0374293993603363,0.0163521791925885,0.));
#11294=CARTESIAN_POINT('',(-0.0371990870461881,0.0162073739893097,0.));
#11295=CARTESIAN_POINT('',(-0.0370034871074857,0.0158680837141457,0.));
#11296=CARTESIAN_POINT('',(-0.0370034871074857,0.0158680837141457,0.));
#11297=CARTESIAN_POINT('',(-0.0370034871074857,0.0158680837141457,0.));
#11298=CARTESIAN_POINT('',(-0.0370034871074857,0.0158680837141457,6.91588515262477E-37));
#11299=CARTESIAN_POINT('',(-0.0370034871074857,0.0158680837141457,-0.0032));
#11300=CARTESIAN_POINT('',(-0.0368730871483507,0.0156418901973696,6.91588515262477E-37));
#11301=CARTESIAN_POINT('',(-0.0368730871483507,0.0156418901973696,-0.0032));
#11302=CARTESIAN_POINT('',(-0.0367255866057954,0.0152979865151384,6.91588515262477E-37));
#11303=CARTESIAN_POINT('',(-0.0367255866057954,0.0152979865151384,-0.0032));
#11304=CARTESIAN_POINT('',(-0.0365609854798198,0.0148363726674521,6.91588515262477E-37));
#11305=CARTESIAN_POINT('',(-0.0365609854798198,0.0148363726674521,-0.0032));
#11306=CARTESIAN_POINT('',(-0.0370034871074857,0.0158680837141457,0.));
#11307=CARTESIAN_POINT('',(-0.0368078871687832,0.0155287934389815,0.));
#11308=CARTESIAN_POINT('',(-0.0365609854798198,0.0148363726674521,0.));
#11309=CARTESIAN_POINT('',(-0.0365609854798198,0.0148363726674521,0.));
#11310=CARTESIAN_POINT('',(-0.0365609854798198,0.0148363726674521,0.));
#11311=CARTESIAN_POINT('',(-0.0365609854798198,0.0148363726674521,9.72523547265439E-37));
#11312=CARTESIAN_POINT('',(-0.0365609854798198,0.0148363726674521,-0.0032));
#11313=CARTESIAN_POINT('',(-0.036329330280522,0.0141915325215311,9.72523547265439E-37));
#11314=CARTESIAN_POINT('',(-0.036329330280522,0.0141915325215311,-0.0032));
#11315=CARTESIAN_POINT('',(-0.0360551019323558,0.0137308061130504,9.72523547265439E-37));
#11316=CARTESIAN_POINT('',(-0.0360551019323558,0.0137308061130504,-0.0032));
#11317=CARTESIAN_POINT('',(-0.0357383004353212,0.01345419344201,9.72523547265439E-37));
#11318=CARTESIAN_POINT('',(-0.0357383004353212,0.01345419344201,-0.0032));
#11319=CARTESIAN_POINT('',(-0.0365609854798198,0.0148363726674521,0.));
#11320=CARTESIAN_POINT('',(-0.0362135026808731,0.0138691124485706,0.));
#11321=CARTESIAN_POINT('',(-0.0357383004353212,0.01345419344201,0.));
#11322=CARTESIAN_POINT('',(-0.0357383004353212,0.01345419344201,0.));
#11323=CARTESIAN_POINT('',(-0.0357383004353212,0.01345419344201,0.));
#11324=CARTESIAN_POINT('',(-0.0357383004353212,0.01345419344201,3.70081301342549E-38));
#11325=CARTESIAN_POINT('',(-0.0357383004353212,0.01345419344201,-0.0032));
#11326=CARTESIAN_POINT('',(-0.0354214989382866,0.0131775807709696,3.70081301342549E-38));
#11327=CARTESIAN_POINT('',(-0.0354214989382866,0.0131775807709696,-0.0032));
#11328=CARTESIAN_POINT('',(-0.0350083963954927,0.013039571568147,3.70081301342549E-38));
#11329=CARTESIAN_POINT('',(-0.0350083963954927,0.013039571568147,-0.0032));
#11330=CARTESIAN_POINT('',(-0.0344989928069396,0.0130401658335421,3.70081301342549E-38));
#11331=CARTESIAN_POINT('',(-0.0344989928069396,0.0130401658335421,-0.0032));
#11332=CARTESIAN_POINT('',(-0.0357383004353212,0.01345419344201,0.));
#11333=CARTESIAN_POINT('',(-0.0352630981897693,0.0130392744354495,0.));
#11334=CARTESIAN_POINT('',(-0.0344989928069396,0.0130401658335421,0.));
#11335=CARTESIAN_POINT('',(-0.0344989928069396,0.0130401658335421,0.));
#11336=CARTESIAN_POINT('',(-0.0344989928069396,0.0130401658335421,0.));
#11337=CARTESIAN_POINT('',(-0.0344989928069396,0.0130401658335421,4.35934822315536E-37));
#11338=CARTESIAN_POINT('',(-0.0344989928069396,0.0130401658335421,-0.0032));
#11339=CARTESIAN_POINT('',(-0.0339642709485777,0.0130407896349906,4.35934822315536E-37));
#11340=CARTESIAN_POINT('',(-0.0339642709485777,0.0130407896349906,-0.0032));
#11341=CARTESIAN_POINT('',(-0.0335389050539954,0.0132420600156326,4.35934822315536E-37));
#11342=CARTESIAN_POINT('',(-0.0335389050539954,0.0132420600156326,-0.0032));
#11343=CARTESIAN_POINT('',(-0.0332228951231928,0.0136439769754682,4.35934822315536E-37));
#11344=CARTESIAN_POINT('',(-0.0332228951231928,0.0136439769754682,-0.0032));
#11345=CARTESIAN_POINT('',(-0.0344989928069396,0.0130401658335421,0.));
#11346=CARTESIAN_POINT('',(-0.0336969100193967,0.0130411015357149,0.));
#11347=CARTESIAN_POINT('',(-0.0332228951231928,0.0136439769754682,0.));
#11348=CARTESIAN_POINT('',(-0.0332228951231928,0.0136439769754682,0.));
#11349=CARTESIAN_POINT('',(-0.0332228951231928,0.0136439769754682,0.));
#11350=CARTESIAN_POINT('',(-0.0332228951231928,0.0136439769754682,-1.26021913101359E-40));
#11351=CARTESIAN_POINT('',(-0.0332228951231928,0.0136439769754682,-0.0032));
#11352=CARTESIAN_POINT('',(-0.0329068851923903,0.0140458939353037,-1.26021913101359E-40));
#11353=CARTESIAN_POINT('',(-0.0329068851923903,0.0140458939353037,-0.0032));
#11354=CARTESIAN_POINT('',(-0.0327492665585679,0.0145780153843206,-1.26021913101359E-40));
#11355=CARTESIAN_POINT('',(-0.0327492665585679,0.0145780153843206,-0.0032));
#11356=CARTESIAN_POINT('',(-0.0327500392217258,0.0152403413225189,-1.26021913101359E-40));
#11357=CARTESIAN_POINT('',(-0.0327500392217258,0.0152403413225189,-0.0032));
#11358=CARTESIAN_POINT('',(-0.0332228951231928,0.0136439769754682,0.));
#11359=CARTESIAN_POINT('',(-0.032748880226989,0.0142468524152215,0.));
#11360=CARTESIAN_POINT('',(-0.0327500392217258,0.0152403413225189,0.));
#11361=CARTESIAN_POINT('',(-0.0327500392217258,0.0152403413225189,0.));
#11362=CARTESIAN_POINT('',(-0.0327500392217258,0.0152403413225189,0.));
#11363=CARTESIAN_POINT('',(-0.0327500392217258,0.0152403413225189,9.90019945535187E-37));
#11364=CARTESIAN_POINT('',(-0.0327500392217258,0.0152403413225189,-0.0032));
#11365=CARTESIAN_POINT('',(-0.0327508437838213,0.0159300109921107,9.90019945535187E-37));
#11366=CARTESIAN_POINT('',(-0.0327508437838213,0.0159300109921107,-0.0032));
#11367=CARTESIAN_POINT('',(-0.0328781753063643,0.0165643391532521,9.90019945535187E-37));
#11368=CARTESIAN_POINT('',(-0.0328781753063643,0.0165643391532521,-0.0032));
#11369=CARTESIAN_POINT('',(-0.0331320337893549,0.0171433258059432,9.90019945535187E-37));
#11370=CARTESIAN_POINT('',(-0.0331320337893549,0.0171433258059432,-0.0032));
#11371=CARTESIAN_POINT('',(-0.0327500392217258,0.0152403413225189,0.));
#11372=CARTESIAN_POINT('',(-0.032751246064869,0.0162748458269066,0.));
#11373=CARTESIAN_POINT('',(-0.0331320337893549,0.0171433258059432,0.));
#11374=CARTESIAN_POINT('',(-0.0331320337893549,0.0171433258059432,0.));
#11375=CARTESIAN_POINT('',(-0.0331320337893549,0.0171433258059432,0.));
#11376=CARTESIAN_POINT('',(-0.0334827979193588,0.0170168314525948,0.));
#11377=CARTESIAN_POINT('',(-0.0334827979193588,0.0170168314525948,0.));
#11378=CARTESIAN_POINT('',(-0.0338335620493627,0.0168903370992463,0.));
#11379=CARTESIAN_POINT('',(-0.0338335620493627,0.0168903370992463,0.));
#11380=CARTESIAN_POINT('',(-0.0338335620493627,0.0168903370992463,0.));
#11381=CARTESIAN_POINT('',(-0.0338335620493627,0.0168903370992463,-0.0032));
#11382=CARTESIAN_POINT('',(-0.0335928761553256,0.0163174114725616,0.));
#11383=CARTESIAN_POINT('',(-0.0335928761553256,0.0163174114725616,-0.0032));
#11384=CARTESIAN_POINT('',(-0.0334722177632563,0.0157605495376612,0.));
#11385=CARTESIAN_POINT('',(-0.0334722177632563,0.0157605495376612,-0.0032));
#11386=CARTESIAN_POINT('',(-0.0334715868731549,0.0152197512945452,0.));
#11387=CARTESIAN_POINT('',(-0.0334715868731549,0.0152197512945452,-0.0032));
#11388=CARTESIAN_POINT('',(-0.0338335620493627,0.0168903370992463,0.));
#11389=CARTESIAN_POINT('',(-0.033472533208307,0.0160309486592193,0.));
#11390=CARTESIAN_POINT('',(-0.0334715868731549,0.0152197512945452,0.));
#11391=CARTESIAN_POINT('',(-0.0334715868731549,0.0152197512945452,0.));
#11392=CARTESIAN_POINT('',(-0.0334715868731549,0.0152197512945452,0.));
#11393=CARTESIAN_POINT('',(-0.0334715868731549,0.0152197512945452,-2.54538380846815E-39));
#11394=CARTESIAN_POINT('',(-0.0334715868731549,0.0152197512945452,-0.0032));
#11395=CARTESIAN_POINT('',(-0.033471088304573,0.0147923789001726,-2.54538380846815E-39));
#11396=CARTESIAN_POINT('',(-0.033471088304573,0.0147923789001726,-0.0032));
#11397=CARTESIAN_POINT('',(-0.033562350860736,0.0144583240008811,-2.54538380846815E-39));
#11398=CARTESIAN_POINT('',(-0.033562350860736,0.0144583240008811,-0.0032));
#11399=CARTESIAN_POINT('',(-0.0337453745416442,0.0142175865966706,-2.54538380846815E-39));
#11400=CARTESIAN_POINT('',(-0.0337453745416442,0.0142175865966706,-0.0032));
#11401=CARTESIAN_POINT('',(-0.0334715868731549,0.0152197512945452,0.));
#11402=CARTESIAN_POINT('',(-0.033470839020282,0.0145786927029863,0.));
#11403=CARTESIAN_POINT('',(-0.0337453745416442,0.0142175865966706,0.));
#11404=CARTESIAN_POINT('',(-0.0337453745416442,0.0142175865966706,0.));
#11405=CARTESIAN_POINT('',(-0.0337453745416442,0.0142175865966706,0.));
#11406=CARTESIAN_POINT('',(-0.0337453745416442,0.0142175865966706,-8.80803296427659E-38));
#11407=CARTESIAN_POINT('',(-0.0337453745416442,0.0142175865966706,-0.0032));
#11408=CARTESIAN_POINT('',(-0.0339283982225523,0.0139768491924601,-8.80803296427659E-38));
#11409=CARTESIAN_POINT('',(-0.0339283982225523,0.0139768491924601,-0.0032));
#11410=CARTESIAN_POINT('',(-0.034182959720575,0.0138562902781707,-8.80803296427659E-38));
#11411=CARTESIAN_POINT('',(-0.034182959720575,0.0138562902781707,-0.0032));
#11412=CARTESIAN_POINT('',(-0.0345090590357124,0.0138559098538025,-8.80803296427659E-38));
#11413=CARTESIAN_POINT('',(-0.0345090590357124,0.0138559098538025,-0.0032));
#11414=CARTESIAN_POINT('',(-0.0337453745416442,0.0142175865966706,0.));
#11415=CARTESIAN_POINT('',(-0.0340199100630064,0.0138564804903548,0.));
#11416=CARTESIAN_POINT('',(-0.0345090590357124,0.0138559098538025,0.));
#11417=CARTESIAN_POINT('',(-0.0345090590357124,0.0138559098538025,0.));
#11418=CARTESIAN_POINT('',(-0.0345090590357124,0.0138559098538025,0.));
#11419=CARTESIAN_POINT('',(-0.0345090590357124,0.0138559098538025,-1.58922633502892E-37));
#11420=CARTESIAN_POINT('',(-0.0345090590357124,0.0138559098538025,-0.0032));
#11421=CARTESIAN_POINT('',(-0.0347490762334999,0.0138556298520159,-1.58922633502892E-37));
#11422=CARTESIAN_POINT('',(-0.0347490762334999,0.0138556298520159,-0.0032));
#11423=CARTESIAN_POINT('',(-0.0349461040607059,0.0138997070336856,-1.58922633502892E-37));
#11424=CARTESIAN_POINT('',(-0.0349461040607059,0.0138997070336856,-0.0032));
#11425=CARTESIAN_POINT('',(-0.0351001425173304,0.0139881413988116,-1.58922633502892E-37));
#11426=CARTESIAN_POINT('',(-0.0351001425173304,0.0139881413988116,-0.0032));
#11427=CARTESIAN_POINT('',(-0.0345090590357124,0.0138559098538025,0.));
#11428=CARTESIAN_POINT('',(-0.0348690848323936,0.0138554898511227,0.));
#11429=CARTESIAN_POINT('',(-0.0351001425173304,0.0139881413988116,0.));
#11430=CARTESIAN_POINT('',(-0.0351001425173304,0.0139881413988116,0.));
#11431=CARTESIAN_POINT('',(-0.0351001425173304,0.0139881413988116,0.));
#11432=CARTESIAN_POINT('',(-0.0351001425173304,0.0139881413988116,3.19253939577344E-37));
#11433=CARTESIAN_POINT('',(-0.0351001425173304,0.0139881413988116,-0.0032));
#11434=CARTESIAN_POINT('',(-0.0352541809739549,0.0140765757639375,3.19253939577344E-37));
#11435=CARTESIAN_POINT('',(-0.0352541809739549,0.0140765757639375,-0.0032));
#11436=CARTESIAN_POINT('',(-0.0353953782948658,0.0142260422226899,3.19253939577344E-37));
#11437=CARTESIAN_POINT('',(-0.0353953782948658,0.0142260422226899,-0.0032));
#11438=CARTESIAN_POINT('',(-0.0355237344800629,0.0144365407750688,3.19253939577344E-37));
#11439=CARTESIAN_POINT('',(-0.0355237344800629,0.0144365407750688,-0.0032));
#11440=CARTESIAN_POINT('',(-0.0351001425173304,0.0139881413988116,0.));
#11441=CARTESIAN_POINT('',(-0.0353312002022672,0.0141207929465005,0.));
#11442=CARTESIAN_POINT('',(-0.0355237344800629,0.0144365407750688,0.));
#11443=CARTESIAN_POINT('',(-0.0355237344800629,0.0144365407750688,0.));
#11444=CARTESIAN_POINT('',(-0.0355237344800629,0.0144365407750688,0.));
#11445=CARTESIAN_POINT('',(-0.0355237344800629,0.0144365407750688,0.));
#11446=CARTESIAN_POINT('',(-0.0355237344800629,0.0144365407750688,-0.0032));
#11447=CARTESIAN_POINT('',(-0.03565209066526,0.0146470393274476,0.));
#11448=CARTESIAN_POINT('',(-0.03565209066526,0.0146470393274476,-0.0032));
#11449=CARTESIAN_POINT('',(-0.0357939954920909,0.0149689226128769,0.));
#11450=CARTESIAN_POINT('',(-0.0357939954920909,0.0149689226128769,-0.0032));
#11451=CARTESIAN_POINT('',(-0.0359494489605555,0.0154021906313566,0.));
#11452=CARTESIAN_POINT('',(-0.0359494489605555,0.0154021906313566,-0.0032));
#11453=CARTESIAN_POINT('',(-0.0355237344800629,0.0144365407750688,0.));
#11454=CARTESIAN_POINT('',(-0.0357162687578585,0.0147522886036371,0.));
#11455=CARTESIAN_POINT('',(-0.0359494489605555,0.0154021906313566,0.));
#11456=CARTESIAN_POINT('',(-0.0359494489605555,0.0154021906313566,0.));
#11457=CARTESIAN_POINT('',(-0.0359494489605555,0.0154021906313566,0.));
#11458=CARTESIAN_POINT('',(-0.038974144195593,0.00838650450126969,-3.46944695195361E-18));
#11459=CARTESIAN_POINT('',(-0.038974144195593,0.00838650450126969,-0.0032));
#11460=CARTESIAN_POINT('',(-0.0391419248137215,0.00853518039907172,-3.46944695195361E-18));
#11461=CARTESIAN_POINT('',(-0.0391419248137215,0.00853518039907172,-0.0032));
#11462=CARTESIAN_POINT('',(-0.0392259663473793,0.00873914788939381,-3.46944695195361E-18));
#11463=CARTESIAN_POINT('',(-0.0392259663473793,0.00873914788939381,-0.0032));
#11464=CARTESIAN_POINT('',(-0.0392262687965665,0.00899840697223595,-3.46944695195361E-18));
#11465=CARTESIAN_POINT('',(-0.0392262687965665,0.00899840697223595,-0.0032));
#11466=CARTESIAN_POINT('',(-0.038974144195593,0.00838650450126969,-3.46944695195361E-18));
#11467=CARTESIAN_POINT('',(-0.038974144195593,0.00838650450126969,-3.46944695195361E-18));
#11468=CARTESIAN_POINT('',(-0.038974144195593,0.00838650450126969,-3.46944695195361E-18));
#11469=CARTESIAN_POINT('',(-0.0392258151227858,0.00860951834797274,-3.46944695195361E-18));
#11470=CARTESIAN_POINT('',(-0.0392262687965665,0.00899840697223595,-3.46944695195361E-18));
#11471=CARTESIAN_POINT('',(-0.0392262687965665,0.00899840697223595,-3.46944695195361E-18));
#11472=CARTESIAN_POINT('',(-0.0392262687965665,0.00899840697223595,-3.46944695195361E-18));
#11473=CARTESIAN_POINT('',(-0.0366102715975145,0.0090090427221384,-3.46944516127556E-18));
#11474=CARTESIAN_POINT('',(-0.0366102715975145,0.0090090427221384,-3.14907898706978E-18));
#11475=CARTESIAN_POINT('',(-0.0391962188797209,0.00940250334407836,-2.50000003544199E-10));
#11476=CARTESIAN_POINT('',(-0.0391963582682087,0.00940252200164856,-3.46944695195361E-18));
#11477=CARTESIAN_POINT('',(-0.0366189022668146,0.00903995991495823,-3.46944190554463E-18));
#11478=CARTESIAN_POINT('',(-0.0366189022668146,0.00903995991495823,-3.153825603607E-18));
#11479=CARTESIAN_POINT('',(-0.0391333750765531,0.00971097242319374,-3.44714340543685E-18));
#11480=CARTESIAN_POINT('',(-0.0391333750765531,0.00971097242319374,-3.46950317541053E-18));
#11481=CARTESIAN_POINT('',(-0.0394344565708442,0.00971062118437804,-3.46944695195361E-18));
#11482=CARTESIAN_POINT('',(-0.0394344565708442,0.00971062118437804,-3.46944695195361E-18));
#11483=CARTESIAN_POINT('',(-0.0397359971642671,0.00971026940998164,-3.46944695195361E-18));
#11484=CARTESIAN_POINT('',(-0.0397359971642671,0.00971026940998164,-3.46944695195361E-18));
#11485=CARTESIAN_POINT('',(-0.0397359971642671,0.00971026940998164,-3.46944695195361E-18));
#11486=CARTESIAN_POINT('',(-0.0397359971642671,0.00971026940998164,-0.0032));
#11487=CARTESIAN_POINT('',(-0.0397764071548216,0.00962515276573857,-3.46944695195361E-18));
#11488=CARTESIAN_POINT('',(-0.0397764071548216,0.00962515276573857,-0.0032));
#11489=CARTESIAN_POINT('',(-0.0398101871375404,0.00949953456917531,-3.46944695195361E-18));
#11490=CARTESIAN_POINT('',(-0.0398101871375404,0.00949953456917531,-0.0032));
#11491=CARTESIAN_POINT('',(-0.0398373371124233,0.00933341482029185,-3.46944695195361E-18));
#11492=CARTESIAN_POINT('',(-0.0398373371124233,0.00933341482029185,-0.0032));
#11493=CARTESIAN_POINT('',(-0.0397359971642671,0.00971026940998164,-3.46944695195361E-18));
#11494=CARTESIAN_POINT('',(-0.0397966121500989,0.00958259444361704,-3.46944695195361E-18));
#11495=CARTESIAN_POINT('',(-0.0398373371124233,0.00933341482029185,-3.46944695195361E-18));
#11496=CARTESIAN_POINT('',(-0.0398373371124233,0.00933341482029185,-3.46944695195361E-18));
#11497=CARTESIAN_POINT('',(-0.0398373371124233,0.00933341482029185,-3.46944695195361E-18));
#11498=CARTESIAN_POINT('',(-0.037069191651577,0.00885305358491041,-3.46944326137272E-18));
#11499=CARTESIAN_POINT('',(-0.037069191651577,0.00885305358491041,-3.13048127546197E-18));
#11500=CARTESIAN_POINT('',(-0.0398778281492046,0.00888371450008095,-3.46944695195361E-18));
#11501=CARTESIAN_POINT('',(-0.0398778281492046,0.00888371450008095,-3.46944695195361E-18));
#11502=CARTESIAN_POINT('',(-0.0398778281492046,0.00888371450008095,-3.46944695195361E-18));
#11503=CARTESIAN_POINT('',(-0.0398778281492046,0.00888371450008095,-0.0032));
#11504=CARTESIAN_POINT('',(-0.0398766549771622,0.00787807282327529,-3.46944695195361E-18));
#11505=CARTESIAN_POINT('',(-0.0398766549771622,0.00787807282327529,-0.0032));
#11506=CARTESIAN_POINT('',(-0.0393459038213447,0.00737587046983136,-3.46944695195361E-18));
#11507=CARTESIAN_POINT('',(-0.0393459038213447,0.00737587046983136,-0.0032));
#11508=CARTESIAN_POINT('',(-0.038285574681752,0.00737710743974917,-3.46944695195361E-18));
#11509=CARTESIAN_POINT('',(-0.038285574681752,0.00737710743974917,-0.0032));
#11510=CARTESIAN_POINT('',(-0.0398778281492046,0.00888371450008095,-3.46944695195361E-18));
#11511=CARTESIAN_POINT('',(-0.0398760683911411,0.00737525198487246,-3.46944695195361E-18));
#11512=CARTESIAN_POINT('',(-0.038285574681752,0.00737710743974917,-3.46944695195361E-18));
#11513=CARTESIAN_POINT('',(-0.038285574681752,0.00737710743974917,-3.46944695195361E-18));
#11514=CARTESIAN_POINT('',(-0.038285574681752,0.00737710743974917,-3.46944695195361E-18));
#11515=CARTESIAN_POINT('',(-0.0367376156656418,0.00737891327405611,0.));
#11516=CARTESIAN_POINT('',(-0.0367376156656418,0.00737891327405611,0.));
#11517=CARTESIAN_POINT('',(-0.0351896566495316,0.00738071910836305,0.));
#11518=CARTESIAN_POINT('',(-0.0351896566495316,0.00738071910836305,0.));
#11519=CARTESIAN_POINT('',(-0.0351892215834645,0.00700778099407939,0.));
#11520=CARTESIAN_POINT('',(-0.0351892215834645,0.00700778099407939,0.));
#11521=CARTESIAN_POINT('',(-0.0351887865173975,0.00663484287979572,0.));
#11522=CARTESIAN_POINT('',(-0.0351887865173975,0.00663484287979572,0.));
#11523=CARTESIAN_POINT('',(-0.0349988994938314,0.00663506440019647,0.));
#11524=CARTESIAN_POINT('',(-0.0349988994938314,0.00663506440019647,0.));
#11525=CARTESIAN_POINT('',(-0.0348090124702654,0.00663528592059722,0.));
#11526=CARTESIAN_POINT('',(-0.0348090124702654,0.00663528592059722,0.));
#11527=CARTESIAN_POINT('',(-0.0346453851479715,0.00700841542850714,0.));
#11528=CARTESIAN_POINT('',(-0.0346453851479715,0.00700841542850714,0.));
#11529=CARTESIAN_POINT('',(-0.0344817578256775,0.00738154493641706,0.));
#11530=CARTESIAN_POINT('',(-0.0344817578256775,0.00738154493641706,0.));
#11531=CARTESIAN_POINT('',(-0.0339267213345599,0.00754777414661844,0.));
#11532=CARTESIAN_POINT('',(-0.0339267213345599,0.00754777414661844,0.));
#11533=CARTESIAN_POINT('',(-0.0333716848434423,0.00771400335681981,0.));
#11534=CARTESIAN_POINT('',(-0.0333716848434423,0.00771400335681981,0.));
#11535=CARTESIAN_POINT('',(-0.0333719506679232,0.00794186778509904,0.));
#11536=CARTESIAN_POINT('',(-0.0333719506679232,0.00794186778509904,0.));
#11537=CARTESIAN_POINT('',(-0.0333722164924041,0.00816973221337826,0.));
#11538=CARTESIAN_POINT('',(-0.0333722164924041,0.00816973221337826,0.));
#11539=CARTESIAN_POINT('',(-0.0339752976792498,0.00816902866458547,0.));
#11540=CARTESIAN_POINT('',(-0.0339752976792498,0.00816902866458547,0.));
#11541=CARTESIAN_POINT('',(-0.0345783788660954,0.00816832511579268,0.));
#11542=CARTESIAN_POINT('',(-0.0345783788660954,0.00816832511579268,0.));
#11543=CARTESIAN_POINT('',(-0.0345792596312089,0.00892331592149119,0.));
#11544=CARTESIAN_POINT('',(-0.0345792596312089,0.00892331592149119,0.));
#11545=CARTESIAN_POINT('',(-0.0345801403963222,0.00967830672718969,0.));
#11546=CARTESIAN_POINT('',(-0.0345801403963222,0.00967830672718969,0.));
#11547=CARTESIAN_POINT('',(-0.0348862382783107,0.00967794963630368,0.));
#11548=CARTESIAN_POINT('',(-0.0348862382783107,0.00967794963630368,0.));
#11549=CARTESIAN_POINT('',(-0.0351923361602991,0.00967759254541766,0.));
#11550=CARTESIAN_POINT('',(-0.0351923361602991,0.00967759254541766,0.));
#11551=CARTESIAN_POINT('',(-0.0351914553951857,0.00892260173971916,0.));
#11552=CARTESIAN_POINT('',(-0.0351914553951857,0.00892260173971916,0.));
#11553=CARTESIAN_POINT('',(-0.0351905746300724,0.00816761093402065,0.));
#11554=CARTESIAN_POINT('',(-0.0351905746300724,0.00816761093402065,0.));
#11555=CARTESIAN_POINT('',(-0.0367218235881087,0.00816582459350898,0.));
#11556=CARTESIAN_POINT('',(-0.0367218235881087,0.00816582459350898,0.));
#11557=CARTESIAN_POINT('',(-0.0382530725461451,0.0081640382529973,-3.46944695195361E-18));
#11558=CARTESIAN_POINT('',(-0.0382530725461451,0.0081640382529973,-3.46944695195361E-18));
#11559=CARTESIAN_POINT('',(-0.0397779507588955,0.0053055950742848,-3.46944695195361E-18));
#11560=CARTESIAN_POINT('',(-0.0397784106352475,0.00569980053520786,-3.46944695195361E-18));
#11561=CARTESIAN_POINT('',(-0.0397784106352475,0.00569980053520786,-3.46944695195361E-18));
#11562=CARTESIAN_POINT('',(-0.0397779507588955,0.0053055950742848,-3.46944695195361E-18));
#11563=CARTESIAN_POINT('',(-0.0397774908825436,0.00491138961336174,-3.46944695195361E-18));
#11564=CARTESIAN_POINT('',(-0.0397774908825436,0.00491138961336174,-3.46944695195361E-18));
#11565=CARTESIAN_POINT('',(-0.0380943323056544,0.00491335317019402,-3.46944695195361E-18));
#11566=CARTESIAN_POINT('',(-0.0380943323056544,0.00491335317019402,-3.46944695195361E-18));
#11567=CARTESIAN_POINT('',(-0.0364111737287652,0.00491531672702629,0.));
#11568=CARTESIAN_POINT('',(-0.0364111737287652,0.00491531672702629,0.));
#11569=CARTESIAN_POINT('',(-0.0364111737287652,0.00491531672702629,-6.27966020374622E-38));
#11570=CARTESIAN_POINT('',(-0.0364111737287652,0.00491531672702629,-0.0032));
#11571=CARTESIAN_POINT('',(-0.035987852257562,0.0049158105698397,-6.27966020374622E-38));
#11572=CARTESIAN_POINT('',(-0.035987852257562,0.0049158105698397,-0.0032));
#11573=CARTESIAN_POINT('',(-0.0356715145352864,0.00481971686717555,-6.27966020374622E-38));
#11574=CARTESIAN_POINT('',(-0.0356715145352864,0.00481971686717555,-0.0032));
#11575=CARTESIAN_POINT('',(-0.0354621605619386,0.00462703561903384,-6.27966020374622E-38));
#11576=CARTESIAN_POINT('',(-0.0354621605619386,0.00462703561903384,-0.0032));
#11577=CARTESIAN_POINT('',(-0.0364111737287652,0.00491531672702629,0.));
#11578=CARTESIAN_POINT('',(-0.0357761915219603,0.00491605749124641,0.));
#11579=CARTESIAN_POINT('',(-0.0354621605619386,0.00462703561903384,0.));
#11580=CARTESIAN_POINT('',(-0.0354621605619386,0.00462703561903384,0.));
#11581=CARTESIAN_POINT('',(-0.0354621605619386,0.00462703561903384,0.));
#11582=CARTESIAN_POINT('',(-0.0354621605619386,0.00462703561903384,-1.55530092188389E-37));
#11583=CARTESIAN_POINT('',(-0.0354621605619386,0.00462703561903384,-0.0032));
#11584=CARTESIAN_POINT('',(-0.0352528065885907,0.00443435437089212,-1.55530092188389E-37));
#11585=CARTESIAN_POINT('',(-0.0352528065885907,0.00443435437089212,-0.0032));
#11586=CARTESIAN_POINT('',(-0.0351478891784418,0.0041319230305776,-1.55530092188389E-37));
#11587=CARTESIAN_POINT('',(-0.0351478891784418,0.0041319230305776,-0.0032));
#11588=CARTESIAN_POINT('',(-0.0351474083314919,0.0037197415980903,-1.55530092188389E-37));
#11589=CARTESIAN_POINT('',(-0.0351474083314919,0.0037197415980903,-0.0032));
#11590=CARTESIAN_POINT('',(-0.0354621605619386,0.00462703561903384,0.));
#11591=CARTESIAN_POINT('',(-0.0351481296019168,0.00433801374682126,0.));
#11592=CARTESIAN_POINT('',(-0.0351474083314919,0.0037197415980903,0.));
#11593=CARTESIAN_POINT('',(-0.0351474083314919,0.0037197415980903,0.));
#11594=CARTESIAN_POINT('',(-0.0351474083314919,0.0037197415980903,0.));
#11595=CARTESIAN_POINT('',(-0.0351474083314919,0.0037197415980903,4.19391271034988E-37));
#11596=CARTESIAN_POINT('',(-0.0351474083314919,0.0037197415980903,-0.0032));
#11597=CARTESIAN_POINT('',(-0.0351467738970641,0.0031759051625972,4.19391271034988E-37));
#11598=CARTESIAN_POINT('',(-0.0351467738970641,0.0031759051625972,-0.0032));
#11599=CARTESIAN_POINT('',(-0.0352934081471722,0.00277722399133619,4.19391271034988E-37));
#11600=CARTESIAN_POINT('',(-0.0352934081471722,0.00277722399133619,-0.0032));
#11601=CARTESIAN_POINT('',(-0.0355873110818162,0.00252369808430727,4.19391271034988E-37));
#11602=CARTESIAN_POINT('',(-0.0355873110818162,0.00252369808430727,-0.0032));
#11603=CARTESIAN_POINT('',(-0.0351474083314919,0.0037197415980903,0.));
#11604=CARTESIAN_POINT('',(-0.0351464566798503,0.00290398694485066,0.));
#11605=CARTESIAN_POINT('',(-0.0355873110818162,0.00252369808430727,0.));
#11606=CARTESIAN_POINT('',(-0.0355873110818162,0.00252369808430727,0.));
#11607=CARTESIAN_POINT('',(-0.0355873110818162,0.00252369808430727,0.));
#11608=CARTESIAN_POINT('',(-0.0355873110818162,0.00252369808430727,0.));
#11609=CARTESIAN_POINT('',(-0.0355873110818162,0.00252369808430727,-0.0032));
#11610=CARTESIAN_POINT('',(-0.0358812140164601,0.00227017217727833,0.));
#11611=CARTESIAN_POINT('',(-0.0358812140164601,0.00227017217727833,-0.0032));
#11612=CARTESIAN_POINT('',(-0.0363669239338239,0.00214301403136893,0.));
#11613=CARTESIAN_POINT('',(-0.0363669239338239,0.00214301403136893,-0.0032));
#11614=CARTESIAN_POINT('',(-0.0370444408339075,0.00214222364657904,0.));
#11615=CARTESIAN_POINT('',(-0.0370444408339075,0.00214222364657904,-0.0032));
#11616=CARTESIAN_POINT('',(-0.0355873110818162,0.00252369808430727,0.));
#11617=CARTESIAN_POINT('',(-0.0360281654837821,0.00214340922376387,0.));
#11618=CARTESIAN_POINT('',(-0.0370444408339075,0.00214222364657904,0.));
#11619=CARTESIAN_POINT('',(-0.0370444408339075,0.00214222364657904,0.));
#11620=CARTESIAN_POINT('',(-0.0370444408339075,0.00214222364657904,0.));
#11621=CARTESIAN_POINT('',(-0.0384093487593,0.00214063135793843,-3.46944695195361E-18));
#11622=CARTESIAN_POINT('',(-0.0384093487593,0.00214063135793843,-3.46944695195361E-18));
#11623=CARTESIAN_POINT('',(-0.0397742566846926,0.00213903906929781,-3.46944695195361E-18));
#11624=CARTESIAN_POINT('',(-0.0397742566846926,0.00213903906929781,-3.46944695195361E-18));
#11625=CARTESIAN_POINT('',(-0.0397737968083406,0.00174483360837475,-3.46944695195361E-18));
#11626=CARTESIAN_POINT('',(-0.0397737968083406,0.00174483360837475,-3.46944695195361E-18));
#11627=CARTESIAN_POINT('',(-0.0397733369319886,0.00135062814745168,-3.46944695195361E-18));
#11628=CARTESIAN_POINT('',(-0.0397733369319886,0.00135062814745168,-3.46944695195361E-18));
#11629=CARTESIAN_POINT('',(-0.0371718847091341,0.001353662976942,0.));
#11630=CARTESIAN_POINT('',(-0.0371718847091341,0.001353662976942,0.));
#11631=CARTESIAN_POINT('',(-0.0345704324862796,0.00135669780643232,0.));
#11632=CARTESIAN_POINT('',(-0.0345704324862796,0.00135669780643232,0.));
#11633=CARTESIAN_POINT('',(-0.0345708064127161,0.00167722710221177,0.));
#11634=CARTESIAN_POINT('',(-0.0345708064127161,0.00167722710221177,0.));
#11635=CARTESIAN_POINT('',(-0.0345711803391526,0.00199775639799121,0.));
#11636=CARTESIAN_POINT('',(-0.0345711803391526,0.00199775639799121,0.));
#11637=CARTESIAN_POINT('',(-0.0349274828262171,0.00206114286563759,0.));
#11638=CARTESIAN_POINT('',(-0.0349274828262171,0.00206114286563759,0.));
#11639=CARTESIAN_POINT('',(-0.0352837853132816,0.00212452933328396,0.));
#11640=CARTESIAN_POINT('',(-0.0352837853132816,0.00212452933328396,0.));
#11641=CARTESIAN_POINT('',(-0.0352838074653217,0.00214351803564055,0.));
#11642=CARTESIAN_POINT('',(-0.0352838074653217,0.00214351803564055,0.));
#11643=CARTESIAN_POINT('',(-0.0352838288438009,0.00216184364250119,-4.26236717705149E-19));
#11644=CARTESIAN_POINT('',(-0.0352838288438009,0.00216184364250119,4.7366949812118E-26));
#11645=CARTESIAN_POINT('',(-0.0361580529124242,0.00352465037059714,-9.24123639765153E-24));
#11646=CARTESIAN_POINT('',(-0.0361580529124242,0.00352465037059714,-1.06964155743119E-19));
#11647=CARTESIAN_POINT('',(-0.0346883774063991,0.00284299785642189,0.));
#11648=CARTESIAN_POINT('',(-0.0346883774063991,0.00284299785642189,0.));
#11649=CARTESIAN_POINT('',(-0.0346883774063991,0.00284299785642189,0.));
#11650=CARTESIAN_POINT('',(-0.0346883774063991,0.00284299785642189,-0.0032));
#11651=CARTESIAN_POINT('',(-0.0345474411254805,0.00313432277040128,0.));
#11652=CARTESIAN_POINT('',(-0.0345474411254805,0.00313432277040128,-0.0032));
#11653=CARTESIAN_POINT('',(-0.0344771815095585,0.00345873221224113,0.));
#11654=CARTESIAN_POINT('',(-0.0344771815095585,0.00345873221224113,-0.0032));
#11655=CARTESIAN_POINT('',(-0.034477598558633,0.00381622618194142,0.));
#11656=CARTESIAN_POINT('',(-0.034477598558633,0.00381622618194142,-0.0032));
#11657=CARTESIAN_POINT('',(-0.0346883774063991,0.00284299785642189,0.));
#11658=CARTESIAN_POINT('',(-0.0344769729850212,0.00327998522739098,0.));
#11659=CARTESIAN_POINT('',(-0.034477598558633,0.00381622618194142,0.));
#11660=CARTESIAN_POINT('',(-0.034477598558633,0.00381622618194142,0.));
#11661=CARTESIAN_POINT('',(-0.034477598558633,0.00381622618194142,0.));
#11662=CARTESIAN_POINT('',(-0.034477598558633,0.00381622618194142,3.77765900861067E-37));
#11663=CARTESIAN_POINT('',(-0.034477598558633,0.00381622618194142,-0.0032));
#11664=CARTESIAN_POINT('',(-0.034478329871316,0.00444310654240739,3.77765900861067E-37));
#11665=CARTESIAN_POINT('',(-0.034478329871316,0.00444310654240739,-0.0032));
#11666=CARTESIAN_POINT('',(-0.03463003019875,0.00491460957870639,3.77765900861067E-37));
#11667=CARTESIAN_POINT('',(-0.03463003019875,0.00491460957870639,-0.0032));
#11668=CARTESIAN_POINT('',(-0.034932699540935,0.00523073529083843,3.77765900861067E-37));
#11669=CARTESIAN_POINT('',(-0.034932699540935,0.00523073529083843,-0.0032));
#11670=CARTESIAN_POINT('',(-0.034477598558633,0.00381622618194142,0.));
#11671=CARTESIAN_POINT('',(-0.0344786955276575,0.00475654672264037,0.));
#11672=CARTESIAN_POINT('',(-0.034932699540935,0.00523073529083843,0.));
#11673=CARTESIAN_POINT('',(-0.034932699540935,0.00523073529083843,0.));
#11674=CARTESIAN_POINT('',(-0.034932699540935,0.00523073529083843,0.));
#11675=CARTESIAN_POINT('',(-0.034932699540935,0.00523073529083843,8.2402799307139E-43));
#11676=CARTESIAN_POINT('',(-0.034932699540935,0.00523073529083843,-0.0032));
#11677=CARTESIAN_POINT('',(-0.03523536888312,0.00554686100297046,8.2402799307139E-43));
#11678=CARTESIAN_POINT('',(-0.03523536888312,0.00554686100297046,-0.0032));
#11679=CARTESIAN_POINT('',(-0.0357193856195002,0.00570453575529436,8.2402799307139E-43));
#11680=CARTESIAN_POINT('',(-0.0357193856195002,0.00570453575529436,-0.0032));
#11681=CARTESIAN_POINT('',(-0.0363847497500756,0.00570375954781013,8.2402799307139E-43));
#11682=CARTESIAN_POINT('',(-0.0363847497500756,0.00570375954781013,-0.0032));
#11683=CARTESIAN_POINT('',(-0.034932699540935,0.00523073529083843,0.));
#11684=CARTESIAN_POINT('',(-0.0353867035542125,0.00570492385903648,0.));
#11685=CARTESIAN_POINT('',(-0.0363847497500756,0.00570375954781013,0.));
#11686=CARTESIAN_POINT('',(-0.0363847497500756,0.00570375954781013,0.));
#11687=CARTESIAN_POINT('',(-0.0363847497500756,0.00570375954781013,0.));
#11688=CARTESIAN_POINT('',(-0.039415638855841,-0.00641990169350844,-3.46944695195361E-18));
#11689=CARTESIAN_POINT('',(-0.0397643325707389,-0.00636789958646,-3.46944695195361E-18));
#11690=CARTESIAN_POINT('',(-0.0397643325707389,-0.00636789958646,-3.46944695195361E-18));
#11691=CARTESIAN_POINT('',(-0.039415638855841,-0.00641990169350844,-3.46944695195361E-18));
#11692=CARTESIAN_POINT('',(-0.0390669451409432,-0.00647190380055688,-3.46944695195361E-18));
#11693=CARTESIAN_POINT('',(-0.0390669451409432,-0.00647190380055688,-3.46944695195361E-18));
#11694=CARTESIAN_POINT('',(-0.0390669203306583,-0.00649317114719627,-3.46944695195361E-18));
#11695=CARTESIAN_POINT('',(-0.0390669203306583,-0.00649317114719627,-3.46944695195361E-18));
#11696=CARTESIAN_POINT('',(-0.0390668955203734,-0.00651443849383566,-3.46944695195361E-18));
#11697=CARTESIAN_POINT('',(-0.0390668955203734,-0.00651443849383566,-3.46944695195361E-18));
#11698=CARTESIAN_POINT('',(-0.0390668955203734,-0.00651443849383566,-3.46944695195361E-18));
#11699=CARTESIAN_POINT('',(-0.0390668955203734,-0.00651443849383566,-0.0032));
#11700=CARTESIAN_POINT('',(-0.0395951168562539,-0.00687862556108577,-3.46944695195361E-18));
#11701=CARTESIAN_POINT('',(-0.0395951168562539,-0.00687862556108577,-0.0032));
#11702=CARTESIAN_POINT('',(-0.039858804567909,-0.00742327671837289,-3.46944695195361E-18));
#11703=CARTESIAN_POINT('',(-0.039858804567909,-0.00742327671837289,-0.0032));
#11704=CARTESIAN_POINT('',(-0.0398579586553387,-0.00814839196569701,-3.46944695195361E-18));
#11705=CARTESIAN_POINT('',(-0.0398579586553387,-0.00814839196569701,-0.0032));
#11706=CARTESIAN_POINT('',(-0.0390668955203734,-0.00651443849383566,-3.46944695195361E-18));
#11707=CARTESIAN_POINT('',(-0.0398592275241941,-0.00706071909471083,-3.46944695195361E-18));
#11708=CARTESIAN_POINT('',(-0.0398579586553387,-0.00814839196569701,-3.46944695195361E-18));
#11709=CARTESIAN_POINT('',(-0.0398579586553387,-0.00814839196569701,-3.46944695195361E-18));
#11710=CARTESIAN_POINT('',(-0.0398579586553387,-0.00814839196569701,-3.46944695195361E-18));
#11711=CARTESIAN_POINT('',(-0.0398579586553387,-0.00814839196569701,-3.46944695195361E-18));
#11712=CARTESIAN_POINT('',(-0.0398579586553387,-0.00814839196569701,-0.0032));
#11713=CARTESIAN_POINT('',(-0.0398571647262224,-0.00882894705815763,-3.46944695195361E-18));
#11714=CARTESIAN_POINT('',(-0.0398571647262224,-0.00882894705815763,-0.0032));
#11715=CARTESIAN_POINT('',(-0.0396238722278021,-0.00935808064352864,-3.46944695195361E-18));
#11716=CARTESIAN_POINT('',(-0.0396238722278021,-0.00935808064352864,-0.0032));
#11717=CARTESIAN_POINT('',(-0.039158081160078,-0.00973579272181005,-3.46944695195361E-18));
#11718=CARTESIAN_POINT('',(-0.039158081160078,-0.00973579272181005,-0.0032));
#11719=CARTESIAN_POINT('',(-0.0398579586553387,-0.00814839196569701,-3.46944695195361E-18));
#11720=CARTESIAN_POINT('',(-0.0398567677616642,-0.00916922460438794,-3.46944695195361E-18));
#11721=CARTESIAN_POINT('',(-0.039158081160078,-0.00973579272181005,-3.46944695195361E-18));
#11722=CARTESIAN_POINT('',(-0.039158081160078,-0.00973579272181005,-3.46944695195361E-18));
#11723=CARTESIAN_POINT('',(-0.039158081160078,-0.00973579272181005,-3.46944695195361E-18));
#11724=CARTESIAN_POINT('',(-0.039158081160078,-0.00973579272181005,-3.46944695195361E-18));
#11725=CARTESIAN_POINT('',(-0.039158081160078,-0.00973579272181005,-0.0032));
#11726=CARTESIAN_POINT('',(-0.0386922900923539,-0.0101135048000914,-3.46944695195361E-18));
#11727=CARTESIAN_POINT('',(-0.0386922900923539,-0.0101135048000914,-0.0032));
#11728=CARTESIAN_POINT('',(-0.0380305030679308,-0.010301860498487,-2.31296463463574E-18));
#11729=CARTESIAN_POINT('',(-0.0380305030679308,-0.010301860498487,-0.0032));
#11730=CARTESIAN_POINT('',(-0.0371727200868086,-0.0103008598169966,-4.40077270977707E-35));
#11731=CARTESIAN_POINT('',(-0.0371727200868086,-0.0103008598169966,-0.0032));
#11732=CARTESIAN_POINT('',(-0.039158081160078,-0.00973579272181005,-3.46944695195361E-18));
#11733=CARTESIAN_POINT('',(-0.0384593945584919,-0.0103023608392321,-3.46944695195361E-18));
#11734=CARTESIAN_POINT('',(-0.0371727200868086,-0.0103008598169966,0.));
#11735=CARTESIAN_POINT('',(-0.0371727200868086,-0.0103008598169966,0.));
#11736=CARTESIAN_POINT('',(-0.0371727200868086,-0.0103008598169966,0.));
#11737=CARTESIAN_POINT('',(-0.0371727200868086,-0.0103008598169966,0.));
#11738=CARTESIAN_POINT('',(-0.0371727200868086,-0.0103008598169966,-0.0032));
#11739=CARTESIAN_POINT('',(-0.0363149371056863,-0.0102998591355063,0.));
#11740=CARTESIAN_POINT('',(-0.0363149371056863,-0.0102998591355063,-0.0032));
#11741=CARTESIAN_POINT('',(-0.0356487817647193,-0.0101091947230139,0.));
#11742=CARTESIAN_POINT('',(-0.0356487817647193,-0.0101091947230139,-0.0032));
#11743=CARTESIAN_POINT('',(-0.0351742540639077,-0.00972886657951945,0.));
#11744=CARTESIAN_POINT('',(-0.0351742540639077,-0.00972886657951945,-0.0032));
#11745=CARTESIAN_POINT('',(-0.0371727200868086,-0.0103008598169966,0.));
#11746=CARTESIAN_POINT('',(-0.0358860456151252,-0.0102993587947611,0.));
#11747=CARTESIAN_POINT('',(-0.0351742540639077,-0.00972886657951945,0.));
#11748=CARTESIAN_POINT('',(-0.0351742540639077,-0.00972886657951945,0.));
#11749=CARTESIAN_POINT('',(-0.0351742540639077,-0.00972886657951945,0.));
#11750=CARTESIAN_POINT('',(-0.0351742540639077,-0.00972886657951945,-1.8641719729203E-39));
#11751=CARTESIAN_POINT('',(-0.0351742540639077,-0.00972886657951945,-0.0032));
#11752=CARTESIAN_POINT('',(-0.0346997263630961,-0.00934853843602499,-1.8641719729203E-39));
#11753=CARTESIAN_POINT('',(-0.0346997263630961,-0.00934853843602499,-0.0032));
#11754=CARTESIAN_POINT('',(-0.0344628577050852,-0.00881961591423598,-1.8641719729203E-39));
#11755=CARTESIAN_POINT('',(-0.0344628577050852,-0.00881961591423598,-0.0032));
#11756=CARTESIAN_POINT('',(-0.0344636480898751,-0.00814209901415241,-1.8641719729203E-39));
#11757=CARTESIAN_POINT('',(-0.0344636480898751,-0.00814209901415241,-0.0032));
#11758=CARTESIAN_POINT('',(-0.0351742540639077,-0.00972886657951945,0.));
#11759=CARTESIAN_POINT('',(-0.0344624625126903,-0.00915837436427776,0.));
#11760=CARTESIAN_POINT('',(-0.0344636480898751,-0.00814209901415241,0.));
#11761=CARTESIAN_POINT('',(-0.0344636480898751,-0.00814209901415241,0.));
#11762=CARTESIAN_POINT('',(-0.0344636480898751,-0.00814209901415241,0.));
#11763=CARTESIAN_POINT('',(-0.0344636480898751,-0.00814209901415241,-1.60537128828154E-37));
#11764=CARTESIAN_POINT('',(-0.0344636480898751,-0.00814209901415241,-0.0032));
#11765=CARTESIAN_POINT('',(-0.0344644715550448,-0.00743622565188298,-1.60537128828154E-37));
#11766=CARTESIAN_POINT('',(-0.0344644715550448,-0.00743622565188298,-0.0032));
#11767=CARTESIAN_POINT('',(-0.0347218302917285,-0.00689522053895259,-1.60537128828154E-37));
#11768=CARTESIAN_POINT('',(-0.0347218302917285,-0.00689522053895259,-0.0032));
#11769=CARTESIAN_POINT('',(-0.0352357242999261,-0.00651908367536124,-1.60537128828154E-37));
#11770=CARTESIAN_POINT('',(-0.0352357242999261,-0.00651908367536124,-0.0032));
#11771=CARTESIAN_POINT('',(-0.0344636480898751,-0.00814209901415241,0.));
#11772=CARTESIAN_POINT('',(-0.0344648832876297,-0.00708328897074827,0.));
#11773=CARTESIAN_POINT('',(-0.0352357242999261,-0.00651908367536124,0.));
#11774=CARTESIAN_POINT('',(-0.0352357242999261,-0.00651908367536124,0.));
#11775=CARTESIAN_POINT('',(-0.0352357242999261,-0.00651908367536124,0.));
#11776=CARTESIAN_POINT('',(-0.0352357606292718,-0.00648794220349641,0.));
#11777=CARTESIAN_POINT('',(-0.0352357606292718,-0.00648794220349641,0.));
#11778=CARTESIAN_POINT('',(-0.0352357969586175,-0.00645680073163158,0.));
#11779=CARTESIAN_POINT('',(-0.0352357969586175,-0.00645680073163158,0.));
#11780=CARTESIAN_POINT('',(-0.0350481690855391,-0.00647329192754945,0.));
#11781=CARTESIAN_POINT('',(-0.0350481690855391,-0.00647329192754945,0.));
#11782=CARTESIAN_POINT('',(-0.0348605412124606,-0.00648978312346731,0.));
#11783=CARTESIAN_POINT('',(-0.0348605412124606,-0.00648978312346731,0.));
#11784=CARTESIAN_POINT('',(-0.0346774786026821,-0.00649944370302642,0.));
#11785=CARTESIAN_POINT('',(-0.0346774786026821,-0.00649944370302642,0.));
#11786=CARTESIAN_POINT('',(-0.0344944159929036,-0.00650910428258553,0.));
#11787=CARTESIAN_POINT('',(-0.0344944159929036,-0.00650910428258553,0.));
#11788=CARTESIAN_POINT('',(-0.0334356059494995,-0.00650786908483093,0.));
#11789=CARTESIAN_POINT('',(-0.0334356059494995,-0.00650786908483093,0.));
#11790=CARTESIAN_POINT('',(-0.0323767959060953,-0.00650663388707633,0.));
#11791=CARTESIAN_POINT('',(-0.0323767959060953,-0.00650663388707633,0.));
#11792=CARTESIAN_POINT('',(-0.0323772557824473,-0.00611242842615327,0.));
#11793=CARTESIAN_POINT('',(-0.0323772557824473,-0.00611242842615327,0.));
#11794=CARTESIAN_POINT('',(-0.0323777156587993,-0.0057182229652302,0.));
#11795=CARTESIAN_POINT('',(-0.0323777156587993,-0.0057182229652302,0.));
#11796=CARTESIAN_POINT('',(-0.0360713980412055,-0.00572253198006565,0.));
#11797=CARTESIAN_POINT('',(-0.0360713980412055,-0.00572253198006565,0.));
#11798=CARTESIAN_POINT('',(-0.0397650804236118,-0.00572684099490111,-3.46944695195361E-18));
#11799=CARTESIAN_POINT('',(-0.0397650804236118,-0.00572684099490111,-3.46944695195361E-18));
#11800=CARTESIAN_POINT('',(-0.0211642722001805,-0.0409365944073473,0.));
#11801=CARTESIAN_POINT('',(-0.0211602236933363,-0.0444069696500399,0.));
#11802=CARTESIAN_POINT('',(-0.0211602236933363,-0.0444069696500399,0.));
#11803=CARTESIAN_POINT('',(-0.0211642722001805,-0.0409365944073473,0.));
#11804=CARTESIAN_POINT('',(-0.0211683207070247,-0.0374662191646547,0.));
#11805=CARTESIAN_POINT('',(-0.0211683207070247,-0.0374662191646547,0.));
#11806=CARTESIAN_POINT('',(-0.0221488972967196,-0.0374673630960041,0.));
#11807=CARTESIAN_POINT('',(-0.0221488972967196,-0.0374673630960041,0.));
#11808=CARTESIAN_POINT('',(-0.0231294738864146,-0.0374685070273536,0.));
#11809=CARTESIAN_POINT('',(-0.0231294738864146,-0.0374685070273536,0.));
#11810=CARTESIAN_POINT('',(-0.0231294738864146,-0.0374685070273536,-4.46368086193203E-37));
#11811=CARTESIAN_POINT('',(-0.0231294738864146,-0.0374685070273536,-0.0032));
#11812=CARTESIAN_POINT('',(-0.0240500461766626,-0.0374695809582565,-4.46368086193203E-37));
#11813=CARTESIAN_POINT('',(-0.0240500461766626,-0.0374695809582565,-0.0032));
#11814=CARTESIAN_POINT('',(-0.0247160091792015,-0.0376080894395822,-4.46368086193203E-37));
#11815=CARTESIAN_POINT('',(-0.0247160091792015,-0.0376080894395822,-0.0032));
#11816=CARTESIAN_POINT('',(-0.0251273628940313,-0.0378840324713309,-4.46368086193203E-37));
#11817=CARTESIAN_POINT('',(-0.0251273628940313,-0.0378840324713309,-0.0032));
#11818=CARTESIAN_POINT('',(-0.0231294738864146,-0.0374685070273536,0.));
#11819=CARTESIAN_POINT('',(-0.0245103323217866,-0.0374701179237079,0.));
#11820=CARTESIAN_POINT('',(-0.0251273628940313,-0.0378840324713309,0.));
#11821=CARTESIAN_POINT('',(-0.0251273628940313,-0.0378840324713309,0.));
#11822=CARTESIAN_POINT('',(-0.0251273628940313,-0.0378840324713309,0.));
#11823=CARTESIAN_POINT('',(-0.0251273628940313,-0.0378840324713309,0.));
#11824=CARTESIAN_POINT('',(-0.0251273628940313,-0.0378840324713309,-0.0032));
#11825=CARTESIAN_POINT('',(-0.0255387166088611,-0.0381599755030795,0.));
#11826=CARTESIAN_POINT('',(-0.0255387166088611,-0.0381599755030795,-0.0032));
#11827=CARTESIAN_POINT('',(-0.0257440467130086,-0.0385951835065091,0.));
#11828=CARTESIAN_POINT('',(-0.0257440467130086,-0.0385951835065091,-0.0032));
#11829=CARTESIAN_POINT('',(-0.025743353206474,-0.0391896564816198,0.));
#11830=CARTESIAN_POINT('',(-0.025743353206474,-0.0391896564816198,-0.0032));
#11831=CARTESIAN_POINT('',(-0.0251273628940313,-0.0378840324713309,0.));
#11832=CARTESIAN_POINT('',(-0.0257443934662759,-0.0382979470189537,0.));
#11833=CARTESIAN_POINT('',(-0.025743353206474,-0.0391896564816198,0.));
#11834=CARTESIAN_POINT('',(-0.025743353206474,-0.0391896564816198,0.));
#11835=CARTESIAN_POINT('',(-0.025743353206474,-0.0391896564816198,0.));
#11836=CARTESIAN_POINT('',(-0.025743353206474,-0.0391896564816198,8.37111419820589E-37));
#11837=CARTESIAN_POINT('',(-0.025743353206474,-0.0391896564816198,-0.0032));
#11838=CARTESIAN_POINT('',(-0.0257428723595241,-0.0396018379141071,8.37111419820589E-37));
#11839=CARTESIAN_POINT('',(-0.0257428723595241,-0.0396018379141071,-0.0032));
#11840=CARTESIAN_POINT('',(-0.0256277842234532,-0.0399414752966192,8.37111419820589E-37));
#11841=CARTESIAN_POINT('',(-0.0256277842234532,-0.0399414752966192,-0.0032));
#11842=CARTESIAN_POINT('',(-0.0253980887982612,-0.0402085686291561,8.37111419820589E-37));
#11843=CARTESIAN_POINT('',(-0.0253980887982612,-0.0402085686291561,-0.0032));
#11844=CARTESIAN_POINT('',(-0.025743353206474,-0.0391896564816198,0.));
#11845=CARTESIAN_POINT('',(-0.0257426319360492,-0.0398079286303508,0.));
#11846=CARTESIAN_POINT('',(-0.0253980887982612,-0.0402085686291561,0.));
#11847=CARTESIAN_POINT('',(-0.0253980887982612,-0.0402085686291561,0.));
#11848=CARTESIAN_POINT('',(-0.0253980887982612,-0.0402085686291561,0.));
#11849=CARTESIAN_POINT('',(-0.0253980887982612,-0.0402085686291561,2.01501191718081E-39));
#11850=CARTESIAN_POINT('',(-0.0253980887982612,-0.0402085686291561,-0.0032));
#11851=CARTESIAN_POINT('',(-0.0251683933730692,-0.0404756619616929,2.01501191718081E-39));
#11852=CARTESIAN_POINT('',(-0.0251683933730692,-0.0404756619616929,-0.0032));
#11853=CARTESIAN_POINT('',(-0.0248332306368932,-0.0406484481651982,2.01501191718081E-39));
#11854=CARTESIAN_POINT('',(-0.0248332306368932,-0.0406484481651982,-0.0032));
#11855=CARTESIAN_POINT('',(-0.0243926005897333,-0.0407269272396719,2.01501191718081E-39));
#11856=CARTESIAN_POINT('',(-0.0243926005897333,-0.0407269272396719,-0.0032));
#11857=CARTESIAN_POINT('',(-0.0253980887982612,-0.0402085686291561,0.));
#11858=CARTESIAN_POINT('',(-0.0250535456604732,-0.0406092086279613,0.));
#11859=CARTESIAN_POINT('',(-0.0243926005897333,-0.0407269272396719,0.));
#11860=CARTESIAN_POINT('',(-0.0243926005897333,-0.0407269272396719,0.));
#11861=CARTESIAN_POINT('',(-0.0243926005897333,-0.0407269272396719,0.));
#11862=CARTESIAN_POINT('',(-0.0243925731212036,-0.040750473230594,0.));
#11863=CARTESIAN_POINT('',(-0.0243925731212036,-0.040750473230594,0.));
#11864=CARTESIAN_POINT('',(-0.0243925456526739,-0.0407740192215162,0.));
#11865=CARTESIAN_POINT('',(-0.0243925456526739,-0.0407740192215162,0.));
#11866=CARTESIAN_POINT('',(-0.0243925456526739,-0.0407740192215162,-1.43667854347759E-37));
#11867=CARTESIAN_POINT('',(-0.0243925456526739,-0.0407740192215162,-0.0032));
#11868=CARTESIAN_POINT('',(-0.025446588110812,-0.0409555151838199,-1.43667854347759E-37));
#11869=CARTESIAN_POINT('',(-0.025446588110812,-0.0409555151838199,-0.0032));
#11870=CARTESIAN_POINT('',(-0.0259730682393822,-0.041510093867869,-1.43667854347759E-37));
#11871=CARTESIAN_POINT('',(-0.0259730682393822,-0.041510093867869,-0.0032));
#11872=CARTESIAN_POINT('',(-0.0259719860383844,-0.0424377552736636,-1.43667854347759E-37));
#11873=CARTESIAN_POINT('',(-0.0259719860383844,-0.0424377552736636,-0.0032));
#11874=CARTESIAN_POINT('',(-0.0243925456526739,-0.0407740192215162,0.));
#11875=CARTESIAN_POINT('',(-0.0259736093398811,-0.0410462631649718,0.));
#11876=CARTESIAN_POINT('',(-0.0259719860383844,-0.0424377552736636,0.));
#11877=CARTESIAN_POINT('',(-0.0259719860383844,-0.0424377552736636,0.));
#11878=CARTESIAN_POINT('',(-0.0259719860383844,-0.0424377552736636,0.));
#11879=CARTESIAN_POINT('',(-0.0259719860383844,-0.0424377552736636,3.29437840244054E-39));
#11880=CARTESIAN_POINT('',(-0.0259719860383844,-0.0424377552736636,-0.0032));
#11881=CARTESIAN_POINT('',(-0.0259712629957963,-0.043057546518583,3.29437840244054E-39));
#11882=CARTESIAN_POINT('',(-0.0259712629957963,-0.043057546518583,-0.0032));
#11883=CARTESIAN_POINT('',(-0.0257610629924378,-0.0435413872788049,3.29437840244054E-39));
#11884=CARTESIAN_POINT('',(-0.0257610629924378,-0.0435413872788049,-0.0032));
#11885=CARTESIAN_POINT('',(-0.0253413860283088,-0.0438892775543292,3.29437840244054E-39));
#11886=CARTESIAN_POINT('',(-0.0253413860283088,-0.0438892775543292,-0.0032));
#11887=CARTESIAN_POINT('',(-0.0259719860383844,-0.0424377552736636,0.));
#11888=CARTESIAN_POINT('',(-0.0259709014745023,-0.0433674421410428,0.));
#11889=CARTESIAN_POINT('',(-0.0253413860283088,-0.0438892775543292,0.));
#11890=CARTESIAN_POINT('',(-0.0253413860283088,-0.0438892775543292,0.));
#11891=CARTESIAN_POINT('',(-0.0253413860283088,-0.0438892775543292,0.));
#11892=CARTESIAN_POINT('',(-0.0253413860283088,-0.0438892775543292,0.));
#11893=CARTESIAN_POINT('',(-0.0253413860283088,-0.0438892775543292,-0.0032));
#11894=CARTESIAN_POINT('',(-0.0249217090641797,-0.0442371678298535,0.));
#11895=CARTESIAN_POINT('',(-0.0249217090641797,-0.0442371678298535,-0.0032));
#11896=CARTESIAN_POINT('',(-0.0243351347273602,-0.0444106734711405,0.));
#11897=CARTESIAN_POINT('',(-0.0243351347273602,-0.0444106734711405,-0.0032));
#11898=CARTESIAN_POINT('',(-0.0235816630178502,-0.0444097944781903,0.));
#11899=CARTESIAN_POINT('',(-0.0235816630178502,-0.0444097944781903,-0.0032));
#11900=CARTESIAN_POINT('',(-0.0253413860283088,-0.0438892775543292,0.));
#11901=CARTESIAN_POINT('',(-0.0247118705821152,-0.0444111129676156,0.));
#11902=CARTESIAN_POINT('',(-0.0235816630178502,-0.0444097944781903,0.));
#11903=CARTESIAN_POINT('',(-0.0235816630178502,-0.0444097944781903,0.));
#11904=CARTESIAN_POINT('',(-0.0235816630178502,-0.0444097944781903,0.));
#11905=CARTESIAN_POINT('',(-0.0189284133770399,-0.0374636061100074,0.));
#11906=CARTESIAN_POINT('',(-0.0185250933389856,-0.0374631356006761,0.));
#11907=CARTESIAN_POINT('',(-0.0185250933389856,-0.0374631356006761,0.));
#11908=CARTESIAN_POINT('',(-0.0189284133770399,-0.0374636061100074,0.));
#11909=CARTESIAN_POINT('',(-0.0193317334150941,-0.0374640766193386,0.));
#11910=CARTESIAN_POINT('',(-0.0193317334150941,-0.0374640766193386,0.));
#11911=CARTESIAN_POINT('',(-0.0193291141578756,-0.0397093007859832,0.));
#11912=CARTESIAN_POINT('',(-0.0193291141578756,-0.0397093007859832,0.));
#11913=CARTESIAN_POINT('',(-0.0193264949006571,-0.0419545249526279,0.));
#11914=CARTESIAN_POINT('',(-0.0193264949006571,-0.0419545249526279,0.));
#11915=CARTESIAN_POINT('',(-0.0193264949006571,-0.0419545249526279,6.64024014250172E-37));
#11916=CARTESIAN_POINT('',(-0.0193264949006571,-0.0419545249526279,-0.0032));
#11917=CARTESIAN_POINT('',(-0.0193255710129057,-0.0427464804322472,6.64024014250172E-37));
#11918=CARTESIAN_POINT('',(-0.0193255710129057,-0.0427464804322472,-0.0032));
#11919=CARTESIAN_POINT('',(-0.0190858405497172,-0.0433685246838032,6.64024014250172E-37));
#11920=CARTESIAN_POINT('',(-0.0190858405497172,-0.0433685246838032,-0.0032));
#11921=CARTESIAN_POINT('',(-0.0186073035110915,-0.0438206577072957,6.64024014250172E-37));
#11922=CARTESIAN_POINT('',(-0.0186073035110915,-0.0438206577072957,-0.0032));
#11923=CARTESIAN_POINT('',(-0.0193264949006571,-0.0419545249526279,0.));
#11924=CARTESIAN_POINT('',(-0.01932510906903,-0.0431424581720569,0.));
#11925=CARTESIAN_POINT('',(-0.0186073035110915,-0.0438206577072957,0.));
#11926=CARTESIAN_POINT('',(-0.0186073035110915,-0.0438206577072957,0.));
#11927=CARTESIAN_POINT('',(-0.0186073035110915,-0.0438206577072957,0.));
#11928=CARTESIAN_POINT('',(-0.0186073035110915,-0.0438206577072957,-3.43849494349629E-43));
#11929=CARTESIAN_POINT('',(-0.0186073035110915,-0.0438206577072957,-0.0032));
#11930=CARTESIAN_POINT('',(-0.0181287664724659,-0.0442727907307883,-3.43849494349629E-43));
#11931=CARTESIAN_POINT('',(-0.0181287664724659,-0.0442727907307883,-0.0032));
#11932=CARTESIAN_POINT('',(-0.0174717465013079,-0.044498369897653,-3.43849494349629E-43));
#11933=CARTESIAN_POINT('',(-0.0174717465013079,-0.044498369897653,-0.0032));
#11934=CARTESIAN_POINT('',(-0.0166362435976174,-0.0444973952078896,-3.43849494349629E-43));
#11935=CARTESIAN_POINT('',(-0.0166362435976174,-0.0444973952078896,-0.0032));
#11936=CARTESIAN_POINT('',(-0.0186073035110915,-0.0438206577072957,0.));
#11937=CARTESIAN_POINT('',(-0.0178894979531532,-0.0444988572425346,0.));
#11938=CARTESIAN_POINT('',(-0.0166362435976174,-0.0444973952078896,0.));
#11939=CARTESIAN_POINT('',(-0.0166362435976174,-0.0444973952078896,0.));
#11940=CARTESIAN_POINT('',(-0.0166362435976174,-0.0444973952078896,0.));
#11941=CARTESIAN_POINT('',(-0.0166362435976174,-0.0444973952078896,0.));
#11942=CARTESIAN_POINT('',(-0.0166362435976174,-0.0444973952078896,-0.0032));
#11943=CARTESIAN_POINT('',(-0.0158007406939269,-0.0444964205181263,0.));
#11944=CARTESIAN_POINT('',(-0.0158007406939269,-0.0444964205181263,-0.0032));
#11945=CARTESIAN_POINT('',(-0.0151546313855496,-0.0442675488517048,0.));
#11946=CARTESIAN_POINT('',(-0.0151546313855496,-0.0442675488517048,-0.0032));
#11947=CARTESIAN_POINT('',(-0.0146979156724855,-0.0438107802086252,0.));
#11948=CARTESIAN_POINT('',(-0.0146979156724855,-0.0438107802086252,-0.0032));
#11949=CARTESIAN_POINT('',(-0.0166362435976174,-0.0444973952078896,0.));
#11950=CARTESIAN_POINT('',(-0.0153829892420817,-0.0444959331732447,0.));
#11951=CARTESIAN_POINT('',(-0.0146979156724855,-0.0438107802086252,0.));
#11952=CARTESIAN_POINT('',(-0.0146979156724855,-0.0438107802086252,0.));
#11953=CARTESIAN_POINT('',(-0.0146979156724855,-0.0438107802086252,0.));
#11954=CARTESIAN_POINT('',(-0.0146979156724855,-0.0438107802086252,-5.24679881530036E-38));
#11955=CARTESIAN_POINT('',(-0.0146979156724855,-0.0438107802086252,-0.0032));
#11956=CARTESIAN_POINT('',(-0.0142411999594214,-0.0433540115655456,-5.24679881530036E-38));
#11957=CARTESIAN_POINT('',(-0.0142411999594214,-0.0433540115655456,-0.0032));
#11958=CARTESIAN_POINT('',(-0.0140133070003704,-0.0427271176772152,-5.24679881530036E-38));
#11959=CARTESIAN_POINT('',(-0.0140133070003704,-0.0427271176772152,-0.0032));
#11960=CARTESIAN_POINT('',(-0.0140142367953325,-0.041930098543634,-5.24679881530036E-38));
#11961=CARTESIAN_POINT('',(-0.0140142367953325,-0.041930098543634,-0.0032));
#11962=CARTESIAN_POINT('',(-0.0146979156724855,-0.0438107802086252,0.));
#11963=CARTESIAN_POINT('',(-0.0140128421028894,-0.0431256272440058,0.));
#11964=CARTESIAN_POINT('',(-0.0140142367953325,-0.041930098543634,0.));
#11965=CARTESIAN_POINT('',(-0.0140142367953325,-0.041930098543634,0.));
#11966=CARTESIAN_POINT('',(-0.0140142367953325,-0.041930098543634,0.));
#11967=CARTESIAN_POINT('',(-0.0140168454195718,-0.0396939889541206,0.));
#11968=CARTESIAN_POINT('',(-0.0140168454195718,-0.0396939889541206,0.));
#11969=CARTESIAN_POINT('',(-0.014019454043811,-0.0374578793646071,0.));
#11970=CARTESIAN_POINT('',(-0.014019454043811,-0.0374578793646071,0.));
#11971=CARTESIAN_POINT('',(-0.0144235336299595,-0.0374583507600199,0.));
#11972=CARTESIAN_POINT('',(-0.0144235336299595,-0.0374583507600199,0.));
#11973=CARTESIAN_POINT('',(-0.014827613216108,-0.0374588221554327,0.));
#11974=CARTESIAN_POINT('',(-0.014827613216108,-0.0374588221554327,0.));
#11975=CARTESIAN_POINT('',(-0.0148249718068494,-0.0397230350244339,0.));
#11976=CARTESIAN_POINT('',(-0.0148249718068494,-0.0397230350244339,0.));
#11977=CARTESIAN_POINT('',(-0.0148223303975909,-0.0419872478934352,0.));
#11978=CARTESIAN_POINT('',(-0.0148223303975909,-0.0419872478934352,0.));
#11979=CARTESIAN_POINT('',(-0.0148223303975909,-0.0419872478934352,0.));
#11980=CARTESIAN_POINT('',(-0.0148223303975909,-0.0419872478934352,-0.0032));
#11981=CARTESIAN_POINT('',(-0.0148216546126883,-0.0425665299066606,0.));
#11982=CARTESIAN_POINT('',(-0.0148216546126883,-0.0425665299066606,-0.0032));
#11983=CARTESIAN_POINT('',(-0.0149793748505345,-0.0430115565075353,0.));
#11984=CARTESIAN_POINT('',(-0.0149793748505345,-0.0430115565075353,-0.0032));
#11985=CARTESIAN_POINT('',(-0.0152954911111294,-0.0433223276960591,0.));
#11986=CARTESIAN_POINT('',(-0.0152954911111294,-0.0433223276960591,-0.0032));
#11987=CARTESIAN_POINT('',(-0.0148223303975909,-0.0419872478934352,0.));
#11988=CARTESIAN_POINT('',(-0.014821316720237,-0.0428561709132733,0.));
#11989=CARTESIAN_POINT('',(-0.0152954911111294,-0.0433223276960591,0.));
#11990=CARTESIAN_POINT('',(-0.0152954911111294,-0.0433223276960591,0.));
#11991=CARTESIAN_POINT('',(-0.0152954911111294,-0.0433223276960591,0.));
#11992=CARTESIAN_POINT('',(-0.0152954911111294,-0.0433223276960591,4.32394784045991E-37));
#11993=CARTESIAN_POINT('',(-0.0152954911111294,-0.0433223276960591,-0.0032));
#11994=CARTESIAN_POINT('',(-0.0156116073717244,-0.0436330988845829,4.32394784045991E-37));
#11995=CARTESIAN_POINT('',(-0.0156116073717244,-0.0436330988845829,-0.0032));
#11996=CARTESIAN_POINT('',(-0.0160765229321045,-0.0437888424558125,4.32394784045991E-37));
#11997=CARTESIAN_POINT('',(-0.0160765229321045,-0.0437888424558125,-0.0032));
#11998=CARTESIAN_POINT('',(-0.0166902377922699,-0.0437895584097477,4.32394784045991E-37));
#11999=CARTESIAN_POINT('',(-0.0166902377922699,-0.0437895584097477,-0.0032));
#12000=CARTESIAN_POINT('',(-0.0152954911111294,-0.0433223276960591,0.));
#12001=CARTESIAN_POINT('',(-0.0157696655020218,-0.0437884844788448,0.));
#12002=CARTESIAN_POINT('',(-0.0166902377922699,-0.0437895584097477,0.));
#12003=CARTESIAN_POINT('',(-0.0166902377922699,-0.0437895584097477,0.));
#12004=CARTESIAN_POINT('',(-0.0166902377922699,-0.0437895584097477,0.));
#12005=CARTESIAN_POINT('',(-0.0166902377922699,-0.0437895584097477,2.76382416088542E-37));
#12006=CARTESIAN_POINT('',(-0.0166902377922699,-0.0437895584097477,-0.0032));
#12007=CARTESIAN_POINT('',(-0.0172755961902494,-0.0437902412833031,2.76382416088542E-37));
#12008=CARTESIAN_POINT('',(-0.0172755961902494,-0.0437902412833031,-0.0032));
#12009=CARTESIAN_POINT('',(-0.0177266965176334,-0.0436348067783925,2.76382416088542E-37));
#12010=CARTESIAN_POINT('',(-0.0177266965176334,-0.0436348067783925,-0.0032));
#12011=CARTESIAN_POINT('',(-0.0180435387744217,-0.043323254895016,2.76382416088542E-37));
#12012=CARTESIAN_POINT('',(-0.0180435387744217,-0.043323254895016,-0.0032));
#12013=CARTESIAN_POINT('',(-0.0166902377922699,-0.0437895584097477,0.));
#12014=CARTESIAN_POINT('',(-0.0175682753892392,-0.0437905827200808,0.));
#12015=CARTESIAN_POINT('',(-0.0180435387744217,-0.043323254895016,0.));
#12016=CARTESIAN_POINT('',(-0.0180435387744217,-0.043323254895016,0.));
#12017=CARTESIAN_POINT('',(-0.0180435387744217,-0.043323254895016,0.));
#12018=CARTESIAN_POINT('',(-0.0180435387744217,-0.043323254895016,-8.6624590543197E-37));
#12019=CARTESIAN_POINT('',(-0.0180435387744217,-0.043323254895016,-0.0032));
#12020=CARTESIAN_POINT('',(-0.0183603810312101,-0.0430117030116395,-8.6624590543197E-37));
#12021=CARTESIAN_POINT('',(-0.0183603810312101,-0.0430117030116395,-0.0032));
#12022=CARTESIAN_POINT('',(-0.0185191418242187,-0.04256476696715,-8.6624590543197E-37));
#12023=CARTESIAN_POINT('',(-0.0185191418242187,-0.04256476696715,-0.0032));
#12024=CARTESIAN_POINT('',(-0.0185198211534477,-0.0419824467615475,-8.6624590543197E-37));
#12025=CARTESIAN_POINT('',(-0.0185198211534477,-0.0419824467615475,-0.0032));
#12026=CARTESIAN_POINT('',(-0.0180435387744217,-0.043323254895016,0.));
#12027=CARTESIAN_POINT('',(-0.0185188021596043,-0.0428559270699512,0.));
#12028=CARTESIAN_POINT('',(-0.0185198211534477,-0.0419824467615475,0.));
#12029=CARTESIAN_POINT('',(-0.0185198211534477,-0.0419824467615475,0.));
#12030=CARTESIAN_POINT('',(-0.0185198211534477,-0.0419824467615475,0.));
#12031=CARTESIAN_POINT('',(-0.0109708860087836,-0.0443950828653355,0.));
#12032=CARTESIAN_POINT('',(-0.0129054550048742,-0.0443973397151784,0.));
#12033=CARTESIAN_POINT('',(-0.0129054550048742,-0.0443973397151784,0.));
#12034=CARTESIAN_POINT('',(-0.0109708860087836,-0.0443950828653355,0.));
#12035=CARTESIAN_POINT('',(-0.00903631701269292,-0.0443928260154927,3.46944695195361E-18));
#12036=CARTESIAN_POINT('',(-0.00903631701269292,-0.0443928260154927,3.46944695195361E-18));
#12037=CARTESIAN_POINT('',(-0.00904036551953708,-0.0409224507728,3.46944695195361E-18));
#12038=CARTESIAN_POINT('',(-0.00904036551953708,-0.0409224507728,3.46944695195361E-18));
#12039=CARTESIAN_POINT('',(-0.00904441402638125,-0.0374520755301073,3.46944695195361E-18));
#12040=CARTESIAN_POINT('',(-0.00904441402638125,-0.0374520755301073,3.46944695195361E-18));
#12041=CARTESIAN_POINT('',(-0.00944773406443548,-0.0374525460394386,3.46944695195361E-18));
#12042=CARTESIAN_POINT('',(-0.00944773406443548,-0.0374525460394386,3.46944695195361E-18));
#12043=CARTESIAN_POINT('',(-0.00985105410248971,-0.0374530165487698,0.));
#12044=CARTESIAN_POINT('',(-0.00985105410248971,-0.0374530165487698,0.));
#12045=CARTESIAN_POINT('',(-0.0098474318008966,-0.0405580491581213,0.));
#12046=CARTESIAN_POINT('',(-0.0098474318008966,-0.0405580491581213,0.));
#12047=CARTESIAN_POINT('',(-0.00984380949930348,-0.043663081767473,0.));
#12048=CARTESIAN_POINT('',(-0.00984380949930348,-0.043663081767473,0.));
#12049=CARTESIAN_POINT('',(-0.0113750584573399,-0.0436648681079846,0.));
#12050=CARTESIAN_POINT('',(-0.0113750584573399,-0.0436648681079846,0.));
#12051=CARTESIAN_POINT('',(-0.0129063074153763,-0.0436666544484963,0.));
#12052=CARTESIAN_POINT('',(-0.0129063074153763,-0.0436666544484963,0.));
#12053=CARTESIAN_POINT('',(-0.0074573203829843,-0.0384421952028292,3.46944695195361E-18));
#12054=CARTESIAN_POINT('',(-0.0074573203829843,-0.0384421952028292,-0.0032));
#12055=CARTESIAN_POINT('',(-0.00693200019219293,-0.0381954884518183,3.46944695195361E-18));
#12056=CARTESIAN_POINT('',(-0.00693200019219293,-0.0381954884518183,-0.0032));
#12057=CARTESIAN_POINT('',(-0.00640653645618186,-0.0380718284920782,3.46944695195361E-18));
#12058=CARTESIAN_POINT('',(-0.00640653645618186,-0.0380718284920782,-0.0032));
#12059=CARTESIAN_POINT('',(-0.0058809291749511,-0.038071215323609,3.46944695195361E-18));
#12060=CARTESIAN_POINT('',(-0.0058809291749511,-0.038071215323609,-0.0032));
#12061=CARTESIAN_POINT('',(-0.0074573203829843,-0.0384421952028292,3.46944695195361E-18));
#12062=CARTESIAN_POINT('',(-0.0074573203829843,-0.0384421952028292,3.46944695195361E-18));
#12063=CARTESIAN_POINT('',(-0.0074573203829843,-0.0384421952028292,3.46944695195361E-18));
#12064=CARTESIAN_POINT('',(-0.00666934009679724,-0.0380721350763129,3.46944695195361E-18));
#12065=CARTESIAN_POINT('',(-0.0058809291749511,-0.038071215323609,3.46944695195361E-18));
#12066=CARTESIAN_POINT('',(-0.0058809291749511,-0.038071215323609,3.46944695195361E-18));
#12067=CARTESIAN_POINT('',(-0.0058809291749511,-0.038071215323609,3.46944695195361E-18));
#12068=CARTESIAN_POINT('',(-0.0058809291749511,-0.038071215323609,3.46944695195361E-18));
#12069=CARTESIAN_POINT('',(-0.0058809291749511,-0.038071215323609,-0.0032));
#12070=CARTESIAN_POINT('',(-0.00511834288830996,-0.0380703256976795,3.46944695195361E-18));
#12071=CARTESIAN_POINT('',(-0.00511834288830996,-0.0380703256976795,-0.0032));
#12072=CARTESIAN_POINT('',(-0.00451597818564069,-0.0383235655765112,3.46944695195361E-18));
#12073=CARTESIAN_POINT('',(-0.00451597818564069,-0.0383235655765112,-0.0032));
#12074=CARTESIAN_POINT('',(-0.00407383506694328,-0.0388309349601039,3.46944695195361E-18));
#12075=CARTESIAN_POINT('',(-0.00407383506694328,-0.0388309349601039,-0.0032));
#12076=CARTESIAN_POINT('',(-0.0058809291749511,-0.038071215323609,3.46944695195361E-18));
#12077=CARTESIAN_POINT('',(-0.00473704974498939,-0.0380698808847149,3.46944695195361E-18));
#12078=CARTESIAN_POINT('',(-0.00407383506694328,-0.0388309349601039,3.46944695195361E-18));
#12079=CARTESIAN_POINT('',(-0.00407383506694328,-0.0388309349601039,3.46944695195361E-18));
#12080=CARTESIAN_POINT('',(-0.00407383506694328,-0.0388309349601039,3.46944695195361E-18));
#12081=CARTESIAN_POINT('',(-0.00407383506694328,-0.0388309349601039,3.46944695195361E-18));
#12082=CARTESIAN_POINT('',(-0.00407383506694328,-0.0388309349601039,-0.0032));
#12083=CARTESIAN_POINT('',(-0.00363169194824588,-0.0393383043436966,3.46944695195361E-18));
#12084=CARTESIAN_POINT('',(-0.00363169194824588,-0.0393383043436966,-0.0032));
#12085=CARTESIAN_POINT('',(-0.00341010528012529,-0.0400335396609585,3.46944695195361E-18));
#12086=CARTESIAN_POINT('',(-0.00341010528012529,-0.0400335396609585,-0.0032));
#12087=CARTESIAN_POINT('',(-0.00340907506258152,-0.0409166409118895,3.46944695195361E-18));
#12088=CARTESIAN_POINT('',(-0.00340907506258152,-0.0409166409118895,-0.0032));
#12089=CARTESIAN_POINT('',(-0.00407383506694328,-0.0388309349601039,3.46944695195361E-18));
#12090=CARTESIAN_POINT('',(-0.00341062038889717,-0.0395919890354929,3.46944695195361E-18));
#12091=CARTESIAN_POINT('',(-0.00340907506258152,-0.0409166409118895,3.46944695195361E-18));
#12092=CARTESIAN_POINT('',(-0.00340907506258152,-0.0409166409118895,3.46944695195361E-18));
#12093=CARTESIAN_POINT('',(-0.00340907506258152,-0.0409166409118895,3.46944695195361E-18));
#12094=CARTESIAN_POINT('',(-0.00340907506258152,-0.0409166409118895,3.46944695195361E-18));
#12095=CARTESIAN_POINT('',(-0.00340907506258152,-0.0409166409118895,-0.0032));
#12096=CARTESIAN_POINT('',(-0.00340801649042645,-0.041824047701837,3.46944695195361E-18));
#12097=CARTESIAN_POINT('',(-0.00340801649042645,-0.041824047701837,-0.0032));
#12098=CARTESIAN_POINT('',(-0.00362012469547784,-0.0425258653564483,3.46944695195361E-18));
#12099=CARTESIAN_POINT('',(-0.00362012469547784,-0.0425258653564483,-0.0032));
#12100=CARTESIAN_POINT('',(-0.00404539967773567,-0.0430220938757234,3.46944695195361E-18));
#12101=CARTESIAN_POINT('',(-0.00404539967773567,-0.0430220938757234,-0.0032));
#12102=CARTESIAN_POINT('',(-0.00340907506258152,-0.0409166409118895,3.46944695195361E-18));
#12103=CARTESIAN_POINT('',(-0.00340748720434892,-0.0422777510968107,3.46944695195361E-18));
#12104=CARTESIAN_POINT('',(-0.00404539967773567,-0.0430220938757234,3.46944695195361E-18));
#12105=CARTESIAN_POINT('',(-0.00404539967773567,-0.0430220938757234,3.46944695195361E-18));
#12106=CARTESIAN_POINT('',(-0.00404539967773567,-0.0430220938757234,3.46944695195361E-18));
#12107=CARTESIAN_POINT('',(-0.00404539967773567,-0.0430220938757234,3.46944695195361E-18));
#12108=CARTESIAN_POINT('',(-0.00404539967773567,-0.0430220938757234,-0.0032));
#12109=CARTESIAN_POINT('',(-0.0044706746599935,-0.0435183223949986,3.46944695195361E-18));
#12110=CARTESIAN_POINT('',(-0.0044706746599935,-0.0435183223949986,-0.0032));
#12111=CARTESIAN_POINT('',(-0.00507726442934739,-0.0437668962356275,3.46944695195361E-18));
#12112=CARTESIAN_POINT('',(-0.00507726442934739,-0.0437668962356275,-0.0032));
#12113=CARTESIAN_POINT('',(-0.00586516898579734,-0.0437678153976104,3.46944695195361E-18));
#12114=CARTESIAN_POINT('',(-0.00586516898579734,-0.0437678153976104,-0.0032));
#12115=CARTESIAN_POINT('',(-0.00404539967773567,-0.0430220938757234,3.46944695195361E-18));
#12116=CARTESIAN_POINT('',(-0.00468331215112242,-0.0437664366546361,3.46944695195361E-18));
#12117=CARTESIAN_POINT('',(-0.00586516898579734,-0.0437678153976104,3.46944695195361E-18));
#12118=CARTESIAN_POINT('',(-0.00586516898579734,-0.0437678153976104,3.46944695195361E-18));
#12119=CARTESIAN_POINT('',(-0.00586516898579734,-0.0437678153976104,3.46944695195361E-18));
#12120=CARTESIAN_POINT('',(-0.00586516898579734,-0.0437678153976104,3.46944695195361E-18));
#12121=CARTESIAN_POINT('',(-0.00586516898579734,-0.0437678153976104,-0.0032));
#12122=CARTESIAN_POINT('',(-0.00634925430454165,-0.0437683801269521,3.46944695195361E-18));
#12123=CARTESIAN_POINT('',(-0.00634925430454165,-0.0437683801269521,-0.0032));
#12124=CARTESIAN_POINT('',(-0.00690180055579355,-0.0436819297554957,3.46944695195361E-18));
#12125=CARTESIAN_POINT('',(-0.00690180055579355,-0.0436819297554957,-0.0032));
#12126=CARTESIAN_POINT('',(-0.00752280773955303,-0.0435084642832414,3.46944695195361E-18));
#12127=CARTESIAN_POINT('',(-0.00752280773955303,-0.0435084642832414,-0.0032));
#12128=CARTESIAN_POINT('',(-0.00586516898579734,-0.0437678153976104,3.46944695195361E-18));
#12129=CARTESIAN_POINT('',(-0.00659129696391381,-0.0437686624916229,3.46944695195361E-18));
#12130=CARTESIAN_POINT('',(-0.00752280773955303,-0.0435084642832414,3.46944695195361E-18));
#12131=CARTESIAN_POINT('',(-0.00752280773955303,-0.0435084642832414,3.46944695195361E-18));
#12132=CARTESIAN_POINT('',(-0.00752280773955303,-0.0435084642832414,3.46944695195361E-18));
#12133=CARTESIAN_POINT('',(-0.00752239571160763,-0.0438616541470742,3.46944695195361E-18));
#12134=CARTESIAN_POINT('',(-0.00752239571160763,-0.0438616541470742,3.46944695195361E-18));
#12135=CARTESIAN_POINT('',(-0.00752198368366223,-0.044214844010907,3.46944695195361E-18));
#12136=CARTESIAN_POINT('',(-0.00752198368366223,-0.044214844010907,3.46944695195361E-18));
#12137=CARTESIAN_POINT('',(-0.00752198368366223,-0.044214844010907,3.46944695195361E-18));
#12138=CARTESIAN_POINT('',(-0.00752198368366223,-0.044214844010907,-0.0032));
#12139=CARTESIAN_POINT('',(-0.00704072507915238,-0.0443955616377228,3.46944695195361E-18));
#12140=CARTESIAN_POINT('',(-0.00704072507915238,-0.0443955616377228,-0.0032));
#12141=CARTESIAN_POINT('',(-0.00644715909576275,-0.0444855087185458,3.46944695195361E-18));
#12142=CARTESIAN_POINT('',(-0.00644715909576275,-0.0444855087185458,-0.0032));
#12143=CARTESIAN_POINT('',(-0.00574128573349332,-0.044484685253376,3.46944695195361E-18));
#12144=CARTESIAN_POINT('',(-0.00574128573349332,-0.044484685253376,-0.0032));
#12145=CARTESIAN_POINT('',(-0.00752198368366223,-0.044214844010907,3.46944695195361E-18));
#12146=CARTESIAN_POINT('',(-0.00680009577689746,-0.0444859204511306,3.46944695195361E-18));
#12147=CARTESIAN_POINT('',(-0.00574128573349332,-0.044484685253376,3.46944695195361E-18));
#12148=CARTESIAN_POINT('',(-0.00574128573349332,-0.044484685253376,3.46944695195361E-18));
#12149=CARTESIAN_POINT('',(-0.00574128573349332,-0.044484685253376,3.46944695195361E-18));
#12150=CARTESIAN_POINT('',(-0.00574128573349332,-0.044484685253376,3.46944695195361E-18));
#12151=CARTESIAN_POINT('',(-0.00574128573349332,-0.044484685253376,-0.0032));
#12152=CARTESIAN_POINT('',(-0.00471944036401003,-0.0444834931782594,3.46944695195361E-18));
#12153=CARTESIAN_POINT('',(-0.00471944036401003,-0.0444834931782594,-0.0032));
#12154=CARTESIAN_POINT('',(-0.00393113837148092,-0.044172171142339,3.46944695195361E-18));
#12155=CARTESIAN_POINT('',(-0.00393113837148092,-0.044172171142339,-0.0032));
#12156=CARTESIAN_POINT('',(-0.00337637975590598,-0.0435507191456149,3.46944695195361E-18));
#12157=CARTESIAN_POINT('',(-0.00337637975590597,-0.0435507191456149,-0.0032));
#12158=CARTESIAN_POINT('',(-0.00574128573349332,-0.044484685253376,3.46944695195361E-18));
#12159=CARTESIAN_POINT('',(-0.00420851767926838,-0.0444828971407012,3.46944695195361E-18));
#12160=CARTESIAN_POINT('',(-0.00337637975590598,-0.0435507191456149,3.46944695195361E-18));
#12161=CARTESIAN_POINT('',(-0.00337637975590598,-0.0435507191456149,3.46944695195361E-18));
#12162=CARTESIAN_POINT('',(-0.00337637975590598,-0.0435507191456149,3.46944695195361E-18));
#12163=CARTESIAN_POINT('',(-0.00337637975590598,-0.0435507191456149,3.46944695195361E-18));
#12164=CARTESIAN_POINT('',(-0.00337637975590597,-0.0435507191456149,-0.0032));
#12165=CARTESIAN_POINT('',(-0.00282162114033103,-0.0429292671488907,3.46944695195361E-18));
#12166=CARTESIAN_POINT('',(-0.00282162114033103,-0.0429292671488907,-0.0032));
#12167=CARTESIAN_POINT('',(-0.00254490816590903,-0.042047360983642,3.46944695195361E-18));
#12168=CARTESIAN_POINT('',(-0.00254490816590903,-0.042047360983642,-0.0032));
#12169=CARTESIAN_POINT('',(-0.00254624083263996,-0.0409050006498688,3.46944695195361E-18));
#12170=CARTESIAN_POINT('',(-0.00254624083263996,-0.0409050006498688,-0.0032));
#12171=CARTESIAN_POINT('',(-0.00337637975590598,-0.0435507191456149,3.46944695195361E-18));
#12172=CARTESIAN_POINT('',(-0.00254424183254357,-0.0426185411505286,3.46944695195361E-18));
#12173=CARTESIAN_POINT('',(-0.00254624083263996,-0.0409050006498688,3.46944695195361E-18));
#12174=CARTESIAN_POINT('',(-0.00254624083263996,-0.0409050006498688,3.46944695195361E-18));
#12175=CARTESIAN_POINT('',(-0.00254624083263996,-0.0409050006498688,3.46944695195361E-18));
#12176=CARTESIAN_POINT('',(-0.00254624083263996,-0.0409050006498688,3.46944695195361E-18));
#12177=CARTESIAN_POINT('',(-0.00254624083263996,-0.0409050006498688,-0.0032));
#12178=CARTESIAN_POINT('',(-0.00254707493078893,-0.0401900127104682,3.46944695195361E-18));
#12179=CARTESIAN_POINT('',(-0.00254707493078893,-0.0401900127104682,-0.0032));
#12180=CARTESIAN_POINT('',(-0.00268148611734136,-0.0395637946657606,3.46944695195361E-18));
#12181=CARTESIAN_POINT('',(-0.00268148611734136,-0.0395637946657606,-0.0032));
#12182=CARTESIAN_POINT('',(-0.00294947439229725,-0.0390263465157459,3.46944695195361E-18));
#12183=CARTESIAN_POINT('',(-0.00294947439229725,-0.0390263465157459,-0.0032));
#12184=CARTESIAN_POINT('',(-0.00254624083263996,-0.0409050006498688,3.46944695195361E-18));
#12185=CARTESIAN_POINT('',(-0.00254749197986341,-0.0398325187407679,3.46944695195361E-18));
#12186=CARTESIAN_POINT('',(-0.00294947439229725,-0.0390263465157459,3.46944695195361E-18));
#12187=CARTESIAN_POINT('',(-0.00294947439229725,-0.0390263465157459,3.46944695195361E-18));
#12188=CARTESIAN_POINT('',(-0.00294947439229725,-0.0390263465157459,3.46944695195361E-18));
#12189=CARTESIAN_POINT('',(-0.00294947439229725,-0.0390263465157459,3.46944695195361E-18));
#12190=CARTESIAN_POINT('',(-0.00294947439229725,-0.0390263465157459,-0.0032));
#12191=CARTESIAN_POINT('',(-0.00321746266725314,-0.0384888983657311,3.46944695195361E-18));
#12192=CARTESIAN_POINT('',(-0.00321746266725314,-0.0384888983657311,-0.0032));
#12193=CARTESIAN_POINT('',(-0.0036040497870321,-0.0380748887137759,3.46944695195361E-18));
#12194=CARTESIAN_POINT('',(-0.0036040497870321,-0.0380748887137759,-0.0032));
#12195=CARTESIAN_POINT('',(-0.00410923575163412,-0.0377843175598801,3.46944695195361E-18));
#12196=CARTESIAN_POINT('',(-0.00410923575163412,-0.0377843175598801,-0.0032));
#12197=CARTESIAN_POINT('',(-0.00294947439229725,-0.0390263465157459,3.46944695195361E-18));
#12198=CARTESIAN_POINT('',(-0.00335145680473109,-0.0382201742907237,3.46944695195361E-18));
#12199=CARTESIAN_POINT('',(-0.00410923575163412,-0.0377843175598801,3.46944695195361E-18));
#12200=CARTESIAN_POINT('',(-0.00410923575163412,-0.0377843175598801,3.46944695195361E-18));
#12201=CARTESIAN_POINT('',(-0.00410923575163412,-0.0377843175598801,3.46944695195361E-18));
#12202=CARTESIAN_POINT('',(-0.00410923575163412,-0.0377843175598801,3.46944695195361E-18));
#12203=CARTESIAN_POINT('',(-0.00410923575163412,-0.0377843175598801,-0.0032));
#12204=CARTESIAN_POINT('',(-0.00461442171623614,-0.0374937464059843,3.46944695195361E-18));
#12205=CARTESIAN_POINT('',(-0.00461442171623614,-0.0374937464059843,-0.0032));
#12206=CARTESIAN_POINT('',(-0.00520881134095599,-0.0373488595657578,3.46944695195361E-18));
#12207=CARTESIAN_POINT('',(-0.00520881134095599,-0.0373488595657578,-0.0032));
#12208=CARTESIAN_POINT('',(-0.00589240462579367,-0.0373496570392006,3.46944695195361E-18));
#12209=CARTESIAN_POINT('',(-0.00589240462579367,-0.0373496570392006,-0.0032));
#12210=CARTESIAN_POINT('',(-0.00410923575163412,-0.0377843175598801,3.46944695195361E-18));
#12211=CARTESIAN_POINT('',(-0.00486701469853715,-0.0373484608290364,3.46944695195361E-18));
#12212=CARTESIAN_POINT('',(-0.00589240462579367,-0.0373496570392006,3.46944695195361E-18));
#12213=CARTESIAN_POINT('',(-0.00589240462579367,-0.0373496570392006,3.46944695195361E-18));
#12214=CARTESIAN_POINT('',(-0.00589240462579367,-0.0373496570392006,3.46944695195361E-18));
#12215=CARTESIAN_POINT('',(-0.00589240462579367,-0.0373496570392006,3.46944695195361E-18));
#12216=CARTESIAN_POINT('',(-0.00589240462579367,-0.0373496570392006,-0.0032));
#12217=CARTESIAN_POINT('',(-0.00661954533470249,-0.0373505053146552,3.46944695195361E-18));
#12218=CARTESIAN_POINT('',(-0.00661954533470249,-0.0373505053146552,-0.0032));
#12219=CARTESIAN_POINT('',(-0.00725538550337963,-0.0374839149941155,3.46944695195361E-18));
#12220=CARTESIAN_POINT('',(-0.00725538550337963,-0.0374839149941155,-0.0032));
#12221=CARTESIAN_POINT('',(-0.00779992513182508,-0.0377498860775817,3.46944695195361E-18));
#12222=CARTESIAN_POINT('',(-0.00779992513182508,-0.0377498860775817,-0.0032));
#12223=CARTESIAN_POINT('',(-0.00589240462579367,-0.0373496570392006,3.46944695195361E-18));
#12224=CARTESIAN_POINT('',(-0.0069831156891569,-0.0373509294523825,3.46944695195361E-18));
#12225=CARTESIAN_POINT('',(-0.00779992513182508,-0.0377498860775817,3.46944695195361E-18));
#12226=CARTESIAN_POINT('',(-0.00779992513182508,-0.0377498860775817,3.46944695195361E-18));
#12227=CARTESIAN_POINT('',(-0.00779992513182508,-0.0377498860775817,3.46944695195361E-18));
#12228=CARTESIAN_POINT('',(0.00202345179730709,-0.0424172488474479,3.46944695195361E-18));
#12229=CARTESIAN_POINT('',(0.00346886083011227,-0.0404528877003342,3.46944695195361E-18));
#12230=CARTESIAN_POINT('',(0.00346886083011227,-0.0404528877003342,3.46944695195361E-18));
#12231=CARTESIAN_POINT('',(0.00202345179730709,-0.0424172488474479,3.46944695195361E-18));
#12232=CARTESIAN_POINT('',(0.000578042764501921,-0.0443816099945617,3.46944695195361E-18));
#12233=CARTESIAN_POINT('',(0.000578042764501921,-0.0443816099945617,3.46944695195361E-18));
#12234=CARTESIAN_POINT('',(0.00105276032341698,-0.0443810561935598,3.46944695195361E-18));
#12235=CARTESIAN_POINT('',(0.00105276032341698,-0.0443810561935598,3.46944695195361E-18));
#12236=CARTESIAN_POINT('',(0.00152747788233204,-0.0443805023925579,3.46944695195361E-18));
#12237=CARTESIAN_POINT('',(0.00152747788233204,-0.0443805023925579,3.46944695195361E-18));
#12238=CARTESIAN_POINT('',(0.00279016190244948,-0.0426958684897997,3.46944695195361E-18));
#12239=CARTESIAN_POINT('',(0.00279016190244948,-0.0426958684897997,3.46944695195361E-18));
#12240=CARTESIAN_POINT('',(0.00405284592256691,-0.0410112345870415,3.46944695195361E-18));
#12241=CARTESIAN_POINT('',(0.00405284592256691,-0.0410112345870415,3.46944695195361E-18));
#12242=CARTESIAN_POINT('',(0.00441704604440068,-0.0413336180940159,3.46944695195361E-18));
#12243=CARTESIAN_POINT('',(0.00441704604440068,-0.0413336180940159,3.46944695195361E-18));
#12244=CARTESIAN_POINT('',(0.00478124616623446,-0.0416560016009902,3.46944695195361E-18));
#12245=CARTESIAN_POINT('',(0.00478124616623446,-0.0416560016009902,3.46944695195361E-18));
#12246=CARTESIAN_POINT('',(0.00478283313838546,-0.0430163522378172,3.46944695195361E-18));
#12247=CARTESIAN_POINT('',(0.00478283313838546,-0.0430163522378172,3.46944695195361E-18));
#12248=CARTESIAN_POINT('',(0.00478442011053645,-0.0443767028746442,3.46944695195361E-18));
#12249=CARTESIAN_POINT('',(0.00478442011053645,-0.0443767028746442,3.46944695195361E-18));
#12250=CARTESIAN_POINT('',(0.00518774014859068,-0.044376232365313,3.46944695195361E-18));
#12251=CARTESIAN_POINT('',(0.00518774014859068,-0.044376232365313,3.46944695195361E-18));
#12252=CARTESIAN_POINT('',(0.00559106018664492,-0.0443757618559818,3.46944695195361E-18));
#12253=CARTESIAN_POINT('',(0.00559106018664492,-0.0443757618559818,3.46944695195361E-18));
#12254=CARTESIAN_POINT('',(0.00558701167980075,-0.0409053866132892,3.46944695195361E-18));
#12255=CARTESIAN_POINT('',(0.00558701167980075,-0.0409053866132892,3.46944695195361E-18));
#12256=CARTESIAN_POINT('',(0.00558296317295659,-0.0374350113705966,3.46944695195361E-18));
#12257=CARTESIAN_POINT('',(0.00558296317295659,-0.0374350113705966,3.46944695195361E-18));
#12258=CARTESIAN_POINT('',(0.00517964313490235,-0.0374354818799278,3.46944695195361E-18));
#12259=CARTESIAN_POINT('',(0.00517964313490235,-0.0374354818799278,3.46944695195361E-18));
#12260=CARTESIAN_POINT('',(0.00477632309684813,-0.0374359523892589,3.46944695195361E-18));
#12261=CARTESIAN_POINT('',(0.00477632309684813,-0.0374359523892589,3.46944695195361E-18));
#12262=CARTESIAN_POINT('',(0.00477833095776055,-0.0391570883708613,3.46944695195361E-18));
#12263=CARTESIAN_POINT('',(0.00477833095776055,-0.0391570883708613,3.46944695195361E-18));
#12264=CARTESIAN_POINT('',(0.00478033881867297,-0.0408782243524638,3.46944695195361E-18));
#12265=CARTESIAN_POINT('',(0.00478033881867297,-0.0408782243524638,3.46944695195361E-18));
#12266=CARTESIAN_POINT('',(0.00320454730644536,-0.0391589243319428,3.46944695195361E-18));
#12267=CARTESIAN_POINT('',(0.00320454730644536,-0.0391589243319428,3.46944695195361E-18));
#12268=CARTESIAN_POINT('',(0.00162875579421773,-0.0374396243114219,3.46944695195361E-18));
#12269=CARTESIAN_POINT('',(0.00162875579421773,-0.0374396243114219,3.46944695195361E-18));
#12270=CARTESIAN_POINT('',(0.00115175959101989,-0.0374401807706685,3.46944695195361E-18));
#12271=CARTESIAN_POINT('',(0.00115175959101989,-0.0374401807706685,3.46944695195361E-18));
#12272=CARTESIAN_POINT('',(0.000674763387822047,-0.0374407372299152,3.46944695195361E-18));
#12273=CARTESIAN_POINT('',(0.000674763387822047,-0.0374407372299152,3.46944695195361E-18));
#12274=CARTESIAN_POINT('',(0.00717005681635355,-0.0384251310433184,3.46944695195361E-18));
#12275=CARTESIAN_POINT('',(0.00717005681635355,-0.0384251310433184,-0.0032));
#12276=CARTESIAN_POINT('',(0.00769537700714492,-0.0381784242923075,3.46944695195361E-18));
#12277=CARTESIAN_POINT('',(0.00769537700714492,-0.0381784242923075,-0.0032));
#12278=CARTESIAN_POINT('',(0.00822084074315597,-0.0380547643325675,3.46944695195361E-18));
#12279=CARTESIAN_POINT('',(0.00822084074315597,-0.0380547643325675,-0.0032));
#12280=CARTESIAN_POINT('',(0.00874644802438672,-0.0380541511640982,3.46944695195361E-18));
#12281=CARTESIAN_POINT('',(0.00874644802438672,-0.0380541511640982,-0.0032));
#12282=CARTESIAN_POINT('',(0.00717005681635355,-0.0384251310433184,3.46944695195361E-18));
#12283=CARTESIAN_POINT('',(0.00717005681635355,-0.0384251310433184,3.46944695195361E-18));
#12284=CARTESIAN_POINT('',(0.00717005681635355,-0.0384251310433184,3.46944695195361E-18));
#12285=CARTESIAN_POINT('',(0.0079580371025406,-0.0380550709168021,3.46944695195361E-18));
#12286=CARTESIAN_POINT('',(0.00874644802438672,-0.0380541511640982,3.46944695195361E-18));
#12287=CARTESIAN_POINT('',(0.00874644802438672,-0.0380541511640982,3.46944695195361E-18));
#12288=CARTESIAN_POINT('',(0.00874644802438672,-0.0380541511640982,3.46944695195361E-18));
#12289=CARTESIAN_POINT('',(0.00874644802438672,-0.0380541511640982,3.46944695195361E-18));
#12290=CARTESIAN_POINT('',(0.00874644802438672,-0.0380541511640982,-0.0032));
#12291=CARTESIAN_POINT('',(0.00950903431102787,-0.0380532615381687,3.46944695195361E-18));
#12292=CARTESIAN_POINT('',(0.00950903431102787,-0.0380532615381687,-0.0032));
#12293=CARTESIAN_POINT('',(0.0101113990136971,-0.0383065014170004,3.46944695195361E-18));
#12294=CARTESIAN_POINT('',(0.0101113990136971,-0.0383065014170004,-0.0032));
#12295=CARTESIAN_POINT('',(0.0105535421323945,-0.0388138708005931,3.46944695195361E-18));
#12296=CARTESIAN_POINT('',(0.0105535421323945,-0.0388138708005931,-0.0032));
#12297=CARTESIAN_POINT('',(0.00874644802438672,-0.0380541511640982,3.46944695195361E-18));
#12298=CARTESIAN_POINT('',(0.00989032745434844,-0.038052816725204,3.46944695195361E-18));
#12299=CARTESIAN_POINT('',(0.0105535421323945,-0.0388138708005931,3.46944695195361E-18));
#12300=CARTESIAN_POINT('',(0.0105535421323945,-0.0388138708005931,3.46944695195361E-18));
#12301=CARTESIAN_POINT('',(0.0105535421323945,-0.0388138708005931,3.46944695195361E-18));
#12302=CARTESIAN_POINT('',(0.0105535421323945,-0.0388138708005931,3.46944695195361E-18));
#12303=CARTESIAN_POINT('',(0.0105535421323945,-0.0388138708005931,-0.0032));
#12304=CARTESIAN_POINT('',(0.0109956852510919,-0.0393212401841858,3.46944695195361E-18));
#12305=CARTESIAN_POINT('',(0.0109956852510919,-0.0393212401841858,-0.0032));
#12306=CARTESIAN_POINT('',(0.0112172719192125,-0.0400164755014477,3.46944695195361E-18));
#12307=CARTESIAN_POINT('',(0.0112172719192125,-0.0400164755014477,-0.0032));
#12308=CARTESIAN_POINT('',(0.0112183021367563,-0.0408995767523787,3.46944695195361E-18));
#12309=CARTESIAN_POINT('',(0.0112183021367563,-0.0408995767523787,-0.0032));
#12310=CARTESIAN_POINT('',(0.0105535421323945,-0.0388138708005931,3.46944695195361E-18));
#12311=CARTESIAN_POINT('',(0.0112167568104406,-0.0395749248759822,3.46944695195361E-18));
#12312=CARTESIAN_POINT('',(0.0112183021367563,-0.0408995767523787,3.46944695195361E-18));
#12313=CARTESIAN_POINT('',(0.0112183021367563,-0.0408995767523787,3.46944695195361E-18));
#12314=CARTESIAN_POINT('',(0.0112183021367563,-0.0408995767523787,3.46944695195361E-18));
#12315=CARTESIAN_POINT('',(0.0112183021367563,-0.0408995767523787,3.46944695195361E-18));
#12316=CARTESIAN_POINT('',(0.0112183021367563,-0.0408995767523787,-0.0032));
#12317=CARTESIAN_POINT('',(0.0112193607089114,-0.0418069835423262,3.46944695195361E-18));
#12318=CARTESIAN_POINT('',(0.0112193607089114,-0.0418069835423262,-0.0032));
#12319=CARTESIAN_POINT('',(0.01100725250386,-0.0425088011969375,3.46944695195361E-18));
#12320=CARTESIAN_POINT('',(0.01100725250386,-0.0425088011969375,-0.0032));
#12321=CARTESIAN_POINT('',(0.0105819775216022,-0.0430050297162127,3.46944695195361E-18));
#12322=CARTESIAN_POINT('',(0.0105819775216022,-0.0430050297162127,-0.0032));
#12323=CARTESIAN_POINT('',(0.0112183021367563,-0.0408995767523787,3.46944695195361E-18));
#12324=CARTESIAN_POINT('',(0.0112198899949889,-0.0422606869372999,3.46944695195361E-18));
#12325=CARTESIAN_POINT('',(0.0105819775216022,-0.0430050297162127,3.46944695195361E-18));
#12326=CARTESIAN_POINT('',(0.0105819775216022,-0.0430050297162127,3.46944695195361E-18));
#12327=CARTESIAN_POINT('',(0.0105819775216022,-0.0430050297162127,3.46944695195361E-18));
#12328=CARTESIAN_POINT('',(0.0105819775216022,-0.0430050297162127,3.46944695195361E-18));
#12329=CARTESIAN_POINT('',(0.0105819775216022,-0.0430050297162127,-0.0032));
#12330=CARTESIAN_POINT('',(0.0101567025393443,-0.0435012582354878,3.46944695195361E-18));
#12331=CARTESIAN_POINT('',(0.0101567025393443,-0.0435012582354878,-0.0032));
#12332=CARTESIAN_POINT('',(0.00955011276999043,-0.0437498320761167,3.46944695195361E-18));
#12333=CARTESIAN_POINT('',(0.00955011276999043,-0.0437498320761167,-0.0032));
#12334=CARTESIAN_POINT('',(0.00876220821354048,-0.0437507512380996,3.46944695195361E-18));
#12335=CARTESIAN_POINT('',(0.00876220821354048,-0.0437507512380996,-0.0032));
#12336=CARTESIAN_POINT('',(0.0105819775216022,-0.0430050297162127,3.46944695195361E-18));
#12337=CARTESIAN_POINT('',(0.00994406504821541,-0.0437493724951253,3.46944695195361E-18));
#12338=CARTESIAN_POINT('',(0.00876220821354048,-0.0437507512380996,3.46944695195361E-18));
#12339=CARTESIAN_POINT('',(0.00876220821354048,-0.0437507512380996,3.46944695195361E-18));
#12340=CARTESIAN_POINT('',(0.00876220821354048,-0.0437507512380996,3.46944695195361E-18));
#12341=CARTESIAN_POINT('',(0.00876220821354048,-0.0437507512380996,3.46944695195361E-18));
#12342=CARTESIAN_POINT('',(0.00876220821354048,-0.0437507512380996,-0.0032));
#12343=CARTESIAN_POINT('',(0.00827812289479617,-0.0437513159674412,3.46944695195361E-18));
#12344=CARTESIAN_POINT('',(0.00827812289479617,-0.0437513159674412,-0.0032));
#12345=CARTESIAN_POINT('',(0.00772557664354428,-0.0436648655959849,3.46944695195361E-18));
#12346=CARTESIAN_POINT('',(0.00772557664354428,-0.0436648655959849,-0.0032));
#12347=CARTESIAN_POINT('',(0.00710456945978481,-0.0434914001237306,3.46944695195361E-18));
#12348=CARTESIAN_POINT('',(0.00710456945978481,-0.0434914001237306,-0.0032));
#12349=CARTESIAN_POINT('',(0.00876220821354048,-0.0437507512380996,3.46944695195361E-18));
#12350=CARTESIAN_POINT('',(0.00803608023542402,-0.043751598332112,3.46944695195361E-18));
#12351=CARTESIAN_POINT('',(0.00710456945978481,-0.0434914001237306,3.46944695195361E-18));
#12352=CARTESIAN_POINT('',(0.00710456945978481,-0.0434914001237306,3.46944695195361E-18));
#12353=CARTESIAN_POINT('',(0.00710456945978481,-0.0434914001237306,3.46944695195361E-18));
#12354=CARTESIAN_POINT('',(0.00710498148773021,-0.0438445899875634,3.46944695195361E-18));
#12355=CARTESIAN_POINT('',(0.00710498148773021,-0.0438445899875634,3.46944695195361E-18));
#12356=CARTESIAN_POINT('',(0.00710539351567562,-0.0441977798513962,3.46944695195361E-18));
#12357=CARTESIAN_POINT('',(0.00710539351567562,-0.0441977798513962,3.46944695195361E-18));
#12358=CARTESIAN_POINT('',(0.00710539351567562,-0.0441977798513962,3.46944695195361E-18));
#12359=CARTESIAN_POINT('',(0.00710539351567562,-0.0441977798513962,-0.0032));
#12360=CARTESIAN_POINT('',(0.00758665212018546,-0.0443784974782119,3.46944695195361E-18));
#12361=CARTESIAN_POINT('',(0.00758665212018546,-0.0443784974782119,-0.0032));
#12362=CARTESIAN_POINT('',(0.00818021810357509,-0.0444684445590349,3.46944695195361E-18));
#12363=CARTESIAN_POINT('',(0.00818021810357509,-0.0444684445590349,-0.0032));
#12364=CARTESIAN_POINT('',(0.00888609146584451,-0.0444676210938652,3.46944695195361E-18));
#12365=CARTESIAN_POINT('',(0.00888609146584451,-0.0444676210938652,-0.0032));
#12366=CARTESIAN_POINT('',(0.00710539351567562,-0.0441977798513962,3.46944695195361E-18));
#12367=CARTESIAN_POINT('',(0.00782728142244038,-0.0444688562916198,3.46944695195361E-18));
#12368=CARTESIAN_POINT('',(0.00888609146584451,-0.0444676210938652,3.46944695195361E-18));
#12369=CARTESIAN_POINT('',(0.00888609146584451,-0.0444676210938652,3.46944695195361E-18));
#12370=CARTESIAN_POINT('',(0.00888609146584451,-0.0444676210938652,3.46944695195361E-18));
#12371=CARTESIAN_POINT('',(0.00888609146584451,-0.0444676210938652,3.46944695195361E-18));
#12372=CARTESIAN_POINT('',(0.00888609146584451,-0.0444676210938652,-0.0032));
#12373=CARTESIAN_POINT('',(0.0099079368353278,-0.0444664290187486,3.46944695195361E-18));
#12374=CARTESIAN_POINT('',(0.0099079368353278,-0.0444664290187486,-0.0032));
#12375=CARTESIAN_POINT('',(0.0106962388278569,-0.0441551069828282,3.46944695195361E-18));
#12376=CARTESIAN_POINT('',(0.0106962388278569,-0.0441551069828282,-0.0032));
#12377=CARTESIAN_POINT('',(0.0112509974434319,-0.0435336549861041,3.46944695195361E-18));
#12378=CARTESIAN_POINT('',(0.0112509974434319,-0.0435336549861041,-0.0032));
#12379=CARTESIAN_POINT('',(0.00888609146584451,-0.0444676210938652,3.46944695195361E-18));
#12380=CARTESIAN_POINT('',(0.0104188595200694,-0.0444658329811904,3.46944695195361E-18));
#12381=CARTESIAN_POINT('',(0.0112509974434319,-0.0435336549861041,3.46944695195361E-18));
#12382=CARTESIAN_POINT('',(0.0112509974434319,-0.0435336549861041,3.46944695195361E-18));
#12383=CARTESIAN_POINT('',(0.0112509974434319,-0.0435336549861041,3.46944695195361E-18));
#12384=CARTESIAN_POINT('',(0.0112509974434319,-0.0435336549861041,3.46944695195361E-18));
#12385=CARTESIAN_POINT('',(0.0112509974434319,-0.0435336549861041,-0.0032));
#12386=CARTESIAN_POINT('',(0.0118057560590068,-0.0429122029893799,3.46944695195361E-18));
#12387=CARTESIAN_POINT('',(0.0118057560590068,-0.0429122029893799,-0.0032));
#12388=CARTESIAN_POINT('',(0.0120824690334288,-0.0420302968241312,3.46944695195361E-18));
#12389=CARTESIAN_POINT('',(0.0120824690334288,-0.0420302968241312,-0.0032));
#12390=CARTESIAN_POINT('',(0.0120811363666979,-0.040887936490358,3.46944695195361E-18));
#12391=CARTESIAN_POINT('',(0.0120811363666979,-0.040887936490358,-0.0032));
#12392=CARTESIAN_POINT('',(0.0112509974434319,-0.0435336549861041,3.46944695195361E-18));
#12393=CARTESIAN_POINT('',(0.0120831353667943,-0.0426014769910178,3.46944695195361E-18));
#12394=CARTESIAN_POINT('',(0.0120811363666979,-0.040887936490358,3.46944695195361E-18));
#12395=CARTESIAN_POINT('',(0.0120811363666979,-0.040887936490358,3.46944695195361E-18));
#12396=CARTESIAN_POINT('',(0.0120811363666979,-0.040887936490358,3.46944695195361E-18));
#12397=CARTESIAN_POINT('',(0.0120811363666979,-0.040887936490358,3.46944695195361E-18));
#12398=CARTESIAN_POINT('',(0.0120811363666979,-0.040887936490358,-0.0032));
#12399=CARTESIAN_POINT('',(0.0120803022685489,-0.0401729485509574,3.46944695195361E-18));
#12400=CARTESIAN_POINT('',(0.0120803022685489,-0.0401729485509574,-0.0032));
#12401=CARTESIAN_POINT('',(0.0119458910819965,-0.0395467305062497,3.46944695195361E-18));
#12402=CARTESIAN_POINT('',(0.0119458910819965,-0.0395467305062497,-0.0032));
#12403=CARTESIAN_POINT('',(0.0116779028070406,-0.039009282356235,3.46944695195361E-18));
#12404=CARTESIAN_POINT('',(0.0116779028070406,-0.039009282356235,-0.0032));
#12405=CARTESIAN_POINT('',(0.0120811363666979,-0.040887936490358,3.46944695195361E-18));
#12406=CARTESIAN_POINT('',(0.0120798852194744,-0.0398154545812571,3.46944695195361E-18));
#12407=CARTESIAN_POINT('',(0.0116779028070406,-0.039009282356235,3.46944695195361E-18));
#12408=CARTESIAN_POINT('',(0.0116779028070406,-0.039009282356235,3.46944695195361E-18));
#12409=CARTESIAN_POINT('',(0.0116779028070406,-0.039009282356235,3.46944695195361E-18));
#12410=CARTESIAN_POINT('',(0.0116779028070406,-0.039009282356235,3.46944695195361E-18));
#12411=CARTESIAN_POINT('',(0.0116779028070406,-0.039009282356235,-0.0032));
#12412=CARTESIAN_POINT('',(0.0114099145320847,-0.0384718342062203,3.46944695195361E-18));
#12413=CARTESIAN_POINT('',(0.0114099145320847,-0.0384718342062203,-0.0032));
#12414=CARTESIAN_POINT('',(0.0110233274123057,-0.0380578245542651,3.46944695195361E-18));
#12415=CARTESIAN_POINT('',(0.0110233274123057,-0.0380578245542651,-0.0032));
#12416=CARTESIAN_POINT('',(0.0105181414477037,-0.0377672534003693,3.46944695195361E-18));
#12417=CARTESIAN_POINT('',(0.0105181414477037,-0.0377672534003693,-0.0032));
#12418=CARTESIAN_POINT('',(0.0116779028070406,-0.039009282356235,3.46944695195361E-18));
#12419=CARTESIAN_POINT('',(0.0112759203946067,-0.0382031101312129,3.46944695195361E-18));
#12420=CARTESIAN_POINT('',(0.0105181414477037,-0.0377672534003693,3.46944695195361E-18));
#12421=CARTESIAN_POINT('',(0.0105181414477037,-0.0377672534003693,3.46944695195361E-18));
#12422=CARTESIAN_POINT('',(0.0105181414477037,-0.0377672534003693,3.46944695195361E-18));
#12423=CARTESIAN_POINT('',(0.0105181414477037,-0.0377672534003693,3.46944695195361E-18));
#12424=CARTESIAN_POINT('',(0.0105181414477037,-0.0377672534003693,-0.0032));
#12425=CARTESIAN_POINT('',(0.0100129554831017,-0.0374766822464735,3.46944695195361E-18));
#12426=CARTESIAN_POINT('',(0.0100129554831017,-0.0374766822464735,-0.0032));
#12427=CARTESIAN_POINT('',(0.00941856585838185,-0.037331795406247,3.46944695195361E-18));
#12428=CARTESIAN_POINT('',(0.00941856585838185,-0.037331795406247,-0.0032));
#12429=CARTESIAN_POINT('',(0.00873497257354416,-0.0373325928796897,3.46944695195361E-18));
#12430=CARTESIAN_POINT('',(0.00873497257354416,-0.0373325928796897,-0.0032));
#12431=CARTESIAN_POINT('',(0.0105181414477037,-0.0377672534003693,3.46944695195361E-18));
#12432=CARTESIAN_POINT('',(0.00976036250080069,-0.0373313966695256,3.46944695195361E-18));
#12433=CARTESIAN_POINT('',(0.00873497257354416,-0.0373325928796897,3.46944695195361E-18));
#12434=CARTESIAN_POINT('',(0.00873497257354416,-0.0373325928796897,3.46944695195361E-18));
#12435=CARTESIAN_POINT('',(0.00873497257354416,-0.0373325928796897,3.46944695195361E-18));
#12436=CARTESIAN_POINT('',(0.00873497257354416,-0.0373325928796897,3.46944695195361E-18));
#12437=CARTESIAN_POINT('',(0.00873497257354416,-0.0373325928796897,-0.0032));
#12438=CARTESIAN_POINT('',(0.00800783186463535,-0.0373334411551443,3.46944695195361E-18));
#12439=CARTESIAN_POINT('',(0.00800783186463535,-0.0373334411551443,-0.0032));
#12440=CARTESIAN_POINT('',(0.00737199169595821,-0.0374668508346047,3.46944695195361E-18));
#12441=CARTESIAN_POINT('',(0.00737199169595821,-0.0374668508346047,-0.0032));
#12442=CARTESIAN_POINT('',(0.00682745206751276,-0.0377328219180708,3.46944695195361E-18));
#12443=CARTESIAN_POINT('',(0.00682745206751276,-0.0377328219180708,-0.0032));
#12444=CARTESIAN_POINT('',(0.00873497257354416,-0.0373325928796897,3.46944695195361E-18));
#12445=CARTESIAN_POINT('',(0.00764426151018094,-0.0373338652928716,3.46944695195361E-18));
#12446=CARTESIAN_POINT('',(0.00682745206751276,-0.0377328219180708,3.46944695195361E-18));
#12447=CARTESIAN_POINT('',(0.00682745206751276,-0.0377328219180708,3.46944695195361E-18));
#12448=CARTESIAN_POINT('',(0.00682745206751276,-0.0377328219180708,3.46944695195361E-18));
#12449=CARTESIAN_POINT('',(0.0140400055853153,-0.0408810939973382,3.46944695195361E-18));
#12450=CARTESIAN_POINT('',(0.0140400055853153,-0.0408810939973382,3.46944695195361E-18));
#12451=CARTESIAN_POINT('',(-0.0371395168633764,-0.0224855081931411,0.));
#12452=CARTESIAN_POINT('',(-0.0371395168633764,-0.0224855081931411,0.));
#12453=CARTESIAN_POINT('',(-0.0416001521103445,-0.00681525865325801,4.29302235201364E-16));
#12454=CARTESIAN_POINT('',(-0.0416001521103445,-0.00681525865325801,-3.8099589340492E-18));
#12455=CARTESIAN_POINT('',(-0.0356044827392554,-0.0132987622854044,-3.46943943376482E-18));
#12456=CARTESIAN_POINT('',(-0.0356044827392554,-0.0132987622854044,-2.99045955214503E-18));
#12457=CARTESIAN_POINT('',(-0.0379956208172952,-0.000269694923108568,-3.46944695195361E-18));
#12458=CARTESIAN_POINT('',(-0.0379956208172952,-0.000269694923108568,-3.46944695195361E-18));
#12459=CARTESIAN_POINT('',(0.0271216047426966,0.0244585352689845,6.93889390390723E-18));
#12460=CARTESIAN_POINT('',(0.0271216047426966,0.0244585352689845,6.93889390390723E-18));
#12461=CARTESIAN_POINT('',(-0.0205475305784839,0.031896002931147,0.));
#12462=CARTESIAN_POINT('',(-0.0205475305784839,0.031896002931147,0.));
#12463=CARTESIAN_POINT('',(0.0371157635836808,-0.0244178303887372,6.93889390390723E-18));
#12464=CARTESIAN_POINT('',(0.0371157635836808,-0.0244178303887372,6.93889390390723E-18));
#12465=CARTESIAN_POINT('',(0.0328770699111567,0.030259036198308,6.93889390390723E-18));
#12466=CARTESIAN_POINT('',(0.0328770699111567,0.030259036198308,6.93889390390723E-18));
#12467=CARTESIAN_POINT('',(0.0290612406813412,0.0302545846881188,6.4715893601799E-18));
#12468=CARTESIAN_POINT('',(-0.0359494489605555,0.0154021906313566,-2.79382336974704E-37));
#12469=CARTESIAN_POINT('',(-0.0359494489605555,0.0154021906313566,-0.0032));
#12470=CARTESIAN_POINT('',(-0.0362095575002945,0.0161300416218706,-2.79382336974704E-37));
#12471=CARTESIAN_POINT('',(-0.0362095575002945,0.0161300416218706,-0.0032));
#12472=CARTESIAN_POINT('',(-0.0364886426913282,0.0166305121021009,-2.79382336974704E-37));
#12473=CARTESIAN_POINT('',(-0.0364886426913282,0.0166305121021009,-0.0032));
#12474=CARTESIAN_POINT('',(-0.0367867045336568,0.0169036020720476,-2.79382336974704E-37));
#12475=CARTESIAN_POINT('',(-0.0367867045336568,0.0169036020720476,-0.0032));
#12476=CARTESIAN_POINT('',(-0.0359494489605555,0.0154021906313566,0.));
#12477=CARTESIAN_POINT('',(-0.0363396117701639,0.0164939671171276,0.));
#12478=CARTESIAN_POINT('',(-0.0367867045336568,0.0169036020720476,0.));
#12479=CARTESIAN_POINT('',(-0.0382530725461451,0.0081640382529973,-3.46944695195361E-18));
#12480=CARTESIAN_POINT('',(-0.0382530725461451,0.0081640382529973,-0.0032));
#12481=CARTESIAN_POINT('',(-0.0385660063609819,0.00816367318737686,-3.46944695195361E-18));
#12482=CARTESIAN_POINT('',(-0.0385660063609819,0.00816367318737686,-0.0032));
#12483=CARTESIAN_POINT('',(-0.0388063635774646,0.00823782860346766,-3.46944695195361E-18));
#12484=CARTESIAN_POINT('',(-0.0388063635774646,0.00823782860346766,-0.0032));
#12485=CARTESIAN_POINT('',(-0.038974144195593,0.00838650450126969,-3.46944695195361E-18));
#12486=CARTESIAN_POINT('',(-0.038974144195593,0.00838650450126969,-0.0032));
#12487=CARTESIAN_POINT('',(-0.0382530725461451,0.0081640382529973,-3.46944695195361E-18));
#12488=CARTESIAN_POINT('',(-0.0387224732684004,0.00816349065456664,-3.46944695195361E-18));
#12489=CARTESIAN_POINT('',(-0.038974144195593,0.00838650450126969,-3.46944695195361E-18));
#12490=CARTESIAN_POINT('',(-0.0380815801926616,0.00570178004150899,-3.46944695195361E-18));
#12491=CARTESIAN_POINT('',(-0.0380815801926616,0.00570178004150899,-3.46944695195361E-18));
#12492=CARTESIAN_POINT('',(-0.0397647064971753,-0.00604737029068055,-3.46944695195361E-18));
#12493=CARTESIAN_POINT('',(-0.0397647064971753,-0.00604737029068055,-3.46944695195361E-18));
#12494=CARTESIAN_POINT('',(-0.0223709433555933,-0.0444083820641151,0.));
#12495=CARTESIAN_POINT('',(-0.0223709433555933,-0.0444083820641151,0.));
#12496=CARTESIAN_POINT('',(-0.0185224572462167,-0.0397227911811119,0.));
#12497=CARTESIAN_POINT('',(-0.0185224572462167,-0.0397227911811119,0.));
#12498=CARTESIAN_POINT('',(-0.0129058812101252,-0.0440319970818374,0.));
#12499=CARTESIAN_POINT('',(-0.0129058812101252,-0.0440319970818374,0.));
#12500=CARTESIAN_POINT('',(-0.00762862275740469,-0.0380960406402054,3.46944695195361E-18));
#12501=CARTESIAN_POINT('',(-0.00762862275740469,-0.0380960406402054,3.46944695195361E-18));
#12502=CARTESIAN_POINT('',(0.00207181210896716,-0.0389468124651247,3.46944695195361E-18));
#12503=CARTESIAN_POINT('',(0.00207181210896716,-0.0389468124651247,3.46944695195361E-18));
#12504=CARTESIAN_POINT('',(0.00699875444193315,-0.0380789764806946,3.46944695195361E-18));
#12505=CARTESIAN_POINT('',(0.00699875444193315,-0.0380789764806946,3.46944695195361E-18));
#12506=CARTESIAN_POINT('',(0.0201761607080526,-0.0374179870847578,6.93889390390723E-18));
#12507=CARTESIAN_POINT('',(0.0201761607080526,-0.0374179870847578,6.93889390390723E-18));
#12508=CARTESIAN_POINT('',(1.06580524048966E-5,-0.00355297604902423,3.46944695195361E-18));
#12509=CARTESIAN_POINT('',(-0.0295629287972884,0.00192613232684286,0.01585));
#12510=CARTESIAN_POINT('',(-0.0300249029275294,-0.030669872001037,0.00585000040985074));
#12511=CARTESIAN_POINT('',(-0.0298582365690107,-0.0306695274304817,0.00918333335145807));
#12512=CARTESIAN_POINT('',(-0.029691570210492,-0.0306691828599263,0.0125166662930654));
#12513=CARTESIAN_POINT('',(-0.0295249038519733,-0.0306688382893709,0.0158499992346727));
#12514=CARTESIAN_POINT('',(-0.0295483012887936,-0.0106117723663401,0.0158500181558386));
#12515=CARTESIAN_POINT('',(-0.0297149759900962,-0.0106049669584008,0.0125166851804961));
#12516=CARTESIAN_POINT('',(-0.0298816506913987,-0.0105981615504614,0.00918335220515367));
#12517=CARTESIAN_POINT('',(-0.0300483253927013,-0.010591356142522,0.00585001922981121));
#12518=CARTESIAN_POINT('',(-0.018873688870424,0.00308827736393088,0.01585));
#12519=CARTESIAN_POINT('',(-0.0188500945948807,0.0030729443058083,0.01585));
#12520=CARTESIAN_POINT('',(-0.0188264960119378,0.00305761631410233,0.01585));
#12521=CARTESIAN_POINT('',(-0.0187873152519224,0.00303213106952751,0.01585));
#12522=CARTESIAN_POINT('',(-0.0187717005481384,0.00302201208787811,0.01585));
#12523=CARTESIAN_POINT('',(-0.0187405285519519,0.00300170656171407,0.01585));
#12524=CARTESIAN_POINT('',(-0.0187248479659883,0.00299166541229701,0.01585));
#12525=CARTESIAN_POINT('',(-0.0186783894898489,0.00296085389043368,0.01585));
#12526=CARTESIAN_POINT('',(-0.0186503033419736,0.00293692118230971,0.01585));
#12527=CARTESIAN_POINT('',(-0.0185954564521268,0.00288749584789245,0.01585));
#12528=CARTESIAN_POINT('',(-0.0185691115263144,0.00286151551991117,0.01585));
#12529=CARTESIAN_POINT('',(-0.0184916513903893,0.00278172149019409,0.01585));
#12530=CARTESIAN_POINT('',(-0.0184428840919755,0.00272543277010827,0.01585));
#12531=CARTESIAN_POINT('',(-0.0183010796671976,0.0025495750487771,0.01585));
#12532=CARTESIAN_POINT('',(-0.0182148401145973,0.00242551312148902,0.01585));
#12533=CARTESIAN_POINT('',(-0.0180600309378021,0.00217015654490749,0.01585));
#12534=CARTESIAN_POINT('',(-0.0179924018761465,0.00203733369202493,0.01585));
#12535=CARTESIAN_POINT('',(-0.0178304455515591,0.00161504355820626,0.01585));
#12536=CARTESIAN_POINT('',(-0.017769693543863,0.00131770095521359,0.01585));
#12537=CARTESIAN_POINT('',(-0.0176605773114719,0.000729987610597329,0.01585));
#12538=CARTESIAN_POINT('',(-0.0176174118009338,0.000433685860833237,0.01585));
#12539=CARTESIAN_POINT('',(-0.0175397507261601,-0.000159369697568233,0.01585));
#12540=CARTESIAN_POINT('',(-0.0175067756175866,-0.000456770326021787,0.01585));
#12541=CARTESIAN_POINT('',(-0.0174181520883533,-0.00135029583548498,0.01585));
#12542=CARTESIAN_POINT('',(-0.0173813099614185,-0.00195073986737856,0.01585));
#12543=CARTESIAN_POINT('',(-0.0174083995153691,-0.00314574056477168,0.01585));
#12544=CARTESIAN_POINT('',(-0.0174355418373598,-0.00374332197620563,0.01585));
#12545=CARTESIAN_POINT('',(-0.0175063024101438,-0.00463848096053837,0.01585));
#12546=CARTESIAN_POINT('',(-0.0175327112337891,-0.00493661552087153,0.01585));
#12547=CARTESIAN_POINT('',(-0.017604939790614,-0.00552971891330938,0.01585));
#12548=CARTESIAN_POINT('',(-0.0176507066253369,-0.00582437394092485,0.01585));
#12549=CARTESIAN_POINT('',(-0.0178001910659966,-0.00640646809249183,0.01585));
#12550=CARTESIAN_POINT('',(-0.0178972405837174,-0.00669322118934322,0.01585));
#12551=CARTESIAN_POINT('',(-0.0181379886418936,-0.00723503038422408,0.01585));
#12552=CARTESIAN_POINT('',(-0.018282275244692,-0.00750632093600822,0.01585));
#12553=CARTESIAN_POINT('',(-0.0186136075600264,-0.00782423840168139,0.01585));
#12554=CARTESIAN_POINT('',(-0.0187449572743939,-0.00790769647111724,0.01585));
#12555=CARTESIAN_POINT('',(-0.0190262798390496,-0.00802046538281479,0.01585));
#12556=CARTESIAN_POINT('',(-0.0191774646532406,-0.00805599207508186,0.01585));
#12557=CARTESIAN_POINT('',(-0.0194768552822315,-0.00810033766573904,0.01585));
#12558=CARTESIAN_POINT('',(-0.0196277433777969,-0.00810953163694284,0.01585));
#12559=CARTESIAN_POINT('',(-0.0199312834030662,-0.00809507949665658,0.01585));
#12560=CARTESIAN_POINT('',(-0.0200843125725301,-0.00806502369834008,0.01585));
#12561=CARTESIAN_POINT('',(-0.02037486131477,-0.00797559201593463,0.01585));
#12562=CARTESIAN_POINT('',(-0.0205175721856686,-0.0079207400316523,0.01585));
#12563=CARTESIAN_POINT('',(-0.0207946811703819,-0.00778899307773845,0.01585));
#12564=CARTESIAN_POINT('',(-0.0209245218409401,-0.00771114996900372,0.01585));
#12565=CARTESIAN_POINT('',(-0.0211720841667168,-0.00753798242219471,0.01585));
#12566=CARTESIAN_POINT('',(-0.0212913498615433,-0.00744501045456193,0.01585));
#12567=CARTESIAN_POINT('',(-0.0215241482972523,-0.00725098191800287,0.01585));
#12568=CARTESIAN_POINT('',(-0.0216358985992862,-0.00714735129503082,0.01585));
#12569=CARTESIAN_POINT('',(-0.0219624594918566,-0.0068249498150206,0.01585));
#12570=CARTESIAN_POINT('',(-0.0221815425960363,-0.0066119343650028,0.01585));
#12571=CARTESIAN_POINT('',(-0.0226481366046184,-0.00622389898000155,0.01585));
#12572=CARTESIAN_POINT('',(-0.0228973181543992,-0.00605022243344763,0.01585));
#12573=CARTESIAN_POINT('',(-0.0234308319480128,-0.00575367590068194,0.01585));
#12574=CARTESIAN_POINT('',(-0.0237200477473237,-0.00562679104898971,0.01585));
#12575=CARTESIAN_POINT('',(-0.0243083406772553,-0.00544215746494982,0.01585));
#12576=CARTESIAN_POINT('',(-0.0246152955490616,-0.00538063444485796,0.01585));
#12577=CARTESIAN_POINT('',(-0.0252348307559853,-0.00533766486265257,0.01585));
#12578=CARTESIAN_POINT('',(-0.025538933169346,-0.00535622271176806,0.01585));
#12579=CARTESIAN_POINT('',(-0.0261489524000853,-0.00549973162202128,0.01585));
#12580=CARTESIAN_POINT('',(-0.0264298033511922,-0.00563434714857412,0.01585));
#12581=CARTESIAN_POINT('',(-0.0269824861050247,-0.00590858042481623,0.01585));
#12582=CARTESIAN_POINT('',(-0.0272677629540766,-0.00603840020487613,0.01585));
#12583=CARTESIAN_POINT('',(-0.0277669478062952,-0.00640254681627105,0.01585));
#12584=CARTESIAN_POINT('',(-0.0279740385219147,-0.00662365465411853,0.01585));
#12585=CARTESIAN_POINT('',(-0.0283733994133899,-0.00708319942356847,0.01585));
#12586=CARTESIAN_POINT('',(-0.0285654794742489,-0.00732491196643762,0.01585));
#12587=CARTESIAN_POINT('',(-0.0288984720852126,-0.00783343304655983,0.01585));
#12588=CARTESIAN_POINT('',(-0.0290374380891885,-0.00810203300138515,0.01585));
#12589=CARTESIAN_POINT('',(-0.0292638558097451,-0.00867230850880386,0.01585));
#12590=CARTESIAN_POINT('',(-0.0293442970855007,-0.0089670705962698,0.01585));
#12591=CARTESIAN_POINT('',(-0.0294508555069826,-0.00955677240483219,0.01585));
#12592=CARTESIAN_POINT('',(-0.0294830899366154,-0.00985467736616964,0.01585));
#12593=CARTESIAN_POINT('',(-0.0295281593653839,-0.0103672890933468,0.01585));
#12594=CARTESIAN_POINT('',(-0.0295460172666088,-0.0105820325087071,0.01585));
#12595=CARTESIAN_POINT('',(-0.0295634285942955,-0.0107968516870326,0.01585));
#12596=CARTESIAN_POINT('',(-0.0191462699944518,0.0026691131707332,0.00585));
#12597=CARTESIAN_POINT('',(-0.019122470133038,0.00265364416209893,0.00585));
#12598=CARTESIAN_POINT('',(-0.0190979895316154,0.00263773290625262,0.00585));
#12599=CARTESIAN_POINT('',(-0.0190604537736607,0.00261333547415102,0.00585));
#12600=CARTESIAN_POINT('',(-0.0190424910448231,0.00260166114339489,0.00585));
#12601=CARTESIAN_POINT('',(-0.0190147056640256,0.00258360040806746,0.00585));
#12602=CARTESIAN_POINT('',(-0.0189917367832974,0.00256862754184563,0.00585));
#12603=CARTESIAN_POINT('',(-0.0189818715822734,0.00256234289290782,0.00585));
#12604=CARTESIAN_POINT('',(-0.0189749170129307,0.00255645003766982,0.00585));
#12605=CARTESIAN_POINT('',(-0.0189408380182705,0.0025256015958022,0.00585));
#12606=CARTESIAN_POINT('',(-0.0189216202185283,0.00250708151257049,0.00585));
#12607=CARTESIAN_POINT('',(-0.0188650940610398,0.0024480330749396,0.00585));
#12608=CARTESIAN_POINT('',(-0.0188240640700225,0.00240158108880055,0.00585));
#12609=CARTESIAN_POINT('',(-0.0187059143066966,0.00225512302292501,0.00585));
#12610=CARTESIAN_POINT('',(-0.0186310448095744,0.00214781639447495,0.00585));
#12611=CARTESIAN_POINT('',(-0.0184995407198975,0.00193040498104741,0.00585));
#12612=CARTESIAN_POINT('',(-0.0184471996184956,0.00182699956049644,0.00585));
#12613=CARTESIAN_POINT('',(-0.0183203871142512,0.0014959933270621,0.00585));
#12614=CARTESIAN_POINT('',(-0.0182587975408176,0.00121483896525777,0.00585));
#12615=CARTESIAN_POINT('',(-0.0181550008261919,0.00065209110482085,0.00585));
#12616=CARTESIAN_POINT('',(-0.0181123628095361,0.00036259897334201,0.00585));
#12617=CARTESIAN_POINT('',(-0.0180363535554979,-0.000217978555829323,0.00585));
#12618=CARTESIAN_POINT('',(-0.0180039061075224,-0.000509568365160666,0.00585));
#12619=CARTESIAN_POINT('',(-0.0179168070834093,-0.00139030845133694,0.00585));
#12620=CARTESIAN_POINT('',(-0.0178817232964711,-0.00195732485262423,0.00585));
#12621=CARTESIAN_POINT('',(-0.0179078280423929,-0.00312137213667361,0.00585));
#12622=CARTESIAN_POINT('',(-0.017935158269551,-0.00371542222760753,0.00585));
#12623=CARTESIAN_POINT('',(-0.018004278105395,-0.00459481814586244,0.00585));
#12624=CARTESIAN_POINT('',(-0.0180303808324481,-0.00488712198694974,0.00585));
#12625=CARTESIAN_POINT('',(-0.0180999041353746,-0.00545806025215699,0.00585));
#12626=CARTESIAN_POINT('',(-0.0181430315510446,-0.00573097267229309,0.00585));
#12627=CARTESIAN_POINT('',(-0.0182768755783514,-0.0062528456599414,0.00585));
#12628=CARTESIAN_POINT('',(-0.0183677458042482,-0.00651920253814937,0.00585));
#12629=CARTESIAN_POINT('',(-0.0185823348854993,-0.00700525849743151,0.00585));
#12630=CARTESIAN_POINT('',(-0.0187075436090784,-0.00722424493179393,0.00585));
#12631=CARTESIAN_POINT('',(-0.0189149563082442,-0.00741908820614408,0.00585));
#12632=CARTESIAN_POINT('',(-0.0189848132326184,-0.00746458014069114,0.00585));
#12633=CARTESIAN_POINT('',(-0.0191620328554361,-0.00753680347752767,0.00585));
#12634=CARTESIAN_POINT('',(-0.0192778746810584,-0.00756529933260677,0.00585));
#12635=CARTESIAN_POINT('',(-0.0195237760516664,-0.00760194313391482,0.00585));
#12636=CARTESIAN_POINT('',(-0.0196443069425806,-0.00760830237347275,0.00585));
#12637=CARTESIAN_POINT('',(-0.0198636863126972,-0.00759761181947535,0.00585));
#12638=CARTESIAN_POINT('',(-0.0199666627120896,-0.00757781286498659,0.00585));
#12639=CARTESIAN_POINT('',(-0.0202032305272093,-0.00750555851961468,0.00585));
#12640=CARTESIAN_POINT('',(-0.0203280208442581,-0.0074575075567184,0.00585));
#12641=CARTESIAN_POINT('',(-0.0205529466654892,-0.00735001021320045,0.00585));
#12642=CARTESIAN_POINT('',(-0.0206545244320357,-0.00728970549270408,0.00585));
#12643=CARTESIAN_POINT('',(-0.0208704680672567,-0.00713890389634566,0.00585));
#12644=CARTESIAN_POINT('',(-0.0209799374682809,-0.00705381057317224,0.00585));
#12645=CARTESIAN_POINT('',(-0.0211934794101029,-0.00687554523012082,0.00585));
#12646=CARTESIAN_POINT('',(-0.0212893441619128,-0.00678683561756046,0.00585));
#12647=CARTESIAN_POINT('',(-0.0216070388670953,-0.00647332750327243,0.00585));
#12648=CARTESIAN_POINT('',(-0.0218417557471726,-0.00624423905036247,0.00585));
#12649=CARTESIAN_POINT('',(-0.022348493141673,-0.00582274523511225,0.00585));
#12650=CARTESIAN_POINT('',(-0.0226260580621024,-0.00562889007692848,0.00585));
#12651=CARTESIAN_POINT('',(-0.0232160934672852,-0.00530104865457737,0.00585));
#12652=CARTESIAN_POINT('',(-0.0235352783519124,-0.00516073754928003,0.00585));
#12653=CARTESIAN_POINT('',(-0.0241933557752396,-0.00495419452812708,0.00585));
#12654=CARTESIAN_POINT('',(-0.0245374925525056,-0.00488483228065672,0.00585));
#12655=CARTESIAN_POINT('',(-0.025243308548685,-0.00483587291294261,0.00585));
#12656=CARTESIAN_POINT('',(-0.025600223878179,-0.00485771300907208,0.00585));
#12657=CARTESIAN_POINT('',(-0.0263202136551199,-0.00502565735194098,0.00585));
#12658=CARTESIAN_POINT('',(-0.026665207987986,-0.0051925198900812,0.00585));
#12659=CARTESIAN_POINT('',(-0.0271883256749087,-0.00545302061516453,0.00585));
#12660=CARTESIAN_POINT('',(-0.0275157993235126,-0.00560022481245131,0.00585));
#12661=CARTESIAN_POINT('',(-0.0281080221818947,-0.00603266990216863,0.00585));
#12662=CARTESIAN_POINT('',(-0.0283433851893105,-0.00628626119644269,0.00585));
#12663=CARTESIAN_POINT('',(-0.0287588003194275,-0.00676457756099904,0.00585));
#12664=CARTESIAN_POINT('',(-0.0289658376971627,-0.00702380633287117,0.00585));
#12665=CARTESIAN_POINT('',(-0.029335203744039,-0.00758747330022357,0.00585));
#12666=CARTESIAN_POINT('',(-0.0294898409899388,-0.00788648911379355,0.00585));
#12667=CARTESIAN_POINT('',(-0.0297411310639224,-0.00851947958489804,0.00585));
#12668=CARTESIAN_POINT('',(-0.0298315878512364,-0.00885133925023361,0.00585));
#12669=CARTESIAN_POINT('',(-0.0299474222705563,-0.00949355023170468,0.00585));
#12670=CARTESIAN_POINT('',(-0.0299806895801542,-0.00980546870476094,0.00585));
#12671=CARTESIAN_POINT('',(-0.0300264603136292,-0.0103260171497014,0.00585));
#12672=CARTESIAN_POINT('',(-0.0300444250832461,-0.0105419830643681,0.00585));
#12673=CARTESIAN_POINT('',(-0.0300618611625578,-0.0107571015546386,0.00585));
#12674=CARTESIAN_POINT('',(-0.0187429997812465,0.00300334547653413,0.01585));
#12675=CARTESIAN_POINT('',(-0.0188925476879459,0.00273446457124,0.00971068099063701));
#12676=CARTESIAN_POINT('',(-0.0189739888796837,0.00258860546070467,0.00637734765730368));
#12677=CARTESIAN_POINT('',(-0.0189869722477449,0.00256556739151618,0.00585));
#12678=CARTESIAN_POINT('',(-0.0297715622096931,-0.030774470050098,0.0109));
#12679=CARTESIAN_POINT('',(-0.0300234426994541,-0.0308676659856306,0.00584998506374548));
#12680=CARTESIAN_POINT('',(-0.0298567319154577,-0.0308732069027297,0.00918331166221157));
#12681=CARTESIAN_POINT('',(-0.0296900211314612,-0.0308787478198287,0.0125166382606777));
#12682=CARTESIAN_POINT('',(-0.0295233103474647,-0.0308842887369278,0.0158499648591438));
#12683=CARTESIAN_POINT('',(-0.0295927344901375,0.00602179561917127,0.01585));
#12684=CARTESIAN_POINT('',(-0.0295954658966477,0.00589254263086665,0.01585));
#12685=CARTESIAN_POINT('',(-0.0295978218600073,0.00576330971263595,0.01585));
#12686=CARTESIAN_POINT('',(-0.0296034451382304,0.00527713704421383,0.01585));
#12687=CARTESIAN_POINT('',(-0.0295761125038705,0.00492118511675203,0.01585));
#12688=CARTESIAN_POINT('',(-0.0294873096072976,0.00421369866848569,0.01585));
#12689=CARTESIAN_POINT('',(-0.0294274332453817,0.00385568430141687,0.01585));
#12690=CARTESIAN_POINT('',(-0.0292186330814048,0.00316769720832394,0.01585));
#12691=CARTESIAN_POINT('',(-0.0290863957902145,0.00283775269086536,0.01585));
#12692=CARTESIAN_POINT('',(-0.0287501162200622,0.00220147409451972,0.01585));
#12693=CARTESIAN_POINT('',(-0.028537391124607,0.00190576004824229,0.01585));
#12694=CARTESIAN_POINT('',(-0.0280788968348921,0.00135928586693983,0.01585));
#12695=CARTESIAN_POINT('',(-0.0278218235764643,0.00110497128463321,0.01585));
#12696=CARTESIAN_POINT('',(-0.027239201479184,0.000673210975793538,0.01585));
#12697=CARTESIAN_POINT('',(-0.026926678338128,0.000503984954677241,0.01585));
#12698=CARTESIAN_POINT('',(-0.0262538626642057,0.000239646962813649,0.01585));
#12699=CARTESIAN_POINT('',(-0.025903373685307,0.000150330973850826,0.01585));
#12700=CARTESIAN_POINT('',(-0.0248320418020345,1.6410018925835E-5,0.01585));
#12701=CARTESIAN_POINT('',(-0.0240975432740843,0.000136687194073112,0.01585));
#12702=CARTESIAN_POINT('',(-0.0231178368106967,0.000616713298360686,0.01585));
#12703=CARTESIAN_POINT('',(-0.0228168174241416,0.000820343943907619,0.01585));
#12704=CARTESIAN_POINT('',(-0.0222721196098407,0.00128205915357088,0.01585));
#12705=CARTESIAN_POINT('',(-0.0220242117391609,0.00154283297420022,0.01585));
#12706=CARTESIAN_POINT('',(-0.0216617918054198,0.00194286286126238,0.01585));
#12707=CARTESIAN_POINT('',(-0.0215394828779305,0.00207454942219115,0.01585));
#12708=CARTESIAN_POINT('',(-0.0212812017143113,0.00232295276953582,0.01585));
#12709=CARTESIAN_POINT('',(-0.0211476599611757,0.00244247617382813,0.01585));
#12710=CARTESIAN_POINT('',(-0.0208665024980124,0.00266550526775119,0.01585));
#12711=CARTESIAN_POINT('',(-0.0207164126866248,0.00276850628434599,0.01585));
#12712=CARTESIAN_POINT('',(-0.0204036912067099,0.00294248392047342,0.01585));
#12713=CARTESIAN_POINT('',(-0.0202428261514171,0.00301778287173475,0.01585));
#12714=CARTESIAN_POINT('',(-0.0199852623956483,0.00310736349529516,0.01585));
#12715=CARTESIAN_POINT('',(-0.0198969933109311,0.00312816020647804,0.01585));
#12716=CARTESIAN_POINT('',(-0.019721516464414,0.00314695024946723,0.01585));
#12717=CARTESIAN_POINT('',(-0.0196331896968256,0.00314779830321059,0.01585));
#12718=CARTESIAN_POINT('',(-0.0194566367064384,0.0031438975686034,0.01585));
#12719=CARTESIAN_POINT('',(-0.0193683249250866,0.00313829629230315,0.01585));
#12720=CARTESIAN_POINT('',(-0.0191910887187054,0.00311982271436934,0.01585));
#12721=CARTESIAN_POINT('',(-0.0191030378068165,0.003107240379925,0.01585));
#12722=CARTESIAN_POINT('',(-0.0189737299012848,0.00308059342131189,0.01585));
#12723=CARTESIAN_POINT('',(-0.0189308754890379,0.00307087254583423,0.01585));
#12724=CARTESIAN_POINT('',(-0.0188676306184675,0.00305301298106219,0.01585));
#12725=CARTESIAN_POINT('',(-0.0188467240148109,0.00304650067889012,0.01585));
#12726=CARTESIAN_POINT('',(-0.018805439929376,0.00303178545576386,0.01585));
#12727=CARTESIAN_POINT('',(-0.0187851505838803,0.00302330195887,0.01585));
#12728=CARTESIAN_POINT('',(-0.0187452039040675,0.00300431210225336,0.01585));
#12729=CARTESIAN_POINT('',(-0.0187251649050505,0.00299502874996964,0.01585));
#12730=CARTESIAN_POINT('',(-0.0186898273821948,0.00297844441779945,0.01585));
#12731=CARTESIAN_POINT('',(-0.0186744960288008,0.00297124922592526,0.01585));
#12732=CARTESIAN_POINT('',(-0.0186591646754068,0.00296405403405107,0.01585));
#12733=CARTESIAN_POINT('',(-0.0300925673975053,0.00603407898228124,0.00585));
#12734=CARTESIAN_POINT('',(-0.0300953078040549,0.00590417773075435,0.00585));
#12735=CARTESIAN_POINT('',(-0.0300977044695904,0.00577251854805579,0.00585));
#12736=CARTESIAN_POINT('',(-0.0301037392919332,0.00526235687020222,0.00585));
#12737=CARTESIAN_POINT('',(-0.0300735953290787,0.00486925587286587,0.00585));
#12738=CARTESIAN_POINT('',(-0.0299820184853338,0.00414090572503902,0.00585));
#12739=CARTESIAN_POINT('',(-0.0299167332001872,0.00374558022579416,0.00585));
#12740=CARTESIAN_POINT('',(-0.029687233351917,0.00299069998068202,0.00585));
#12741=CARTESIAN_POINT('',(-0.0295468337997601,0.0026390373065951,0.00585));
#12742=CARTESIAN_POINT('',(-0.0291723705858719,0.00193023823611696,0.00585));
#12743=CARTESIAN_POINT('',(-0.0289377995504285,0.0016048976473864,0.00585));
#12744=CARTESIAN_POINT('',(-0.0284441909016508,0.00101695335732416,0.00585));
#12745=CARTESIAN_POINT('',(-0.0281577156856181,0.000731517338418212,0.00585));
#12746=CARTESIAN_POINT('',(-0.0274989119265362,0.000243385646361833,0.00585));
#12747=CARTESIAN_POINT('',(-0.0271482021740551,5.37833964714762E-5,0.00585));
#12748=CARTESIAN_POINT('',(-0.0263979385695701,-0.000240923647219244,0.00585));
#12749=CARTESIAN_POINT('',(-0.0260078919361484,-0.000340046304807444,0.00585));
#12750=CARTESIAN_POINT('',(-0.0248053281917036,-0.000491713646880363,0.00585));
#12751=CARTESIAN_POINT('',(-0.0239582122596201,-0.000351719657606828,0.00585));
#12752=CARTESIAN_POINT('',(-0.0228570831351263,0.000187623947144407,0.00585));
#12753=CARTESIAN_POINT('',(-0.0225206768426861,0.000415915578088104,0.00585));
#12754=CARTESIAN_POINT('',(-0.0219215928046095,0.000923715409913437,0.00585));
#12755=CARTESIAN_POINT('',(-0.021654511623874,0.00120623990279398,0.00585));
#12756=CARTESIAN_POINT('',(-0.0212929934888594,0.00160522118162554,0.00585));
#12757=CARTESIAN_POINT('',(-0.0211805939475353,0.00172595385283649,0.00585));
#12758=CARTESIAN_POINT('',(-0.0209454533262388,0.00195218820947549,0.00585));
#12759=CARTESIAN_POINT('',(-0.0208208073531219,0.00206375024239872,0.00585));
#12760=CARTESIAN_POINT('',(-0.0205728342977071,0.00226004121812169,0.00585));
#12761=CARTESIAN_POINT('',(-0.0204481760479239,0.0023452966445861,0.00585));
#12762=CARTESIAN_POINT('',(-0.0201832125700056,0.0024932502213364,0.00585));
#12763=CARTESIAN_POINT('',(-0.0200382838999382,0.00256077654056046,0.00585));
#12764=CARTESIAN_POINT('',(-0.0198483614666364,0.0026250243941128,0.00585));
#12765=CARTESIAN_POINT('',(-0.0198052054436201,0.00263483031832624,0.00585));
#12766=CARTESIAN_POINT('',(-0.0197034842103999,0.00264632865945113,0.00585));
#12767=CARTESIAN_POINT('',(-0.0196316621250105,0.00264772491063207,0.00585));
#12768=CARTESIAN_POINT('',(-0.0194811879005512,0.00264423603990715,0.00585));
#12769=CARTESIAN_POINT('',(-0.019406112592107,0.00263951870566707,0.00585));
#12770=CARTESIAN_POINT('',(-0.0192569243070239,0.00262398368091858,0.00585));
#12771=CARTESIAN_POINT('',(-0.0191847061487265,0.00261337081203581,0.00585));
#12772=CARTESIAN_POINT('',(-0.0190822027780264,0.00259254017439603,0.00585));
#12773=CARTESIAN_POINT('',(-0.0190512045818995,0.0025855204101474,0.00585));
#12774=CARTESIAN_POINT('',(-0.0190112617750706,0.00257390839564251,0.00585));
#12775=CARTESIAN_POINT('',(-0.0190038063511384,0.00257194483133232,0.00585));
#12776=CARTESIAN_POINT('',(-0.0189850516922713,0.00256472721912972,0.00585));
#12777=CARTESIAN_POINT('',(-0.0189957214237494,0.00256967987448087,0.00585));
#12778=CARTESIAN_POINT('',(-0.018959484185088,0.00255267095140163,0.00585));
#12779=CARTESIAN_POINT('',(-0.0189375904654954,0.00254239713234921,0.00585));
#12780=CARTESIAN_POINT('',(-0.0189022529426397,0.00252581280017902,0.00585));
#12781=CARTESIAN_POINT('',(-0.0188869215892457,0.00251861760830482,0.00585));
#12782=CARTESIAN_POINT('',(-0.0188715902358517,0.00251142241643063,0.00585));
#12783=CARTESIAN_POINT('',(-0.0300946384660219,0.00593178427052569,0.00585000000322145));
#12784=CARTESIAN_POINT('',(-0.0299279718611376,0.00593061344377839,0.00918333292422232));
#12785=CARTESIAN_POINT('',(-0.0297613052562532,0.0059294426170311,0.0125166658452232));
#12786=CARTESIAN_POINT('',(-0.0295946386513688,0.0059282717902838,0.0158499987662241));
#12787=CARTESIAN_POINT('',(-0.0295228712696579,-0.0308545132678184,0.01585));
#12788=CARTESIAN_POINT('',(-0.0295243975850849,-0.0308909492213207,0.01585));
#12789=CARTESIAN_POINT('',(-0.0295254480708501,-0.0309273751928433,0.01585));
#12790=CARTESIAN_POINT('',(-0.0295254393151284,-0.0310649073218984,0.01585));
#12791=CARTESIAN_POINT('',(-0.0295153480901267,-0.0311659320420476,0.01585));
#12792=CARTESIAN_POINT('',(-0.0294670491521523,-0.0314680823430206,0.01585));
#12793=CARTESIAN_POINT('',(-0.0294290705171547,-0.0316669750810852,0.01585));
#12794=CARTESIAN_POINT('',(-0.02931340325743,-0.0320537831629574,0.01585));
#12795=CARTESIAN_POINT('',(-0.0292310379889906,-0.0322445985663214,0.01585));
#12796=CARTESIAN_POINT('',(-0.0290250406821485,-0.0325904260358902,0.01585));
#12797=CARTESIAN_POINT('',(-0.0289023767367371,-0.0327498075369604,0.01585));
#12798=CARTESIAN_POINT('',(-0.0286304152329877,-0.0330478563854369,0.01585));
#12799=CARTESIAN_POINT('',(-0.028478539860802,-0.0331882427829881,0.01585));
#12800=CARTESIAN_POINT('',(-0.0281531161021598,-0.0334254810269018,0.01585));
#12801=CARTESIAN_POINT('',(-0.0279769817116333,-0.0335208151513413,0.01585));
#12802=CARTESIAN_POINT('',(-0.0276072769437095,-0.0336826539132504,0.01585));
#12803=CARTESIAN_POINT('',(-0.0274157140122994,-0.0337520514472827,0.01585));
#12804=CARTESIAN_POINT('',(-0.0270873819115829,-0.0338208447398414,0.01585));
#12805=CARTESIAN_POINT('',(-0.0269526405003687,-0.0338395373481976,0.01585));
#12806=CARTESIAN_POINT('',(-0.0268179239230121,-0.033858328845922,0.01585));
#12807=CARTESIAN_POINT('',(-0.030022561873733,-0.0308345040399141,0.00585));
#12808=CARTESIAN_POINT('',(-0.0300241808075478,-0.0308740909398116,0.00585));
#12809=CARTESIAN_POINT('',(-0.0300253384704158,-0.0309170010896243,0.00585));
#12810=CARTESIAN_POINT('',(-0.0300257160185677,-0.0311039670906372,0.00585));
#12811=CARTESIAN_POINT('',(-0.030012178254564,-0.0312281325489083,0.00585));
#12812=CARTESIAN_POINT('',(-0.0299573713967362,-0.0315623036558623,0.00585));
#12813=CARTESIAN_POINT('',(-0.0299178345404402,-0.0317767814522409,0.00585));
#12814=CARTESIAN_POINT('',(-0.0297819571358708,-0.0322330138742576,0.00585));
#12815=CARTESIAN_POINT('',(-0.0296822365264321,-0.0324644718322663,0.00585));
#12816=CARTESIAN_POINT('',(-0.0294337495534271,-0.0328810028149337,0.00585));
#12817=CARTESIAN_POINT('',(-0.0292910337166582,-0.0330656852695591,0.00585));
#12818=CARTESIAN_POINT('',(-0.0289802289916334,-0.0334062641771384,0.00585));
#12819=CARTESIAN_POINT('',(-0.0288045543943517,-0.0335689308811247,0.00585));
#12820=CARTESIAN_POINT('',(-0.0284151064144265,-0.0338536503335633,0.00585));
#12821=CARTESIAN_POINT('',(-0.028198006373055,-0.033969943725999,0.00585));
#12822=CARTESIAN_POINT('',(-0.0277888972872249,-0.0341488815534072,0.00585));
#12823=CARTESIAN_POINT('',(-0.027565241290646,-0.0342320055843715,0.00585));
#12824=CARTESIAN_POINT('',(-0.027162537248256,-0.0343156537123458,0.00585));
#12825=CARTESIAN_POINT('',(-0.027024863045247,-0.034334534639734,0.00585));
#12826=CARTESIAN_POINT('',(-0.0268902764537768,-0.0343531111381982,0.00585));
#12827=CARTESIAN_POINT('',(-0.0268810617617364,-0.0338494925783509,0.0158500104966054));
#12828=CARTESIAN_POINT('',(-0.0268928171682531,-0.0340161661813498,0.0125166761410929));
#12829=CARTESIAN_POINT('',(-0.0269045725747697,-0.0341828397843487,0.00918334178558046));
#12830=CARTESIAN_POINT('',(-0.0269163279812863,-0.0343495133873477,0.005850007430068));
#12831=CARTESIAN_POINT('',(-0.0295947781702824,0.00196830588205318,0.01585));
#12832=CARTESIAN_POINT('',(-0.0295940132552111,0.0236692314914134,0.0158500000471558));
#12833=CARTESIAN_POINT('',(-0.0297606797742209,0.0236734936682047,0.012516666664373));
#12834=CARTESIAN_POINT('',(-0.0299273462932306,0.0236777558449961,0.0091833332815901));
#12835=CARTESIAN_POINT('',(-0.0300940128122404,0.0236820180217875,0.00584999989880723));
#12836=CARTESIAN_POINT('',(0.00554788648759338,-0.0338305774578855,0.01585));
#12837=CARTESIAN_POINT('',(-0.00745781283995307,-0.0343381637199339,0.00584999966343611));
#12838=CARTESIAN_POINT('',(-0.00745694897232961,-0.0341714965707494,0.00918333200227678));
#12839=CARTESIAN_POINT('',(-0.00745608510470616,-0.0340048294215649,0.0125166643411175));
#12840=CARTESIAN_POINT('',(-0.0074552212370827,-0.0338381622723804,0.0158499966799581));
#12841=CARTESIAN_POINT('',(-0.0267251654119914,0.0265407561665001,0.01585));
#12842=CARTESIAN_POINT('',(-0.0270601351360907,0.0264796645811754,0.01585));
#12843=CARTESIAN_POINT('',(-0.0273943130755385,0.0264189745007444,0.01585));
#12844=CARTESIAN_POINT('',(-0.0280888200610056,0.0261381033696958,0.01585));
#12845=CARTESIAN_POINT('',(-0.028427433989477,0.0259117091595225,0.01585));
#12846=CARTESIAN_POINT('',(-0.0288499985074063,0.0254728340975147,0.01585));
#12847=CARTESIAN_POINT('',(-0.0289820580385843,0.0253155433459738,0.01585));
#12848=CARTESIAN_POINT('',(-0.0292104521720706,0.0249807628154728,0.01585));
#12849=CARTESIAN_POINT('',(-0.029308624508244,0.0248050781057376,0.01585));
#12850=CARTESIAN_POINT('',(-0.0294689525960884,0.0244360413785545,0.01585));
#12851=CARTESIAN_POINT('',(-0.029528526615982,0.0242373786737308,0.01585));
#12852=CARTESIAN_POINT('',(-0.0295759156753208,0.0239394367658136,0.01585));
#12853=CARTESIAN_POINT('',(-0.0295851354473211,0.0238391771744107,0.01585));
#12854=CARTESIAN_POINT('',(-0.0295922710676301,0.02370287378818,0.01585));
#12855=CARTESIAN_POINT('',(-0.0295941248043288,0.0236671347849407,0.01585));
#12856=CARTESIAN_POINT('',(-0.029595971069815,0.0236313949777554,0.01585));
#12857=CARTESIAN_POINT('',(-0.0268123441021517,0.0270329328593586,0.00585));
#12858=CARTESIAN_POINT('',(-0.0271496963729467,0.0269712572756555,0.00585));
#12859=CARTESIAN_POINT('',(-0.0275282519708903,0.0269024362802656,0.00585));
#12860=CARTESIAN_POINT('',(-0.0283365650181454,0.0265792864049373,0.00585));
#12861=CARTESIAN_POINT('',(-0.0287515288688426,0.0262967167048546,0.00585));
#12862=CARTESIAN_POINT('',(-0.0292270952893352,0.0258016972861176,0.00585));
#12863=CARTESIAN_POINT('',(-0.0293771205499135,0.0256237270761615,0.00585));
#12864=CARTESIAN_POINT('',(-0.0296408471470773,0.0252370433784444,0.00585));
#12865=CARTESIAN_POINT('',(-0.0297533877168044,0.0250356432307097,0.00585));
#12866=CARTESIAN_POINT('',(-0.0299421487036522,0.0246021507976874,0.00585));
#12867=CARTESIAN_POINT('',(-0.030015715434447,0.0243602831269438,0.00585));
#12868=CARTESIAN_POINT('',(-0.0300730314279422,0.0239956640026932,0.00585));
#12869=CARTESIAN_POINT('',(-0.0300840865327949,0.0238726515328189,0.00585));
#12870=CARTESIAN_POINT('',(-0.0300916439055764,0.0237277782115704,0.00585));
#12871=CARTESIAN_POINT('',(-0.0300935333716262,0.0236913186219112,0.00585));
#12872=CARTESIAN_POINT('',(-0.0300953817027564,0.0236555466719117,0.00585));
#12873=CARTESIAN_POINT('',(-0.0268387484461684,0.0270281052226171,0.00584999398785967));
#12874=CARTESIAN_POINT('',(-0.0268234586207838,0.0268615329605986,0.00918332924358103));
#12875=CARTESIAN_POINT('',(-0.0268081687953992,0.02669496069858,0.0125166644993024));
#12876=CARTESIAN_POINT('',(-0.0267928789700147,0.0265283884365615,0.0158499997550237));
#12877=CARTESIAN_POINT('',(-0.00420077498706008,-0.0231770987606312,0.00585));
#12878=CARTESIAN_POINT('',(-0.0042046361609334,-0.0232157566980739,0.00585));
#12879=CARTESIAN_POINT('',(-0.00420860523590417,-0.0232549348712663,0.00585));
#12880=CARTESIAN_POINT('',(-0.00421532525553126,-0.0233187491405524,0.00585));
#12881=CARTESIAN_POINT('',(-0.00421984893728656,-0.0233466317505774,0.00585));
#12882=CARTESIAN_POINT('',(-0.0042151975815233,-0.023337880304349,0.00585));
#12883=CARTESIAN_POINT('',(-0.00421797826350873,-0.0233550692952255,0.00585));
#12884=CARTESIAN_POINT('',(-0.00421748557710365,-0.0233932840189587,0.00585));
#12885=CARTESIAN_POINT('',(-0.00421506541217158,-0.0234170267765315,0.00585));
#12886=CARTESIAN_POINT('',(-0.00420570141935069,-0.0235044095504645,0.00585));
#12887=CARTESIAN_POINT('',(-0.00419187033949674,-0.0235529833672859,0.00585));
#12888=CARTESIAN_POINT('',(-0.00416455137778811,-0.0236261597077141,0.00585));
#12889=CARTESIAN_POINT('',(-0.00415025406062591,-0.0236512317080768,0.00585));
#12890=CARTESIAN_POINT('',(-0.00403866197131875,-0.0238088297994473,0.00585));
#12891=CARTESIAN_POINT('',(-0.00392790275065198,-0.0239317669783484,0.00585));
#12892=CARTESIAN_POINT('',(-0.0036978900131336,-0.0241794855510254,0.00585));
#12893=CARTESIAN_POINT('',(-0.00357752785967016,-0.0243045555041244,0.00585));
#12894=CARTESIAN_POINT('',(-0.00333470665190915,-0.0245544728131722,0.00585));
#12895=CARTESIAN_POINT('',(-0.00321103362734608,-0.0246803347834127,0.00585));
#12896=CARTESIAN_POINT('',(-0.00284044825600873,-0.025061105681892,0.00585));
#12897=CARTESIAN_POINT('',(-0.00258026082962473,-0.0253315127329573,0.00585));
#12898=CARTESIAN_POINT('',(-0.00211420434645604,-0.0259416944921867,0.00585));
#12899=CARTESIAN_POINT('',(-0.00191258389206378,-0.0262662837217044,0.00585));
#12900=CARTESIAN_POINT('',(-0.00156347069236012,-0.0269384110834273,0.00585));
#12901=CARTESIAN_POINT('',(-0.00141439394832347,-0.0272906505715774,0.00585));
#12902=CARTESIAN_POINT('',(-0.00119407159559098,-0.0280406883845394,0.00585));
#12903=CARTESIAN_POINT('',(-0.00112703136152665,-0.0284255636462444,0.00585));
#12904=CARTESIAN_POINT('',(-0.00107140876638456,-0.0291900685265252,0.00585));
#12905=CARTESIAN_POINT('',(-0.00108530938394533,-0.0295933853957784,0.00585));
#12906=CARTESIAN_POINT('',(-0.00123451894667074,-0.0303860566560944,0.00585));
#12907=CARTESIAN_POINT('',(-0.00135730535996348,-0.0307537861089657,0.00585));
#12908=CARTESIAN_POINT('',(-0.00167787178114561,-0.031458688257207,0.00585));
#12909=CARTESIAN_POINT('',(-0.00189347526338838,-0.0318022730072519,0.00585));
#12910=CARTESIAN_POINT('',(-0.00237166611847096,-0.0324063284323313,0.00585));
#12911=CARTESIAN_POINT('',(-0.00263959686357563,-0.0326835674946644,0.00585));
#12912=CARTESIAN_POINT('',(-0.00323303424468621,-0.0331794462422621,0.00585));
#12913=CARTESIAN_POINT('',(-0.00356168788408078,-0.0333994075968168,0.00585));
#12914=CARTESIAN_POINT('',(-0.00424953198177531,-0.0337550335356791,0.00585));
#12915=CARTESIAN_POINT('',(-0.00460687219109552,-0.0338903779867345,0.00585));
#12916=CARTESIAN_POINT('',(-0.00532556773043274,-0.0341098537676093,0.00585));
#12917=CARTESIAN_POINT('',(-0.00566803639879307,-0.0341977141151694,0.00585));
#12918=CARTESIAN_POINT('',(-0.00642217415899904,-0.0343374945443857,0.00585));
#12919=CARTESIAN_POINT('',(-0.00681629828170588,-0.0343522572883926,0.00585));
#12920=CARTESIAN_POINT('',(-0.00730570192356965,-0.0343421571880068,0.00585));
#12921=CARTESIAN_POINT('',(-0.00743363042705199,-0.0343388984781428,0.00585));
#12922=CARTESIAN_POINT('',(-0.0075604759312367,-0.0343353946090991,0.00585));
#12923=CARTESIAN_POINT('',(-0.00469822177478078,-0.0231285873202444,0.01585));
#12924=CARTESIAN_POINT('',(-0.00470207624376054,-0.0231675533521375,0.01585));
#12925=CARTESIAN_POINT('',(-0.00470604974725773,-0.0232065280315084,0.01585));
#12926=CARTESIAN_POINT('',(-0.00471282816364481,-0.0232676589296881,0.01585));
#12927=CARTESIAN_POINT('',(-0.00471523525686906,-0.0232897698615028,0.01585));
#12928=CARTESIAN_POINT('',(-0.00471796474019193,-0.0233339998370717,0.01585));
#12929=CARTESIAN_POINT('',(-0.00471826623098586,-0.0233559875129112,0.01585));
#12930=CARTESIAN_POINT('',(-0.00471660372988143,-0.023421740210108,0.01585));
#12931=CARTESIAN_POINT('',(-0.00471345994441178,-0.0234654523700065,0.01585));
#12932=CARTESIAN_POINT('',(-0.00469709366275779,-0.0235954849312324,0.01585));
#12933=CARTESIAN_POINT('',(-0.00467670764804581,-0.023682593863978,0.01585));
#12934=CARTESIAN_POINT('',(-0.0046166172163497,-0.0238461382453667,0.01585));
#12935=CARTESIAN_POINT('',(-0.00457262985764759,-0.0239221055151803,0.01585));
#12936=CARTESIAN_POINT('',(-0.00441642279644843,-0.0241362561522729,0.01585));
#12937=CARTESIAN_POINT('',(-0.00429890262513767,-0.024266668097077,0.01585));
#12938=CARTESIAN_POINT('',(-0.00405965748027515,-0.0245250636921164,0.01585));
#12939=CARTESIAN_POINT('',(-0.00393737173071377,-0.0246517066878409,0.01585));
#12940=CARTESIAN_POINT('',(-0.00369202220816762,-0.0249042307740589,0.01585));
#12941=CARTESIAN_POINT('',(-0.00356863766355465,-0.0250297976895034,0.01585));
#12942=CARTESIAN_POINT('',(-0.00320026352341115,-0.025408279682751,0.01585));
#12943=CARTESIAN_POINT('',(-0.00295651786252732,-0.025662613357919,0.01585));
#12944=CARTESIAN_POINT('',(-0.00253180282965316,-0.0262187002884689,0.01585));
#12945=CARTESIAN_POINT('',(-0.00234416262465932,-0.0265200225370039,0.01585));
#12946=CARTESIAN_POINT('',(-0.00201949157610656,-0.0271452880744887,0.01585));
#12947=CARTESIAN_POINT('',(-0.00188360429745145,-0.0274672474205665,0.01585));
#12948=CARTESIAN_POINT('',(-0.0016843124155049,-0.0281459664266352,0.01585));
#12949=CARTESIAN_POINT('',(-0.00162321960454631,-0.0284955809788872,0.01585));
#12950=CARTESIAN_POINT('',(-0.00157263665426822,-0.0291918917243221,0.01585));
#12951=CARTESIAN_POINT('',(-0.00158566473267209,-0.0295478785338475,0.01585));
#12952=CARTESIAN_POINT('',(-0.00171725042505696,-0.0302484234340541,0.01585));
#12953=CARTESIAN_POINT('',(-0.0018279018529563,-0.0305812721267831,0.01585));
#12954=CARTESIAN_POINT('',(-0.00211630864817289,-0.031214478889467,0.01585));
#12955=CARTESIAN_POINT('',(-0.00230628481469093,-0.031518041989213,0.01585));
#12956=CARTESIAN_POINT('',(-0.00274373173997314,-0.032070905544456,0.01585));
#12957=CARTESIAN_POINT('',(-0.00298650792430268,-0.0323218234288359,0.01585));
#12958=CARTESIAN_POINT('',(-0.00352724919624663,-0.0327737546844918,0.01585));
#12959=CARTESIAN_POINT('',(-0.00382499027806687,-0.0329725926964499,0.01585));
#12960=CARTESIAN_POINT('',(-0.00444567370410705,-0.0332936417574057,0.01585));
#12961=CARTESIAN_POINT('',(-0.00477531507402169,-0.0334188205740715,0.01585));
#12962=CARTESIAN_POINT('',(-0.00545162428139509,-0.0336257595264572,0.01585));
#12963=CARTESIAN_POINT('',(-0.00579091406009565,-0.0337122869096926,0.01585));
#12964=CARTESIAN_POINT('',(-0.00647397552201163,-0.0338382963193233,0.01585));
#12965=CARTESIAN_POINT('',(-0.00681984799786598,-0.0338518402267476,0.01585));
#12966=CARTESIAN_POINT('',(-0.0072937381470578,-0.0338423922103306,0.01585));
#12967=CARTESIAN_POINT('',(-0.0074200181860234,-0.0338391932141651,0.01585));
#12968=CARTESIAN_POINT('',(-0.00754632428961379,-0.0338356972199526,0.01585));
#12969=CARTESIAN_POINT('',(-0.0042174506695499,-0.0233812159668545,0.00585000174570418));
#12970=CARTESIAN_POINT('',(-0.00424539250516955,-0.023372355501657,0.00640126768594796));
#12971=CARTESIAN_POINT('',(-0.00429670914051547,-0.0233517650014693,0.0074365104755316));
#12972=CARTESIAN_POINT('',(-0.00435221274889922,-0.0233354478047102,0.00856222526079231));
#12973=CARTESIAN_POINT('',(-0.00439323856576809,-0.0233297551558743,0.00936200262199588));
#12974=CARTESIAN_POINT('',(-0.00441542690739732,-0.0233209868287865,0.00981943087394123));
#12975=CARTESIAN_POINT('',(-0.00443194317796021,-0.0233143905828379,0.0101609750825138));
#12976=CARTESIAN_POINT('',(-0.00444356389964774,-0.0233096593198007,0.0104022115420249));
#12977=CARTESIAN_POINT('',(-0.00445310371850241,-0.0233059732042432,0.0106000488922251));
#12978=CARTESIAN_POINT('',(-0.00445964854966137,-0.023303560108278,0.0107355840876683));
#12979=CARTESIAN_POINT('',(-0.00446658947967464,-0.0233011797729057,0.0108789612492488));
#12980=CARTESIAN_POINT('',(-0.00446508506686693,-0.0233017010585504,0.0108478732873364));
#12981=CARTESIAN_POINT('',(-0.00446680794958326,-0.0233011346261081,0.0108834093647235));
#12982=CARTESIAN_POINT('',(-0.00447000356233985,-0.0233001178754473,0.0109492493789207));
#12983=CARTESIAN_POINT('',(-0.00447997624789669,-0.0232968971334393,0.0111548422511572));
#12984=CARTESIAN_POINT('',(-0.00449904735690633,-0.0232906261579202,0.0115482953457206));
#12985=CARTESIAN_POINT('',(-0.00453447945915319,-0.023278747660933,0.0122798193090785));
#12986=CARTESIAN_POINT('',(-0.00459734843888771,-0.0232575149537795,0.0135770053741006));
#12987=CARTESIAN_POINT('',(-0.00466761820358761,-0.0232343960404827,0.0150241620422647));
#12988=CARTESIAN_POINT('',(-0.00470772601314828,-0.0232212584973186,0.01585));
#12989=CARTESIAN_POINT('',(0.00536839220039515,0.0267343543924108,0.01585));
#12990=CARTESIAN_POINT('',(-0.00784541677197217,0.0266497310892662,0.0158499987827277));
#12991=CARTESIAN_POINT('',(-0.00783884899659306,0.0268164431930382,0.0125166662838982));
#12992=CARTESIAN_POINT('',(-0.00783228122121394,0.0269831552968102,0.00918333378506874));
#12993=CARTESIAN_POINT('',(-0.00782571344583482,0.0271498674005821,0.00585000128623925));
#12994=CARTESIAN_POINT('',(0.00588943805302028,-0.0234513993654036,0.00585));
#12995=CARTESIAN_POINT('',(0.0058767692374812,-0.0234245508676584,0.00585));
#12996=CARTESIAN_POINT('',(0.005863742271681,-0.0233968893174872,0.00585));
#12997=CARTESIAN_POINT('',(0.00584119359878974,-0.0233493150051876,0.00585));
#12998=CARTESIAN_POINT('',(0.00583432653048284,-0.0233348420159292,0.00585));
#12999=CARTESIAN_POINT('',(0.00582004919553444,-0.0233046919100439,0.00585));
#13000=CARTESIAN_POINT('',(0.00582209149060365,-0.023309007659138,0.00585));
#13001=CARTESIAN_POINT('',(0.00581378169743639,-0.0232944390563281,0.00585));
#13002=CARTESIAN_POINT('',(0.00580410330484479,-0.0232790445948259,0.00585));
#13003=CARTESIAN_POINT('',(0.00576437055039688,-0.023220649611991,0.00585));
#13004=CARTESIAN_POINT('',(0.00573483628300963,-0.0231851872255941,0.00585));
#13005=CARTESIAN_POINT('',(0.00566449379555145,-0.0231060602248075,0.00585));
#13006=CARTESIAN_POINT('',(0.0056252487427117,-0.023065572785283,0.00585));
#13007=CARTESIAN_POINT('',(0.0055014925922067,-0.0229471636878616,0.00585));
#13008=CARTESIAN_POINT('',(0.00541903492795245,-0.0228806155819141,0.00585));
#13009=CARTESIAN_POINT('',(0.00517909616422337,-0.0227272058449231,0.00585));
#13010=CARTESIAN_POINT('',(0.00494271777748993,-0.0226375310855423,0.00585));
#13011=CARTESIAN_POINT('',(0.00444783607245555,-0.0224724215879468,0.00585));
#13012=CARTESIAN_POINT('',(0.00418791181653377,-0.0223928217929319,0.00585));
#13013=CARTESIAN_POINT('',(0.00368158234145113,-0.0222508472072794,0.00585));
#13014=CARTESIAN_POINT('',(0.00342641853118087,-0.0221871003895616,0.00585));
#13015=CARTESIAN_POINT('',(0.0029294239670584,-0.0220909297758751,0.00585));
#13016=CARTESIAN_POINT('',(0.00267462122310041,-0.0220578053611435,0.00585));
#13017=CARTESIAN_POINT('',(0.00187578088154031,-0.0219894621058816,0.00585));
#13018=CARTESIAN_POINT('',(0.00131757167112404,-0.0219517760024656,0.00585));
#13019=CARTESIAN_POINT('',(0.000249051339705985,-0.0219083734067146,0.00585));
#13020=CARTESIAN_POINT('',(-0.000243767276406578,-0.0219351042781307,0.00585));
#13021=CARTESIAN_POINT('',(-0.00128961373957528,-0.0220891335969263,0.00585));
#13022=CARTESIAN_POINT('',(-0.0018172093468591,-0.0221821279782759,0.00585));
#13023=CARTESIAN_POINT('',(-0.00255195284863431,-0.0223942394542634,0.00585));
#13024=CARTESIAN_POINT('',(-0.00279143386992466,-0.0224774988943186,0.00585));
#13025=CARTESIAN_POINT('',(-0.00327201092187289,-0.0226760534907122,0.00585));
#13026=CARTESIAN_POINT('',(-0.00348983739550296,-0.0227762901807389,0.00585));
#13027=CARTESIAN_POINT('',(-0.00377543944169721,-0.0229659827565549,0.00585));
#13028=CARTESIAN_POINT('',(-0.00387107235821125,-0.0230389986218634,0.00585));
#13029=CARTESIAN_POINT('',(-0.00400306808333757,-0.0231536650825168,0.00585));
#13030=CARTESIAN_POINT('',(-0.00404561085597376,-0.0231931430224303,0.00585));
#13031=CARTESIAN_POINT('',(-0.00412492730742394,-0.0232724447837459,0.00585));
#13032=CARTESIAN_POINT('',(-0.00415947316089486,-0.0233086477373065,0.00585));
#13033=CARTESIAN_POINT('',(-0.00421036232768554,-0.0233717770956242,0.00585));
#13034=CARTESIAN_POINT('',(-0.00422343357646672,-0.0233886673422716,0.00585));
#13035=CARTESIAN_POINT('',(-0.00423838832776017,-0.0234098624291914,0.00585));
#13036=CARTESIAN_POINT('',(-0.0042423203567338,-0.0234159551811336,0.00585));
#13037=CARTESIAN_POINT('',(-0.00424540057118808,-0.0234211596341811,0.00585));
#13038=CARTESIAN_POINT('',(-0.00425785795829991,-0.0234423015641038,0.00585));
#13039=CARTESIAN_POINT('',(-0.00428367720167237,-0.0234864451695312,0.00585));
#13040=CARTESIAN_POINT('',(-0.00429904105832083,-0.0235127619187083,0.00585));
#13041=CARTESIAN_POINT('',(-0.00431422326539507,-0.0235386826565687,0.00585));
#13042=CARTESIAN_POINT('',(0.0063399880872908,-0.0232349605437451,0.01585));
#13043=CARTESIAN_POINT('',(0.00632701798888843,-0.0232074597220112,0.01585));
#13044=CARTESIAN_POINT('',(0.00631410514287871,-0.0231799184431545,0.01585));
#13045=CARTESIAN_POINT('',(0.00629383434862882,-0.023136758416683,0.01585));
#13046=CARTESIAN_POINT('',(0.00628633798621045,-0.0231212428690247,0.01585));
#13047=CARTESIAN_POINT('',(0.00627166962117326,-0.0230899810956141,0.01585));
#13048=CARTESIAN_POINT('',(0.0062639164403862,-0.0230746442126046,0.01585));
#13049=CARTESIAN_POINT('',(0.00623873380295291,-0.0230299805756343,0.01585));
#13050=CARTESIAN_POINT('',(0.00622049250814684,-0.0230012242479393,0.01585));
#13051=CARTESIAN_POINT('',(0.00616165337325106,-0.0229178327519016,0.01585));
#13052=CARTESIAN_POINT('',(0.0061188968436921,-0.0228646983208347,0.01585));
#13053=CARTESIAN_POINT('',(0.00602795069160412,-0.0227623069659878,0.01585));
#13054=CARTESIAN_POINT('',(0.00597975038612105,-0.0227128832730771,0.01585));
#13055=CARTESIAN_POINT('',(0.00582991077279217,-0.0225691421866279,0.01585));
#13056=CARTESIAN_POINT('',(0.00572387145853606,-0.0224825547390041,0.01585));
#13057=CARTESIAN_POINT('',(0.00537881731138644,-0.0222604415439964,0.01585));
#13058=CARTESIAN_POINT('',(0.00511231805496621,-0.0221677010634233,0.01585));
#13059=CARTESIAN_POINT('',(0.00459532305625094,-0.021993855243171,0.01585));
#13060=CARTESIAN_POINT('',(0.00433273667714154,-0.0219141567179434,0.01585));
#13061=CARTESIAN_POINT('',(0.00380652772794479,-0.0217665875636221,0.01585));
#13062=CARTESIAN_POINT('',(0.00354136440278402,-0.0217000871685668,0.01585));
#13063=CARTESIAN_POINT('',(0.00300365880771488,-0.0215960007082862,0.01585));
#13064=CARTESIAN_POINT('',(0.00272961820098401,-0.0215605356981908,0.01585));
#13065=CARTESIAN_POINT('',(0.00190279717198759,-0.0214902718068441,0.01585));
#13066=CARTESIAN_POINT('',(0.0013530881848753,-0.0214533501299035,0.01585));
#13067=CARTESIAN_POINT('',(0.000248243349228151,-0.0214074018015871,0.01585));
#13068=CARTESIAN_POINT('',(-0.00029783939003934,-0.0214370335066973,0.01585));
#13069=CARTESIAN_POINT('',(-0.00137679638477434,-0.0215972310893732,0.01585));
#13070=CARTESIAN_POINT('',(-0.00191516867032903,-0.0216890457166487,0.01585));
#13071=CARTESIAN_POINT('',(-0.00270971126319714,-0.0219198371976957,0.01585));
#13072=CARTESIAN_POINT('',(-0.0029692483308742,-0.0220099245391426,0.01585));
#13073=CARTESIAN_POINT('',(-0.00347525103598908,-0.0222190752996144,0.01585));
#13074=CARTESIAN_POINT('',(-0.00372432301466372,-0.0223312187439546,0.01585));
#13075=CARTESIAN_POINT('',(-0.00407207283301061,-0.0225630534556744,0.01585));
#13076=CARTESIAN_POINT('',(-0.00418278199825695,-0.0226473508861098,0.01585));
#13077=CARTESIAN_POINT('',(-0.00433919003948513,-0.0227833980992849,0.01585));
#13078=CARTESIAN_POINT('',(-0.0043899298711856,-0.0228303317912286,0.01585));
#13079=CARTESIAN_POINT('',(-0.00448771709375852,-0.0229281512541267,0.01585));
#13080=CARTESIAN_POINT('',(-0.00453476133487718,-0.0229790030211954,0.01585));
#13081=CARTESIAN_POINT('',(-0.00460151663630436,-0.0230596378019305,0.01585));
#13082=CARTESIAN_POINT('',(-0.00462290547815067,-0.0230875537245508,0.01585));
#13083=CARTESIAN_POINT('',(-0.00465315313863248,-0.0231304322453967,0.01585));
#13084=CARTESIAN_POINT('',(-0.00466280618377091,-0.0231449800541485,0.01585));
#13085=CARTESIAN_POINT('',(-0.00468074681061592,-0.0231748809801163,0.01585));
#13086=CARTESIAN_POINT('',(-0.00468958100969542,-0.0231899213441636,0.01585));
#13087=CARTESIAN_POINT('',(-0.00471367100014507,-0.0232315541149872,0.01585));
#13088=CARTESIAN_POINT('',(-0.00472911617485864,-0.0232580767125782,0.01585));
#13089=CARTESIAN_POINT('',(-0.00474464125280142,-0.0232845549706159,0.01585));
#13090=CARTESIAN_POINT('',(0.0058144862280128,-0.0232959674600543,0.00585002002301483));
#13091=CARTESIAN_POINT('',(0.00581958633087059,-0.0232943306270661,0.00595417422578474));
#13092=CARTESIAN_POINT('',(0.00582998696852899,-0.0232914043973338,0.00616228532919646));
#13093=CARTESIAN_POINT('',(0.00584660493504232,-0.0232888618805138,0.00647563574099815));
#13094=CARTESIAN_POINT('',(0.00585971565378136,-0.0232857336699077,0.00673330839039868));
#13095=CARTESIAN_POINT('',(0.00586931276937501,-0.0232838540216247,0.00692041195926771));
#13096=CARTESIAN_POINT('',(0.00587455230483883,-0.0232835515883532,0.0070168222755109));
#13097=CARTESIAN_POINT('',(0.00588070158746624,-0.0232845708112821,0.00711872439599805));
#13098=CARTESIAN_POINT('',(0.00588000281325993,-0.0232844163542175,0.007107501980668));
#13099=CARTESIAN_POINT('',(0.00588213372390607,-0.0232843705660897,0.0071463170799687));
#13100=CARTESIAN_POINT('',(0.00588608515708213,-0.0232836252107961,0.00722406491426806));
#13101=CARTESIAN_POINT('',(0.00589648229251171,-0.0232812878470884,0.00743190508641474));
#13102=CARTESIAN_POINT('',(0.00591194611403651,-0.0232774661841183,0.00774411586718731));
#13103=CARTESIAN_POINT('',(0.00592629606341887,-0.0232740420775949,0.00803286063429263));
#13104=CARTESIAN_POINT('',(0.00593452112300904,-0.0232719739792179,0.00819925799117539));
#13105=CARTESIAN_POINT('',(0.00594324562094341,-0.0232697139017314,0.00837632342982603));
#13106=CARTESIAN_POINT('',(0.0059441446658959,-0.0232694732397887,0.00839463555166573));
#13107=CARTESIAN_POINT('',(0.00594820948934012,-0.0232684054755733,0.00847725707854405));
#13108=CARTESIAN_POINT('',(0.00595432195840975,-0.0232667809084202,0.00860165894074963));
#13109=CARTESIAN_POINT('',(0.00596453812770585,-0.0232640344504923,0.00880984251399687));
#13110=CARTESIAN_POINT('',(0.00597780813926723,-0.0232604131645033,0.00908070681177741));
#13111=CARTESIAN_POINT('',(0.00599734716353112,-0.02325502478501,0.00947999759885052));
#13112=CARTESIAN_POINT('',(0.00602492742326372,-0.0232473367940788,0.0100442792218456));
#13113=CARTESIAN_POINT('',(0.00606357770924779,-0.0232364451589115,0.0108359818233809));
#13114=CARTESIAN_POINT('',(0.00610633542645533,-0.0232244556995131,0.0117112625290755));
#13115=CARTESIAN_POINT('',(0.00615684970036036,-0.0232104986636361,0.0127435812087906));
#13116=CARTESIAN_POINT('',(0.00621326800314526,-0.0231951731193615,0.0138947383537932));
#13117=CARTESIAN_POINT('',(0.00626831189245021,-0.0231802992370459,0.0150177126179008));
#13118=CARTESIAN_POINT('',(0.00629693779027319,-0.0231727031928487,0.0156005638084307));
#13119=CARTESIAN_POINT('',(0.00630921716688606,-0.0231695153651108,0.01585));
#13120=CARTESIAN_POINT('',(-0.00585000136835929,0.0268673028580429,0.01585));
#13121=CARTESIAN_POINT('',(-0.00586359266602567,0.0268569694395355,0.01585));
#13122=CARTESIAN_POINT('',(-0.00587719568109741,0.0268466515740569,0.01585));
#13123=CARTESIAN_POINT('',(-0.00592869769933428,0.0268077880561606,0.01585));
#13124=CARTESIAN_POINT('',(-0.00596567471914297,0.0267780001197533,0.01585));
#13125=CARTESIAN_POINT('',(-0.00604334556450532,0.0267234351406213,0.01585));
#13126=CARTESIAN_POINT('',(-0.00608646969400932,0.0267013916747641,0.01585));
#13127=CARTESIAN_POINT('',(-0.00617352070982512,0.0266651149453603,0.01585));
#13128=CARTESIAN_POINT('',(-0.00621870004258538,0.0266512217268793,0.01585));
#13129=CARTESIAN_POINT('',(-0.00635759000458443,0.0266203881210281,0.01585));
#13130=CARTESIAN_POINT('',(-0.00645283971537224,0.0266109660738911,0.01585));
#13131=CARTESIAN_POINT('',(-0.00664230409381094,0.0265997528116059,0.01585));
#13132=CARTESIAN_POINT('',(-0.00673762079584001,0.0265986668059877,0.01585));
#13133=CARTESIAN_POINT('',(-0.00702260203859809,0.026598596387969,0.01585));
#13134=CARTESIAN_POINT('',(-0.00721257725121325,0.0266060797826016,0.01585));
#13135=CARTESIAN_POINT('',(-0.00756221415093889,0.0266259985572713,0.01585));
#13136=CARTESIAN_POINT('',(-0.00772170776028056,0.0266391202111026,0.01585));
#13137=CARTESIAN_POINT('',(-0.00788115567884277,0.0266527827988695,0.01585));
#13138=CARTESIAN_POINT('',(-0.00615431640217597,0.0272641190736417,0.00585));
#13139=CARTESIAN_POINT('',(-0.00616798092432669,0.0272537334374271,0.00585));
#13140=CARTESIAN_POINT('',(-0.00618118074320794,0.0272437030984614,0.00585));
#13141=CARTESIAN_POINT('',(-0.00622724720351197,0.0272087157754682,0.00585));
#13142=CARTESIAN_POINT('',(-0.00628519093967036,0.0271645548552628,0.00585));
#13143=CARTESIAN_POINT('',(-0.0062908784010017,0.0271605644264018,0.00585));
#13144=CARTESIAN_POINT('',(-0.00630633308996087,0.0271512721798391,0.00585));
#13145=CARTESIAN_POINT('',(-0.00633757461693284,0.0271386019209841,0.00585));
#13146=CARTESIAN_POINT('',(-0.00635135596656165,0.027133908582894,0.00585));
#13147=CARTESIAN_POINT('',(-0.00642097961188748,0.0271185564662395,0.00585));
#13148=CARTESIAN_POINT('',(-0.00649775929241483,0.0271090432333005,0.00585));
#13149=CARTESIAN_POINT('',(-0.00665578659717717,0.027099968794016,0.00585));
#13150=CARTESIAN_POINT('',(-0.00674315549934328,0.0270983948202695,0.00585));
#13151=CARTESIAN_POINT('',(-0.00700881888659138,0.0270991379045996,0.00585));
#13152=CARTESIAN_POINT('',(-0.00719099226742113,0.027105653186396,0.00585));
#13153=CARTESIAN_POINT('',(-0.00752699841325192,0.0271248089302643,0.00585));
#13154=CARTESIAN_POINT('',(-0.00767911384059512,0.0271373073300449,0.00585));
#13155=CARTESIAN_POINT('',(-0.00783806514761214,0.0271509244860635,0.00585));
#13156=CARTESIAN_POINT('',(-0.00585989727215603,0.026859783765804,0.01585));
#13157=CARTESIAN_POINT('',(-0.00588485287999043,0.0268633767880588,0.0154909858922833));
#13158=CARTESIAN_POINT('',(-0.00592941003975566,0.0268701020502943,0.0148476943548367));
#13159=CARTESIAN_POINT('',(-0.00597255892231326,0.0268758056459861,0.0142306915749803));
#13160=CARTESIAN_POINT('',(-0.0059996184429812,0.0268790962717682,0.0138488704316928));
#13161=CARTESIAN_POINT('',(-0.00601590336432111,0.0268810661843081,0.0136196098759601));
#13162=CARTESIAN_POINT('',(-0.00602642832447995,0.0268823241006514,0.0134720304727667));
#13163=CARTESIAN_POINT('',(-0.00603161492480896,0.0268829272394889,0.0133996607910669));
#13164=CARTESIAN_POINT('',(-0.00603482955932924,0.026883271437503,0.0133553218380037));
#13165=CARTESIAN_POINT('',(-0.00603492971800996,0.0268832944568452,0.0133537280627295));
#13166=CARTESIAN_POINT('',(-0.00604270214771331,0.0268840391701031,0.0132480147676754));
#13167=CARTESIAN_POINT('',(-0.00605048940814976,0.0268846835759524,0.0131439533819079));
#13168=CARTESIAN_POINT('',(-0.00606549686369612,0.0268857963543146,0.0129460847043032));
#13169=CARTESIAN_POINT('',(-0.00609475833946994,0.0268876996596733,0.0125672976145043));
#13170=CARTESIAN_POINT('',(-0.00613304985073962,0.0268940021920194,0.0120323381552599));
#13171=CARTESIAN_POINT('',(-0.00618650890581027,0.0268997266139683,0.0114202733878237));
#13172=CARTESIAN_POINT('',(-0.00624602641945675,0.0269076186919338,0.0108097607985151));
#13173=CARTESIAN_POINT('',(-0.00629829999516593,0.0269178024967147,0.0102941153534016));
#13174=CARTESIAN_POINT('',(-0.00635763857335319,0.0269307116438854,0.00978849350437261));
#13175=CARTESIAN_POINT('',(-0.00641488442224131,0.026943293115787,0.00936434033572572));
#13176=CARTESIAN_POINT('',(-0.00646259108896744,0.0269539656681973,0.00903492516579591));
#13177=CARTESIAN_POINT('',(-0.00650782109427741,0.0269644010947358,0.00874192684594288));
#13178=CARTESIAN_POINT('',(-0.00654330173318591,0.0269728405948632,0.00851893804837827));
#13179=CARTESIAN_POINT('',(-0.00657883858973025,0.0269816788636662,0.0082996038450542));
#13180=CARTESIAN_POINT('',(-0.00658480300731463,0.0269831994497118,0.00826363217507755));
#13181=CARTESIAN_POINT('',(-0.00660621593882675,0.0269885926961738,0.0081340578296445));
#13182=CARTESIAN_POINT('',(-0.00663394187852756,0.0269956669073572,0.00796922468930904));
#13183=CARTESIAN_POINT('',(-0.006676593167453,0.0270067610411965,0.00771973638072615));
#13184=CARTESIAN_POINT('',(-0.00674347956096897,0.0270245859069435,0.00733489712733643));
#13185=CARTESIAN_POINT('',(-0.0068474077519234,0.0270533433636069,0.00674828166101575));
#13186=CARTESIAN_POINT('',(-0.00695082050950402,0.0270837554235935,0.00616803069020294));
#13187=CARTESIAN_POINT('',(-0.00700764631713181,0.0271010007608996,0.00585002842520751));
#13188=CARTESIAN_POINT('',(0.010149023610508,-0.0343498655995658,0.00585));
#13189=CARTESIAN_POINT('',(0.00944463688054446,-0.0343474019778969,0.00585));
#13190=CARTESIAN_POINT('',(0.00874476671129459,-0.0343739013719983,0.00585));
#13191=CARTESIAN_POINT('',(0.00723423901686092,-0.0342142529764623,0.00585));
#13192=CARTESIAN_POINT('',(0.00647687880878882,-0.0339861432353836,0.00585));
#13193=CARTESIAN_POINT('',(0.00546378616750344,-0.0334512308216949,0.00585));
#13194=CARTESIAN_POINT('',(0.00513915714832059,-0.0332419068345238,0.00585));
#13195=CARTESIAN_POINT('',(0.00453634579448685,-0.0327816087534048,0.00585));
#13196=CARTESIAN_POINT('',(0.00425031500428136,-0.0325221242024509,0.00585));
#13197=CARTESIAN_POINT('',(0.00373471468273796,-0.0319315107243858,0.00585));
#13198=CARTESIAN_POINT('',(0.00350744130676414,-0.0315908411519347,0.00585));
#13199=CARTESIAN_POINT('',(0.00315734843054486,-0.0308887156808534,0.00585));
#13200=CARTESIAN_POINT('',(0.00302253334446741,-0.0305137024985091,0.00585));
#13201=CARTESIAN_POINT('',(0.00275436945952931,-0.0293509943992598,0.00585));
#13202=CARTESIAN_POINT('',(0.00279702070254289,-0.0285156526250574,0.00585));
#13203=CARTESIAN_POINT('',(0.00328465358718632,-0.0270141178955019,0.00585));
#13204=CARTESIAN_POINT('',(0.00365899052696413,-0.0263561167847787,0.00585));
#13205=CARTESIAN_POINT('',(0.00434530170314716,-0.0254424932456828,0.00585));
#13206=CARTESIAN_POINT('',(0.00460049204153277,-0.0251632649812223,0.00585));
#13207=CARTESIAN_POINT('',(0.00508501209294392,-0.0246412035203253,0.00585));
#13208=CARTESIAN_POINT('',(0.0052913400228393,-0.0244007636123281,0.00585));
#13209=CARTESIAN_POINT('',(0.0055445366856165,-0.0240080397667809,0.00585));
#13210=CARTESIAN_POINT('',(0.00562049145246092,-0.0238697305958261,0.00585));
#13211=CARTESIAN_POINT('',(0.00571198560306616,-0.0236642390052202,0.00585));
#13212=CARTESIAN_POINT('',(0.00573917811295919,-0.0235947419441483,0.00585));
#13213=CARTESIAN_POINT('',(0.00578342863998891,-0.0234612150959239,0.00585));
#13214=CARTESIAN_POINT('',(0.00580092388757913,-0.0233973911613965,0.00585));
#13215=CARTESIAN_POINT('',(0.00581200216958113,-0.0233267851747049,0.00585));
#13216=CARTESIAN_POINT('',(0.0058135660939389,-0.0233156600459202,0.00585));
#13217=CARTESIAN_POINT('',(0.00581539260284922,-0.0232972927842004,0.00585));
#13218=CARTESIAN_POINT('',(0.00581256975509222,-0.0232828587738406,0.00585));
#13219=CARTESIAN_POINT('',(0.00582199809879791,-0.02329269200175,0.00585));
#13220=CARTESIAN_POINT('',(0.00581225109412646,-0.0232319523157459,0.00585));
#13221=CARTESIAN_POINT('',(0.00580775501425863,-0.0231633814864968,0.00585));
#13222=CARTESIAN_POINT('',(0.00580585125093764,-0.0231349344877482,0.00585));
#13223=CARTESIAN_POINT('',(0.0058039402973639,-0.0231064049195824,0.00585));
#13224=CARTESIAN_POINT('',(0.0101466150310175,-0.0338498714008546,0.01585));
#13225=CARTESIAN_POINT('',(0.00944490480738081,-0.0338481258805639,0.01585));
#13226=CARTESIAN_POINT('',(0.00874153113987482,-0.0338712581187391,0.01585));
#13227=CARTESIAN_POINT('',(0.00734802847711841,-0.0337230260985358,0.01585));
#13228=CARTESIAN_POINT('',(0.00665334823000564,-0.0335134043026667,0.01585));
#13229=CARTESIAN_POINT('',(0.00572325034380283,-0.0330230662527752,0.01585));
#13230=CARTESIAN_POINT('',(0.00542183943432169,-0.0328286564405185,0.01585));
#13231=CARTESIAN_POINT('',(0.00486067827977248,-0.032400168599184,0.01585));
#13232=CARTESIAN_POINT('',(0.00460119052209209,-0.0321640001431857,0.01585));
#13233=CARTESIAN_POINT('',(0.00413899886094561,-0.0316340939126829,0.01585));
#13234=CARTESIAN_POINT('',(0.00393693649804278,-0.0313314296017657,0.01585));
#13235=CARTESIAN_POINT('',(0.00362195999924967,-0.0307002733466449,0.01585));
#13236=CARTESIAN_POINT('',(0.00350064216473163,-0.0303627946113156,0.01585));
#13237=CARTESIAN_POINT('',(0.0032611439326929,-0.0293216696064025,0.01585));
#13238=CARTESIAN_POINT('',(0.00329838344443278,-0.0285940709024414,0.01585));
#13239=CARTESIAN_POINT('',(0.00373658096458619,-0.0272377558189556,0.01585));
#13240=CARTESIAN_POINT('',(0.00409168286923614,-0.0266146952610428,0.01585));
#13241=CARTESIAN_POINT('',(0.00472628192362568,-0.0257667469293132,0.01585));
#13242=CARTESIAN_POINT('',(0.00496766423474411,-0.0255025491796601,0.01585));
#13243=CARTESIAN_POINT('',(0.005453557677257,-0.0249792075558283,0.01585));
#13244=CARTESIAN_POINT('',(0.00568833676672971,-0.0247106935932485,0.01585));
#13245=CARTESIAN_POINT('',(0.00597675747126274,-0.0242588990538684,0.01585));
#13246=CARTESIAN_POINT('',(0.00606559951299468,-0.0241002185984792,0.01585));
#13247=CARTESIAN_POINT('',(0.00617475369625942,-0.0238536810506632,0.01585));
#13248=CARTESIAN_POINT('',(0.00620786664537449,-0.0237702179827647,0.01585));
#13249=CARTESIAN_POINT('',(0.00626415729770489,-0.0235997565712829,0.01585));
#13250=CARTESIAN_POINT('',(0.00628742060602629,-0.0235123340325376,0.01585));
#13251=CARTESIAN_POINT('',(0.006306938873313,-0.0234004099821746,0.01585));
#13252=CARTESIAN_POINT('',(0.00630982013779,-0.023378145815537,0.01585));
#13253=CARTESIAN_POINT('',(0.00631424430411183,-0.0233336227827671,0.01585));
#13254=CARTESIAN_POINT('',(0.00631561927786249,-0.0233114060802687,0.01585));
#13255=CARTESIAN_POINT('',(0.00631586982260963,-0.0232449617409152,0.01585));
#13256=CARTESIAN_POINT('',(0.00631105886860371,-0.0232009325837602,0.01585));
#13257=CARTESIAN_POINT('',(0.00630670252886442,-0.0231287127016896,0.01585));
#13258=CARTESIAN_POINT('',(0.00630478399677292,-0.0231006513618372,0.01585));
#13259=CARTESIAN_POINT('',(0.00630285508998945,-0.023072590608258,0.01585));
#13260=CARTESIAN_POINT('',(0.0101411391771288,-0.033849887784022,0.01585));
#13261=CARTESIAN_POINT('',(0.0101413336087491,-0.0340165543372777,0.0125166666666667));
#13262=CARTESIAN_POINT('',(0.0101415280403695,-0.0341832208905334,0.00918333333333333));
#13263=CARTESIAN_POINT('',(0.0101417224719898,-0.034349887443789,0.00585));
#13264=CARTESIAN_POINT('',(0.0073371183977627,0.026654760778758,0.01585));
#13265=CARTESIAN_POINT('',(0.00734385855406398,0.0266674187694552,0.01585));
#13266=CARTESIAN_POINT('',(0.00735059878836317,0.026680076703641,0.01585));
#13267=CARTESIAN_POINT('',(0.00737028408990541,0.0267170395138187,0.01585));
#13268=CARTESIAN_POINT('',(0.00738315621366889,0.0267413971015012,0.01585));
#13269=CARTESIAN_POINT('',(0.00740919015745582,0.0267899029351493,0.01585));
#13270=CARTESIAN_POINT('',(0.0074237854110442,0.026813011983572,0.01585));
#13271=CARTESIAN_POINT('',(0.00745438054857569,0.0268582126324129,0.01585));
#13272=CARTESIAN_POINT('',(0.00747055466684247,0.0268801777839189,0.01585));
#13273=CARTESIAN_POINT('',(0.00752109179817869,0.0269446136217315,0.01585));
#13274=CARTESIAN_POINT('',(0.00755765729814021,0.0269853312473851,0.01585));
#13275=CARTESIAN_POINT('',(0.00763711543320699,0.0270628100818917,0.01585));
#13276=CARTESIAN_POINT('',(0.00768057946168412,0.0270980988275482,0.01585));
#13277=CARTESIAN_POINT('',(0.00781543777991885,0.0271944585205877,0.01585));
#13278=CARTESIAN_POINT('',(0.00790984479205201,0.0272524499522969,0.01585));
#13279=CARTESIAN_POINT('',(0.00819284499924296,0.0274219365681334,0.01585));
#13280=CARTESIAN_POINT('',(0.00838568723493367,0.0275323955104983,0.01585));
#13281=CARTESIAN_POINT('',(0.00875270174594952,0.0277743436119713,0.01585));
#13282=CARTESIAN_POINT('',(0.00892821536781307,0.0279051633887538,0.01585));
#13283=CARTESIAN_POINT('',(0.00942505451891629,0.0283306777571997,0.01585));
#13284=CARTESIAN_POINT('',(0.00972990308100848,0.0286569326498164,0.01585));
#13285=CARTESIAN_POINT('',(0.0102509262479355,0.0293583676280224,0.01585));
#13286=CARTESIAN_POINT('',(0.0104666247942929,0.0297520470649286,0.01585));
#13287=CARTESIAN_POINT('',(0.0107288944663451,0.0305888342922138,0.01585));
#13288=CARTESIAN_POINT('',(0.0107743305498752,0.0310256209278943,0.01585));
#13289=CARTESIAN_POINT('',(0.0107898469715359,0.0319064451476651,0.01585));
#13290=CARTESIAN_POINT('',(0.0107450047250852,0.0323376434083248,0.01585));
#13291=CARTESIAN_POINT('',(0.0105441046348006,0.0331939436867091,0.01585));
#13292=CARTESIAN_POINT('',(0.0103993589752741,0.0336121763136196,0.01585));
#13293=CARTESIAN_POINT('',(0.00996712808499062,0.0343677527908648,0.01585));
#13294=CARTESIAN_POINT('',(0.00967960494235674,0.0347113711958611,0.01585));
#13295=CARTESIAN_POINT('',(0.00909976204360013,0.0353623405791298,0.01585));
#13296=CARTESIAN_POINT('',(0.00878325207106296,0.0356635748931293,0.01585));
#13297=CARTESIAN_POINT('',(0.00808249374455941,0.0361875277865125,0.01585));
#13298=CARTESIAN_POINT('',(0.00769716421029148,0.0364180208792114,0.01585));
#13299=CARTESIAN_POINT('',(0.00691366709862542,0.0368072090021019,0.01585));
#13300=CARTESIAN_POINT('',(0.00650766481330211,0.0369721025731494,0.01585));
#13301=CARTESIAN_POINT('',(0.00527208883442525,0.0373924053883745,0.01585));
#13302=CARTESIAN_POINT('',(0.00439230791705074,0.0375600850988541,0.01585));
#13303=CARTESIAN_POINT('',(0.002653512024984,0.0377393432319395,0.01585));
#13304=CARTESIAN_POINT('',(0.00178018868853055,0.03777165616915,0.01585));
#13305=CARTESIAN_POINT('',(3.40497008860667E-5,0.0377846682709332,0.01585));
#13306=CARTESIAN_POINT('',(-0.000838609044670963,0.0377827560571838,0.01585));
#13307=CARTESIAN_POINT('',(-0.0021541777100586,0.0376343282646469,0.01585));
#13308=CARTESIAN_POINT('',(-0.00258864448063362,0.0375668529531895,0.01585));
#13309=CARTESIAN_POINT('',(-0.00344682684597919,0.0373873179219456,0.01585));
#13310=CARTESIAN_POINT('',(-0.00386974224031187,0.0372714419029355,0.01585));
#13311=CARTESIAN_POINT('',(-0.00470431194211839,0.0369917647896663,0.01585));
#13312=CARTESIAN_POINT('',(-0.00511838116989307,0.0368356825382986,0.01585));
#13313=CARTESIAN_POINT('',(-0.00592587313866683,0.0364905538399736,0.01585));
#13314=CARTESIAN_POINT('',(-0.00631337128375502,0.0362879163660946,0.01585));
#13315=CARTESIAN_POINT('',(-0.00702984595546351,0.0357531479272946,0.01585));
#13316=CARTESIAN_POINT('',(-0.00733547062970762,0.0354300186808065,0.01585));
#13317=CARTESIAN_POINT('',(-0.00793363583681557,0.0347804322023838,0.01585));
#13318=CARTESIAN_POINT('',(-0.00823417800239514,0.0344488073169495,0.01585));
#13319=CARTESIAN_POINT('',(-0.00869249570023274,0.0336850268702682,0.01585));
#13320=CARTESIAN_POINT('',(-0.0088648295385797,0.0332828509450789,0.01585));
#13321=CARTESIAN_POINT('',(-0.00909306027663656,0.0324176694628431,0.01585));
#13322=CARTESIAN_POINT('',(-0.00911681346236678,0.0319770661121091,0.01585));
#13323=CARTESIAN_POINT('',(-0.00914009978143596,0.0311020509130027,0.01585));
#13324=CARTESIAN_POINT('',(-0.00911389296495104,0.0306482169565631,0.01585));
#13325=CARTESIAN_POINT('',(-0.00886417537840183,0.0298096124648624,0.01585));
#13326=CARTESIAN_POINT('',(-0.00865190821118222,0.0294082933421418,0.01585));
#13327=CARTESIAN_POINT('',(-0.00814043205369357,0.0286983541912489,0.01585));
#13328=CARTESIAN_POINT('',(-0.00783415965137009,0.0283746112076332,0.01585));
#13329=CARTESIAN_POINT('',(-0.00733188459624015,0.0279405604940661,0.01585));
#13330=CARTESIAN_POINT('',(-0.00715699157233813,0.0278061413399141,0.01585));
#13331=CARTESIAN_POINT('',(-0.00679425535245535,0.0275531022479088,0.01585));
#13332=CARTESIAN_POINT('',(-0.00660324819471004,0.0274388190462491,0.01585));
#13333=CARTESIAN_POINT('',(-0.00631858429755656,0.0272649493063731,0.01585));
#13334=CARTESIAN_POINT('',(-0.00622358047046049,0.0272071493685489,0.01585));
#13335=CARTESIAN_POINT('',(-0.0060911893894478,0.027107894418973,0.01585));
#13336=CARTESIAN_POINT('',(-0.00604862936191885,0.0270728639950896,0.01585));
#13337=CARTESIAN_POINT('',(-0.00598834642372095,0.0270159063001814,0.01585));
#13338=CARTESIAN_POINT('',(-0.00596881019852309,0.0269962284872168,0.01585));
#13339=CARTESIAN_POINT('',(-0.00593127497813023,0.0269549666496043,0.01585));
#13340=CARTESIAN_POINT('',(-0.00591350962343142,0.0269330937987433,0.01585));
#13341=CARTESIAN_POINT('',(-0.00587997507477826,0.0268868697823061,0.01585));
#13342=CARTESIAN_POINT('',(-0.00586298591297624,0.0268640344786743,0.01585));
#13343=CARTESIAN_POINT('',(-0.00582922947684767,0.0268180871668239,0.01585));
#13344=CARTESIAN_POINT('',(-0.00581235125878332,0.0267951135108986,0.01585));
#13345=CARTESIAN_POINT('',(-0.00576980540231159,0.0267372025475552,0.01585));
#13346=CARTESIAN_POINT('',(-0.00574413776390417,0.026702265240137,0.01585));
#13347=CARTESIAN_POINT('',(-0.00571847012549676,0.0266673279327187,0.01585));
#13348=CARTESIAN_POINT('',(0.0077785152624771,0.0264198796594472,0.00585));
#13349=CARTESIAN_POINT('',(0.00778530941520599,0.0264326385304334,0.00585));
#13350=CARTESIAN_POINT('',(0.00779208327398183,0.0264453592844588,0.00585));
#13351=CARTESIAN_POINT('',(0.00781131212098602,0.0264814693110771,0.00585));
#13352=CARTESIAN_POINT('',(0.00783053561464514,0.0265175093498869,0.00585));
#13353=CARTESIAN_POINT('',(0.00784244913059434,0.0265400016471727,0.00585));
#13354=CARTESIAN_POINT('',(0.00784510045506247,0.0265435381211824,0.00585));
#13355=CARTESIAN_POINT('',(0.00786094066335184,0.0265667740939313,0.00585));
#13356=CARTESIAN_POINT('',(0.00787068799313788,0.0265802758000576,0.00585));
#13357=CARTESIAN_POINT('',(0.00790042170904977,0.0266178368064302,0.00585));
#13358=CARTESIAN_POINT('',(0.00792377208037388,0.026644098954278,0.00585));
#13359=CARTESIAN_POINT('',(0.00796720815385716,0.0266862017848061,0.00585));
#13360=CARTESIAN_POINT('',(0.00798599912208,0.0267015684493089,0.00585));
#13361=CARTESIAN_POINT('',(0.00808366912437246,0.0267721038067414,0.00585));
#13362=CARTESIAN_POINT('',(0.00816750929678125,0.0268237714297831,0.00585));
#13363=CARTESIAN_POINT('',(0.00844760010612026,0.0269920599693469,0.00585));
#13364=CARTESIAN_POINT('',(0.00864490078722874,0.0271044485538485,0.00585));
#13365=CARTESIAN_POINT('',(0.00904365292760767,0.0273672344234943,0.00585));
#13366=CARTESIAN_POINT('',(0.00923767073142159,0.0275116291082448,0.00585));
#13367=CARTESIAN_POINT('',(0.00977778712607388,0.0279749824621364,0.00585));
#13368=CARTESIAN_POINT('',(0.0101076962992225,0.02832726431352,0.00585));
#13369=CARTESIAN_POINT('',(0.0106771572496277,0.0290934394172349,0.00585));
#13370=CARTESIAN_POINT('',(0.0109244330550838,0.0295400930923468,0.00585));
#13371=CARTESIAN_POINT('',(0.0112250585544395,0.030500893687382,0.00585));
#13372=CARTESIAN_POINT('',(0.0112731871435365,0.030991815374356,0.00585));
#13373=CARTESIAN_POINT('',(0.0112909169891464,0.0319281357488433,0.00585));
#13374=CARTESIAN_POINT('',(0.0112397103602212,0.03242074168236,0.00585));
#13375=CARTESIAN_POINT('',(0.0110237551352183,0.0333358567926282,0.00585));
#13376=CARTESIAN_POINT('',(0.0108631751308774,0.0338089285871463,0.00585));
#13377=CARTESIAN_POINT('',(0.0103712990030981,0.0346675873072059,0.00585));
#13378=CARTESIAN_POINT('',(0.0100628171356778,0.0350325722162982,0.00585));
#13379=CARTESIAN_POINT('',(0.00946130967520766,0.0357084721618019,0.00585));
#13380=CARTESIAN_POINT('',(0.0091116039747464,0.0360425321908195,0.00585));
#13381=CARTESIAN_POINT('',(0.00835382355206264,0.0366088091065285,0.00585));
#13382=CARTESIAN_POINT('',(0.00794234148590797,0.0368545224619823,0.00585));
#13383=CARTESIAN_POINT('',(0.00711382742999902,0.0372660701479502,0.00585));
#13384=CARTESIAN_POINT('',(0.00668745579131186,0.0374389547294735,0.00585));
#13385=CARTESIAN_POINT('',(0.00539246103260428,0.037879842873672,0.00585));
#13386=CARTESIAN_POINT('',(0.00446863718896311,0.0380550547745531,0.00585));
#13387=CARTESIAN_POINT('',(0.00268172122483927,0.0382388943996222,0.00585));
#13388=CARTESIAN_POINT('',(0.00179071972340761,0.0382715512285198,0.00585));
#13389=CARTESIAN_POINT('',(3.18499860954734E-5,0.0382847385055139,0.00585));
#13390=CARTESIAN_POINT('',(-0.000863916346610653,0.0382828468856502,0.00585));
#13391=CARTESIAN_POINT('',(-0.00222457949992595,0.0381296698597904,0.00585));
#13392=CARTESIAN_POINT('',(-0.00267343521585466,0.0380599016031165,0.00585));
#13393=CARTESIAN_POINT('',(-0.00356774468726748,0.037872882567223,0.00585));
#13394=CARTESIAN_POINT('',(-0.00401100876298002,0.0377515901590952,0.00585));
#13395=CARTESIAN_POINT('',(-0.00487910556849201,0.0374603556874304,0.00585));
#13396=CARTESIAN_POINT('',(-0.0052953411014272,0.0373037654035694,0.00585));
#13397=CARTESIAN_POINT('',(-0.0061446816963253,0.0369408212907381,0.00585));
#13398=CARTESIAN_POINT('',(-0.00657147558251014,0.0367190537308673,0.00585));
#13399=CARTESIAN_POINT('',(-0.00737074032754058,0.0361227605811553,0.00585));
#13400=CARTESIAN_POINT('',(-0.00770656656592143,0.0357650456678764,0.00585));
#13401=CARTESIAN_POINT('',(-0.00829904898761263,0.0351218328646236,0.00585));
#13402=CARTESIAN_POINT('',(-0.0086356694984335,0.0347521325057317,0.00585));
#13403=CARTESIAN_POINT('',(-0.0091460718684336,0.0339002181128288,0.00585));
#13404=CARTESIAN_POINT('',(-0.00933459040390506,0.0334607471862404,0.00585));
#13405=CARTESIAN_POINT('',(-0.00959127008632734,0.0324908365051559,0.00585));
#13406=CARTESIAN_POINT('',(-0.00961622590279634,0.0319990807699851,0.00585));
#13407=CARTESIAN_POINT('',(-0.00964037676894145,0.0311049570832617,0.00585));
#13408=CARTESIAN_POINT('',(-0.00961326740925735,0.0305714578160431,0.00585));
#13409=CARTESIAN_POINT('',(-0.00932390944124342,0.029603332965765,0.00585));
#13410=CARTESIAN_POINT('',(-0.00908396615468352,0.0291526842242167,0.00585));
#13411=CARTESIAN_POINT('',(-0.00852007205832191,0.028369885881942,0.00585));
#13412=CARTESIAN_POINT('',(-0.00818471663867046,0.0280172569021751,0.00585));
#13413=CARTESIAN_POINT('',(-0.00764587558518079,0.0275508052643561,0.00585));
#13414=CARTESIAN_POINT('',(-0.00745666313507316,0.0274055742562026,0.00585));
#13415=CARTESIAN_POINT('',(-0.00706547247988564,0.0271326418634798,0.00585));
#13416=CARTESIAN_POINT('',(-0.00685866747230456,0.0270071518057792,0.00585));
#13417=CARTESIAN_POINT('',(-0.00658098982551935,0.026840228356986,0.00585));
#13418=CARTESIAN_POINT('',(-0.00649538018091988,0.0267858411011475,0.00585));
#13419=CARTESIAN_POINT('',(-0.0064038844802043,0.0267174973282047,0.00585));
#13420=CARTESIAN_POINT('',(-0.00637666073953512,0.0266952305872995,0.00585));
#13421=CARTESIAN_POINT('',(-0.00633901318090439,0.0266591939216362,0.00585));
#13422=CARTESIAN_POINT('',(-0.00633061577569067,0.0266513836186519,0.00585));
#13423=CARTESIAN_POINT('',(-0.00630988447146294,0.0266276615919057,0.00585));
#13424=CARTESIAN_POINT('',(-0.00631521391277765,0.0266351457766436,0.00585));
#13425=CARTESIAN_POINT('',(-0.00628415906383415,0.0265927501708249,0.00585));
#13426=CARTESIAN_POINT('',(-0.0062659300521773,0.0265680006618838,0.00585));
#13427=CARTESIAN_POINT('',(-0.00623217361604873,0.0265220533500335,0.00585));
#13428=CARTESIAN_POINT('',(-0.00621529539798437,0.0264990796941082,0.00585));
#13429=CARTESIAN_POINT('',(-0.00617274954151265,0.0264411687307648,0.00585));
#13430=CARTESIAN_POINT('',(-0.00614708190310523,0.0264062314233466,0.00585));
#13431=CARTESIAN_POINT('',(-0.00612141426469782,0.0263712941159283,0.00585));
#13432=CARTESIAN_POINT('',(0.00745175500495979,0.0268539141521816,0.0158499963921089));
#13433=CARTESIAN_POINT('',(0.00749171512116201,0.0268640149052469,0.0153143837961349));
#13434=CARTESIAN_POINT('',(0.00756550490618594,0.0268805040823638,0.0143487824114786));
#13435=CARTESIAN_POINT('',(0.00764559618868795,0.0268974928979209,0.0133819870070412));
#13436=CARTESIAN_POINT('',(0.00769847092223505,0.0269096450506187,0.0127956102246451));
#13437=CARTESIAN_POINT('',(0.00776600459249603,0.0269260027660548,0.0121022847892471));
#13438=CARTESIAN_POINT('',(0.00785375331163399,0.0269420570580981,0.0112696498459324));
#13439=CARTESIAN_POINT('',(0.00798197627366581,0.0269648407704144,0.0102208441181347));
#13440=CARTESIAN_POINT('',(0.00810502651554326,0.0269860235276489,0.0092700531415116));
#13441=CARTESIAN_POINT('',(0.00826288911110812,0.0270159617290593,0.0081624961124385));
#13442=CARTESIAN_POINT('',(0.00845111076517,0.0270561918468287,0.00694042490426853));
#13443=CARTESIAN_POINT('',(0.00857536219790509,0.0270875089291522,0.00620113197360549));
#13444=CARTESIAN_POINT('',(0.00863720695027429,0.0271047586598469,0.00585));
#13445=CARTESIAN_POINT('',(0.00556879584138287,-0.0338552218363922,0.01585));
#13446=CARTESIAN_POINT('',(0.0262446480925485,-0.0343311019234845,0.00584999999999998));
#13447=CARTESIAN_POINT('',(0.0262453873398713,-0.0341644342875298,0.00918333320289475));
#13448=CARTESIAN_POINT('',(0.0262461265871942,-0.033997766651575,0.0125166664057895));
#13449=CARTESIAN_POINT('',(0.026246865834517,-0.0338310990156203,0.0158499996086843));
#13450=CARTESIAN_POINT('',(0.00928365654325695,0.0266177728637505,0.01585));
#13451=CARTESIAN_POINT('',(0.00914082087751251,0.026614673842961,0.01585));
#13452=CARTESIAN_POINT('',(0.00899799840304124,0.0266103721407782,0.01585));
#13453=CARTESIAN_POINT('',(0.00868527162120872,0.0266036284382738,0.01585));
#13454=CARTESIAN_POINT('',(0.00851555750573336,0.0266012453120241,0.01585));
#13455=CARTESIAN_POINT('',(0.00826125345072214,0.02662663693784,0.01585));
#13456=CARTESIAN_POINT('',(0.00817668900069671,0.0266390447578888,0.01585));
#13457=CARTESIAN_POINT('',(0.00800960076833857,0.0266697697816245,0.01585));
#13458=CARTESIAN_POINT('',(0.00792666661264061,0.0266879773550638,0.01585));
#13459=CARTESIAN_POINT('',(0.00780337999703271,0.0267194781753916,0.01585));
#13460=CARTESIAN_POINT('',(0.00776238392674388,0.0267303778170836,0.01585));
#13461=CARTESIAN_POINT('',(0.00768094270867756,0.0267543933164284,0.01585));
#13462=CARTESIAN_POINT('',(0.0076405014595531,0.0267674812034311,0.01585));
#13463=CARTESIAN_POINT('',(0.00758072605158832,0.0267908074513436,0.01585));
#13464=CARTESIAN_POINT('',(0.007561053204753,0.0267996922554005,0.01585));
#13465=CARTESIAN_POINT('',(0.00752233494415654,0.0268191190349561,0.01585));
#13466=CARTESIAN_POINT('',(0.00750293022297101,0.026828696022723,0.01585));
#13467=CARTESIAN_POINT('',(0.00746954209866144,0.0268451095918818,0.01585));
#13468=CARTESIAN_POINT('',(0.00745556907617065,0.0268520192206596,0.01585));
#13469=CARTESIAN_POINT('',(0.00744159997403973,0.0268589455405165,0.01585));
#13470=CARTESIAN_POINT('',(0.0092732309384163,0.0271176711868681,0.00585));
#13471=CARTESIAN_POINT('',(0.00912951875513356,0.0271145732522842,0.00585));
#13472=CARTESIAN_POINT('',(0.00898305212034865,0.0271102424264068,0.00585));
#13473=CARTESIAN_POINT('',(0.00867931013041081,0.0271035252648416,0.00585));
#13474=CARTESIAN_POINT('',(0.00853071900772176,0.0271021373134747,0.00585));
#13475=CARTESIAN_POINT('',(0.00832764707559073,0.0271225338822248,0.00585));
#13476=CARTESIAN_POINT('',(0.00825522427438177,0.0271329827955515,0.00585));
#13477=CARTESIAN_POINT('',(0.00811191446733133,0.0271593426229467,0.00585));
#13478=CARTESIAN_POINT('',(0.00803948524981683,0.0271753695345663,0.00585));
#13479=CARTESIAN_POINT('',(0.00793150978208683,0.0272027245312487,0.00585));
#13480=CARTESIAN_POINT('',(0.00789485972735885,0.0272126321222099,0.00585));
#13481=CARTESIAN_POINT('',(0.00783108081631,0.0272313727569892,0.00585));
#13482=CARTESIAN_POINT('',(0.00780029393998227,0.0272418616377041,0.00585));
#13483=CARTESIAN_POINT('',(0.00777628050543153,0.0272512037271548,0.00585));
#13484=CARTESIAN_POINT('',(0.00778166796362083,0.0272484989670808,0.00585));
#13485=CARTESIAN_POINT('',(0.00774579399434767,0.0272663025308718,0.00585));
#13486=CARTESIAN_POINT('',(0.00772607359054989,0.0272761085179606,0.00585));
#13487=CARTESIAN_POINT('',(0.00769078184699344,0.0272935244385939,0.00585));
#13488=CARTESIAN_POINT('',(0.00767658598301321,0.0273005514046469,0.00585));
#13489=CARTESIAN_POINT('',(0.00766265802842233,0.0273074560582502,0.00585));
#13490=CARTESIAN_POINT('',(0.00925936103606831,0.0271173685658218,0.00585000140727767));
#13491=CARTESIAN_POINT('',(0.00926159334142679,0.0269507074299474,0.00918333400567071));
#13492=CARTESIAN_POINT('',(0.00926382564678528,0.026784046294073,0.0125166666040637));
#13493=CARTESIAN_POINT('',(0.00926605795214376,0.0266173851581986,0.0158499992024568));
#13494=CARTESIAN_POINT('',(0.0262468658436471,-0.0338311068419286,0.01585));
#13495=CARTESIAN_POINT('',(0.0266748520894071,-0.0338354277463278,0.01585));
#13496=CARTESIAN_POINT('',(0.0271070906957073,-0.0338295676934971,0.01585));
#13497=CARTESIAN_POINT('',(0.0277224060872309,-0.0336272004291661,0.01585));
#13498=CARTESIAN_POINT('',(0.02791642477766,-0.0335388329101906,0.01585));
#13499=CARTESIAN_POINT('',(0.0282867311561501,-0.0333249101527047,0.01585));
#13500=CARTESIAN_POINT('',(0.0284643943281491,-0.0331977366901204,0.01585));
#13501=CARTESIAN_POINT('',(0.0287807664803474,-0.0329119313959082,0.01585));
#13502=CARTESIAN_POINT('',(0.02892634315764,-0.0327558684112767,0.01585));
#13503=CARTESIAN_POINT('',(0.0291816014242687,-0.0324062201648576,0.01585));
#13504=CARTESIAN_POINT('',(0.0292811179773896,-0.0322169554405589,0.01585));
#13505=CARTESIAN_POINT('',(0.0294481068343039,-0.0318261185668897,0.01585));
#13506=CARTESIAN_POINT('',(0.0295136307902548,-0.0316187742780723,0.01585));
#13507=CARTESIAN_POINT('',(0.0295711961740757,-0.0312641727924071,0.01585));
#13508=CARTESIAN_POINT('',(0.0295894421971771,-0.0311217817345641,0.01585));
#13509=CARTESIAN_POINT('',(0.0296077040641504,-0.0309793930306562,0.01585));
#13510=CARTESIAN_POINT('',(0.0262446480925485,-0.0343311019234845,0.00585));
#13511=CARTESIAN_POINT('',(0.0266619541506242,-0.0343354824016395,0.00585));
#13512=CARTESIAN_POINT('',(0.0271826756412783,-0.0343314321859043,0.00585));
#13513=CARTESIAN_POINT('',(0.0279148727930398,-0.0340900473579692,0.00585));
#13514=CARTESIAN_POINT('',(0.0281406586400667,-0.0339865703048151,0.00585));
#13515=CARTESIAN_POINT('',(0.0285637148632525,-0.0337424940556427,0.00585));
#13516=CARTESIAN_POINT('',(0.0287746912293018,-0.0335913876844133,0.00585));
#13517=CARTESIAN_POINT('',(0.0291390603703474,-0.03326191092411,0.00585));
#13518=CARTESIAN_POINT('',(0.029305804487762,-0.0330837451988341,0.00585));
#13519=CARTESIAN_POINT('',(0.0296107308288403,-0.032666714878792,0.00585));
#13520=CARTESIAN_POINT('',(0.0297330078713152,-0.0324306615392186,0.00585));
#13521=CARTESIAN_POINT('',(0.0299176515548757,-0.0320009459303747,0.00585));
#13522=CARTESIAN_POINT('',(0.0300025873814935,-0.0317323832459855,0.00585));
#13523=CARTESIAN_POINT('',(0.0300665678005254,-0.0313292882182223,0.00585));
#13524=CARTESIAN_POINT('',(0.0300849966568277,-0.031186216073317,0.00585));
#13525=CARTESIAN_POINT('',(0.0301032830030268,-0.0310444713946662,0.00585));
#13526=CARTESIAN_POINT('',(0.0295994818683396,-0.0310433820111755,0.0158500019619407));
#13527=CARTESIAN_POINT('',(0.029766160521797,-0.0310534711513131,0.0125166665589197));
#13528=CARTESIAN_POINT('',(0.0299328391752544,-0.0310635602914507,0.00918333115589864));
#13529=CARTESIAN_POINT('',(0.0300995178287118,-0.0310736494315883,0.00584999575287761));
#13530=CARTESIAN_POINT('',(0.00545944876371212,0.0266069482328968,0.01585));
#13531=CARTESIAN_POINT('',(0.0263729166845824,0.0266642884463095,0.0158499983464394));
#13532=CARTESIAN_POINT('',(0.0263711773880716,0.0268309509400172,0.0125166656258167));
#13533=CARTESIAN_POINT('',(0.0263694380915608,0.026997613433725,0.00918333290519409));
#13534=CARTESIAN_POINT('',(0.02636769879505,0.0271642759274328,0.00585000018457144));
#13535=CARTESIAN_POINT('',(0.0300882244597714,-0.0213931690643427,0.00585));
#13536=CARTESIAN_POINT('',(0.0300770866729429,-0.0118458751815011,0.00585000008667585));
#13537=CARTESIAN_POINT('',(0.0299104247042747,-0.0118500019776497,0.00918333347744353));
#13538=CARTESIAN_POINT('',(0.0297437627356065,-0.0118541287737984,0.0125166668682112));
#13539=CARTESIAN_POINT('',(0.0295771007669383,-0.011858255569947,0.0158500002589789));
#13540=CARTESIAN_POINT('',(0.0293181101865605,0.0238478782382356,0.01585));
#13541=CARTESIAN_POINT('',(0.0293101813149147,0.0239781403567033,0.01585));
#13542=CARTESIAN_POINT('',(0.0293019731582013,0.0241083802632707,0.01585));
#13543=CARTESIAN_POINT('',(0.0292562085910934,0.0244328611776744,0.01585));
#13544=CARTESIAN_POINT('',(0.029203465642085,0.0246196699831871,0.01585));
#13545=CARTESIAN_POINT('',(0.0290874699851579,0.0248856648590399,0.01585));
#13546=CARTESIAN_POINT('',(0.0290428939313481,0.0249724680021002,0.01585));
#13547=CARTESIAN_POINT('',(0.0289428666708048,0.0251411735428496,0.01585));
#13548=CARTESIAN_POINT('',(0.0288905454658336,0.0252236055346114,0.01585));
#13549=CARTESIAN_POINT('',(0.0287278616597668,0.025465507442283,0.01585));
#13550=CARTESIAN_POINT('',(0.0286047335925245,0.0256153676893299,0.01585));
#13551=CARTESIAN_POINT('',(0.0283263357556944,0.0258878911716241,0.01585));
#13552=CARTESIAN_POINT('',(0.0281717363977778,0.026012673600799,0.01585));
#13553=CARTESIAN_POINT('',(0.027852577150229,0.0262369905802816,0.01585));
#13554=CARTESIAN_POINT('',(0.0276856622553294,0.0263371279423519,0.01585));
#13555=CARTESIAN_POINT('',(0.0273287406428028,0.0265048808125434,0.01585));
#13556=CARTESIAN_POINT('',(0.0271401974746661,0.0265631485670976,0.01585));
#13557=CARTESIAN_POINT('',(0.0267626987295586,0.0266514415074214,0.01585));
#13558=CARTESIAN_POINT('',(0.0265680336542005,0.0266673787087166,0.01585));
#13559=CARTESIAN_POINT('',(0.0263700315381137,0.0266642776776905,0.01585));
#13560=CARTESIAN_POINT('',(0.0298169745804404,0.0238817123235898,0.00585));
#13561=CARTESIAN_POINT('',(0.0298091139831348,0.0240132896698107,0.00585));
#13562=CARTESIAN_POINT('',(0.0298006186970698,0.0241498997969912,0.00585));
#13563=CARTESIAN_POINT('',(0.0297454529633392,0.0245489260796857,0.00585));
#13564=CARTESIAN_POINT('',(0.0296803414391789,0.0247779716843896,0.00585));
#13565=CARTESIAN_POINT('',(0.0295362363387886,0.0251069309117399,0.00585));
#13566=CARTESIAN_POINT('',(0.0294837231982133,0.0252094246405782,0.00585));
#13567=CARTESIAN_POINT('',(0.0293642921919098,0.0254106916625014,0.00585));
#13568=CARTESIAN_POINT('',(0.0293119850270739,0.0254927058330604,0.00585));
#13569=CARTESIAN_POINT('',(0.0291260215695359,0.0257698162639869,0.00585));
#13570=CARTESIAN_POINT('',(0.0289788635502344,0.0259490086406337,0.00585));
#13571=CARTESIAN_POINT('',(0.0286525475405747,0.02626805792803,0.00585));
#13572=CARTESIAN_POINT('',(0.0284792455833812,0.0264078081865888,0.00585));
#13573=CARTESIAN_POINT('',(0.028120393843758,0.0266597802775402,0.00585));
#13574=CARTESIAN_POINT('',(0.0279334928241085,0.0267732192097766,0.00585));
#13575=CARTESIAN_POINT('',(0.0275033946080369,0.0269751596784086,0.00585));
#13576=CARTESIAN_POINT('',(0.027281836492975,0.0270430192697451,0.00585));
#13577=CARTESIAN_POINT('',(0.026843439107681,0.0271465310111634,0.00585));
#13578=CARTESIAN_POINT('',(0.0265786879689145,0.0271684464262348,0.00585));
#13579=CARTESIAN_POINT('',(0.026367698805171,0.0271642722360179,0.00585));
#13580=CARTESIAN_POINT('',(0.0298151237070182,0.0239124921182733,0.00585000856822748));
#13581=CARTESIAN_POINT('',(0.0296482835747819,0.0239099169427523,0.00918333567956106));
#13582=CARTESIAN_POINT('',(0.0294814433006257,0.0239073253483217,0.0125166627908946));
#13583=CARTESIAN_POINT('',(0.0293146028869744,0.0239047173349413,0.0158499899022282));
#13584=CARTESIAN_POINT('',(0.0295783292681077,-0.0118840174722471,0.01585));
#13585=CARTESIAN_POINT('',(0.0295694855174366,-0.0116983365526122,0.01585));
#13586=CARTESIAN_POINT('',(0.0295603643176511,-0.0115126378140836,0.01585));
#13587=CARTESIAN_POINT('',(0.0295462891981433,-0.0111059291349039,0.01585));
#13588=CARTESIAN_POINT('',(0.0295430179158788,-0.0108845957144323,0.01585));
#13589=CARTESIAN_POINT('',(0.0295556206616117,-0.0105528202722803,0.01585));
#13590=CARTESIAN_POINT('',(0.0295693467857491,-0.0104439396368678,0.01585));
#13591=CARTESIAN_POINT('',(0.0296187504832995,-0.0102295884158678,0.01585));
#13592=CARTESIAN_POINT('',(0.0296481866128532,-0.0101232050043213,0.01585));
#13593=CARTESIAN_POINT('',(0.0297034503165358,-0.00990976869092911,0.01585));
#13594=CARTESIAN_POINT('',(0.0297283469473382,-0.00980231397250581,0.01585));
#13595=CARTESIAN_POINT('',(0.0297576847072842,-0.00966753600147668,0.01585));
#13596=CARTESIAN_POINT('',(0.0297640315388626,-0.00964070888069054,0.01585));
#13597=CARTESIAN_POINT('',(0.0297771229763966,-0.00958715284339053,0.01585));
#13598=CARTESIAN_POINT('',(0.0297839432247551,-0.00956044631221504,0.01585));
#13599=CARTESIAN_POINT('',(0.0297961495219504,-0.00952089564632938,0.01585));
#13600=CARTESIAN_POINT('',(0.029800746907384,-0.00950784925199983,0.01585));
#13601=CARTESIAN_POINT('',(0.0298073647986877,-0.00948861434894478,0.01585));
#13602=CARTESIAN_POINT('',(0.0298094968513684,-0.0094824549627409,0.01585));
#13603=CARTESIAN_POINT('',(0.0298116281787306,-0.00947629538480165,0.01585));
#13604=CARTESIAN_POINT('',(0.0300777748484184,-0.0118603537969887,0.00585));
#13605=CARTESIAN_POINT('',(0.0300689516688726,-0.01167461071244,0.00585));
#13606=CARTESIAN_POINT('',(0.0300599431854007,-0.0114896889500204,0.00585));
#13607=CARTESIAN_POINT('',(0.03004610697722,-0.0110945595529304,0.00585));
#13608=CARTESIAN_POINT('',(0.0300428339467816,-0.0108784487936569,0.00585));
#13609=CARTESIAN_POINT('',(0.0300547337009784,-0.0105942011658792,0.00585));
#13610=CARTESIAN_POINT('',(0.0300624764916312,-0.0105324441196698,0.00585));
#13611=CARTESIAN_POINT('',(0.0301014073318547,-0.0103598088748981,0.00585));
#13612=CARTESIAN_POINT('',(0.0301308814099592,-0.0102533711250672,0.00585));
#13613=CARTESIAN_POINT('',(0.0301890575197504,-0.0100293849478148,0.00585));
#13614=CARTESIAN_POINT('',(0.0302165104156604,-0.00990918081365475,0.00585));
#13615=CARTESIAN_POINT('',(0.0302453111578175,-0.00977840839625827,0.00585));
#13616=CARTESIAN_POINT('',(0.0302510361834767,-0.00975419379591108,0.00585));
#13617=CARTESIAN_POINT('',(0.0302615909028146,-0.0097108198704609,0.00585));
#13618=CARTESIAN_POINT('',(0.0302672832322207,-0.00968981464050829,0.00585));
#13619=CARTESIAN_POINT('',(0.0302712856303234,-0.00967686731747341,0.00585));
#13620=CARTESIAN_POINT('',(0.0302726615127613,-0.0096730714546047,0.00585));
#13621=CARTESIAN_POINT('',(0.0302803433848494,-0.00965076798465756,0.00585));
#13622=CARTESIAN_POINT('',(0.0302825431495212,-0.00964439942593641,0.00585));
#13623=CARTESIAN_POINT('',(0.0302846280856819,-0.00963836550687822,0.00585));
#13624=CARTESIAN_POINT('',(0.0302678245413425,-0.00968842317808373,0.00585000011797095));
#13625=CARTESIAN_POINT('',(0.0301630498710069,-0.00964482285166098,0.00810381684231251));
#13626=CARTESIAN_POINT('',(0.0300100364679531,-0.0095777060469647,0.0114371501363222));
#13627=CARTESIAN_POINT('',(0.0298068945549092,-0.00948998795727414,0.01585));
#13628=CARTESIAN_POINT('',(0.274481938603665,0.0158971076768599,0.01585));
#13629=CARTESIAN_POINT('',(0.0293323702995558,0.00736284012438571,0.0158499999916512));
#13630=CARTESIAN_POINT('',(0.0294990656383727,0.00736491666445646,0.0125166666624041));
#13631=CARTESIAN_POINT('',(0.0296657607978416,0.00736700079422631,0.00918333333315701));
#13632=CARTESIAN_POINT('',(0.029832455777444,0.00736909251368106,0.00585000000390992));
#13633=CARTESIAN_POINT('',(0.0298045024441323,-0.00949459865694741,0.01585));
#13634=CARTESIAN_POINT('',(0.0298275665948836,-0.00944995552452402,0.01585));
#13635=CARTESIAN_POINT('',(0.0298527969728668,-0.00940656325495445,0.01585));
#13636=CARTESIAN_POINT('',(0.0299149752168124,-0.00931537167999478,0.01585));
#13637=CARTESIAN_POINT('',(0.0299506151197582,-0.00926702405944538,0.01585));
#13638=CARTESIAN_POINT('',(0.0300566274316514,-0.00913387265034969,0.01585));
#13639=CARTESIAN_POINT('',(0.0301295763008092,-0.00905078464542731,0.01585));
#13640=CARTESIAN_POINT('',(0.0302076486596229,-0.0089728015707665,0.01585));
#13641=CARTESIAN_POINT('',(0.0302498397067071,-0.00972220176214185,0.00585));
#13642=CARTESIAN_POINT('',(0.0302700537421292,-0.00968288178217769,0.00585));
#13643=CARTESIAN_POINT('',(0.0302736349474151,-0.00967787925799728,0.00585));
#13644=CARTESIAN_POINT('',(0.0303225727453468,-0.00960393301522088,0.00585));
#13645=CARTESIAN_POINT('',(0.0303479778735931,-0.00957147899331111,0.00585));
#13646=CARTESIAN_POINT('',(0.0304368814959479,-0.00945752397214716,0.00585));
#13647=CARTESIAN_POINT('',(0.0305065785780055,-0.00938060311528914,0.00585));
#13648=CARTESIAN_POINT('',(0.0305593067907827,-0.00932806429177507,0.00585));
#13649=CARTESIAN_POINT('',(0.0303455067930548,-0.00957495314472876,0.00585));
#13650=CARTESIAN_POINT('',(0.0303149476906305,-0.00941225237785587,0.00830888637072773));
#13651=CARTESIAN_POINT('',(0.0302698419907899,-0.00920822774708668,0.0116422197040611));
#13652=CARTESIAN_POINT('',(0.0302048728128385,-0.00897557855272507,0.01585));
#13653=CARTESIAN_POINT('',(0.0297757481527766,0.00330526226493259,0.01585));
#13654=CARTESIAN_POINT('',(0.0297677826389652,0.00331249818003219,0.01585));
#13655=CARTESIAN_POINT('',(0.0297598196028635,0.00331973681686125,0.01585));
#13656=CARTESIAN_POINT('',(0.0297337794770318,0.00334347469616003,0.01585));
#13657=CARTESIAN_POINT('',(0.0297155575163068,0.00335974936915324,0.01585));
#13658=CARTESIAN_POINT('',(0.0296617295664667,0.00340988609004483,0.01585));
#13659=CARTESIAN_POINT('',(0.0296314928758768,0.00344866588666804,0.01585));
#13660=CARTESIAN_POINT('',(0.0295788599171461,0.00352876758285918,0.01585));
#13661=CARTESIAN_POINT('',(0.0295553929065434,0.00357071421505915,0.01585));
#13662=CARTESIAN_POINT('',(0.0294910091789518,0.00369934134378882,0.01585));
#13663=CARTESIAN_POINT('',(0.0294550389022077,0.00379011865948972,0.01585));
#13664=CARTESIAN_POINT('',(0.0293956069968702,0.00397140149471116,0.01585));
#13665=CARTESIAN_POINT('',(0.0293704659428223,0.00406308645232488,0.01585));
#13666=CARTESIAN_POINT('',(0.029336929741568,0.00424859900388674,0.01585));
#13667=CARTESIAN_POINT('',(0.0293323996817127,0.00434345543637427,0.01585));
#13668=CARTESIAN_POINT('',(0.0293251422364439,0.00453330891144661,0.01585));
#13669=CARTESIAN_POINT('',(0.0293238831244162,0.00462861991664023,0.01585));
#13670=CARTESIAN_POINT('',(0.0293184096481898,0.00491424470737376,0.01585));
#13671=CARTESIAN_POINT('',(0.0293184262023169,0.00510489077227616,0.01585));
#13672=CARTESIAN_POINT('',(0.0293181319452187,0.00548596486192039,0.01585));
#13673=CARTESIAN_POINT('',(0.0293187877460132,0.00567650729129502,0.01585));
#13674=CARTESIAN_POINT('',(0.029320800697407,0.00605758240276031,0.01585));
#13675=CARTESIAN_POINT('',(0.0293222012852584,0.00624811711704446,0.01585));
#13676=CARTESIAN_POINT('',(0.0293264102812529,0.00675874600566701,0.01585));
#13677=CARTESIAN_POINT('',(0.0293295845044578,0.00707883966092987,0.01585));
#13678=CARTESIAN_POINT('',(0.0293327244700952,0.0073989332122136,0.01585));
#13679=CARTESIAN_POINT('',(0.0301115271411826,0.00367575226827304,0.00585));
#13680=CARTESIAN_POINT('',(0.0301033073954106,0.00368322469140559,0.00585));
#13681=CARTESIAN_POINT('',(0.0300952999114194,0.00369050429817997,0.00585));
#13682=CARTESIAN_POINT('',(0.030072070469162,0.0037116242017369,0.00585));
#13683=CARTESIAN_POINT('',(0.0300458821745045,0.00373535254872878,0.00585));
#13684=CARTESIAN_POINT('',(0.0300332533196807,0.00374708165774481,0.00585));
#13685=CARTESIAN_POINT('',(0.0300343953907967,0.00374609985037578,0.00585));
#13686=CARTESIAN_POINT('',(0.0300106532142108,0.00378204488783543,0.00585));
#13687=CARTESIAN_POINT('',(0.0299955345640883,0.00380846431559151,0.00585));
#13688=CARTESIAN_POINT('',(0.0299519520974309,0.00389549000216421,0.00585));
#13689=CARTESIAN_POINT('',(0.0299233654420784,0.0039670133167049,0.00585));
#13690=CARTESIAN_POINT('',(0.0298771329825475,0.0041072050621631,0.00585));
#13691=CARTESIAN_POINT('',(0.0298559361225512,0.00418878293678495,0.00585));
#13692=CARTESIAN_POINT('',(0.0298359715674054,0.00429821969170544,0.00585));
#13693=CARTESIAN_POINT('',(0.0298316808306003,0.00436893498122508,0.00585));
#13694=CARTESIAN_POINT('',(0.0298251644889263,0.0045451484235248,0.00585));
#13695=CARTESIAN_POINT('',(0.0298234959299203,0.00463900348177763,0.00585));
#13696=CARTESIAN_POINT('',(0.029819016246405,0.0049159129103015,0.00585));
#13697=CARTESIAN_POINT('',(0.029818423850075,0.00510669036429416,0.00585));
#13698=CARTESIAN_POINT('',(0.0298181340484199,0.00548487101871318,0.00585));
#13699=CARTESIAN_POINT('',(0.0298187843226037,0.00567455279021206,0.00585));
#13700=CARTESIAN_POINT('',(0.0298207901183047,0.00605424494507537,0.00585));
#13701=CARTESIAN_POINT('',(0.0298221868374298,0.00624432889093793,0.00585));
#13702=CARTESIAN_POINT('',(0.0298263886404003,0.00675401764739098,0.00585));
#13703=CARTESIAN_POINT('',(0.0298295607773101,0.00707395208444841,0.00585));
#13704=CARTESIAN_POINT('',(0.0298327005199284,0.00739403709870443,0.00585));
#13705=CARTESIAN_POINT('',(0.0297567844400158,0.00332250613041215,0.015849999511154));
#13706=CARTESIAN_POINT('',(0.0297615457877441,0.00334140713163492,0.0155063885574049));
#13707=CARTESIAN_POINT('',(0.0297701582377264,0.00337546351604605,0.0148864741521772));
#13708=CARTESIAN_POINT('',(0.0297796016530921,0.0034158355092579,0.0141610084741807));
#13709=CARTESIAN_POINT('',(0.0297853957029643,0.00344034947914067,0.0137205834598045));
#13710=CARTESIAN_POINT('',(0.0297882230156323,0.00345200771505952,0.0135104055246648));
#13711=CARTESIAN_POINT('',(0.029789663495569,0.00345811473857448,0.013400954050473));
#13712=CARTESIAN_POINT('',(0.0297900405242935,0.00345966981255341,0.013372927723373));
#13713=CARTESIAN_POINT('',(0.0297921845837641,0.0034694957879774,0.0131993585485159));
#13714=CARTESIAN_POINT('',(0.0297944695999943,0.0034798882136972,0.0130157807903407));
#13715=CARTESIAN_POINT('',(0.0297988988810539,0.00349982779019799,0.0126652117212374));
#13716=CARTESIAN_POINT('',(0.0298051869989247,0.00352962612852447,0.0121583823347476));
#13717=CARTESIAN_POINT('',(0.0298128835854482,0.00356121537027883,0.0116277120686115));
#13718=CARTESIAN_POINT('',(0.029820206099933,0.00358808702232391,0.0111822220318443));
#13719=CARTESIAN_POINT('',(0.0298256514384773,0.00360770576549767,0.0108630316939977));
#13720=CARTESIAN_POINT('',(0.0298328525062277,0.00363352142633905,0.0104531169694091));
#13721=CARTESIAN_POINT('',(0.0298414126533777,0.00366602481392116,0.00995532938645004));
#13722=CARTESIAN_POINT('',(0.0298573838119709,0.00372224639804458,0.00910342255802961));
#13723=CARTESIAN_POINT('',(0.0298802599551731,0.00379766631798959,0.00799676442550839));
#13724=CARTESIAN_POINT('',(0.0299071020116821,0.00387965136344192,0.00682791539395954));
#13725=CARTESIAN_POINT('',(0.0299232875348543,0.00392877766951202,0.00615794413699759));
#13726=CARTESIAN_POINT('',(0.0299308464409084,0.00395184126545106,0.00585000989849931));
#13727=CARTESIAN_POINT('',(0.0300032820440094,-0.00892572143768264,0.01585));
#13728=CARTESIAN_POINT('',(0.0300398463857847,-0.00893472272809002,0.01585));
#13729=CARTESIAN_POINT('',(0.0300764107275601,-0.00894372401849741,0.01585));
#13730=CARTESIAN_POINT('',(0.0301611025934169,-0.00896457318582014,0.01585));
#13731=CARTESIAN_POINT('',(0.0302090238021265,-0.00897689122060518,0.01585));
#13732=CARTESIAN_POINT('',(0.0302815245613062,-0.00899395779917364,0.01585));
#13733=CARTESIAN_POINT('',(0.0303053493123638,-0.00900042907795011,0.01585));
#13734=CARTESIAN_POINT('',(0.0303515789248256,-0.00901664440824527,0.01585));
#13735=CARTESIAN_POINT('',(0.0303742749428479,-0.00902571497160902,0.01585));
#13736=CARTESIAN_POINT('',(0.0304412542288909,-0.00905547895547885,0.01585));
#13737=CARTESIAN_POINT('',(0.0304846617731373,-0.00907818616994999,0.01585));
#13738=CARTESIAN_POINT('',(0.0306131260481416,-0.00915035721097698,0.01585));
#13739=CARTESIAN_POINT('',(0.0306958586529136,-0.0092049105322625,0.01585));
#13740=CARTESIAN_POINT('',(0.0309414969187483,-0.00937598985633112,0.01585));
#13741=CARTESIAN_POINT('',(0.0310939661997657,-0.00950939502596983,0.01585));
#13742=CARTESIAN_POINT('',(0.0313880856960599,-0.00978865558697878,0.01585));
#13743=CARTESIAN_POINT('',(0.0315326991499182,-0.00993197786877964,0.01585));
#13744=CARTESIAN_POINT('',(0.031978279229115,-0.0103446990697882,0.01585));
#13745=CARTESIAN_POINT('',(0.0322900979014815,-0.0105987232638613,0.01585));
#13746=CARTESIAN_POINT('',(0.0329629425927808,-0.0110359548295601,0.01585));
#13747=CARTESIAN_POINT('',(0.0333141345272332,-0.0112314463948984,0.01585));
#13748=CARTESIAN_POINT('',(0.0340554332561823,-0.0115740926472432,0.01585));
#13749=CARTESIAN_POINT('',(0.0344659752309997,-0.0116878999883797,0.01585));
#13750=CARTESIAN_POINT('',(0.035276890351137,-0.0117685499454232,0.01585));
#13751=CARTESIAN_POINT('',(0.0356999972414968,-0.011765745036529,0.01585));
#13752=CARTESIAN_POINT('',(0.036508245690715,-0.0116460157163852,0.01585));
#13753=CARTESIAN_POINT('',(0.0369053477484079,-0.011519677150784,0.01585));
#13754=CARTESIAN_POINT('',(0.0380279332474893,-0.010989293764316,0.01585));
#13755=CARTESIAN_POINT('',(0.0386809888801049,-0.0104579212550286,0.01585));
#13756=CARTESIAN_POINT('',(0.0396491744420627,-0.00912164104044063,0.01585));
#13757=CARTESIAN_POINT('',(0.03996816764049,-0.00835310103456623,0.01585));
#13758=CARTESIAN_POINT('',(0.0403458358399969,-0.00674389126125844,0.01585));
#13759=CARTESIAN_POINT('',(0.0404425542242365,-0.00592766680853623,0.01585));
#13760=CARTESIAN_POINT('',(0.0405839822003767,-0.00428756365459333,0.01585));
#13761=CARTESIAN_POINT('',(0.0406200542345065,-0.00346297772509927,0.01585));
#13762=CARTESIAN_POINT('',(0.0406093701921052,-0.00182271232177564,0.01585));
#13763=CARTESIAN_POINT('',(0.0405300002839801,-0.00100519314797523,0.01585));
#13764=CARTESIAN_POINT('',(0.0404038154728897,0.000220165101797995,0.01585));
#13765=CARTESIAN_POINT('',(0.040355864467601,0.000630030298080783,0.01585));
#13766=CARTESIAN_POINT('',(0.0402051587215454,0.00143715050518859,0.01585));
#13767=CARTESIAN_POINT('',(0.0401056625461269,0.00183324271813347,0.01585));
#13768=CARTESIAN_POINT('',(0.0397201885696718,0.00300164625862297,0.01585));
#13769=CARTESIAN_POINT('',(0.0393590127418985,0.00374368751992503,0.01585));
#13770=CARTESIAN_POINT('',(0.0383192561719842,0.00500911410003743,0.01585));
#13771=CARTESIAN_POINT('',(0.0376382234825922,0.00551788997015968,0.01585));
#13772=CARTESIAN_POINT('',(0.0361152680105449,0.00613534745375999,0.01585));
#13773=CARTESIAN_POINT('',(0.0352835005668137,0.00629050905731111,0.01585));
#13774=CARTESIAN_POINT('',(0.0340564828990069,0.0061390791227046,0.01585));
#13775=CARTESIAN_POINT('',(0.0336540682133649,0.00602365276326515,0.01585));
#13776=CARTESIAN_POINT('',(0.032899214213908,0.00570648179903394,0.01585));
#13777=CARTESIAN_POINT('',(0.0325330944837084,0.00550218192857405,0.01585));
#13778=CARTESIAN_POINT('',(0.0318612084484114,0.00503404062748214,0.01585));
#13779=CARTESIAN_POINT('',(0.0315589836968317,0.00475314550715223,0.01585));
#13780=CARTESIAN_POINT('',(0.0311272131363679,0.00430647740262672,0.01585));
#13781=CARTESIAN_POINT('',(0.0309813426486447,0.00415996113839846,0.01585));
#13782=CARTESIAN_POINT('',(0.0306749475132269,0.00388326412022452,0.01585));
#13783=CARTESIAN_POINT('',(0.0305168226882755,0.00375051091842414,0.01585));
#13784=CARTESIAN_POINT('',(0.0302628441435288,0.00357017801239414,0.01585));
#13785=CARTESIAN_POINT('',(0.0301754707545818,0.00351213432200973,0.01585));
#13786=CARTESIAN_POINT('',(0.0299971515699764,0.00341097806379352,0.01585));
#13787=CARTESIAN_POINT('',(0.0299066548098496,0.00336394025136759,0.01585));
#13788=CARTESIAN_POINT('',(0.0297978459102709,0.00333291567194127,0.01585));
#13789=CARTESIAN_POINT('',(0.029785675927847,0.0033297250433908,0.01585));
#13790=CARTESIAN_POINT('',(0.0297612434573366,0.00332362037179031,0.01585));
#13791=CARTESIAN_POINT('',(0.0297490246711745,0.00332057617476748,0.01585));
#13792=CARTESIAN_POINT('',(0.0297124133401271,0.00331130307480378,0.01585));
#13793=CARTESIAN_POINT('',(0.0296879539338423,0.00330528241156795,0.01585));
#13794=CARTESIAN_POINT('',(0.0296264335728297,0.00328972655239053,0.01585));
#13795=CARTESIAN_POINT('',(0.0295892793616077,0.00328048134548166,0.01585));
#13796=CARTESIAN_POINT('',(0.0295521419794196,0.00327118392257779,0.01585));
#13797=CARTESIAN_POINT('',(0.0298837620410478,-0.00941122629748537,0.00585));
#13798=CARTESIAN_POINT('',(0.0299203263828231,-0.00942022758789276,0.00585));
#13799=CARTESIAN_POINT('',(0.0299568907245985,-0.00942922887830014,0.00585));
#13800=CARTESIAN_POINT('',(0.0300415825904553,-0.00945007804562287,0.00585));
#13801=CARTESIAN_POINT('',(0.0300878346992652,-0.0094615242037383,0.00585));
#13802=CARTESIAN_POINT('',(0.0301628391082945,-0.00947989859731119,0.00585));
#13803=CARTESIAN_POINT('',(0.0301548845291113,-0.00947783581810252,0.00585));
#13804=CARTESIAN_POINT('',(0.0301743163212787,-0.00948401000042574,0.00585));
#13805=CARTESIAN_POINT('',(0.0301800024494975,-0.00948686887688707,0.00585));
#13806=CARTESIAN_POINT('',(0.0302219688610297,-0.00950449979264849,0.00585));
#13807=CARTESIAN_POINT('',(0.030247498170806,-0.00951863912254495,0.00585));
#13808=CARTESIAN_POINT('',(0.0303506378439505,-0.00957601284405295,0.00585));
#13809=CARTESIAN_POINT('',(0.0304199783576528,-0.00962116415157243,0.00585));
#13810=CARTESIAN_POINT('',(0.0306262731267329,-0.00976754882524945,0.00585));
#13811=CARTESIAN_POINT('',(0.0307576829086991,-0.00987970244981491,0.00585));
#13812=CARTESIAN_POINT('',(0.0310375584268959,-0.0101451846332945,0.00585));
#13813=CARTESIAN_POINT('',(0.0311847881156614,-0.0102908672957681,0.00585));
#13814=CARTESIAN_POINT('',(0.0316536532455935,-0.0107263226776501,0.00585));
#13815=CARTESIAN_POINT('',(0.0319911891574989,-0.0110011483874865,0.00585));
#13816=CARTESIAN_POINT('',(0.0327143245896169,-0.0114703178877104,0.00585));
#13817=CARTESIAN_POINT('',(0.0330736685233044,-0.0116703367477415,0.00585));
#13818=CARTESIAN_POINT('',(0.0338832373793776,-0.0120460865747507,0.00585));
#13819=CARTESIAN_POINT('',(0.0343680688607108,-0.0121815250060226,0.00585));
#13820=CARTESIAN_POINT('',(0.0352690176748039,-0.0122693145864632,0.00585));
#13821=CARTESIAN_POINT('',(0.0357217310969462,-0.0122676009403882,0.00585));
#13822=CARTESIAN_POINT('',(0.0366358284483357,-0.0121329492486859,0.00585));
#13823=CARTESIAN_POINT('',(0.0370792671124141,-0.0119906714120698,0.00585));
#13824=CARTESIAN_POINT('',(0.0383151522600595,-0.0114062392600565,0.00585));
#13825=CARTESIAN_POINT('',(0.0390374548089718,-0.0108176940981665,0.00585));
#13826=CARTESIAN_POINT('',(0.0401010120790306,-0.00935063414864388,0.00585));
#13827=CARTESIAN_POINT('',(0.0404440490060975,-0.0085143490786602,0.00585));
#13828=CARTESIAN_POINT('',(0.0408426846979583,-0.00681458267511794,0.00585));
#13829=CARTESIAN_POINT('',(0.0409393299178468,-0.00598474100710128,0.00585));
#13830=CARTESIAN_POINT('',(0.0410835881679628,-0.00431548113345282,0.00585));
#13831=CARTESIAN_POINT('',(0.0411200836250258,-0.00347943664814053,0.00585));
#13832=CARTESIAN_POINT('',(0.0411092995806324,-0.00179717373970599,0.00585));
#13833=CARTESIAN_POINT('',(0.0410272568325992,-0.000954366802554567,0.00585));
#13834=CARTESIAN_POINT('',(0.0409010476958853,0.000273441944716317,0.00585));
#13835=CARTESIAN_POINT('',(0.0408513809323209,0.000700348723912598,0.00585));
#13836=CARTESIAN_POINT('',(0.0406927692107995,0.001549756633121,0.00585));
#13837=CARTESIAN_POINT('',(0.0405877486483815,0.00196828448073895,0.00585));
#13838=CARTESIAN_POINT('',(0.0401813854691996,0.00319881311303463,0.00585));
#13839=CARTESIAN_POINT('',(0.0397929965988009,0.00400221839862615,0.00585));
#13840=CARTESIAN_POINT('',(0.0386576273141229,0.00538577433860431,0.00585));
#13841=CARTESIAN_POINT('',(0.0378971301454875,0.00595301406163878,0.00585));
#13842=CARTESIAN_POINT('',(0.0362355177938634,0.00662555594535286,0.00585));
#13843=CARTESIAN_POINT('',(0.0353274919165222,0.00679990776512516,0.00585));
#13844=CARTESIAN_POINT('',(0.0339431667264394,0.00662879938614885,0.00585));
#13845=CARTESIAN_POINT('',(0.0334952959359835,0.00649947490546725,0.00585));
#13846=CARTESIAN_POINT('',(0.0326714216809725,0.00615292190122038,0.00585));
#13847=CARTESIAN_POINT('',(0.0322760150380297,0.00593199671664416,0.00585));
#13848=CARTESIAN_POINT('',(0.0315438077057566,0.00542274432619907,0.00585));
#13849=CARTESIAN_POINT('',(0.0312025454638531,0.00510408671997954,0.00585));
#13850=CARTESIAN_POINT('',(0.0307691935520371,0.00465536169105305,0.00585));
#13851=CARTESIAN_POINT('',(0.0306345815659262,0.0045206053393211,0.00585));
#13852=CARTESIAN_POINT('',(0.0303501869176668,0.00426360482846118,0.00585));
#13853=CARTESIAN_POINT('',(0.0302023132459166,0.00414192383360444,0.00585));
#13854=CARTESIAN_POINT('',(0.0299843709952508,0.00398491501965387,0.00585));
#13855=CARTESIAN_POINT('',(0.0299069775089649,0.00393522190156107,0.00585));
#13856=CARTESIAN_POINT('',(0.0297706943235454,0.00385681166042641,0.00585));
#13857=CARTESIAN_POINT('',(0.0296976805734763,0.00382398078914739,0.00585));
#13858=CARTESIAN_POINT('',(0.0296644527581185,0.00381481883284016,0.00585));
#13859=CARTESIAN_POINT('',(0.0296667796804697,0.00381540695438076,0.00585));
#13860=CARTESIAN_POINT('',(0.0296369098044394,0.00380790712813577,0.00585));
#13861=CARTESIAN_POINT('',(0.0296271538130037,0.00380547225477891,0.00585));
#13862=CARTESIAN_POINT('',(0.029591310206057,0.00379646391578405,0.00585));
#13863=CARTESIAN_POINT('',(0.0295648167073677,0.0037898428803007,0.00585));
#13864=CARTESIAN_POINT('',(0.0295071328292605,0.00377535525724921,0.00585));
#13865=CARTESIAN_POINT('',(0.0294676187728525,0.00376545913159638,0.00585));
#13866=CARTESIAN_POINT('',(0.0294300946693816,0.00375605230249054,0.00585));
#13867=MECHANICAL_DESIGN_GEOMETRIC_PRESENTATION_REPRESENTATION('',(#6008),
#13868);
#13868=(
GEOMETRIC_REPRESENTATION_CONTEXT(3)
GLOBAL_UNCERTAINTY_ASSIGNED_CONTEXT((#13869))
GLOBAL_UNIT_ASSIGNED_CONTEXT((#13872,#13871,#13870))
REPRESENTATION_CONTEXT('Part 1','TOP_LEVEL_ASSEMBLY_PART')
);
#13869=UNCERTAINTY_MEASURE_WITH_UNIT(LENGTH_MEASURE(2.73011711959938E-5),
#13872,'DISTANCE_ACCURACY_VALUE','Maximum Tolerance applied to model');
#13870=(
NAMED_UNIT(*)
SI_UNIT($,.STERADIAN.)
SOLID_ANGLE_UNIT()
);
#13871=(
NAMED_UNIT(*)
PLANE_ANGLE_UNIT()
SI_UNIT($,.RADIAN.)
);
#13872=(
LENGTH_UNIT()
NAMED_UNIT(*)
SI_UNIT($,.METRE.)
);
#13873=PRODUCT_DEFINITION_SHAPE('','',#13874);
#13874=PRODUCT_DEFINITION('','',#13876,#13875);
#13875=PRODUCT_DEFINITION_CONTEXT('',#13882,'design');
#13876=PRODUCT_DEFINITION_FORMATION_WITH_SPECIFIED_SOURCE('','',#13878,
 .NOT_KNOWN.);
#13877=PRODUCT_RELATED_PRODUCT_CATEGORY('','',(#13878));
#13878=PRODUCT('Part 1','Part 1','Part 1',(#13880));
#13879=PRODUCT_CATEGORY('','');
#13880=PRODUCT_CONTEXT('',#13882,'mechanical');
#13881=APPLICATION_PROTOCOL_DEFINITION('international standard',
'ap242_managed_model_based_3d_engineering',2020,#13882);
#13882=APPLICATION_CONTEXT('managed model based 3d engineering');
ENDSEC;
END-ISO-10303-21;
