ISO-10303-21;
HEADER;
/* Generated by software containing ST-Developer
 * from STEP Tools, Inc. (www.steptools.com) 
 */
/* OPTION: using custom renumber hook */

FILE_DESCRIPTION(
/* description */ ('STEP AP242 Edition 2',
'CAx-IF Rec.Pracs.---Representation and Presentation of Product Manufa
cturing Information (PMI)---4.0---2014-10-13',
'CAx-IF Rec.Pracs.---3D Tessellated Geometry---0.4---2014-09-14','2;1',
'CAx-IF Rec.Pracs.---User Defined Attributes---1.5---2016-08-15'),
/* implementation_level */ '2;1');

FILE_NAME(
/* name */ 'Cookie Cutter 2',
/* time_stamp */ '2026-08-13T19:45:53Z',
/* author */ (''),
/* organization */ (''),
/* preprocessor_version */ 'ST-DEVELOPER v20',
/* originating_system */ 'ONSHAPE BY PTC INC, 1.219',
/* authorisation */ '  ');

FILE_SCHEMA (('AP242_MANAGED_MODEL_BASED_3D_ENGINEERING_MIM_LF { 1 0 10303 442 3 1 4 }'));
ENDSEC;

DATA;
#10=SHAPE_REPRESENTATION_RELATIONSHIP('','',#2014,#11);
#11=ADVANCED_BREP_SHAPE_REPRESENTATION('',(#2012),#3261);
#12=CONICAL_SURFACE('',#2151,0.014132648388057,0.0798299857122374);
#13=CYLINDRICAL_SURFACE('',#2047,0.0060325);
#14=CYLINDRICAL_SURFACE('',#2051,0.0060325);
#15=CYLINDRICAL_SURFACE('',#2054,0.0060325);
#16=CYLINDRICAL_SURFACE('',#2057,0.0060325);
#17=CYLINDRICAL_SURFACE('',#2060,0.014132648388057);
#18=CYLINDRICAL_SURFACE('',#2066,0.012232648388057);
#19=CYLINDRICAL_SURFACE('',#2067,0.0188826483880571);
#20=CYLINDRICAL_SURFACE('',#2081,0.0060325);
#21=CYLINDRICAL_SURFACE('',#2084,0.0060325);
#22=CYLINDRICAL_SURFACE('',#2087,0.0060325);
#23=CYLINDRICAL_SURFACE('',#2104,0.0060325);
#24=CYLINDRICAL_SURFACE('',#2109,0.0060325);
#25=CYLINDRICAL_SURFACE('',#2113,0.0060325);
#26=CYLINDRICAL_SURFACE('',#2117,0.0060325);
#27=CYLINDRICAL_SURFACE('',#2120,0.0060325);
#28=CIRCLE('',#2021,0.0060325);
#29=CIRCLE('',#2022,0.0188826483880571);
#30=CIRCLE('',#2023,0.0060325);
#31=CIRCLE('',#2024,0.0060325);
#32=CIRCLE('',#2025,0.0060325);
#33=CIRCLE('',#2026,0.0060325);
#34=CIRCLE('',#2027,0.0060325);
#35=CIRCLE('',#2028,0.0060325);
#36=CIRCLE('',#2029,0.0188826483880571);
#37=CIRCLE('',#2030,0.0060325);
#38=CIRCLE('',#2031,0.0060325);
#39=CIRCLE('',#2032,0.0060325);
#40=CIRCLE('',#2033,0.0188826483880571);
#41=CIRCLE('',#2034,0.0060325);
#42=CIRCLE('',#2035,0.0188826483880571);
#43=CIRCLE('',#2036,0.0060325);
#44=CIRCLE('',#2037,0.0060325);
#45=CIRCLE('',#2038,0.012232648388057);
#46=CIRCLE('',#2039,0.0060325);
#47=CIRCLE('',#2040,0.0060325);
#48=CIRCLE('',#2048,0.00603250000000041);
#49=CIRCLE('',#2049,0.0060325);
#50=CIRCLE('',#2052,0.0060325);
#51=CIRCLE('',#2055,0.0060325);
#52=CIRCLE('',#2058,0.0060325);
#53=CIRCLE('',#2061,0.014132648388057);
#54=CIRCLE('',#2062,0.014132648388057);
#55=CIRCLE('',#2064,0.013372648388057);
#56=CIRCLE('',#2065,0.012232648388057);
#57=CIRCLE('',#2068,0.0188826483880566);
#58=CIRCLE('',#2069,0.0188826483880568);
#59=CIRCLE('',#2070,0.0188826483880569);
#60=CIRCLE('',#2071,0.0188826483880569);
#61=CIRCLE('',#2072,0.0188826483880571);
#62=CIRCLE('',#2082,0.0060325);
#63=CIRCLE('',#2085,0.0060325);
#64=CIRCLE('',#2088,0.0060325);
#65=CIRCLE('',#2105,0.0060325);
#66=CIRCLE('',#2106,0.0060325);
#67=CIRCLE('',#2110,0.0060325);
#68=CIRCLE('',#2111,0.0060325);
#69=CIRCLE('',#2114,0.0060325);
#70=CIRCLE('',#2115,0.0060325);
#71=CIRCLE('',#2118,0.0060325);
#72=CIRCLE('',#2121,0.0060325);
#73=ORIENTED_EDGE('',*,*,#635,.T.);
#74=ORIENTED_EDGE('',*,*,#636,.T.);
#75=ORIENTED_EDGE('',*,*,#637,.F.);
#76=ORIENTED_EDGE('',*,*,#638,.T.);
#77=ORIENTED_EDGE('',*,*,#637,.T.);
#78=ORIENTED_EDGE('',*,*,#639,.T.);
#79=ORIENTED_EDGE('',*,*,#640,.F.);
#80=ORIENTED_EDGE('',*,*,#641,.F.);
#81=ORIENTED_EDGE('',*,*,#640,.T.);
#82=ORIENTED_EDGE('',*,*,#642,.T.);
#83=ORIENTED_EDGE('',*,*,#643,.F.);
#84=ORIENTED_EDGE('',*,*,#644,.F.);
#85=ORIENTED_EDGE('',*,*,#643,.T.);
#86=ORIENTED_EDGE('',*,*,#645,.T.);
#87=ORIENTED_EDGE('',*,*,#635,.F.);
#88=ORIENTED_EDGE('',*,*,#646,.T.);
#89=ORIENTED_EDGE('',*,*,#647,.F.);
#90=ORIENTED_EDGE('',*,*,#648,.T.);
#91=ORIENTED_EDGE('',*,*,#649,.F.);
#92=ORIENTED_EDGE('',*,*,#650,.T.);
#93=ORIENTED_EDGE('',*,*,#651,.T.);
#94=ORIENTED_EDGE('',*,*,#652,.F.);
#95=ORIENTED_EDGE('',*,*,#653,.T.);
#96=ORIENTED_EDGE('',*,*,#654,.T.);
#97=ORIENTED_EDGE('',*,*,#655,.T.);
#98=ORIENTED_EDGE('',*,*,#656,.T.);
#99=ORIENTED_EDGE('',*,*,#657,.T.);
#100=ORIENTED_EDGE('',*,*,#658,.F.);
#101=ORIENTED_EDGE('',*,*,#659,.T.);
#102=ORIENTED_EDGE('',*,*,#660,.T.);
#103=ORIENTED_EDGE('',*,*,#661,.F.);
#104=ORIENTED_EDGE('',*,*,#662,.T.);
#105=ORIENTED_EDGE('',*,*,#663,.F.);
#106=ORIENTED_EDGE('',*,*,#664,.T.);
#107=ORIENTED_EDGE('',*,*,#665,.T.);
#108=ORIENTED_EDGE('',*,*,#666,.T.);
#109=ORIENTED_EDGE('',*,*,#667,.T.);
#110=ORIENTED_EDGE('',*,*,#668,.T.);
#111=ORIENTED_EDGE('',*,*,#669,.T.);
#112=ORIENTED_EDGE('',*,*,#670,.T.);
#113=ORIENTED_EDGE('',*,*,#671,.T.);
#114=ORIENTED_EDGE('',*,*,#672,.T.);
#115=ORIENTED_EDGE('',*,*,#673,.T.);
#116=ORIENTED_EDGE('',*,*,#674,.T.);
#117=ORIENTED_EDGE('',*,*,#675,.T.);
#118=ORIENTED_EDGE('',*,*,#676,.T.);
#119=ORIENTED_EDGE('',*,*,#677,.T.);
#120=ORIENTED_EDGE('',*,*,#678,.T.);
#121=ORIENTED_EDGE('',*,*,#679,.T.);
#122=ORIENTED_EDGE('',*,*,#680,.T.);
#123=ORIENTED_EDGE('',*,*,#681,.T.);
#124=ORIENTED_EDGE('',*,*,#682,.T.);
#125=ORIENTED_EDGE('',*,*,#683,.T.);
#126=ORIENTED_EDGE('',*,*,#684,.T.);
#127=ORIENTED_EDGE('',*,*,#685,.T.);
#128=ORIENTED_EDGE('',*,*,#686,.T.);
#129=ORIENTED_EDGE('',*,*,#687,.T.);
#130=ORIENTED_EDGE('',*,*,#688,.T.);
#131=ORIENTED_EDGE('',*,*,#689,.T.);
#132=ORIENTED_EDGE('',*,*,#690,.T.);
#133=ORIENTED_EDGE('',*,*,#691,.F.);
#134=ORIENTED_EDGE('',*,*,#692,.T.);
#135=ORIENTED_EDGE('',*,*,#693,.T.);
#136=ORIENTED_EDGE('',*,*,#694,.T.);
#137=ORIENTED_EDGE('',*,*,#695,.T.);
#138=ORIENTED_EDGE('',*,*,#696,.T.);
#139=ORIENTED_EDGE('',*,*,#697,.T.);
#140=ORIENTED_EDGE('',*,*,#698,.T.);
#141=ORIENTED_EDGE('',*,*,#699,.F.);
#142=ORIENTED_EDGE('',*,*,#700,.T.);
#143=ORIENTED_EDGE('',*,*,#701,.T.);
#144=ORIENTED_EDGE('',*,*,#702,.T.);
#145=ORIENTED_EDGE('',*,*,#703,.T.);
#146=ORIENTED_EDGE('',*,*,#704,.T.);
#147=ORIENTED_EDGE('',*,*,#705,.F.);
#148=ORIENTED_EDGE('',*,*,#706,.T.);
#149=ORIENTED_EDGE('',*,*,#707,.T.);
#150=ORIENTED_EDGE('',*,*,#708,.F.);
#151=ORIENTED_EDGE('',*,*,#709,.T.);
#152=ORIENTED_EDGE('',*,*,#710,.F.);
#153=ORIENTED_EDGE('',*,*,#711,.F.);
#154=ORIENTED_EDGE('',*,*,#712,.T.);
#155=ORIENTED_EDGE('',*,*,#713,.T.);
#156=ORIENTED_EDGE('',*,*,#714,.T.);
#157=ORIENTED_EDGE('',*,*,#715,.F.);
#158=ORIENTED_EDGE('',*,*,#716,.F.);
#159=ORIENTED_EDGE('',*,*,#717,.T.);
#160=ORIENTED_EDGE('',*,*,#718,.T.);
#161=ORIENTED_EDGE('',*,*,#719,.T.);
#162=ORIENTED_EDGE('',*,*,#720,.T.);
#163=ORIENTED_EDGE('',*,*,#721,.F.);
#164=ORIENTED_EDGE('',*,*,#722,.T.);
#165=ORIENTED_EDGE('',*,*,#723,.T.);
#166=ORIENTED_EDGE('',*,*,#724,.F.);
#167=ORIENTED_EDGE('',*,*,#721,.T.);
#168=ORIENTED_EDGE('',*,*,#725,.F.);
#169=ORIENTED_EDGE('',*,*,#659,.F.);
#170=ORIENTED_EDGE('',*,*,#726,.T.);
#171=ORIENTED_EDGE('',*,*,#722,.F.);
#172=ORIENTED_EDGE('',*,*,#726,.F.);
#173=ORIENTED_EDGE('',*,*,#658,.T.);
#174=ORIENTED_EDGE('',*,*,#727,.T.);
#175=ORIENTED_EDGE('',*,*,#723,.F.);
#176=ORIENTED_EDGE('',*,*,#727,.F.);
#177=ORIENTED_EDGE('',*,*,#661,.T.);
#178=ORIENTED_EDGE('',*,*,#728,.T.);
#179=ORIENTED_EDGE('',*,*,#724,.T.);
#180=ORIENTED_EDGE('',*,*,#728,.F.);
#181=ORIENTED_EDGE('',*,*,#660,.F.);
#182=ORIENTED_EDGE('',*,*,#725,.T.);
#183=ORIENTED_EDGE('',*,*,#729,.F.);
#184=ORIENTED_EDGE('',*,*,#730,.T.);
#185=ORIENTED_EDGE('',*,*,#648,.F.);
#186=ORIENTED_EDGE('',*,*,#731,.F.);
#187=ORIENTED_EDGE('',*,*,#732,.F.);
#188=ORIENTED_EDGE('',*,*,#733,.T.);
#189=ORIENTED_EDGE('',*,*,#662,.F.);
#190=ORIENTED_EDGE('',*,*,#734,.F.);
#191=ORIENTED_EDGE('',*,*,#735,.T.);
#192=ORIENTED_EDGE('',*,*,#736,.T.);
#193=ORIENTED_EDGE('',*,*,#737,.F.);
#194=ORIENTED_EDGE('',*,*,#738,.F.);
#195=ORIENTED_EDGE('',*,*,#736,.F.);
#196=ORIENTED_EDGE('',*,*,#739,.T.);
#197=ORIENTED_EDGE('',*,*,#740,.T.);
#198=ORIENTED_EDGE('',*,*,#653,.F.);
#199=ORIENTED_EDGE('',*,*,#741,.F.);
#200=ORIENTED_EDGE('',*,*,#742,.F.);
#201=ORIENTED_EDGE('',*,*,#743,.T.);
#202=ORIENTED_EDGE('',*,*,#654,.F.);
#203=ORIENTED_EDGE('',*,*,#740,.F.);
#204=ORIENTED_EDGE('',*,*,#744,.T.);
#205=ORIENTED_EDGE('',*,*,#745,.T.);
#206=ORIENTED_EDGE('',*,*,#680,.F.);
#207=ORIENTED_EDGE('',*,*,#681,.F.);
#208=ORIENTED_EDGE('',*,*,#745,.F.);
#209=ORIENTED_EDGE('',*,*,#746,.T.);
#210=ORIENTED_EDGE('',*,*,#747,.T.);
#211=ORIENTED_EDGE('',*,*,#682,.F.);
#212=ORIENTED_EDGE('',*,*,#747,.F.);
#213=ORIENTED_EDGE('',*,*,#748,.T.);
#214=ORIENTED_EDGE('',*,*,#749,.T.);
#215=ORIENTED_EDGE('',*,*,#683,.F.);
#216=ORIENTED_EDGE('',*,*,#749,.F.);
#217=ORIENTED_EDGE('',*,*,#750,.T.);
#218=ORIENTED_EDGE('',*,*,#751,.T.);
#219=ORIENTED_EDGE('',*,*,#684,.F.);
#220=ORIENTED_EDGE('',*,*,#751,.F.);
#221=ORIENTED_EDGE('',*,*,#752,.T.);
#222=ORIENTED_EDGE('',*,*,#753,.T.);
#223=ORIENTED_EDGE('',*,*,#685,.F.);
#224=ORIENTED_EDGE('',*,*,#753,.F.);
#225=ORIENTED_EDGE('',*,*,#754,.T.);
#226=ORIENTED_EDGE('',*,*,#734,.T.);
#227=ORIENTED_EDGE('',*,*,#735,.F.);
#228=ORIENTED_EDGE('',*,*,#754,.F.);
#229=ORIENTED_EDGE('',*,*,#752,.F.);
#230=ORIENTED_EDGE('',*,*,#750,.F.);
#231=ORIENTED_EDGE('',*,*,#748,.F.);
#232=ORIENTED_EDGE('',*,*,#746,.F.);
#233=ORIENTED_EDGE('',*,*,#744,.F.);
#234=ORIENTED_EDGE('',*,*,#739,.F.);
#235=ORIENTED_EDGE('',*,*,#641,.T.);
#236=ORIENTED_EDGE('',*,*,#644,.T.);
#237=ORIENTED_EDGE('',*,*,#646,.F.);
#238=ORIENTED_EDGE('',*,*,#638,.F.);
#239=ORIENTED_EDGE('',*,*,#755,.T.);
#240=ORIENTED_EDGE('',*,*,#756,.F.);
#241=ORIENTED_EDGE('',*,*,#757,.T.);
#242=ORIENTED_EDGE('',*,*,#758,.T.);
#243=ORIENTED_EDGE('',*,*,#699,.T.);
#244=ORIENTED_EDGE('',*,*,#758,.F.);
#245=ORIENTED_EDGE('',*,*,#759,.F.);
#246=ORIENTED_EDGE('',*,*,#760,.F.);
#247=ORIENTED_EDGE('',*,*,#761,.T.);
#248=ORIENTED_EDGE('',*,*,#678,.F.);
#249=ORIENTED_EDGE('',*,*,#762,.F.);
#250=ORIENTED_EDGE('',*,*,#763,.F.);
#251=ORIENTED_EDGE('',*,*,#764,.T.);
#252=ORIENTED_EDGE('',*,*,#693,.F.);
#253=ORIENTED_EDGE('',*,*,#765,.F.);
#254=ORIENTED_EDGE('',*,*,#766,.F.);
#255=ORIENTED_EDGE('',*,*,#767,.T.);
#256=ORIENTED_EDGE('',*,*,#687,.F.);
#257=ORIENTED_EDGE('',*,*,#768,.F.);
#258=ORIENTED_EDGE('',*,*,#769,.F.);
#259=ORIENTED_EDGE('',*,*,#770,.T.);
#260=ORIENTED_EDGE('',*,*,#656,.F.);
#261=ORIENTED_EDGE('',*,*,#771,.T.);
#262=ORIENTED_EDGE('',*,*,#771,.F.);
#263=ORIENTED_EDGE('',*,*,#756,.T.);
#264=ORIENTED_EDGE('',*,*,#772,.T.);
#265=ORIENTED_EDGE('',*,*,#773,.T.);
#266=ORIENTED_EDGE('',*,*,#774,.F.);
#267=ORIENTED_EDGE('',*,*,#775,.F.);
#268=ORIENTED_EDGE('',*,*,#774,.T.);
#269=ORIENTED_EDGE('',*,*,#776,.T.);
#270=ORIENTED_EDGE('',*,*,#777,.F.);
#271=ORIENTED_EDGE('',*,*,#778,.F.);
#272=ORIENTED_EDGE('',*,*,#777,.T.);
#273=ORIENTED_EDGE('',*,*,#779,.T.);
#274=ORIENTED_EDGE('',*,*,#772,.F.);
#275=ORIENTED_EDGE('',*,*,#780,.F.);
#276=ORIENTED_EDGE('',*,*,#781,.T.);
#277=ORIENTED_EDGE('',*,*,#782,.T.);
#278=ORIENTED_EDGE('',*,*,#783,.T.);
#279=ORIENTED_EDGE('',*,*,#784,.F.);
#280=ORIENTED_EDGE('',*,*,#785,.T.);
#281=ORIENTED_EDGE('',*,*,#786,.T.);
#282=ORIENTED_EDGE('',*,*,#784,.T.);
#283=ORIENTED_EDGE('',*,*,#787,.F.);
#284=ORIENTED_EDGE('',*,*,#709,.F.);
#285=ORIENTED_EDGE('',*,*,#788,.T.);
#286=ORIENTED_EDGE('',*,*,#785,.F.);
#287=ORIENTED_EDGE('',*,*,#788,.F.);
#288=ORIENTED_EDGE('',*,*,#708,.T.);
#289=ORIENTED_EDGE('',*,*,#789,.T.);
#290=ORIENTED_EDGE('',*,*,#786,.F.);
#291=ORIENTED_EDGE('',*,*,#789,.F.);
#292=ORIENTED_EDGE('',*,*,#710,.T.);
#293=ORIENTED_EDGE('',*,*,#787,.T.);
#294=ORIENTED_EDGE('',*,*,#667,.F.);
#295=ORIENTED_EDGE('',*,*,#790,.F.);
#296=ORIENTED_EDGE('',*,*,#791,.T.);
#297=ORIENTED_EDGE('',*,*,#792,.T.);
#298=ORIENTED_EDGE('',*,*,#793,.F.);
#299=ORIENTED_EDGE('',*,*,#794,.F.);
#300=ORIENTED_EDGE('',*,*,#795,.T.);
#301=ORIENTED_EDGE('',*,*,#668,.F.);
#302=ORIENTED_EDGE('',*,*,#792,.F.);
#303=ORIENTED_EDGE('',*,*,#796,.T.);
#304=ORIENTED_EDGE('',*,*,#797,.T.);
#305=ORIENTED_EDGE('',*,*,#701,.F.);
#306=ORIENTED_EDGE('',*,*,#702,.F.);
#307=ORIENTED_EDGE('',*,*,#797,.F.);
#308=ORIENTED_EDGE('',*,*,#798,.T.);
#309=ORIENTED_EDGE('',*,*,#799,.T.);
#310=ORIENTED_EDGE('',*,*,#800,.F.);
#311=ORIENTED_EDGE('',*,*,#801,.F.);
#312=ORIENTED_EDGE('',*,*,#802,.T.);
#313=ORIENTED_EDGE('',*,*,#651,.F.);
#314=ORIENTED_EDGE('',*,*,#803,.F.);
#315=ORIENTED_EDGE('',*,*,#804,.F.);
#316=ORIENTED_EDGE('',*,*,#805,.T.);
#317=ORIENTED_EDGE('',*,*,#703,.F.);
#318=ORIENTED_EDGE('',*,*,#799,.F.);
#319=ORIENTED_EDGE('',*,*,#806,.T.);
#320=ORIENTED_EDGE('',*,*,#807,.T.);
#321=ORIENTED_EDGE('',*,*,#664,.F.);
#322=ORIENTED_EDGE('',*,*,#665,.F.);
#323=ORIENTED_EDGE('',*,*,#807,.F.);
#324=ORIENTED_EDGE('',*,*,#808,.T.);
#325=ORIENTED_EDGE('',*,*,#809,.T.);
#326=ORIENTED_EDGE('',*,*,#666,.F.);
#327=ORIENTED_EDGE('',*,*,#809,.F.);
#328=ORIENTED_EDGE('',*,*,#810,.T.);
#329=ORIENTED_EDGE('',*,*,#790,.T.);
#330=ORIENTED_EDGE('',*,*,#791,.F.);
#331=ORIENTED_EDGE('',*,*,#810,.F.);
#332=ORIENTED_EDGE('',*,*,#808,.F.);
#333=ORIENTED_EDGE('',*,*,#806,.F.);
#334=ORIENTED_EDGE('',*,*,#798,.F.);
#335=ORIENTED_EDGE('',*,*,#796,.F.);
#336=ORIENTED_EDGE('',*,*,#775,.T.);
#337=ORIENTED_EDGE('',*,*,#778,.T.);
#338=ORIENTED_EDGE('',*,*,#780,.T.);
#339=ORIENTED_EDGE('',*,*,#811,.T.);
#340=ORIENTED_EDGE('',*,*,#812,.T.);
#341=ORIENTED_EDGE('',*,*,#813,.F.);
#342=ORIENTED_EDGE('',*,*,#814,.F.);
#343=ORIENTED_EDGE('',*,*,#813,.T.);
#344=ORIENTED_EDGE('',*,*,#815,.T.);
#345=ORIENTED_EDGE('',*,*,#816,.F.);
#346=ORIENTED_EDGE('',*,*,#817,.F.);
#347=ORIENTED_EDGE('',*,*,#816,.T.);
#348=ORIENTED_EDGE('',*,*,#818,.T.);
#349=ORIENTED_EDGE('',*,*,#819,.F.);
#350=ORIENTED_EDGE('',*,*,#820,.F.);
#351=ORIENTED_EDGE('',*,*,#819,.T.);
#352=ORIENTED_EDGE('',*,*,#821,.T.);
#353=ORIENTED_EDGE('',*,*,#822,.F.);
#354=ORIENTED_EDGE('',*,*,#823,.F.);
#355=ORIENTED_EDGE('',*,*,#822,.T.);
#356=ORIENTED_EDGE('',*,*,#824,.T.);
#357=ORIENTED_EDGE('',*,*,#825,.F.);
#358=ORIENTED_EDGE('',*,*,#826,.F.);
#359=ORIENTED_EDGE('',*,*,#825,.T.);
#360=ORIENTED_EDGE('',*,*,#827,.T.);
#361=ORIENTED_EDGE('',*,*,#811,.F.);
#362=ORIENTED_EDGE('',*,*,#828,.F.);
#363=ORIENTED_EDGE('',*,*,#829,.T.);
#364=ORIENTED_EDGE('',*,*,#830,.T.);
#365=ORIENTED_EDGE('',*,*,#831,.T.);
#366=ORIENTED_EDGE('',*,*,#832,.T.);
#367=ORIENTED_EDGE('',*,*,#833,.T.);
#368=ORIENTED_EDGE('',*,*,#834,.T.);
#369=ORIENTED_EDGE('',*,*,#835,.F.);
#370=ORIENTED_EDGE('',*,*,#836,.T.);
#371=ORIENTED_EDGE('',*,*,#837,.T.);
#372=ORIENTED_EDGE('',*,*,#838,.T.);
#373=ORIENTED_EDGE('',*,*,#839,.F.);
#374=ORIENTED_EDGE('',*,*,#840,.F.);
#375=ORIENTED_EDGE('',*,*,#835,.T.);
#376=ORIENTED_EDGE('',*,*,#841,.F.);
#377=ORIENTED_EDGE('',*,*,#712,.F.);
#378=ORIENTED_EDGE('',*,*,#842,.T.);
#379=ORIENTED_EDGE('',*,*,#836,.F.);
#380=ORIENTED_EDGE('',*,*,#842,.F.);
#381=ORIENTED_EDGE('',*,*,#711,.T.);
#382=ORIENTED_EDGE('',*,*,#843,.T.);
#383=ORIENTED_EDGE('',*,*,#837,.F.);
#384=ORIENTED_EDGE('',*,*,#843,.F.);
#385=ORIENTED_EDGE('',*,*,#716,.T.);
#386=ORIENTED_EDGE('',*,*,#844,.T.);
#387=ORIENTED_EDGE('',*,*,#838,.F.);
#388=ORIENTED_EDGE('',*,*,#844,.F.);
#389=ORIENTED_EDGE('',*,*,#715,.T.);
#390=ORIENTED_EDGE('',*,*,#845,.T.);
#391=ORIENTED_EDGE('',*,*,#839,.T.);
#392=ORIENTED_EDGE('',*,*,#845,.F.);
#393=ORIENTED_EDGE('',*,*,#714,.F.);
#394=ORIENTED_EDGE('',*,*,#846,.T.);
#395=ORIENTED_EDGE('',*,*,#840,.T.);
#396=ORIENTED_EDGE('',*,*,#846,.F.);
#397=ORIENTED_EDGE('',*,*,#713,.F.);
#398=ORIENTED_EDGE('',*,*,#841,.T.);
#399=ORIENTED_EDGE('',*,*,#847,.F.);
#400=ORIENTED_EDGE('',*,*,#848,.F.);
#401=ORIENTED_EDGE('',*,*,#849,.T.);
#402=ORIENTED_EDGE('',*,*,#676,.F.);
#403=ORIENTED_EDGE('',*,*,#850,.F.);
#404=ORIENTED_EDGE('',*,*,#851,.T.);
#405=ORIENTED_EDGE('',*,*,#852,.T.);
#406=ORIENTED_EDGE('',*,*,#695,.F.);
#407=ORIENTED_EDGE('',*,*,#696,.F.);
#408=ORIENTED_EDGE('',*,*,#852,.F.);
#409=ORIENTED_EDGE('',*,*,#853,.T.);
#410=ORIENTED_EDGE('',*,*,#854,.T.);
#411=ORIENTED_EDGE('',*,*,#697,.F.);
#412=ORIENTED_EDGE('',*,*,#854,.F.);
#413=ORIENTED_EDGE('',*,*,#855,.T.);
#414=ORIENTED_EDGE('',*,*,#856,.T.);
#415=ORIENTED_EDGE('',*,*,#857,.F.);
#416=ORIENTED_EDGE('',*,*,#858,.F.);
#417=ORIENTED_EDGE('',*,*,#859,.T.);
#418=ORIENTED_EDGE('',*,*,#698,.F.);
#419=ORIENTED_EDGE('',*,*,#856,.F.);
#420=ORIENTED_EDGE('',*,*,#860,.T.);
#421=ORIENTED_EDGE('',*,*,#861,.T.);
#422=ORIENTED_EDGE('',*,*,#689,.F.);
#423=ORIENTED_EDGE('',*,*,#862,.F.);
#424=ORIENTED_EDGE('',*,*,#863,.F.);
#425=ORIENTED_EDGE('',*,*,#864,.T.);
#426=ORIENTED_EDGE('',*,*,#690,.F.);
#427=ORIENTED_EDGE('',*,*,#861,.F.);
#428=ORIENTED_EDGE('',*,*,#865,.T.);
#429=ORIENTED_EDGE('',*,*,#866,.T.);
#430=ORIENTED_EDGE('',*,*,#706,.F.);
#431=ORIENTED_EDGE('',*,*,#867,.F.);
#432=ORIENTED_EDGE('',*,*,#868,.F.);
#433=ORIENTED_EDGE('',*,*,#869,.T.);
#434=ORIENTED_EDGE('',*,*,#707,.F.);
#435=ORIENTED_EDGE('',*,*,#866,.F.);
#436=ORIENTED_EDGE('',*,*,#870,.T.);
#437=ORIENTED_EDGE('',*,*,#871,.T.);
#438=ORIENTED_EDGE('',*,*,#670,.F.);
#439=ORIENTED_EDGE('',*,*,#671,.F.);
#440=ORIENTED_EDGE('',*,*,#871,.F.);
#441=ORIENTED_EDGE('',*,*,#872,.T.);
#442=ORIENTED_EDGE('',*,*,#873,.T.);
#443=ORIENTED_EDGE('',*,*,#672,.F.);
#444=ORIENTED_EDGE('',*,*,#873,.F.);
#445=ORIENTED_EDGE('',*,*,#874,.T.);
#446=ORIENTED_EDGE('',*,*,#875,.T.);
#447=ORIENTED_EDGE('',*,*,#673,.F.);
#448=ORIENTED_EDGE('',*,*,#875,.F.);
#449=ORIENTED_EDGE('',*,*,#876,.T.);
#450=ORIENTED_EDGE('',*,*,#877,.T.);
#451=ORIENTED_EDGE('',*,*,#674,.F.);
#452=ORIENTED_EDGE('',*,*,#877,.F.);
#453=ORIENTED_EDGE('',*,*,#878,.T.);
#454=ORIENTED_EDGE('',*,*,#879,.T.);
#455=ORIENTED_EDGE('',*,*,#675,.F.);
#456=ORIENTED_EDGE('',*,*,#879,.F.);
#457=ORIENTED_EDGE('',*,*,#880,.T.);
#458=ORIENTED_EDGE('',*,*,#850,.T.);
#459=ORIENTED_EDGE('',*,*,#851,.F.);
#460=ORIENTED_EDGE('',*,*,#880,.F.);
#461=ORIENTED_EDGE('',*,*,#878,.F.);
#462=ORIENTED_EDGE('',*,*,#876,.F.);
#463=ORIENTED_EDGE('',*,*,#874,.F.);
#464=ORIENTED_EDGE('',*,*,#872,.F.);
#465=ORIENTED_EDGE('',*,*,#870,.F.);
#466=ORIENTED_EDGE('',*,*,#865,.F.);
#467=ORIENTED_EDGE('',*,*,#860,.F.);
#468=ORIENTED_EDGE('',*,*,#855,.F.);
#469=ORIENTED_EDGE('',*,*,#853,.F.);
#470=ORIENTED_EDGE('',*,*,#814,.T.);
#471=ORIENTED_EDGE('',*,*,#817,.T.);
#472=ORIENTED_EDGE('',*,*,#820,.T.);
#473=ORIENTED_EDGE('',*,*,#823,.T.);
#474=ORIENTED_EDGE('',*,*,#826,.T.);
#475=ORIENTED_EDGE('',*,*,#828,.T.);
#476=ORIENTED_EDGE('',*,*,#649,.T.);
#477=ORIENTED_EDGE('',*,*,#730,.F.);
#478=ORIENTED_EDGE('',*,*,#881,.F.);
#479=ORIENTED_EDGE('',*,*,#882,.T.);
#480=ORIENTED_EDGE('',*,*,#650,.F.);
#481=ORIENTED_EDGE('',*,*,#882,.F.);
#482=ORIENTED_EDGE('',*,*,#883,.T.);
#483=ORIENTED_EDGE('',*,*,#803,.T.);
#484=ORIENTED_EDGE('',*,*,#704,.F.);
#485=ORIENTED_EDGE('',*,*,#805,.F.);
#486=ORIENTED_EDGE('',*,*,#884,.T.);
#487=ORIENTED_EDGE('',*,*,#885,.T.);
#488=ORIENTED_EDGE('',*,*,#705,.T.);
#489=ORIENTED_EDGE('',*,*,#885,.F.);
#490=ORIENTED_EDGE('',*,*,#886,.F.);
#491=ORIENTED_EDGE('',*,*,#862,.T.);
#492=ORIENTED_EDGE('',*,*,#691,.T.);
#493=ORIENTED_EDGE('',*,*,#864,.F.);
#494=ORIENTED_EDGE('',*,*,#887,.F.);
#495=ORIENTED_EDGE('',*,*,#888,.T.);
#496=ORIENTED_EDGE('',*,*,#686,.F.);
#497=ORIENTED_EDGE('',*,*,#888,.F.);
#498=ORIENTED_EDGE('',*,*,#889,.T.);
#499=ORIENTED_EDGE('',*,*,#768,.T.);
#500=ORIENTED_EDGE('',*,*,#657,.F.);
#501=ORIENTED_EDGE('',*,*,#770,.F.);
#502=ORIENTED_EDGE('',*,*,#890,.T.);
#503=ORIENTED_EDGE('',*,*,#891,.T.);
#504=ORIENTED_EDGE('',*,*,#652,.T.);
#505=ORIENTED_EDGE('',*,*,#891,.F.);
#506=ORIENTED_EDGE('',*,*,#892,.F.);
#507=ORIENTED_EDGE('',*,*,#737,.T.);
#508=ORIENTED_EDGE('',*,*,#729,.T.);
#509=ORIENTED_EDGE('',*,*,#738,.T.);
#510=ORIENTED_EDGE('',*,*,#892,.T.);
#511=ORIENTED_EDGE('',*,*,#890,.F.);
#512=ORIENTED_EDGE('',*,*,#769,.T.);
#513=ORIENTED_EDGE('',*,*,#889,.F.);
#514=ORIENTED_EDGE('',*,*,#887,.T.);
#515=ORIENTED_EDGE('',*,*,#863,.T.);
#516=ORIENTED_EDGE('',*,*,#886,.T.);
#517=ORIENTED_EDGE('',*,*,#884,.F.);
#518=ORIENTED_EDGE('',*,*,#804,.T.);
#519=ORIENTED_EDGE('',*,*,#883,.F.);
#520=ORIENTED_EDGE('',*,*,#881,.T.);
#521=ORIENTED_EDGE('',*,*,#692,.F.);
#522=ORIENTED_EDGE('',*,*,#859,.F.);
#523=ORIENTED_EDGE('',*,*,#893,.T.);
#524=ORIENTED_EDGE('',*,*,#765,.T.);
#525=ORIENTED_EDGE('',*,*,#688,.F.);
#526=ORIENTED_EDGE('',*,*,#767,.F.);
#527=ORIENTED_EDGE('',*,*,#894,.T.);
#528=ORIENTED_EDGE('',*,*,#857,.T.);
#529=ORIENTED_EDGE('',*,*,#858,.T.);
#530=ORIENTED_EDGE('',*,*,#894,.F.);
#531=ORIENTED_EDGE('',*,*,#766,.T.);
#532=ORIENTED_EDGE('',*,*,#893,.F.);
#533=ORIENTED_EDGE('',*,*,#677,.F.);
#534=ORIENTED_EDGE('',*,*,#849,.F.);
#535=ORIENTED_EDGE('',*,*,#895,.T.);
#536=ORIENTED_EDGE('',*,*,#762,.T.);
#537=ORIENTED_EDGE('',*,*,#694,.F.);
#538=ORIENTED_EDGE('',*,*,#764,.F.);
#539=ORIENTED_EDGE('',*,*,#896,.T.);
#540=ORIENTED_EDGE('',*,*,#847,.T.);
#541=ORIENTED_EDGE('',*,*,#848,.T.);
#542=ORIENTED_EDGE('',*,*,#896,.F.);
#543=ORIENTED_EDGE('',*,*,#763,.T.);
#544=ORIENTED_EDGE('',*,*,#895,.F.);
#545=ORIENTED_EDGE('',*,*,#700,.F.);
#546=ORIENTED_EDGE('',*,*,#869,.F.);
#547=ORIENTED_EDGE('',*,*,#897,.T.);
#548=ORIENTED_EDGE('',*,*,#793,.T.);
#549=ORIENTED_EDGE('',*,*,#669,.F.);
#550=ORIENTED_EDGE('',*,*,#795,.F.);
#551=ORIENTED_EDGE('',*,*,#898,.T.);
#552=ORIENTED_EDGE('',*,*,#867,.T.);
#553=ORIENTED_EDGE('',*,*,#868,.T.);
#554=ORIENTED_EDGE('',*,*,#898,.F.);
#555=ORIENTED_EDGE('',*,*,#794,.T.);
#556=ORIENTED_EDGE('',*,*,#897,.F.);
#557=ORIENTED_EDGE('',*,*,#663,.T.);
#558=ORIENTED_EDGE('',*,*,#733,.F.);
#559=ORIENTED_EDGE('',*,*,#899,.F.);
#560=ORIENTED_EDGE('',*,*,#800,.T.);
#561=ORIENTED_EDGE('',*,*,#647,.T.);
#562=ORIENTED_EDGE('',*,*,#802,.F.);
#563=ORIENTED_EDGE('',*,*,#900,.F.);
#564=ORIENTED_EDGE('',*,*,#731,.T.);
#565=ORIENTED_EDGE('',*,*,#899,.T.);
#566=ORIENTED_EDGE('',*,*,#732,.T.);
#567=ORIENTED_EDGE('',*,*,#900,.T.);
#568=ORIENTED_EDGE('',*,*,#801,.T.);
#569=ORIENTED_EDGE('',*,*,#679,.F.);
#570=ORIENTED_EDGE('',*,*,#761,.F.);
#571=ORIENTED_EDGE('',*,*,#901,.T.);
#572=ORIENTED_EDGE('',*,*,#741,.T.);
#573=ORIENTED_EDGE('',*,*,#655,.F.);
#574=ORIENTED_EDGE('',*,*,#743,.F.);
#575=ORIENTED_EDGE('',*,*,#902,.T.);
#576=ORIENTED_EDGE('',*,*,#759,.T.);
#577=ORIENTED_EDGE('',*,*,#760,.T.);
#578=ORIENTED_EDGE('',*,*,#902,.F.);
#579=ORIENTED_EDGE('',*,*,#742,.T.);
#580=ORIENTED_EDGE('',*,*,#901,.F.);
#581=ORIENTED_EDGE('',*,*,#903,.F.);
#582=ORIENTED_EDGE('',*,*,#776,.F.);
#583=ORIENTED_EDGE('',*,*,#904,.F.);
#584=ORIENTED_EDGE('',*,*,#783,.F.);
#585=ORIENTED_EDGE('',*,*,#904,.T.);
#586=ORIENTED_EDGE('',*,*,#773,.F.);
#587=ORIENTED_EDGE('',*,*,#905,.F.);
#588=ORIENTED_EDGE('',*,*,#781,.F.);
#589=ORIENTED_EDGE('',*,*,#903,.T.);
#590=ORIENTED_EDGE('',*,*,#782,.F.);
#591=ORIENTED_EDGE('',*,*,#905,.T.);
#592=ORIENTED_EDGE('',*,*,#779,.F.);
#593=ORIENTED_EDGE('',*,*,#757,.F.);
#594=ORIENTED_EDGE('',*,*,#755,.F.);
#595=ORIENTED_EDGE('',*,*,#906,.F.);
#596=ORIENTED_EDGE('',*,*,#639,.F.);
#597=ORIENTED_EDGE('',*,*,#907,.F.);
#598=ORIENTED_EDGE('',*,*,#720,.F.);
#599=ORIENTED_EDGE('',*,*,#907,.T.);
#600=ORIENTED_EDGE('',*,*,#636,.F.);
#601=ORIENTED_EDGE('',*,*,#908,.F.);
#602=ORIENTED_EDGE('',*,*,#717,.F.);
#603=ORIENTED_EDGE('',*,*,#906,.T.);
#604=ORIENTED_EDGE('',*,*,#719,.F.);
#605=ORIENTED_EDGE('',*,*,#909,.F.);
#606=ORIENTED_EDGE('',*,*,#642,.F.);
#607=ORIENTED_EDGE('',*,*,#908,.T.);
#608=ORIENTED_EDGE('',*,*,#645,.F.);
#609=ORIENTED_EDGE('',*,*,#909,.T.);
#610=ORIENTED_EDGE('',*,*,#718,.F.);
#611=ORIENTED_EDGE('',*,*,#910,.F.);
#612=ORIENTED_EDGE('',*,*,#833,.F.);
#613=ORIENTED_EDGE('',*,*,#911,.F.);
#614=ORIENTED_EDGE('',*,*,#812,.F.);
#615=ORIENTED_EDGE('',*,*,#911,.T.);
#616=ORIENTED_EDGE('',*,*,#832,.F.);
#617=ORIENTED_EDGE('',*,*,#912,.F.);
#618=ORIENTED_EDGE('',*,*,#815,.F.);
#619=ORIENTED_EDGE('',*,*,#910,.T.);
#620=ORIENTED_EDGE('',*,*,#827,.F.);
#621=ORIENTED_EDGE('',*,*,#913,.F.);
#622=ORIENTED_EDGE('',*,*,#834,.F.);
#623=ORIENTED_EDGE('',*,*,#912,.T.);
#624=ORIENTED_EDGE('',*,*,#831,.F.);
#625=ORIENTED_EDGE('',*,*,#914,.F.);
#626=ORIENTED_EDGE('',*,*,#818,.F.);
#627=ORIENTED_EDGE('',*,*,#913,.T.);
#628=ORIENTED_EDGE('',*,*,#824,.F.);
#629=ORIENTED_EDGE('',*,*,#915,.F.);
#630=ORIENTED_EDGE('',*,*,#829,.F.);
#631=ORIENTED_EDGE('',*,*,#914,.T.);
#632=ORIENTED_EDGE('',*,*,#830,.F.);
#633=ORIENTED_EDGE('',*,*,#915,.T.);
#634=ORIENTED_EDGE('',*,*,#821,.F.);
#635=EDGE_CURVE('',#916,#917,#1101,.T.);
#636=EDGE_CURVE('',#917,#918,#1102,.T.);
#637=EDGE_CURVE('',#919,#918,#1103,.T.);
#638=EDGE_CURVE('',#919,#916,#1104,.T.);
#639=EDGE_CURVE('',#918,#920,#1105,.T.);
#640=EDGE_CURVE('',#921,#920,#1106,.T.);
#641=EDGE_CURVE('',#919,#921,#1107,.T.);
#642=EDGE_CURVE('',#920,#922,#1108,.T.);
#643=EDGE_CURVE('',#923,#922,#1109,.T.);
#644=EDGE_CURVE('',#921,#923,#1110,.T.);
#645=EDGE_CURVE('',#922,#917,#1111,.T.);
#646=EDGE_CURVE('',#916,#923,#1112,.T.);
#647=EDGE_CURVE('',#924,#925,#1113,.T.);
#648=EDGE_CURVE('',#924,#926,#1114,.T.);
#649=EDGE_CURVE('',#927,#926,#1115,.T.);
#650=EDGE_CURVE('',#927,#928,#1116,.T.);
#651=EDGE_CURVE('',#928,#925,#1117,.T.);
#652=EDGE_CURVE('',#929,#930,#1118,.T.);
#653=EDGE_CURVE('',#929,#931,#28,.T.);
#654=EDGE_CURVE('',#931,#932,#1119,.T.);
#655=EDGE_CURVE('',#932,#933,#1120,.T.);
#656=EDGE_CURVE('',#933,#934,#29,.T.);
#657=EDGE_CURVE('',#934,#930,#1121,.T.);
#658=EDGE_CURVE('',#935,#936,#1122,.T.);
#659=EDGE_CURVE('',#935,#937,#1123,.T.);
#660=EDGE_CURVE('',#937,#938,#1124,.T.);
#661=EDGE_CURVE('',#936,#938,#1125,.T.);
#662=EDGE_CURVE('',#939,#940,#1126,.T.);
#663=EDGE_CURVE('',#941,#940,#1127,.T.);
#664=EDGE_CURVE('',#941,#942,#1128,.T.);
#665=EDGE_CURVE('',#942,#943,#30,.T.);
#666=EDGE_CURVE('',#943,#944,#1129,.T.);
#667=EDGE_CURVE('',#944,#945,#31,.T.);
#668=EDGE_CURVE('',#945,#946,#1130,.T.);
#669=EDGE_CURVE('',#946,#947,#1131,.T.);
#670=EDGE_CURVE('',#947,#948,#32,.T.);
#671=EDGE_CURVE('',#948,#949,#1132,.T.);
#672=EDGE_CURVE('',#949,#950,#33,.T.);
#673=EDGE_CURVE('',#950,#951,#1133,.T.);
#674=EDGE_CURVE('',#951,#952,#34,.T.);
#675=EDGE_CURVE('',#952,#953,#1134,.T.);
#676=EDGE_CURVE('',#953,#954,#35,.T.);
#677=EDGE_CURVE('',#954,#955,#1135,.T.);
#678=EDGE_CURVE('',#955,#956,#36,.T.);
#679=EDGE_CURVE('',#956,#957,#1136,.T.);
#680=EDGE_CURVE('',#957,#958,#1137,.T.);
#681=EDGE_CURVE('',#958,#959,#37,.T.);
#682=EDGE_CURVE('',#959,#960,#1138,.T.);
#683=EDGE_CURVE('',#960,#961,#38,.T.);
#684=EDGE_CURVE('',#961,#962,#1139,.T.);
#685=EDGE_CURVE('',#962,#939,#39,.T.);
#686=EDGE_CURVE('',#963,#964,#1140,.T.);
#687=EDGE_CURVE('',#964,#965,#40,.T.);
#688=EDGE_CURVE('',#965,#966,#1141,.T.);
#689=EDGE_CURVE('',#966,#967,#41,.T.);
#690=EDGE_CURVE('',#967,#968,#1142,.T.);
#691=EDGE_CURVE('',#963,#968,#1143,.T.);
#692=EDGE_CURVE('',#969,#970,#1144,.T.);
#693=EDGE_CURVE('',#970,#971,#42,.T.);
#694=EDGE_CURVE('',#971,#972,#1145,.T.);
#695=EDGE_CURVE('',#972,#973,#43,.T.);
#696=EDGE_CURVE('',#973,#974,#1146,.T.);
#697=EDGE_CURVE('',#974,#975,#1147,.T.);
#698=EDGE_CURVE('',#975,#969,#44,.T.);
#699=EDGE_CURVE('',#976,#976,#45,.T.);
#700=EDGE_CURVE('',#977,#978,#1148,.T.);
#701=EDGE_CURVE('',#978,#979,#1149,.T.);
#702=EDGE_CURVE('',#979,#980,#46,.T.);
#703=EDGE_CURVE('',#980,#981,#1150,.T.);
#704=EDGE_CURVE('',#981,#982,#1151,.T.);
#705=EDGE_CURVE('',#983,#982,#1152,.T.);
#706=EDGE_CURVE('',#983,#984,#1153,.T.);
#707=EDGE_CURVE('',#984,#977,#47,.T.);
#708=EDGE_CURVE('',#985,#986,#1154,.T.);
#709=EDGE_CURVE('',#985,#987,#1155,.T.);
#710=EDGE_CURVE('',#986,#987,#1156,.T.);
#711=EDGE_CURVE('',#988,#989,#1157,.T.);
#712=EDGE_CURVE('',#988,#990,#1158,.T.);
#713=EDGE_CURVE('',#990,#991,#1159,.T.);
#714=EDGE_CURVE('',#991,#992,#1160,.T.);
#715=EDGE_CURVE('',#993,#992,#1161,.T.);
#716=EDGE_CURVE('',#989,#993,#1162,.T.);
#717=EDGE_CURVE('',#994,#995,#1163,.T.);
#718=EDGE_CURVE('',#995,#996,#1164,.T.);
#719=EDGE_CURVE('',#996,#997,#1165,.T.);
#720=EDGE_CURVE('',#997,#994,#1166,.T.);
#721=EDGE_CURVE('',#998,#999,#1167,.T.);
#722=EDGE_CURVE('',#998,#1000,#1168,.T.);
#723=EDGE_CURVE('',#1000,#1001,#1169,.T.);
#724=EDGE_CURVE('',#999,#1001,#1170,.T.);
#725=EDGE_CURVE('',#937,#999,#1171,.T.);
#726=EDGE_CURVE('',#935,#998,#1172,.T.);
#727=EDGE_CURVE('',#936,#1000,#1173,.T.);
#728=EDGE_CURVE('',#938,#1001,#1174,.T.);
#729=EDGE_CURVE('',#1002,#1003,#1175,.T.);
#730=EDGE_CURVE('',#1002,#926,#1176,.T.);
#731=EDGE_CURVE('',#1004,#924,#1177,.T.);
#732=EDGE_CURVE('',#1005,#1004,#1178,.T.);
#733=EDGE_CURVE('',#1005,#940,#1179,.T.);
#734=EDGE_CURVE('',#1006,#939,#1180,.T.);
#735=EDGE_CURVE('',#1006,#1007,#1181,.T.);
#736=EDGE_CURVE('',#1007,#1003,#1182,.T.);
#737=EDGE_CURVE('',#1008,#929,#1183,.T.);
#738=EDGE_CURVE('',#1003,#1008,#48,.T.);
#739=EDGE_CURVE('',#1007,#1009,#49,.T.);
#740=EDGE_CURVE('',#1009,#931,#1184,.T.);
#741=EDGE_CURVE('',#1010,#957,#1185,.T.);
#742=EDGE_CURVE('',#1011,#1010,#1186,.T.);
#743=EDGE_CURVE('',#1011,#932,#1187,.T.);
#744=EDGE_CURVE('',#1009,#1012,#1188,.T.);
#745=EDGE_CURVE('',#1012,#958,#1189,.T.);
#746=EDGE_CURVE('',#1012,#1013,#50,.T.);
#747=EDGE_CURVE('',#1013,#959,#1190,.T.);
#748=EDGE_CURVE('',#1013,#1014,#1191,.T.);
#749=EDGE_CURVE('',#1014,#960,#1192,.T.);
#750=EDGE_CURVE('',#1014,#1015,#51,.T.);
#751=EDGE_CURVE('',#1015,#961,#1193,.T.);
#752=EDGE_CURVE('',#1015,#1016,#1194,.T.);
#753=EDGE_CURVE('',#1016,#962,#1195,.T.);
#754=EDGE_CURVE('',#1016,#1006,#52,.T.);
#755=EDGE_CURVE('',#1017,#1017,#53,.T.);
#756=EDGE_CURVE('',#1018,#1018,#54,.T.);
#757=EDGE_CURVE('',#1019,#1019,#55,.F.);
#758=EDGE_CURVE('',#1020,#1020,#56,.T.);
#759=EDGE_CURVE('',#1021,#933,#1196,.T.);
#760=EDGE_CURVE('',#1022,#1021,#57,.T.);
#761=EDGE_CURVE('',#1022,#956,#1197,.T.);
#762=EDGE_CURVE('',#1023,#955,#1198,.T.);
#763=EDGE_CURVE('',#1024,#1023,#58,.T.);
#764=EDGE_CURVE('',#1024,#971,#1199,.T.);
#765=EDGE_CURVE('',#1025,#970,#1200,.T.);
#766=EDGE_CURVE('',#1026,#1025,#59,.T.);
#767=EDGE_CURVE('',#1026,#965,#1201,.T.);
#768=EDGE_CURVE('',#1027,#964,#1202,.T.);
#769=EDGE_CURVE('',#1028,#1027,#60,.T.);
#770=EDGE_CURVE('',#1028,#934,#1203,.T.);
#771=EDGE_CURVE('',#1029,#1029,#61,.T.);
#772=EDGE_CURVE('',#1030,#1031,#1204,.T.);
#773=EDGE_CURVE('',#1031,#1032,#1205,.T.);
#774=EDGE_CURVE('',#1033,#1032,#1206,.T.);
#775=EDGE_CURVE('',#1030,#1033,#1207,.T.);
#776=EDGE_CURVE('',#1032,#1034,#1208,.T.);
#777=EDGE_CURVE('',#1035,#1034,#1209,.T.);
#778=EDGE_CURVE('',#1033,#1035,#1210,.T.);
#779=EDGE_CURVE('',#1034,#1031,#1211,.T.);
#780=EDGE_CURVE('',#1035,#1030,#1212,.T.);
#781=EDGE_CURVE('',#1036,#1037,#1213,.T.);
#782=EDGE_CURVE('',#1037,#1038,#1214,.T.);
#783=EDGE_CURVE('',#1038,#1036,#1215,.T.);
#784=EDGE_CURVE('',#1039,#1040,#1216,.T.);
#785=EDGE_CURVE('',#1039,#1041,#1217,.T.);
#786=EDGE_CURVE('',#1041,#1040,#1218,.T.);
#787=EDGE_CURVE('',#987,#1040,#1219,.T.);
#788=EDGE_CURVE('',#985,#1039,#1220,.T.);
#789=EDGE_CURVE('',#986,#1041,#1221,.T.);
#790=EDGE_CURVE('',#1042,#944,#1222,.T.);
#791=EDGE_CURVE('',#1042,#1043,#62,.T.);
#792=EDGE_CURVE('',#1043,#945,#1223,.T.);
#793=EDGE_CURVE('',#1044,#978,#1224,.T.);
#794=EDGE_CURVE('',#1045,#1044,#1225,.T.);
#795=EDGE_CURVE('',#1045,#946,#1226,.T.);
#796=EDGE_CURVE('',#1043,#1046,#1227,.T.);
#797=EDGE_CURVE('',#1046,#979,#1228,.T.);
#798=EDGE_CURVE('',#1046,#1047,#63,.T.);
#799=EDGE_CURVE('',#1047,#980,#1229,.T.);
#800=EDGE_CURVE('',#1048,#941,#1230,.T.);
#801=EDGE_CURVE('',#1049,#1048,#1231,.T.);
#802=EDGE_CURVE('',#1049,#925,#1232,.T.);
#803=EDGE_CURVE('',#1050,#928,#1233,.T.);
#804=EDGE_CURVE('',#1051,#1050,#1234,.T.);
#805=EDGE_CURVE('',#1051,#981,#1235,.T.);
#806=EDGE_CURVE('',#1047,#1052,#1236,.T.);
#807=EDGE_CURVE('',#1052,#942,#1237,.T.);
#808=EDGE_CURVE('',#1052,#1053,#64,.T.);
#809=EDGE_CURVE('',#1053,#943,#1238,.T.);
#810=EDGE_CURVE('',#1053,#1042,#1239,.T.);
#811=EDGE_CURVE('',#1054,#1055,#1240,.T.);
#812=EDGE_CURVE('',#1055,#1056,#1241,.T.);
#813=EDGE_CURVE('',#1057,#1056,#1242,.T.);
#814=EDGE_CURVE('',#1054,#1057,#1243,.T.);
#815=EDGE_CURVE('',#1056,#1058,#1244,.T.);
#816=EDGE_CURVE('',#1059,#1058,#1245,.T.);
#817=EDGE_CURVE('',#1057,#1059,#1246,.T.);
#818=EDGE_CURVE('',#1058,#1060,#1247,.T.);
#819=EDGE_CURVE('',#1061,#1060,#1248,.T.);
#820=EDGE_CURVE('',#1059,#1061,#1249,.T.);
#821=EDGE_CURVE('',#1060,#1062,#1250,.T.);
#822=EDGE_CURVE('',#1063,#1062,#1251,.T.);
#823=EDGE_CURVE('',#1061,#1063,#1252,.T.);
#824=EDGE_CURVE('',#1062,#1064,#1253,.T.);
#825=EDGE_CURVE('',#1065,#1064,#1254,.T.);
#826=EDGE_CURVE('',#1063,#1065,#1255,.T.);
#827=EDGE_CURVE('',#1064,#1055,#1256,.T.);
#828=EDGE_CURVE('',#1065,#1054,#1257,.T.);
#829=EDGE_CURVE('',#1066,#1067,#1258,.T.);
#830=EDGE_CURVE('',#1067,#1068,#1259,.T.);
#831=EDGE_CURVE('',#1068,#1069,#1260,.T.);
#832=EDGE_CURVE('',#1069,#1070,#1261,.T.);
#833=EDGE_CURVE('',#1070,#1071,#1262,.T.);
#834=EDGE_CURVE('',#1071,#1066,#1263,.T.);
#835=EDGE_CURVE('',#1072,#1073,#1264,.T.);
#836=EDGE_CURVE('',#1072,#1074,#1265,.T.);
#837=EDGE_CURVE('',#1074,#1075,#1266,.T.);
#838=EDGE_CURVE('',#1075,#1076,#1267,.T.);
#839=EDGE_CURVE('',#1077,#1076,#1268,.T.);
#840=EDGE_CURVE('',#1073,#1077,#1269,.T.);
#841=EDGE_CURVE('',#990,#1073,#1270,.T.);
#842=EDGE_CURVE('',#988,#1072,#1271,.T.);
#843=EDGE_CURVE('',#989,#1074,#1272,.T.);
#844=EDGE_CURVE('',#993,#1075,#1273,.T.);
#845=EDGE_CURVE('',#992,#1076,#1274,.T.);
#846=EDGE_CURVE('',#991,#1077,#1275,.T.);
#847=EDGE_CURVE('',#1078,#972,#1276,.T.);
#848=EDGE_CURVE('',#1079,#1078,#65,.T.);
#849=EDGE_CURVE('',#1079,#954,#1277,.T.);
#850=EDGE_CURVE('',#1080,#953,#1278,.T.);
#851=EDGE_CURVE('',#1080,#1081,#66,.T.);
#852=EDGE_CURVE('',#1081,#973,#1279,.T.);
#853=EDGE_CURVE('',#1081,#1082,#1280,.T.);
#854=EDGE_CURVE('',#1082,#974,#1281,.T.);
#855=EDGE_CURVE('',#1082,#1083,#1282,.T.);
#856=EDGE_CURVE('',#1083,#975,#1283,.T.);
#857=EDGE_CURVE('',#1084,#966,#1284,.T.);
#858=EDGE_CURVE('',#1085,#1084,#67,.T.);
#859=EDGE_CURVE('',#1085,#969,#1285,.T.);
#860=EDGE_CURVE('',#1083,#1086,#68,.T.);
#861=EDGE_CURVE('',#1086,#967,#1286,.T.);
#862=EDGE_CURVE('',#1087,#983,#1287,.T.);
#863=EDGE_CURVE('',#1088,#1087,#1288,.T.);
#864=EDGE_CURVE('',#1088,#968,#1289,.T.);
#865=EDGE_CURVE('',#1086,#1089,#1290,.T.);
#866=EDGE_CURVE('',#1089,#984,#1291,.T.);
#867=EDGE_CURVE('',#1090,#947,#1292,.T.);
#868=EDGE_CURVE('',#1091,#1090,#69,.T.);
#869=EDGE_CURVE('',#1091,#977,#1293,.T.);
#870=EDGE_CURVE('',#1089,#1092,#70,.T.);
#871=EDGE_CURVE('',#1092,#948,#1294,.T.);
#872=EDGE_CURVE('',#1092,#1093,#1295,.T.);
#873=EDGE_CURVE('',#1093,#949,#1296,.T.);
#874=EDGE_CURVE('',#1093,#1094,#71,.T.);
#875=EDGE_CURVE('',#1094,#950,#1297,.T.);
#876=EDGE_CURVE('',#1094,#1095,#1298,.T.);
#877=EDGE_CURVE('',#1095,#951,#1299,.T.);
#878=EDGE_CURVE('',#1095,#1096,#72,.T.);
#879=EDGE_CURVE('',#1096,#952,#1300,.T.);
#880=EDGE_CURVE('',#1096,#1080,#1301,.T.);
#881=EDGE_CURVE('',#1097,#1002,#1302,.T.);
#882=EDGE_CURVE('',#1097,#927,#1303,.T.);
#883=EDGE_CURVE('',#1097,#1050,#1304,.T.);
#884=EDGE_CURVE('',#1051,#1098,#1305,.T.);
#885=EDGE_CURVE('',#1098,#982,#1306,.T.);
#886=EDGE_CURVE('',#1087,#1098,#1307,.T.);
#887=EDGE_CURVE('',#1099,#1088,#1308,.T.);
#888=EDGE_CURVE('',#1099,#963,#1309,.T.);
#889=EDGE_CURVE('',#1099,#1027,#1310,.T.);
#890=EDGE_CURVE('',#1028,#1100,#1311,.T.);
#891=EDGE_CURVE('',#1100,#930,#1312,.T.);
#892=EDGE_CURVE('',#1008,#1100,#1313,.T.);
#893=EDGE_CURVE('',#1085,#1025,#1314,.T.);
#894=EDGE_CURVE('',#1026,#1084,#1315,.T.);
#895=EDGE_CURVE('',#1079,#1023,#1316,.T.);
#896=EDGE_CURVE('',#1024,#1078,#1317,.T.);
#897=EDGE_CURVE('',#1091,#1044,#1318,.T.);
#898=EDGE_CURVE('',#1045,#1090,#1319,.T.);
#899=EDGE_CURVE('',#1048,#1005,#1320,.T.);
#900=EDGE_CURVE('',#1004,#1049,#1321,.T.);
#901=EDGE_CURVE('',#1022,#1010,#1322,.T.);
#902=EDGE_CURVE('',#1011,#1021,#1323,.T.);
#903=EDGE_CURVE('',#1034,#1038,#1324,.F.);
#904=EDGE_CURVE('',#1036,#1032,#1325,.T.);
#905=EDGE_CURVE('',#1037,#1031,#1326,.T.);
#906=EDGE_CURVE('',#920,#997,#1327,.T.);
#907=EDGE_CURVE('',#994,#918,#1328,.T.);
#908=EDGE_CURVE('',#995,#917,#1329,.F.);
#909=EDGE_CURVE('',#922,#996,#1330,.T.);
#910=EDGE_CURVE('',#1071,#1055,#1331,.F.);
#911=EDGE_CURVE('',#1056,#1070,#1332,.F.);
#912=EDGE_CURVE('',#1058,#1069,#1333,.T.);
#913=EDGE_CURVE('',#1066,#1064,#1334,.F.);
#914=EDGE_CURVE('',#1060,#1068,#1335,.F.);
#915=EDGE_CURVE('',#1067,#1062,#1336,.T.);
#916=VERTEX_POINT('',#2695);
#917=VERTEX_POINT('',#2696);
#918=VERTEX_POINT('',#2698);
#919=VERTEX_POINT('',#2700);
#920=VERTEX_POINT('',#2704);
#921=VERTEX_POINT('',#2706);
#922=VERTEX_POINT('',#2710);
#923=VERTEX_POINT('',#2712);
#924=VERTEX_POINT('',#2719);
#925=VERTEX_POINT('',#2720);
#926=VERTEX_POINT('',#2722);
#927=VERTEX_POINT('',#2724);
#928=VERTEX_POINT('',#2726);
#929=VERTEX_POINT('',#2729);
#930=VERTEX_POINT('',#2730);
#931=VERTEX_POINT('',#2732);
#932=VERTEX_POINT('',#2734);
#933=VERTEX_POINT('',#2736);
#934=VERTEX_POINT('',#2738);
#935=VERTEX_POINT('',#2741);
#936=VERTEX_POINT('',#2742);
#937=VERTEX_POINT('',#2744);
#938=VERTEX_POINT('',#2746);
#939=VERTEX_POINT('',#2749);
#940=VERTEX_POINT('',#2750);
#941=VERTEX_POINT('',#2752);
#942=VERTEX_POINT('',#2754);
#943=VERTEX_POINT('',#2756);
#944=VERTEX_POINT('',#2758);
#945=VERTEX_POINT('',#2760);
#946=VERTEX_POINT('',#2762);
#947=VERTEX_POINT('',#2764);
#948=VERTEX_POINT('',#2766);
#949=VERTEX_POINT('',#2768);
#950=VERTEX_POINT('',#2770);
#951=VERTEX_POINT('',#2772);
#952=VERTEX_POINT('',#2774);
#953=VERTEX_POINT('',#2776);
#954=VERTEX_POINT('',#2778);
#955=VERTEX_POINT('',#2780);
#956=VERTEX_POINT('',#2782);
#957=VERTEX_POINT('',#2784);
#958=VERTEX_POINT('',#2786);
#959=VERTEX_POINT('',#2788);
#960=VERTEX_POINT('',#2790);
#961=VERTEX_POINT('',#2792);
#962=VERTEX_POINT('',#2794);
#963=VERTEX_POINT('',#2797);
#964=VERTEX_POINT('',#2798);
#965=VERTEX_POINT('',#2800);
#966=VERTEX_POINT('',#2802);
#967=VERTEX_POINT('',#2804);
#968=VERTEX_POINT('',#2806);
#969=VERTEX_POINT('',#2809);
#970=VERTEX_POINT('',#2810);
#971=VERTEX_POINT('',#2812);
#972=VERTEX_POINT('',#2814);
#973=VERTEX_POINT('',#2816);
#974=VERTEX_POINT('',#2818);
#975=VERTEX_POINT('',#2820);
#976=VERTEX_POINT('',#2823);
#977=VERTEX_POINT('',#2825);
#978=VERTEX_POINT('',#2826);
#979=VERTEX_POINT('',#2828);
#980=VERTEX_POINT('',#2830);
#981=VERTEX_POINT('',#2832);
#982=VERTEX_POINT('',#2834);
#983=VERTEX_POINT('',#2836);
#984=VERTEX_POINT('',#2838);
#985=VERTEX_POINT('',#2841);
#986=VERTEX_POINT('',#2842);
#987=VERTEX_POINT('',#2844);
#988=VERTEX_POINT('',#2847);
#989=VERTEX_POINT('',#2848);
#990=VERTEX_POINT('',#2850);
#991=VERTEX_POINT('',#2852);
#992=VERTEX_POINT('',#2854);
#993=VERTEX_POINT('',#2856);
#994=VERTEX_POINT('',#2860);
#995=VERTEX_POINT('',#2861);
#996=VERTEX_POINT('',#2863);
#997=VERTEX_POINT('',#2865);
#998=VERTEX_POINT('',#2868);
#999=VERTEX_POINT('',#2869);
#1000=VERTEX_POINT('',#2871);
#1001=VERTEX_POINT('',#2873);
#1002=VERTEX_POINT('',#2885);
#1003=VERTEX_POINT('',#2886);
#1004=VERTEX_POINT('',#2889);
#1005=VERTEX_POINT('',#2891);
#1006=VERTEX_POINT('',#2894);
#1007=VERTEX_POINT('',#2896);
#1008=VERTEX_POINT('',#2900);
#1009=VERTEX_POINT('',#2903);
#1010=VERTEX_POINT('',#2907);
#1011=VERTEX_POINT('',#2909);
#1012=VERTEX_POINT('',#2912);
#1013=VERTEX_POINT('',#2916);
#1014=VERTEX_POINT('',#2920);
#1015=VERTEX_POINT('',#2924);
#1016=VERTEX_POINT('',#2928);
#1017=VERTEX_POINT('',#2935);
#1018=VERTEX_POINT('',#2937);
#1019=VERTEX_POINT('',#2940);
#1020=VERTEX_POINT('',#2942);
#1021=VERTEX_POINT('',#2946);
#1022=VERTEX_POINT('',#2948);
#1023=VERTEX_POINT('',#2951);
#1024=VERTEX_POINT('',#2953);
#1025=VERTEX_POINT('',#2956);
#1026=VERTEX_POINT('',#2958);
#1027=VERTEX_POINT('',#2961);
#1028=VERTEX_POINT('',#2963);
#1029=VERTEX_POINT('',#2966);
#1030=VERTEX_POINT('',#2970);
#1031=VERTEX_POINT('',#2971);
#1032=VERTEX_POINT('',#2973);
#1033=VERTEX_POINT('',#2975);
#1034=VERTEX_POINT('',#2979);
#1035=VERTEX_POINT('',#2981);
#1036=VERTEX_POINT('',#2988);
#1037=VERTEX_POINT('',#2989);
#1038=VERTEX_POINT('',#2991);
#1039=VERTEX_POINT('',#2994);
#1040=VERTEX_POINT('',#2995);
#1041=VERTEX_POINT('',#2997);
#1042=VERTEX_POINT('',#3007);
#1043=VERTEX_POINT('',#3009);
#1044=VERTEX_POINT('',#3013);
#1045=VERTEX_POINT('',#3015);
#1046=VERTEX_POINT('',#3018);
#1047=VERTEX_POINT('',#3022);
#1048=VERTEX_POINT('',#3026);
#1049=VERTEX_POINT('',#3028);
#1050=VERTEX_POINT('',#3031);
#1051=VERTEX_POINT('',#3033);
#1052=VERTEX_POINT('',#3036);
#1053=VERTEX_POINT('',#3040);
#1054=VERTEX_POINT('',#3047);
#1055=VERTEX_POINT('',#3048);
#1056=VERTEX_POINT('',#3050);
#1057=VERTEX_POINT('',#3052);
#1058=VERTEX_POINT('',#3056);
#1059=VERTEX_POINT('',#3058);
#1060=VERTEX_POINT('',#3062);
#1061=VERTEX_POINT('',#3064);
#1062=VERTEX_POINT('',#3068);
#1063=VERTEX_POINT('',#3070);
#1064=VERTEX_POINT('',#3074);
#1065=VERTEX_POINT('',#3076);
#1066=VERTEX_POINT('',#3083);
#1067=VERTEX_POINT('',#3084);
#1068=VERTEX_POINT('',#3086);
#1069=VERTEX_POINT('',#3088);
#1070=VERTEX_POINT('',#3090);
#1071=VERTEX_POINT('',#3092);
#1072=VERTEX_POINT('',#3095);
#1073=VERTEX_POINT('',#3096);
#1074=VERTEX_POINT('',#3098);
#1075=VERTEX_POINT('',#3100);
#1076=VERTEX_POINT('',#3102);
#1077=VERTEX_POINT('',#3104);
#1078=VERTEX_POINT('',#3120);
#1079=VERTEX_POINT('',#3122);
#1080=VERTEX_POINT('',#3125);
#1081=VERTEX_POINT('',#3127);
#1082=VERTEX_POINT('',#3131);
#1083=VERTEX_POINT('',#3135);
#1084=VERTEX_POINT('',#3139);
#1085=VERTEX_POINT('',#3141);
#1086=VERTEX_POINT('',#3144);
#1087=VERTEX_POINT('',#3148);
#1088=VERTEX_POINT('',#3150);
#1089=VERTEX_POINT('',#3153);
#1090=VERTEX_POINT('',#3157);
#1091=VERTEX_POINT('',#3159);
#1092=VERTEX_POINT('',#3162);
#1093=VERTEX_POINT('',#3166);
#1094=VERTEX_POINT('',#3170);
#1095=VERTEX_POINT('',#3174);
#1096=VERTEX_POINT('',#3178);
#1097=VERTEX_POINT('',#3185);
#1098=VERTEX_POINT('',#3191);
#1099=VERTEX_POINT('',#3197);
#1100=VERTEX_POINT('',#3203);
#1101=LINE('',#2694,#1337);
#1102=LINE('',#2697,#1338);
#1103=LINE('',#2699,#1339);
#1104=LINE('',#2701,#1340);
#1105=LINE('',#2703,#1341);
#1106=LINE('',#2705,#1342);
#1107=LINE('',#2707,#1343);
#1108=LINE('',#2709,#1344);
#1109=LINE('',#2711,#1345);
#1110=LINE('',#2713,#1346);
#1111=LINE('',#2715,#1347);
#1112=LINE('',#2716,#1348);
#1113=LINE('',#2718,#1349);
#1114=LINE('',#2721,#1350);
#1115=LINE('',#2723,#1351);
#1116=LINE('',#2725,#1352);
#1117=LINE('',#2727,#1353);
#1118=LINE('',#2728,#1354);
#1119=LINE('',#2733,#1355);
#1120=LINE('',#2735,#1356);
#1121=LINE('',#2739,#1357);
#1122=LINE('',#2740,#1358);
#1123=LINE('',#2743,#1359);
#1124=LINE('',#2745,#1360);
#1125=LINE('',#2747,#1361);
#1126=LINE('',#2748,#1362);
#1127=LINE('',#2751,#1363);
#1128=LINE('',#2753,#1364);
#1129=LINE('',#2757,#1365);
#1130=LINE('',#2761,#1366);
#1131=LINE('',#2763,#1367);
#1132=LINE('',#2767,#1368);
#1133=LINE('',#2771,#1369);
#1134=LINE('',#2775,#1370);
#1135=LINE('',#2779,#1371);
#1136=LINE('',#2783,#1372);
#1137=LINE('',#2785,#1373);
#1138=LINE('',#2789,#1374);
#1139=LINE('',#2793,#1375);
#1140=LINE('',#2796,#1376);
#1141=LINE('',#2801,#1377);
#1142=LINE('',#2805,#1378);
#1143=LINE('',#2807,#1379);
#1144=LINE('',#2808,#1380);
#1145=LINE('',#2813,#1381);
#1146=LINE('',#2817,#1382);
#1147=LINE('',#2819,#1383);
#1148=LINE('',#2824,#1384);
#1149=LINE('',#2827,#1385);
#1150=LINE('',#2831,#1386);
#1151=LINE('',#2833,#1387);
#1152=LINE('',#2835,#1388);
#1153=LINE('',#2837,#1389);
#1154=LINE('',#2840,#1390);
#1155=LINE('',#2843,#1391);
#1156=LINE('',#2845,#1392);
#1157=LINE('',#2846,#1393);
#1158=LINE('',#2849,#1394);
#1159=LINE('',#2851,#1395);
#1160=LINE('',#2853,#1396);
#1161=LINE('',#2855,#1397);
#1162=LINE('',#2857,#1398);
#1163=LINE('',#2859,#1399);
#1164=LINE('',#2862,#1400);
#1165=LINE('',#2864,#1401);
#1166=LINE('',#2866,#1402);
#1167=LINE('',#2867,#1403);
#1168=LINE('',#2870,#1404);
#1169=LINE('',#2872,#1405);
#1170=LINE('',#2874,#1406);
#1171=LINE('',#2876,#1407);
#1172=LINE('',#2877,#1408);
#1173=LINE('',#2879,#1409);
#1174=LINE('',#2881,#1410);
#1175=LINE('',#2884,#1411);
#1176=LINE('',#2887,#1412);
#1177=LINE('',#2888,#1413);
#1178=LINE('',#2890,#1414);
#1179=LINE('',#2892,#1415);
#1180=LINE('',#2893,#1416);
#1181=LINE('',#2895,#1417);
#1182=LINE('',#2897,#1418);
#1183=LINE('',#2899,#1419);
#1184=LINE('',#2904,#1420);
#1185=LINE('',#2906,#1421);
#1186=LINE('',#2908,#1422);
#1187=LINE('',#2910,#1423);
#1188=LINE('',#2911,#1424);
#1189=LINE('',#2913,#1425);
#1190=LINE('',#2917,#1426);
#1191=LINE('',#2919,#1427);
#1192=LINE('',#2921,#1428);
#1193=LINE('',#2925,#1429);
#1194=LINE('',#2927,#1430);
#1195=LINE('',#2929,#1431);
#1196=LINE('',#2945,#1432);
#1197=LINE('',#2949,#1433);
#1198=LINE('',#2950,#1434);
#1199=LINE('',#2954,#1435);
#1200=LINE('',#2955,#1436);
#1201=LINE('',#2959,#1437);
#1202=LINE('',#2960,#1438);
#1203=LINE('',#2964,#1439);
#1204=LINE('',#2969,#1440);
#1205=LINE('',#2972,#1441);
#1206=LINE('',#2974,#1442);
#1207=LINE('',#2976,#1443);
#1208=LINE('',#2978,#1444);
#1209=LINE('',#2980,#1445);
#1210=LINE('',#2982,#1446);
#1211=LINE('',#2984,#1447);
#1212=LINE('',#2985,#1448);
#1213=LINE('',#2987,#1449);
#1214=LINE('',#2990,#1450);
#1215=LINE('',#2992,#1451);
#1216=LINE('',#2993,#1452);
#1217=LINE('',#2996,#1453);
#1218=LINE('',#2998,#1454);
#1219=LINE('',#3000,#1455);
#1220=LINE('',#3001,#1456);
#1221=LINE('',#3003,#1457);
#1222=LINE('',#3006,#1458);
#1223=LINE('',#3010,#1459);
#1224=LINE('',#3012,#1460);
#1225=LINE('',#3014,#1461);
#1226=LINE('',#3016,#1462);
#1227=LINE('',#3017,#1463);
#1228=LINE('',#3019,#1464);
#1229=LINE('',#3023,#1465);
#1230=LINE('',#3025,#1466);
#1231=LINE('',#3027,#1467);
#1232=LINE('',#3029,#1468);
#1233=LINE('',#3030,#1469);
#1234=LINE('',#3032,#1470);
#1235=LINE('',#3034,#1471);
#1236=LINE('',#3035,#1472);
#1237=LINE('',#3037,#1473);
#1238=LINE('',#3041,#1474);
#1239=LINE('',#3043,#1475);
#1240=LINE('',#3046,#1476);
#1241=LINE('',#3049,#1477);
#1242=LINE('',#3051,#1478);
#1243=LINE('',#3053,#1479);
#1244=LINE('',#3055,#1480);
#1245=LINE('',#3057,#1481);
#1246=LINE('',#3059,#1482);
#1247=LINE('',#3061,#1483);
#1248=LINE('',#3063,#1484);
#1249=LINE('',#3065,#1485);
#1250=LINE('',#3067,#1486);
#1251=LINE('',#3069,#1487);
#1252=LINE('',#3071,#1488);
#1253=LINE('',#3073,#1489);
#1254=LINE('',#3075,#1490);
#1255=LINE('',#3077,#1491);
#1256=LINE('',#3079,#1492);
#1257=LINE('',#3080,#1493);
#1258=LINE('',#3082,#1494);
#1259=LINE('',#3085,#1495);
#1260=LINE('',#3087,#1496);
#1261=LINE('',#3089,#1497);
#1262=LINE('',#3091,#1498);
#1263=LINE('',#3093,#1499);
#1264=LINE('',#3094,#1500);
#1265=LINE('',#3097,#1501);
#1266=LINE('',#3099,#1502);
#1267=LINE('',#3101,#1503);
#1268=LINE('',#3103,#1504);
#1269=LINE('',#3105,#1505);
#1270=LINE('',#3107,#1506);
#1271=LINE('',#3108,#1507);
#1272=LINE('',#3110,#1508);
#1273=LINE('',#3112,#1509);
#1274=LINE('',#3114,#1510);
#1275=LINE('',#3116,#1511);
#1276=LINE('',#3119,#1512);
#1277=LINE('',#3123,#1513);
#1278=LINE('',#3124,#1514);
#1279=LINE('',#3128,#1515);
#1280=LINE('',#3130,#1516);
#1281=LINE('',#3132,#1517);
#1282=LINE('',#3134,#1518);
#1283=LINE('',#3136,#1519);
#1284=LINE('',#3138,#1520);
#1285=LINE('',#3142,#1521);
#1286=LINE('',#3145,#1522);
#1287=LINE('',#3147,#1523);
#1288=LINE('',#3149,#1524);
#1289=LINE('',#3151,#1525);
#1290=LINE('',#3152,#1526);
#1291=LINE('',#3154,#1527);
#1292=LINE('',#3156,#1528);
#1293=LINE('',#3160,#1529);
#1294=LINE('',#3163,#1530);
#1295=LINE('',#3165,#1531);
#1296=LINE('',#3167,#1532);
#1297=LINE('',#3171,#1533);
#1298=LINE('',#3173,#1534);
#1299=LINE('',#3175,#1535);
#1300=LINE('',#3179,#1536);
#1301=LINE('',#3181,#1537);
#1302=LINE('',#3184,#1538);
#1303=LINE('',#3186,#1539);
#1304=LINE('',#3188,#1540);
#1305=LINE('',#3190,#1541);
#1306=LINE('',#3192,#1542);
#1307=LINE('',#3194,#1543);
#1308=LINE('',#3196,#1544);
#1309=LINE('',#3198,#1545);
#1310=LINE('',#3200,#1546);
#1311=LINE('',#3202,#1547);
#1312=LINE('',#3204,#1548);
#1313=LINE('',#3206,#1549);
#1314=LINE('',#3209,#1550);
#1315=LINE('',#3211,#1551);
#1316=LINE('',#3214,#1552);
#1317=LINE('',#3216,#1553);
#1318=LINE('',#3219,#1554);
#1319=LINE('',#3221,#1555);
#1320=LINE('',#3224,#1556);
#1321=LINE('',#3226,#1557);
#1322=LINE('',#3229,#1558);
#1323=LINE('',#3231,#1559);
#1324=LINE('',#3234,#1560);
#1325=LINE('',#3235,#1561);
#1326=LINE('',#3237,#1562);
#1327=LINE('',#3241,#1563);
#1328=LINE('',#3242,#1564);
#1329=LINE('',#3244,#1565);
#1330=LINE('',#3246,#1566);
#1331=LINE('',#3249,#1567);
#1332=LINE('',#3250,#1568);
#1333=LINE('',#3252,#1569);
#1334=LINE('',#3254,#1570);
#1335=LINE('',#3256,#1571);
#1336=LINE('',#3258,#1572);
#1337=VECTOR('',#2166,1.);
#1338=VECTOR('',#2167,1.);
#1339=VECTOR('',#2168,1.);
#1340=VECTOR('',#2169,1.);
#1341=VECTOR('',#2172,1.);
#1342=VECTOR('',#2173,1.);
#1343=VECTOR('',#2174,1.);
#1344=VECTOR('',#2177,1.);
#1345=VECTOR('',#2178,1.);
#1346=VECTOR('',#2179,1.);
#1347=VECTOR('',#2182,1.);
#1348=VECTOR('',#2183,1.);
#1349=VECTOR('',#2186,1.);
#1350=VECTOR('',#2187,1.);
#1351=VECTOR('',#2188,1.);
#1352=VECTOR('',#2189,1.);
#1353=VECTOR('',#2190,1.);
#1354=VECTOR('',#2191,1.);
#1355=VECTOR('',#2194,1.);
#1356=VECTOR('',#2195,1.);
#1357=VECTOR('',#2198,1.);
#1358=VECTOR('',#2199,1.);
#1359=VECTOR('',#2200,1.);
#1360=VECTOR('',#2201,1.);
#1361=VECTOR('',#2202,1.);
#1362=VECTOR('',#2203,1.);
#1363=VECTOR('',#2204,1.);
#1364=VECTOR('',#2205,1.);
#1365=VECTOR('',#2208,1.);
#1366=VECTOR('',#2211,1.);
#1367=VECTOR('',#2212,1.);
#1368=VECTOR('',#2215,1.);
#1369=VECTOR('',#2218,1.);
#1370=VECTOR('',#2221,1.);
#1371=VECTOR('',#2224,1.);
#1372=VECTOR('',#2227,1.);
#1373=VECTOR('',#2228,1.);
#1374=VECTOR('',#2231,1.);
#1375=VECTOR('',#2234,1.);
#1376=VECTOR('',#2237,1.);
#1377=VECTOR('',#2240,1.);
#1378=VECTOR('',#2243,1.);
#1379=VECTOR('',#2244,1.);
#1380=VECTOR('',#2245,1.);
#1381=VECTOR('',#2248,1.);
#1382=VECTOR('',#2251,1.);
#1383=VECTOR('',#2252,1.);
#1384=VECTOR('',#2257,1.);
#1385=VECTOR('',#2258,1.);
#1386=VECTOR('',#2261,1.);
#1387=VECTOR('',#2262,1.);
#1388=VECTOR('',#2263,1.);
#1389=VECTOR('',#2264,1.);
#1390=VECTOR('',#2267,1.);
#1391=VECTOR('',#2268,1.);
#1392=VECTOR('',#2269,1.);
#1393=VECTOR('',#2270,1.);
#1394=VECTOR('',#2271,1.);
#1395=VECTOR('',#2272,1.);
#1396=VECTOR('',#2273,1.);
#1397=VECTOR('',#2274,1.);
#1398=VECTOR('',#2275,1.);
#1399=VECTOR('',#2278,1.);
#1400=VECTOR('',#2279,1.);
#1401=VECTOR('',#2280,1.);
#1402=VECTOR('',#2281,1.);
#1403=VECTOR('',#2282,1.);
#1404=VECTOR('',#2283,1.);
#1405=VECTOR('',#2284,1.);
#1406=VECTOR('',#2285,1.);
#1407=VECTOR('',#2288,1.);
#1408=VECTOR('',#2289,1.);
#1409=VECTOR('',#2292,1.);
#1410=VECTOR('',#2295,1.);
#1411=VECTOR('',#2300,1.);
#1412=VECTOR('',#2301,1.);
#1413=VECTOR('',#2302,1.);
#1414=VECTOR('',#2303,1.);
#1415=VECTOR('',#2304,1.);
#1416=VECTOR('',#2305,1.);
#1417=VECTOR('',#2306,1.);
#1418=VECTOR('',#2307,1.);
#1419=VECTOR('',#2310,1.);
#1420=VECTOR('',#2315,1.);
#1421=VECTOR('',#2318,1.);
#1422=VECTOR('',#2319,1.);
#1423=VECTOR('',#2320,1.);
#1424=VECTOR('',#2321,1.);
#1425=VECTOR('',#2322,1.);
#1426=VECTOR('',#2327,1.);
#1427=VECTOR('',#2330,1.);
#1428=VECTOR('',#2331,1.);
#1429=VECTOR('',#2336,1.);
#1430=VECTOR('',#2339,1.);
#1431=VECTOR('',#2340,1.);
#1432=VECTOR('',#2363,1.);
#1433=VECTOR('',#2366,1.);
#1434=VECTOR('',#2367,1.);
#1435=VECTOR('',#2370,1.);
#1436=VECTOR('',#2371,1.);
#1437=VECTOR('',#2374,1.);
#1438=VECTOR('',#2375,1.);
#1439=VECTOR('',#2378,1.);
#1440=VECTOR('',#2385,1.);
#1441=VECTOR('',#2386,1.);
#1442=VECTOR('',#2387,1.);
#1443=VECTOR('',#2388,1.);
#1444=VECTOR('',#2391,1.);
#1445=VECTOR('',#2392,1.);
#1446=VECTOR('',#2393,1.);
#1447=VECTOR('',#2396,1.);
#1448=VECTOR('',#2397,1.);
#1449=VECTOR('',#2400,1.);
#1450=VECTOR('',#2401,1.);
#1451=VECTOR('',#2402,1.);
#1452=VECTOR('',#2403,1.);
#1453=VECTOR('',#2404,1.);
#1454=VECTOR('',#2405,1.);
#1455=VECTOR('',#2408,1.);
#1456=VECTOR('',#2409,1.);
#1457=VECTOR('',#2412,1.);
#1458=VECTOR('',#2417,1.);
#1459=VECTOR('',#2420,1.);
#1460=VECTOR('',#2423,1.);
#1461=VECTOR('',#2424,1.);
#1462=VECTOR('',#2425,1.);
#1463=VECTOR('',#2426,1.);
#1464=VECTOR('',#2427,1.);
#1465=VECTOR('',#2432,1.);
#1466=VECTOR('',#2435,1.);
#1467=VECTOR('',#2436,1.);
#1468=VECTOR('',#2437,1.);
#1469=VECTOR('',#2438,1.);
#1470=VECTOR('',#2439,1.);
#1471=VECTOR('',#2440,1.);
#1472=VECTOR('',#2441,1.);
#1473=VECTOR('',#2442,1.);
#1474=VECTOR('',#2447,1.);
#1475=VECTOR('',#2450,1.);
#1476=VECTOR('',#2455,1.);
#1477=VECTOR('',#2456,1.);
#1478=VECTOR('',#2457,1.);
#1479=VECTOR('',#2458,1.);
#1480=VECTOR('',#2461,1.);
#1481=VECTOR('',#2462,1.);
#1482=VECTOR('',#2463,1.);
#1483=VECTOR('',#2466,1.);
#1484=VECTOR('',#2467,1.);
#1485=VECTOR('',#2468,1.);
#1486=VECTOR('',#2471,1.);
#1487=VECTOR('',#2472,1.);
#1488=VECTOR('',#2473,1.);
#1489=VECTOR('',#2476,1.);
#1490=VECTOR('',#2477,1.);
#1491=VECTOR('',#2478,1.);
#1492=VECTOR('',#2481,1.);
#1493=VECTOR('',#2482,1.);
#1494=VECTOR('',#2485,1.);
#1495=VECTOR('',#2486,1.);
#1496=VECTOR('',#2487,1.);
#1497=VECTOR('',#2488,1.);
#1498=VECTOR('',#2489,1.);
#1499=VECTOR('',#2490,1.);
#1500=VECTOR('',#2491,1.);
#1501=VECTOR('',#2492,1.);
#1502=VECTOR('',#2493,1.);
#1503=VECTOR('',#2494,1.);
#1504=VECTOR('',#2495,1.);
#1505=VECTOR('',#2496,1.);
#1506=VECTOR('',#2499,1.);
#1507=VECTOR('',#2500,1.);
#1508=VECTOR('',#2503,1.);
#1509=VECTOR('',#2506,1.);
#1510=VECTOR('',#2509,1.);
#1511=VECTOR('',#2512,1.);
#1512=VECTOR('',#2517,1.);
#1513=VECTOR('',#2520,1.);
#1514=VECTOR('',#2521,1.);
#1515=VECTOR('',#2524,1.);
#1516=VECTOR('',#2527,1.);
#1517=VECTOR('',#2528,1.);
#1518=VECTOR('',#2531,1.);
#1519=VECTOR('',#2532,1.);
#1520=VECTOR('',#2535,1.);
#1521=VECTOR('',#2538,1.);
#1522=VECTOR('',#2541,1.);
#1523=VECTOR('',#2544,1.);
#1524=VECTOR('',#2545,1.);
#1525=VECTOR('',#2546,1.);
#1526=VECTOR('',#2547,1.);
#1527=VECTOR('',#2548,1.);
#1528=VECTOR('',#2551,1.);
#1529=VECTOR('',#2554,1.);
#1530=VECTOR('',#2557,1.);
#1531=VECTOR('',#2560,1.);
#1532=VECTOR('',#2561,1.);
#1533=VECTOR('',#2566,1.);
#1534=VECTOR('',#2569,1.);
#1535=VECTOR('',#2570,1.);
#1536=VECTOR('',#2575,1.);
#1537=VECTOR('',#2578,1.);
#1538=VECTOR('',#2583,1.);
#1539=VECTOR('',#2584,1.);
#1540=VECTOR('',#2587,1.);
#1541=VECTOR('',#2590,1.);
#1542=VECTOR('',#2591,1.);
#1543=VECTOR('',#2594,1.);
#1544=VECTOR('',#2597,1.);
#1545=VECTOR('',#2598,1.);
#1546=VECTOR('',#2601,1.);
#1547=VECTOR('',#2604,1.);
#1548=VECTOR('',#2605,1.);
#1549=VECTOR('',#2608,1.);
#1550=VECTOR('',#2613,1.);
#1551=VECTOR('',#2616,1.);
#1552=VECTOR('',#2621,1.);
#1553=VECTOR('',#2624,1.);
#1554=VECTOR('',#2629,1.);
#1555=VECTOR('',#2632,1.);
#1556=VECTOR('',#2637,1.);
#1557=VECTOR('',#2640,1.);
#1558=VECTOR('',#2645,1.);
#1559=VECTOR('',#2648,1.);
#1560=VECTOR('',#2653,1.);
#1561=VECTOR('',#2654,1.);
#1562=VECTOR('',#2657,1.);
#1563=VECTOR('',#2664,1.);
#1564=VECTOR('',#2665,1.);
#1565=VECTOR('',#2668,1.);
#1566=VECTOR('',#2671,1.);
#1567=VECTOR('',#2676,1.);
#1568=VECTOR('',#2677,1.);
#1569=VECTOR('',#2680,1.);
#1570=VECTOR('',#2683,1.);
#1571=VECTOR('',#2686,1.);
#1572=VECTOR('',#2689,1.);
#1573=EDGE_LOOP('',(#73,#74,#75,#76));
#1574=EDGE_LOOP('',(#77,#78,#79,#80));
#1575=EDGE_LOOP('',(#81,#82,#83,#84));
#1576=EDGE_LOOP('',(#85,#86,#87,#88));
#1577=EDGE_LOOP('',(#89,#90,#91,#92,#93));
#1578=EDGE_LOOP('',(#94,#95,#96,#97,#98,#99));
#1579=EDGE_LOOP('',(#100,#101,#102,#103));
#1580=EDGE_LOOP('',(#104,#105,#106,#107,#108,#109,#110,#111,#112,#113,#114,
#115,#116,#117,#118,#119,#120,#121,#122,#123,#124,#125,#126,#127));
#1581=EDGE_LOOP('',(#128,#129,#130,#131,#132,#133));
#1582=EDGE_LOOP('',(#134,#135,#136,#137,#138,#139,#140));
#1583=EDGE_LOOP('',(#141));
#1584=EDGE_LOOP('',(#142,#143,#144,#145,#146,#147,#148,#149));
#1585=EDGE_LOOP('',(#150,#151,#152));
#1586=EDGE_LOOP('',(#153,#154,#155,#156,#157,#158));
#1587=EDGE_LOOP('',(#159,#160,#161,#162));
#1588=EDGE_LOOP('',(#163,#164,#165,#166));
#1589=EDGE_LOOP('',(#167,#168,#169,#170));
#1590=EDGE_LOOP('',(#171,#172,#173,#174));
#1591=EDGE_LOOP('',(#175,#176,#177,#178));
#1592=EDGE_LOOP('',(#179,#180,#181,#182));
#1593=EDGE_LOOP('',(#183,#184,#185,#186,#187,#188,#189,#190,#191,#192));
#1594=EDGE_LOOP('',(#193,#194,#195,#196,#197,#198));
#1595=EDGE_LOOP('',(#199,#200,#201,#202,#203,#204,#205,#206));
#1596=EDGE_LOOP('',(#207,#208,#209,#210));
#1597=EDGE_LOOP('',(#211,#212,#213,#214));
#1598=EDGE_LOOP('',(#215,#216,#217,#218));
#1599=EDGE_LOOP('',(#219,#220,#221,#222));
#1600=EDGE_LOOP('',(#223,#224,#225,#226));
#1601=EDGE_LOOP('',(#227,#228,#229,#230,#231,#232,#233,#234));
#1602=EDGE_LOOP('',(#235,#236,#237,#238));
#1603=EDGE_LOOP('',(#239));
#1604=EDGE_LOOP('',(#240));
#1605=EDGE_LOOP('',(#241));
#1606=EDGE_LOOP('',(#242));
#1607=EDGE_LOOP('',(#243));
#1608=EDGE_LOOP('',(#244));
#1609=EDGE_LOOP('',(#245,#246,#247,#248,#249,#250,#251,#252,#253,#254,#255,
#256,#257,#258,#259,#260));
#1610=EDGE_LOOP('',(#261));
#1611=EDGE_LOOP('',(#262));
#1612=EDGE_LOOP('',(#263));
#1613=EDGE_LOOP('',(#264,#265,#266,#267));
#1614=EDGE_LOOP('',(#268,#269,#270,#271));
#1615=EDGE_LOOP('',(#272,#273,#274,#275));
#1616=EDGE_LOOP('',(#276,#277,#278));
#1617=EDGE_LOOP('',(#279,#280,#281));
#1618=EDGE_LOOP('',(#282,#283,#284,#285));
#1619=EDGE_LOOP('',(#286,#287,#288,#289));
#1620=EDGE_LOOP('',(#290,#291,#292,#293));
#1621=EDGE_LOOP('',(#294,#295,#296,#297));
#1622=EDGE_LOOP('',(#298,#299,#300,#301,#302,#303,#304,#305));
#1623=EDGE_LOOP('',(#306,#307,#308,#309));
#1624=EDGE_LOOP('',(#310,#311,#312,#313,#314,#315,#316,#317,#318,#319,#320,
#321));
#1625=EDGE_LOOP('',(#322,#323,#324,#325));
#1626=EDGE_LOOP('',(#326,#327,#328,#329));
#1627=EDGE_LOOP('',(#330,#331,#332,#333,#334,#335));
#1628=EDGE_LOOP('',(#336,#337,#338));
#1629=EDGE_LOOP('',(#339,#340,#341,#342));
#1630=EDGE_LOOP('',(#343,#344,#345,#346));
#1631=EDGE_LOOP('',(#347,#348,#349,#350));
#1632=EDGE_LOOP('',(#351,#352,#353,#354));
#1633=EDGE_LOOP('',(#355,#356,#357,#358));
#1634=EDGE_LOOP('',(#359,#360,#361,#362));
#1635=EDGE_LOOP('',(#363,#364,#365,#366,#367,#368));
#1636=EDGE_LOOP('',(#369,#370,#371,#372,#373,#374));
#1637=EDGE_LOOP('',(#375,#376,#377,#378));
#1638=EDGE_LOOP('',(#379,#380,#381,#382));
#1639=EDGE_LOOP('',(#383,#384,#385,#386));
#1640=EDGE_LOOP('',(#387,#388,#389,#390));
#1641=EDGE_LOOP('',(#391,#392,#393,#394));
#1642=EDGE_LOOP('',(#395,#396,#397,#398));
#1643=EDGE_LOOP('',(#399,#400,#401,#402,#403,#404,#405,#406));
#1644=EDGE_LOOP('',(#407,#408,#409,#410));
#1645=EDGE_LOOP('',(#411,#412,#413,#414));
#1646=EDGE_LOOP('',(#415,#416,#417,#418,#419,#420,#421,#422));
#1647=EDGE_LOOP('',(#423,#424,#425,#426,#427,#428,#429,#430));
#1648=EDGE_LOOP('',(#431,#432,#433,#434,#435,#436,#437,#438));
#1649=EDGE_LOOP('',(#439,#440,#441,#442));
#1650=EDGE_LOOP('',(#443,#444,#445,#446));
#1651=EDGE_LOOP('',(#447,#448,#449,#450));
#1652=EDGE_LOOP('',(#451,#452,#453,#454));
#1653=EDGE_LOOP('',(#455,#456,#457,#458));
#1654=EDGE_LOOP('',(#459,#460,#461,#462,#463,#464,#465,#466,#467,#468,#469));
#1655=EDGE_LOOP('',(#470,#471,#472,#473,#474,#475));
#1656=EDGE_LOOP('',(#476,#477,#478,#479));
#1657=EDGE_LOOP('',(#480,#481,#482,#483));
#1658=EDGE_LOOP('',(#484,#485,#486,#487));
#1659=EDGE_LOOP('',(#488,#489,#490,#491));
#1660=EDGE_LOOP('',(#492,#493,#494,#495));
#1661=EDGE_LOOP('',(#496,#497,#498,#499));
#1662=EDGE_LOOP('',(#500,#501,#502,#503));
#1663=EDGE_LOOP('',(#504,#505,#506,#507));
#1664=EDGE_LOOP('',(#508,#509,#510,#511,#512,#513,#514,#515,#516,#517,#518,
#519,#520));
#1665=EDGE_LOOP('',(#521,#522,#523,#524));
#1666=EDGE_LOOP('',(#525,#526,#527,#528));
#1667=EDGE_LOOP('',(#529,#530,#531,#532));
#1668=EDGE_LOOP('',(#533,#534,#535,#536));
#1669=EDGE_LOOP('',(#537,#538,#539,#540));
#1670=EDGE_LOOP('',(#541,#542,#543,#544));
#1671=EDGE_LOOP('',(#545,#546,#547,#548));
#1672=EDGE_LOOP('',(#549,#550,#551,#552));
#1673=EDGE_LOOP('',(#553,#554,#555,#556));
#1674=EDGE_LOOP('',(#557,#558,#559,#560));
#1675=EDGE_LOOP('',(#561,#562,#563,#564));
#1676=EDGE_LOOP('',(#565,#566,#567,#568));
#1677=EDGE_LOOP('',(#569,#570,#571,#572));
#1678=EDGE_LOOP('',(#573,#574,#575,#576));
#1679=EDGE_LOOP('',(#577,#578,#579,#580));
#1680=EDGE_LOOP('',(#581,#582,#583,#584));
#1681=EDGE_LOOP('',(#585,#586,#587,#588));
#1682=EDGE_LOOP('',(#589,#590,#591,#592));
#1683=EDGE_LOOP('',(#593));
#1684=EDGE_LOOP('',(#594));
#1685=EDGE_LOOP('',(#595,#596,#597,#598));
#1686=EDGE_LOOP('',(#599,#600,#601,#602));
#1687=EDGE_LOOP('',(#603,#604,#605,#606));
#1688=EDGE_LOOP('',(#607,#608,#609,#610));
#1689=EDGE_LOOP('',(#611,#612,#613,#614));
#1690=EDGE_LOOP('',(#615,#616,#617,#618));
#1691=EDGE_LOOP('',(#619,#620,#621,#622));
#1692=EDGE_LOOP('',(#623,#624,#625,#626));
#1693=EDGE_LOOP('',(#627,#628,#629,#630));
#1694=EDGE_LOOP('',(#631,#632,#633,#634));
#1695=FACE_BOUND('',#1573,.T.);
#1696=FACE_BOUND('',#1574,.T.);
#1697=FACE_BOUND('',#1575,.T.);
#1698=FACE_BOUND('',#1576,.T.);
#1699=FACE_BOUND('',#1577,.T.);
#1700=FACE_BOUND('',#1578,.T.);
#1701=FACE_BOUND('',#1579,.T.);
#1702=FACE_BOUND('',#1580,.T.);
#1703=FACE_BOUND('',#1581,.T.);
#1704=FACE_BOUND('',#1582,.T.);
#1705=FACE_BOUND('',#1583,.T.);
#1706=FACE_BOUND('',#1584,.T.);
#1707=FACE_BOUND('',#1585,.T.);
#1708=FACE_BOUND('',#1586,.T.);
#1709=FACE_BOUND('',#1587,.T.);
#1710=FACE_BOUND('',#1588,.T.);
#1711=FACE_BOUND('',#1589,.T.);
#1712=FACE_BOUND('',#1590,.T.);
#1713=FACE_BOUND('',#1591,.T.);
#1714=FACE_BOUND('',#1592,.T.);
#1715=FACE_BOUND('',#1593,.T.);
#1716=FACE_BOUND('',#1594,.T.);
#1717=FACE_BOUND('',#1595,.T.);
#1718=FACE_BOUND('',#1596,.T.);
#1719=FACE_BOUND('',#1597,.T.);
#1720=FACE_BOUND('',#1598,.T.);
#1721=FACE_BOUND('',#1599,.T.);
#1722=FACE_BOUND('',#1600,.T.);
#1723=FACE_BOUND('',#1601,.T.);
#1724=FACE_BOUND('',#1602,.T.);
#1725=FACE_BOUND('',#1603,.T.);
#1726=FACE_BOUND('',#1604,.T.);
#1727=FACE_BOUND('',#1605,.T.);
#1728=FACE_BOUND('',#1606,.T.);
#1729=FACE_BOUND('',#1607,.T.);
#1730=FACE_BOUND('',#1608,.T.);
#1731=FACE_BOUND('',#1609,.T.);
#1732=FACE_BOUND('',#1610,.T.);
#1733=FACE_BOUND('',#1611,.T.);
#1734=FACE_BOUND('',#1612,.T.);
#1735=FACE_BOUND('',#1613,.T.);
#1736=FACE_BOUND('',#1614,.T.);
#1737=FACE_BOUND('',#1615,.T.);
#1738=FACE_BOUND('',#1616,.T.);
#1739=FACE_BOUND('',#1617,.T.);
#1740=FACE_BOUND('',#1618,.T.);
#1741=FACE_BOUND('',#1619,.T.);
#1742=FACE_BOUND('',#1620,.T.);
#1743=FACE_BOUND('',#1621,.T.);
#1744=FACE_BOUND('',#1622,.T.);
#1745=FACE_BOUND('',#1623,.T.);
#1746=FACE_BOUND('',#1624,.T.);
#1747=FACE_BOUND('',#1625,.T.);
#1748=FACE_BOUND('',#1626,.T.);
#1749=FACE_BOUND('',#1627,.T.);
#1750=FACE_BOUND('',#1628,.T.);
#1751=FACE_BOUND('',#1629,.T.);
#1752=FACE_BOUND('',#1630,.T.);
#1753=FACE_BOUND('',#1631,.T.);
#1754=FACE_BOUND('',#1632,.T.);
#1755=FACE_BOUND('',#1633,.T.);
#1756=FACE_BOUND('',#1634,.T.);
#1757=FACE_BOUND('',#1635,.T.);
#1758=FACE_BOUND('',#1636,.T.);
#1759=FACE_BOUND('',#1637,.T.);
#1760=FACE_BOUND('',#1638,.T.);
#1761=FACE_BOUND('',#1639,.T.);
#1762=FACE_BOUND('',#1640,.T.);
#1763=FACE_BOUND('',#1641,.T.);
#1764=FACE_BOUND('',#1642,.T.);
#1765=FACE_BOUND('',#1643,.T.);
#1766=FACE_BOUND('',#1644,.T.);
#1767=FACE_BOUND('',#1645,.T.);
#1768=FACE_BOUND('',#1646,.T.);
#1769=FACE_BOUND('',#1647,.T.);
#1770=FACE_BOUND('',#1648,.T.);
#1771=FACE_BOUND('',#1649,.T.);
#1772=FACE_BOUND('',#1650,.T.);
#1773=FACE_BOUND('',#1651,.T.);
#1774=FACE_BOUND('',#1652,.T.);
#1775=FACE_BOUND('',#1653,.T.);
#1776=FACE_BOUND('',#1654,.T.);
#1777=FACE_BOUND('',#1655,.T.);
#1778=FACE_BOUND('',#1656,.T.);
#1779=FACE_BOUND('',#1657,.T.);
#1780=FACE_BOUND('',#1658,.T.);
#1781=FACE_BOUND('',#1659,.T.);
#1782=FACE_BOUND('',#1660,.T.);
#1783=FACE_BOUND('',#1661,.T.);
#1784=FACE_BOUND('',#1662,.T.);
#1785=FACE_BOUND('',#1663,.T.);
#1786=FACE_BOUND('',#1664,.T.);
#1787=FACE_BOUND('',#1665,.T.);
#1788=FACE_BOUND('',#1666,.T.);
#1789=FACE_BOUND('',#1667,.T.);
#1790=FACE_BOUND('',#1668,.T.);
#1791=FACE_BOUND('',#1669,.T.);
#1792=FACE_BOUND('',#1670,.T.);
#1793=FACE_BOUND('',#1671,.T.);
#1794=FACE_BOUND('',#1672,.T.);
#1795=FACE_BOUND('',#1673,.T.);
#1796=FACE_BOUND('',#1674,.T.);
#1797=FACE_BOUND('',#1675,.T.);
#1798=FACE_BOUND('',#1676,.T.);
#1799=FACE_BOUND('',#1677,.T.);
#1800=FACE_BOUND('',#1678,.T.);
#1801=FACE_BOUND('',#1679,.T.);
#1802=FACE_BOUND('',#1680,.T.);
#1803=FACE_BOUND('',#1681,.T.);
#1804=FACE_BOUND('',#1682,.T.);
#1805=FACE_BOUND('',#1683,.T.);
#1806=FACE_BOUND('',#1684,.T.);
#1807=FACE_BOUND('',#1685,.T.);
#1808=FACE_BOUND('',#1686,.T.);
#1809=FACE_BOUND('',#1687,.T.);
#1810=FACE_BOUND('',#1688,.T.);
#1811=FACE_BOUND('',#1689,.T.);
#1812=FACE_BOUND('',#1690,.T.);
#1813=FACE_BOUND('',#1691,.T.);
#1814=FACE_BOUND('',#1692,.T.);
#1815=FACE_BOUND('',#1693,.T.);
#1816=FACE_BOUND('',#1694,.T.);
#1817=PLANE('',#2016);
#1818=PLANE('',#2017);
#1819=PLANE('',#2018);
#1820=PLANE('',#2019);
#1821=PLANE('',#2020);
#1822=PLANE('',#2041);
#1823=PLANE('',#2042);
#1824=PLANE('',#2043);
#1825=PLANE('',#2044);
#1826=PLANE('',#2045);
#1827=PLANE('',#2046);
#1828=PLANE('',#2050);
#1829=PLANE('',#2053);
#1830=PLANE('',#2056);
#1831=PLANE('',#2059);
#1832=PLANE('',#2063);
#1833=PLANE('',#2073);
#1834=PLANE('',#2074);
#1835=PLANE('',#2075);
#1836=PLANE('',#2076);
#1837=PLANE('',#2077);
#1838=PLANE('',#2078);
#1839=PLANE('',#2079);
#1840=PLANE('',#2080);
#1841=PLANE('',#2083);
#1842=PLANE('',#2086);
#1843=PLANE('',#2089);
#1844=PLANE('',#2090);
#1845=PLANE('',#2091);
#1846=PLANE('',#2092);
#1847=PLANE('',#2093);
#1848=PLANE('',#2094);
#1849=PLANE('',#2095);
#1850=PLANE('',#2096);
#1851=PLANE('',#2097);
#1852=PLANE('',#2098);
#1853=PLANE('',#2099);
#1854=PLANE('',#2100);
#1855=PLANE('',#2101);
#1856=PLANE('',#2102);
#1857=PLANE('',#2103);
#1858=PLANE('',#2107);
#1859=PLANE('',#2108);
#1860=PLANE('',#2112);
#1861=PLANE('',#2116);
#1862=PLANE('',#2119);
#1863=PLANE('',#2122);
#1864=PLANE('',#2123);
#1865=PLANE('',#2124);
#1866=PLANE('',#2125);
#1867=PLANE('',#2126);
#1868=PLANE('',#2127);
#1869=PLANE('',#2128);
#1870=PLANE('',#2129);
#1871=PLANE('',#2130);
#1872=PLANE('',#2131);
#1873=PLANE('',#2132);
#1874=PLANE('',#2133);
#1875=PLANE('',#2134);
#1876=PLANE('',#2135);
#1877=PLANE('',#2136);
#1878=PLANE('',#2137);
#1879=PLANE('',#2138);
#1880=PLANE('',#2139);
#1881=PLANE('',#2140);
#1882=PLANE('',#2141);
#1883=PLANE('',#2142);
#1884=PLANE('',#2143);
#1885=PLANE('',#2144);
#1886=PLANE('',#2145);
#1887=PLANE('',#2146);
#1888=PLANE('',#2147);
#1889=PLANE('',#2148);
#1890=PLANE('',#2149);
#1891=PLANE('',#2150);
#1892=PLANE('',#2152);
#1893=PLANE('',#2153);
#1894=PLANE('',#2154);
#1895=PLANE('',#2155);
#1896=PLANE('',#2156);
#1897=PLANE('',#2157);
#1898=PLANE('',#2158);
#1899=PLANE('',#2159);
#1900=PLANE('',#2160);
#1901=PLANE('',#2161);
#1902=ADVANCED_FACE('',(#1695),#1817,.T.);
#1903=ADVANCED_FACE('',(#1696),#1818,.F.);
#1904=ADVANCED_FACE('',(#1697),#1819,.F.);
#1905=ADVANCED_FACE('',(#1698),#1820,.T.);
#1906=ADVANCED_FACE('',(#1699,#1700,#1701,#1702,#1703,#1704,#1705,#1706,
#1707,#1708),#1821,.T.);
#1907=ADVANCED_FACE('',(#1709,#1710),#1822,.F.);
#1908=ADVANCED_FACE('',(#1711),#1823,.F.);
#1909=ADVANCED_FACE('',(#1712),#1824,.T.);
#1910=ADVANCED_FACE('',(#1713),#1825,.T.);
#1911=ADVANCED_FACE('',(#1714),#1826,.F.);
#1912=ADVANCED_FACE('',(#1715),#1827,.T.);
#1913=ADVANCED_FACE('',(#1716),#13,.T.);
#1914=ADVANCED_FACE('',(#1717),#1828,.T.);
#1915=ADVANCED_FACE('',(#1718),#14,.T.);
#1916=ADVANCED_FACE('',(#1719),#1829,.T.);
#1917=ADVANCED_FACE('',(#1720),#15,.T.);
#1918=ADVANCED_FACE('',(#1721),#1830,.T.);
#1919=ADVANCED_FACE('',(#1722),#16,.T.);
#1920=ADVANCED_FACE('',(#1723,#1724),#1831,.F.);
#1921=ADVANCED_FACE('',(#1725,#1726),#17,.T.);
#1922=ADVANCED_FACE('',(#1727,#1728),#1832,.F.);
#1923=ADVANCED_FACE('',(#1729,#1730),#18,.F.);
#1924=ADVANCED_FACE('',(#1731,#1732),#19,.T.);
#1925=ADVANCED_FACE('',(#1733,#1734),#1833,.F.);
#1926=ADVANCED_FACE('',(#1735),#1834,.T.);
#1927=ADVANCED_FACE('',(#1736),#1835,.F.);
#1928=ADVANCED_FACE('',(#1737),#1836,.F.);
#1929=ADVANCED_FACE('',(#1738,#1739),#1837,.F.);
#1930=ADVANCED_FACE('',(#1740),#1838,.F.);
#1931=ADVANCED_FACE('',(#1741),#1839,.T.);
#1932=ADVANCED_FACE('',(#1742),#1840,.T.);
#1933=ADVANCED_FACE('',(#1743),#20,.T.);
#1934=ADVANCED_FACE('',(#1744),#1841,.T.);
#1935=ADVANCED_FACE('',(#1745),#21,.T.);
#1936=ADVANCED_FACE('',(#1746),#1842,.T.);
#1937=ADVANCED_FACE('',(#1747),#22,.T.);
#1938=ADVANCED_FACE('',(#1748),#1843,.T.);
#1939=ADVANCED_FACE('',(#1749,#1750),#1844,.F.);
#1940=ADVANCED_FACE('',(#1751),#1845,.T.);
#1941=ADVANCED_FACE('',(#1752),#1846,.F.);
#1942=ADVANCED_FACE('',(#1753),#1847,.F.);
#1943=ADVANCED_FACE('',(#1754),#1848,.F.);
#1944=ADVANCED_FACE('',(#1755),#1849,.T.);
#1945=ADVANCED_FACE('',(#1756),#1850,.T.);
#1946=ADVANCED_FACE('',(#1757,#1758),#1851,.F.);
#1947=ADVANCED_FACE('',(#1759),#1852,.F.);
#1948=ADVANCED_FACE('',(#1760),#1853,.T.);
#1949=ADVANCED_FACE('',(#1761),#1854,.T.);
#1950=ADVANCED_FACE('',(#1762),#1855,.T.);
#1951=ADVANCED_FACE('',(#1763),#1856,.F.);
#1952=ADVANCED_FACE('',(#1764),#1857,.F.);
#1953=ADVANCED_FACE('',(#1765),#23,.T.);
#1954=ADVANCED_FACE('',(#1766),#1858,.T.);
#1955=ADVANCED_FACE('',(#1767),#1859,.T.);
#1956=ADVANCED_FACE('',(#1768),#24,.T.);
#1957=ADVANCED_FACE('',(#1769),#1860,.T.);
#1958=ADVANCED_FACE('',(#1770),#25,.T.);
#1959=ADVANCED_FACE('',(#1771),#1861,.T.);
#1960=ADVANCED_FACE('',(#1772),#26,.T.);
#1961=ADVANCED_FACE('',(#1773),#1862,.T.);
#1962=ADVANCED_FACE('',(#1774),#27,.T.);
#1963=ADVANCED_FACE('',(#1775),#1863,.T.);
#1964=ADVANCED_FACE('',(#1776,#1777),#1864,.F.);
#1965=ADVANCED_FACE('',(#1778),#1865,.F.);
#1966=ADVANCED_FACE('',(#1779),#1866,.T.);
#1967=ADVANCED_FACE('',(#1780),#1867,.T.);
#1968=ADVANCED_FACE('',(#1781),#1868,.F.);
#1969=ADVANCED_FACE('',(#1782),#1869,.F.);
#1970=ADVANCED_FACE('',(#1783),#1870,.T.);
#1971=ADVANCED_FACE('',(#1784),#1871,.T.);
#1972=ADVANCED_FACE('',(#1785),#1872,.F.);
#1973=ADVANCED_FACE('',(#1786),#1873,.F.);
#1974=ADVANCED_FACE('',(#1787),#1874,.T.);
#1975=ADVANCED_FACE('',(#1788),#1875,.T.);
#1976=ADVANCED_FACE('',(#1789),#1876,.F.);
#1977=ADVANCED_FACE('',(#1790),#1877,.T.);
#1978=ADVANCED_FACE('',(#1791),#1878,.T.);
#1979=ADVANCED_FACE('',(#1792),#1879,.F.);
#1980=ADVANCED_FACE('',(#1793),#1880,.T.);
#1981=ADVANCED_FACE('',(#1794),#1881,.T.);
#1982=ADVANCED_FACE('',(#1795),#1882,.F.);
#1983=ADVANCED_FACE('',(#1796),#1883,.F.);
#1984=ADVANCED_FACE('',(#1797),#1884,.F.);
#1985=ADVANCED_FACE('',(#1798),#1885,.F.);
#1986=ADVANCED_FACE('',(#1799),#1886,.T.);
#1987=ADVANCED_FACE('',(#1800),#1887,.T.);
#1988=ADVANCED_FACE('',(#1801),#1888,.F.);
#1989=ADVANCED_FACE('',(#1802),#1889,.F.);
#1990=ADVANCED_FACE('',(#1803),#1890,.T.);
#1991=ADVANCED_FACE('',(#1804),#1891,.F.);
#1992=ADVANCED_FACE('',(#1805,#1806),#12,.T.);
#1993=ADVANCED_FACE('',(#1807),#1892,.F.);
#1994=ADVANCED_FACE('',(#1808),#1893,.T.);
#1995=ADVANCED_FACE('',(#1809),#1894,.F.);
#1996=ADVANCED_FACE('',(#1810),#1895,.T.);
#1997=ADVANCED_FACE('',(#1811),#1896,.T.);
#1998=ADVANCED_FACE('',(#1812),#1897,.F.);
#1999=ADVANCED_FACE('',(#1813),#1898,.T.);
#2000=ADVANCED_FACE('',(#1814),#1899,.F.);
#2001=ADVANCED_FACE('',(#1815),#1900,.T.);
#2002=ADVANCED_FACE('',(#1816),#1901,.F.);
#2003=CLOSED_SHELL('',(#1902,#1903,#1904,#1905,#1906,#1907,#1908,#1909,
#1910,#1911,#1912,#1913,#1914,#1915,#1916,#1917,#1918,#1919,#1920,#1921,
#1922,#1923,#1924,#1925,#1926,#1927,#1928,#1929,#1930,#1931,#1932,#1933,
#1934,#1935,#1936,#1937,#1938,#1939,#1940,#1941,#1942,#1943,#1944,#1945,
#1946,#1947,#1948,#1949,#1950,#1951,#1952,#1953,#1954,#1955,#1956,#1957,
#1958,#1959,#1960,#1961,#1962,#1963,#1964,#1965,#1966,#1967,#1968,#1969,
#1970,#1971,#1972,#1973,#1974,#1975,#1976,#1977,#1978,#1979,#1980,#1981,
#1982,#1983,#1984,#1985,#1986,#1987,#1988,#1989,#1990,#1991,#1992,#1993,
#1994,#1995,#1996,#1997,#1998,#1999,#2000,#2001,#2002));
#2004=STYLED_ITEM('',(#2005),#2012);
#2005=PRESENTATION_STYLE_ASSIGNMENT((#2006));
#2006=SURFACE_STYLE_USAGE(.BOTH.,#2007);
#2007=SURFACE_SIDE_STYLE('',(#2008));
#2008=SURFACE_STYLE_FILL_AREA(#2009);
#2009=FILL_AREA_STYLE('',(#2010));
#2010=FILL_AREA_STYLE_COLOUR('',#2011);
#2011=COLOUR_RGB('',0.615686274509804,0.811764705882353,0.929411764705882);
#2012=MANIFOLD_SOLID_BREP('Part 1',#2003);
#2013=SHAPE_DEFINITION_REPRESENTATION(#3266,#2014);
#2014=SHAPE_REPRESENTATION('Part 1',(#2015),#3261);
#2015=AXIS2_PLACEMENT_3D('',#2692,#2162,#2163);
#2016=AXIS2_PLACEMENT_3D('',#2693,#2164,#2165);
#2017=AXIS2_PLACEMENT_3D('',#2702,#2170,#2171);
#2018=AXIS2_PLACEMENT_3D('',#2708,#2175,#2176);
#2019=AXIS2_PLACEMENT_3D('',#2714,#2180,#2181);
#2020=AXIS2_PLACEMENT_3D('',#2717,#2184,#2185);
#2021=AXIS2_PLACEMENT_3D('',#2731,#2192,#2193);
#2022=AXIS2_PLACEMENT_3D('',#2737,#2196,#2197);
#2023=AXIS2_PLACEMENT_3D('',#2755,#2206,#2207);
#2024=AXIS2_PLACEMENT_3D('',#2759,#2209,#2210);
#2025=AXIS2_PLACEMENT_3D('',#2765,#2213,#2214);
#2026=AXIS2_PLACEMENT_3D('',#2769,#2216,#2217);
#2027=AXIS2_PLACEMENT_3D('',#2773,#2219,#2220);
#2028=AXIS2_PLACEMENT_3D('',#2777,#2222,#2223);
#2029=AXIS2_PLACEMENT_3D('',#2781,#2225,#2226);
#2030=AXIS2_PLACEMENT_3D('',#2787,#2229,#2230);
#2031=AXIS2_PLACEMENT_3D('',#2791,#2232,#2233);
#2032=AXIS2_PLACEMENT_3D('',#2795,#2235,#2236);
#2033=AXIS2_PLACEMENT_3D('',#2799,#2238,#2239);
#2034=AXIS2_PLACEMENT_3D('',#2803,#2241,#2242);
#2035=AXIS2_PLACEMENT_3D('',#2811,#2246,#2247);
#2036=AXIS2_PLACEMENT_3D('',#2815,#2249,#2250);
#2037=AXIS2_PLACEMENT_3D('',#2821,#2253,#2254);
#2038=AXIS2_PLACEMENT_3D('',#2822,#2255,#2256);
#2039=AXIS2_PLACEMENT_3D('',#2829,#2259,#2260);
#2040=AXIS2_PLACEMENT_3D('',#2839,#2265,#2266);
#2041=AXIS2_PLACEMENT_3D('',#2858,#2276,#2277);
#2042=AXIS2_PLACEMENT_3D('',#2875,#2286,#2287);
#2043=AXIS2_PLACEMENT_3D('',#2878,#2290,#2291);
#2044=AXIS2_PLACEMENT_3D('',#2880,#2293,#2294);
#2045=AXIS2_PLACEMENT_3D('',#2882,#2296,#2297);
#2046=AXIS2_PLACEMENT_3D('',#2883,#2298,#2299);
#2047=AXIS2_PLACEMENT_3D('',#2898,#2308,#2309);
#2048=AXIS2_PLACEMENT_3D('',#2901,#2311,#2312);
#2049=AXIS2_PLACEMENT_3D('',#2902,#2313,#2314);
#2050=AXIS2_PLACEMENT_3D('',#2905,#2316,#2317);
#2051=AXIS2_PLACEMENT_3D('',#2914,#2323,#2324);
#2052=AXIS2_PLACEMENT_3D('',#2915,#2325,#2326);
#2053=AXIS2_PLACEMENT_3D('',#2918,#2328,#2329);
#2054=AXIS2_PLACEMENT_3D('',#2922,#2332,#2333);
#2055=AXIS2_PLACEMENT_3D('',#2923,#2334,#2335);
#2056=AXIS2_PLACEMENT_3D('',#2926,#2337,#2338);
#2057=AXIS2_PLACEMENT_3D('',#2930,#2341,#2342);
#2058=AXIS2_PLACEMENT_3D('',#2931,#2343,#2344);
#2059=AXIS2_PLACEMENT_3D('',#2932,#2345,#2346);
#2060=AXIS2_PLACEMENT_3D('',#2933,#2347,#2348);
#2061=AXIS2_PLACEMENT_3D('',#2934,#2349,#2350);
#2062=AXIS2_PLACEMENT_3D('',#2936,#2351,#2352);
#2063=AXIS2_PLACEMENT_3D('',#2938,#2353,#2354);
#2064=AXIS2_PLACEMENT_3D('',#2939,#2355,#2356);
#2065=AXIS2_PLACEMENT_3D('',#2941,#2357,#2358);
#2066=AXIS2_PLACEMENT_3D('',#2943,#2359,#2360);
#2067=AXIS2_PLACEMENT_3D('',#2944,#2361,#2362);
#2068=AXIS2_PLACEMENT_3D('',#2947,#2364,#2365);
#2069=AXIS2_PLACEMENT_3D('',#2952,#2368,#2369);
#2070=AXIS2_PLACEMENT_3D('',#2957,#2372,#2373);
#2071=AXIS2_PLACEMENT_3D('',#2962,#2376,#2377);
#2072=AXIS2_PLACEMENT_3D('',#2965,#2379,#2380);
#2073=AXIS2_PLACEMENT_3D('',#2967,#2381,#2382);
#2074=AXIS2_PLACEMENT_3D('',#2968,#2383,#2384);
#2075=AXIS2_PLACEMENT_3D('',#2977,#2389,#2390);
#2076=AXIS2_PLACEMENT_3D('',#2983,#2394,#2395);
#2077=AXIS2_PLACEMENT_3D('',#2986,#2398,#2399);
#2078=AXIS2_PLACEMENT_3D('',#2999,#2406,#2407);
#2079=AXIS2_PLACEMENT_3D('',#3002,#2410,#2411);
#2080=AXIS2_PLACEMENT_3D('',#3004,#2413,#2414);
#2081=AXIS2_PLACEMENT_3D('',#3005,#2415,#2416);
#2082=AXIS2_PLACEMENT_3D('',#3008,#2418,#2419);
#2083=AXIS2_PLACEMENT_3D('',#3011,#2421,#2422);
#2084=AXIS2_PLACEMENT_3D('',#3020,#2428,#2429);
#2085=AXIS2_PLACEMENT_3D('',#3021,#2430,#2431);
#2086=AXIS2_PLACEMENT_3D('',#3024,#2433,#2434);
#2087=AXIS2_PLACEMENT_3D('',#3038,#2443,#2444);
#2088=AXIS2_PLACEMENT_3D('',#3039,#2445,#2446);
#2089=AXIS2_PLACEMENT_3D('',#3042,#2448,#2449);
#2090=AXIS2_PLACEMENT_3D('',#3044,#2451,#2452);
#2091=AXIS2_PLACEMENT_3D('',#3045,#2453,#2454);
#2092=AXIS2_PLACEMENT_3D('',#3054,#2459,#2460);
#2093=AXIS2_PLACEMENT_3D('',#3060,#2464,#2465);
#2094=AXIS2_PLACEMENT_3D('',#3066,#2469,#2470);
#2095=AXIS2_PLACEMENT_3D('',#3072,#2474,#2475);
#2096=AXIS2_PLACEMENT_3D('',#3078,#2479,#2480);
#2097=AXIS2_PLACEMENT_3D('',#3081,#2483,#2484);
#2098=AXIS2_PLACEMENT_3D('',#3106,#2497,#2498);
#2099=AXIS2_PLACEMENT_3D('',#3109,#2501,#2502);
#2100=AXIS2_PLACEMENT_3D('',#3111,#2504,#2505);
#2101=AXIS2_PLACEMENT_3D('',#3113,#2507,#2508);
#2102=AXIS2_PLACEMENT_3D('',#3115,#2510,#2511);
#2103=AXIS2_PLACEMENT_3D('',#3117,#2513,#2514);
#2104=AXIS2_PLACEMENT_3D('',#3118,#2515,#2516);
#2105=AXIS2_PLACEMENT_3D('',#3121,#2518,#2519);
#2106=AXIS2_PLACEMENT_3D('',#3126,#2522,#2523);
#2107=AXIS2_PLACEMENT_3D('',#3129,#2525,#2526);
#2108=AXIS2_PLACEMENT_3D('',#3133,#2529,#2530);
#2109=AXIS2_PLACEMENT_3D('',#3137,#2533,#2534);
#2110=AXIS2_PLACEMENT_3D('',#3140,#2536,#2537);
#2111=AXIS2_PLACEMENT_3D('',#3143,#2539,#2540);
#2112=AXIS2_PLACEMENT_3D('',#3146,#2542,#2543);
#2113=AXIS2_PLACEMENT_3D('',#3155,#2549,#2550);
#2114=AXIS2_PLACEMENT_3D('',#3158,#2552,#2553);
#2115=AXIS2_PLACEMENT_3D('',#3161,#2555,#2556);
#2116=AXIS2_PLACEMENT_3D('',#3164,#2558,#2559);
#2117=AXIS2_PLACEMENT_3D('',#3168,#2562,#2563);
#2118=AXIS2_PLACEMENT_3D('',#3169,#2564,#2565);
#2119=AXIS2_PLACEMENT_3D('',#3172,#2567,#2568);
#2120=AXIS2_PLACEMENT_3D('',#3176,#2571,#2572);
#2121=AXIS2_PLACEMENT_3D('',#3177,#2573,#2574);
#2122=AXIS2_PLACEMENT_3D('',#3180,#2576,#2577);
#2123=AXIS2_PLACEMENT_3D('',#3182,#2579,#2580);
#2124=AXIS2_PLACEMENT_3D('',#3183,#2581,#2582);
#2125=AXIS2_PLACEMENT_3D('',#3187,#2585,#2586);
#2126=AXIS2_PLACEMENT_3D('',#3189,#2588,#2589);
#2127=AXIS2_PLACEMENT_3D('',#3193,#2592,#2593);
#2128=AXIS2_PLACEMENT_3D('',#3195,#2595,#2596);
#2129=AXIS2_PLACEMENT_3D('',#3199,#2599,#2600);
#2130=AXIS2_PLACEMENT_3D('',#3201,#2602,#2603);
#2131=AXIS2_PLACEMENT_3D('',#3205,#2606,#2607);
#2132=AXIS2_PLACEMENT_3D('',#3207,#2609,#2610);
#2133=AXIS2_PLACEMENT_3D('',#3208,#2611,#2612);
#2134=AXIS2_PLACEMENT_3D('',#3210,#2614,#2615);
#2135=AXIS2_PLACEMENT_3D('',#3212,#2617,#2618);
#2136=AXIS2_PLACEMENT_3D('',#3213,#2619,#2620);
#2137=AXIS2_PLACEMENT_3D('',#3215,#2622,#2623);
#2138=AXIS2_PLACEMENT_3D('',#3217,#2625,#2626);
#2139=AXIS2_PLACEMENT_3D('',#3218,#2627,#2628);
#2140=AXIS2_PLACEMENT_3D('',#3220,#2630,#2631);
#2141=AXIS2_PLACEMENT_3D('',#3222,#2633,#2634);
#2142=AXIS2_PLACEMENT_3D('',#3223,#2635,#2636);
#2143=AXIS2_PLACEMENT_3D('',#3225,#2638,#2639);
#2144=AXIS2_PLACEMENT_3D('',#3227,#2641,#2642);
#2145=AXIS2_PLACEMENT_3D('',#3228,#2643,#2644);
#2146=AXIS2_PLACEMENT_3D('',#3230,#2646,#2647);
#2147=AXIS2_PLACEMENT_3D('',#3232,#2649,#2650);
#2148=AXIS2_PLACEMENT_3D('',#3233,#2651,#2652);
#2149=AXIS2_PLACEMENT_3D('',#3236,#2655,#2656);
#2150=AXIS2_PLACEMENT_3D('',#3238,#2658,#2659);
#2151=AXIS2_PLACEMENT_3D('',#3239,#2660,#2661);
#2152=AXIS2_PLACEMENT_3D('',#3240,#2662,#2663);
#2153=AXIS2_PLACEMENT_3D('',#3243,#2666,#2667);
#2154=AXIS2_PLACEMENT_3D('',#3245,#2669,#2670);
#2155=AXIS2_PLACEMENT_3D('',#3247,#2672,#2673);
#2156=AXIS2_PLACEMENT_3D('',#3248,#2674,#2675);
#2157=AXIS2_PLACEMENT_3D('',#3251,#2678,#2679);
#2158=AXIS2_PLACEMENT_3D('',#3253,#2681,#2682);
#2159=AXIS2_PLACEMENT_3D('',#3255,#2684,#2685);
#2160=AXIS2_PLACEMENT_3D('',#3257,#2687,#2688);
#2161=AXIS2_PLACEMENT_3D('',#3259,#2690,#2691);
#2162=DIRECTION('',(0.,0.,1.));
#2163=DIRECTION('',(1.,0.,0.));
#2164=DIRECTION('',(0.,-1.,1.22464679914735E-16));
#2165=DIRECTION('',(0.,-1.22464679914735E-16,-1.));
#2166=DIRECTION('',(0.,1.22464679914735E-16,1.));
#2167=DIRECTION('',(-1.,0.,0.));
#2168=DIRECTION('',(0.,1.22464679914735E-16,1.));
#2169=DIRECTION('',(1.,0.,0.));
#2170=DIRECTION('',(1.,0.,0.));
#2171=DIRECTION('',(0.,1.22464679914735E-16,1.));
#2172=DIRECTION('',(0.,1.,-1.22464679914735E-16));
#2173=DIRECTION('',(0.,1.22464679914735E-16,1.));
#2174=DIRECTION('',(0.,1.,-1.22464679914735E-16));
#2175=DIRECTION('',(0.,-1.,1.22464679914735E-16));
#2176=DIRECTION('',(0.,-1.22464679914735E-16,-1.));
#2177=DIRECTION('',(1.,0.,0.));
#2178=DIRECTION('',(0.,1.22464679914735E-16,1.));
#2179=DIRECTION('',(1.,0.,0.));
#2180=DIRECTION('',(1.,0.,0.));
#2181=DIRECTION('',(0.,1.22464679914735E-16,1.));
#2182=DIRECTION('',(0.,-1.,1.22464679914735E-16));
#2183=DIRECTION('',(0.,1.,-1.22464679914735E-16));
#2184=DIRECTION('',(0.,-1.22464679914735E-16,-1.));
#2185=DIRECTION('',(1.,0.,0.));
#2186=DIRECTION('',(0.,1.,-1.22464679914735E-16));
#2187=DIRECTION('',(1.,0.,0.));
#2188=DIRECTION('',(-0.675724982106063,-0.737153816077595,9.02753061338684E-17));
#2189=DIRECTION('',(-0.715192389013335,0.698927640530405,-8.55939497811172E-17));
#2190=DIRECTION('',(-1.,0.,0.));
#2191=DIRECTION('',(0.675724982106063,0.737153816077595,-9.02753061338684E-17));
#2192=DIRECTION('',(0.,-1.22464679914735E-16,-1.));
#2193=DIRECTION('',(1.,0.,0.));
#2194=DIRECTION('',(0.,-1.,1.22464679914735E-16));
#2195=DIRECTION('',(1.,0.,0.));
#2196=DIRECTION('',(0.,-1.22464679914735E-16,-1.));
#2197=DIRECTION('',(1.,0.,0.));
#2198=DIRECTION('',(-0.715192389013335,0.698927640530405,-8.55939497811172E-17));
#2199=DIRECTION('',(0.,1.,-1.22464679914735E-16));
#2200=DIRECTION('',(1.,0.,0.));
#2201=DIRECTION('',(0.,1.,-1.22464679914735E-16));
#2202=DIRECTION('',(1.,0.,0.));
#2203=DIRECTION('',(1.,0.,0.));
#2204=DIRECTION('',(0.,-1.,1.22464679914735E-16));
#2205=DIRECTION('',(-1.,0.,0.));
#2206=DIRECTION('',(0.,-1.22464679914735E-16,-1.));
#2207=DIRECTION('',(1.,0.,0.));
#2208=DIRECTION('',(0.,1.,-1.22464679914735E-16));
#2209=DIRECTION('',(0.,-1.22464679914735E-16,-1.));
#2210=DIRECTION('',(1.,0.,0.));
#2211=DIRECTION('',(0.707106781186547,-0.707106781186548,8.65956056235494E-17));
#2212=DIRECTION('',(1.,0.,0.));
#2213=DIRECTION('',(0.,-1.22464679914735E-16,-1.));
#2214=DIRECTION('',(1.,0.,0.));
#2215=DIRECTION('',(0.729026671076252,0.68448529046246,-8.38252720028298E-17));
#2216=DIRECTION('',(0.,-1.22464679914735E-16,-1.));
#2217=DIRECTION('',(1.,0.,0.));
#2218=DIRECTION('',(0.68448529046246,-0.729026671076252,8.92800179226583E-17));
#2219=DIRECTION('',(0.,-1.22464679914735E-16,-1.));
#2220=DIRECTION('',(1.,0.,0.));
#2221=DIRECTION('',(-0.729026671076253,-0.684485290462459,8.38252720028297E-17));
#2222=DIRECTION('',(0.,-1.22464679914735E-16,-1.));
#2223=DIRECTION('',(1.,0.,0.));
#2224=DIRECTION('',(-2.13080863745833E-16,-1.,1.22464679914735E-16));
#2225=DIRECTION('',(0.,-1.22464679914735E-16,-1.));
#2226=DIRECTION('',(1.,0.,0.));
#2227=DIRECTION('',(-1.,0.,0.));
#2228=DIRECTION('',(0.,-1.,1.22464679914735E-16));
#2229=DIRECTION('',(0.,-1.22464679914735E-16,-1.));
#2230=DIRECTION('',(1.,0.,0.));
#2231=DIRECTION('',(-1.,0.,0.));
#2232=DIRECTION('',(0.,-1.22464679914735E-16,-1.));
#2233=DIRECTION('',(1.,0.,0.));
#2234=DIRECTION('',(0.,1.,-1.22464679914735E-16));
#2235=DIRECTION('',(0.,-1.22464679914735E-16,-1.));
#2236=DIRECTION('',(1.,0.,0.));
#2237=DIRECTION('',(0.715192389013335,-0.698927640530405,8.55939497811172E-17));
#2238=DIRECTION('',(0.,-1.22464679914735E-16,-1.));
#2239=DIRECTION('',(1.,0.,0.));
#2240=DIRECTION('',(0.,1.,-1.22464679914735E-16));
#2241=DIRECTION('',(0.,-1.22464679914735E-16,-1.));
#2242=DIRECTION('',(1.,0.,0.));
#2243=DIRECTION('',(-0.68448529046246,0.729026671076252,-8.92800179226583E-17));
#2244=DIRECTION('',(0.675724982106063,0.737153816077595,-9.02753061338683E-17));
#2245=DIRECTION('',(-5.90435306801856E-16,-1.,1.22464679914735E-16));
#2246=DIRECTION('',(0.,-1.22464679914735E-16,-1.));
#2247=DIRECTION('',(1.,0.,0.));
#2248=DIRECTION('',(0.,1.,-1.22464679914735E-16));
#2249=DIRECTION('',(0.,-1.22464679914735E-16,-1.));
#2250=DIRECTION('',(1.,0.,0.));
#2251=DIRECTION('',(-0.684485290462459,0.729026671076253,-8.92800179226584E-17));
#2252=DIRECTION('',(-0.729026671076252,-0.68448529046246,8.38252720028298E-17));
#2253=DIRECTION('',(0.,-1.22464679914735E-16,-1.));
#2254=DIRECTION('',(1.,0.,0.));
#2255=DIRECTION('',(0.,-1.22464679914735E-16,-1.));
#2256=DIRECTION('',(1.,0.,0.));
#2257=DIRECTION('',(-1.,0.,0.));
#2258=DIRECTION('',(0.707106781186547,-0.707106781186548,8.65956056235494E-17));
#2259=DIRECTION('',(0.,-1.22464679914735E-16,-1.));
#2260=DIRECTION('',(1.,0.,0.));
#2261=DIRECTION('',(-1.,0.,0.));
#2262=DIRECTION('',(0.715192389013335,-0.698927640530405,8.55939497811172E-17));
#2263=DIRECTION('',(-0.675724982106063,-0.737153816077595,9.02753061338683E-17));
#2264=DIRECTION('',(-0.68448529046246,0.729026671076252,-8.92800179226583E-17));
#2265=DIRECTION('',(0.,-1.22464679914735E-16,-1.));
#2266=DIRECTION('',(1.,0.,0.));
#2267=DIRECTION('',(0.,1.,-1.22464679914735E-16));
#2268=DIRECTION('',(1.,0.,0.));
#2269=DIRECTION('',(0.707106781186548,-0.707106781186548,8.65956056235494E-17));
#2270=DIRECTION('',(0.68448529046246,-0.729026671076252,8.92800179226583E-17));
#2271=DIRECTION('',(-0.729026671076252,-0.68448529046246,8.38252720028298E-17));
#2272=DIRECTION('',(0.68448529046246,-0.729026671076252,8.92800179226583E-17));
#2273=DIRECTION('',(0.729026671076252,0.68448529046246,-8.38252720028298E-17));
#2274=DIRECTION('',(-0.684485290462459,0.729026671076253,-8.92800179226584E-17));
#2275=DIRECTION('',(-0.729026671076253,-0.684485290462459,8.38252720028297E-17));
#2276=DIRECTION('',(0.,-1.22464679914735E-16,-1.));
#2277=DIRECTION('',(1.,0.,0.));
#2278=DIRECTION('',(1.,0.,0.));
#2279=DIRECTION('',(0.,1.,-1.22464679914735E-16));
#2280=DIRECTION('',(-1.,0.,0.));
#2281=DIRECTION('',(0.,-1.,1.22464679914735E-16));
#2282=DIRECTION('',(1.,0.,0.));
#2283=DIRECTION('',(0.,1.,-1.22464679914735E-16));
#2284=DIRECTION('',(1.,0.,0.));
#2285=DIRECTION('',(0.,1.,-1.22464679914735E-16));
#2286=DIRECTION('',(0.,-1.,1.22464679914735E-16));
#2287=DIRECTION('',(0.,-1.22464679914735E-16,-1.));
#2288=DIRECTION('',(0.,1.22464679914735E-16,1.));
#2289=DIRECTION('',(0.,1.22464679914735E-16,1.));
#2290=DIRECTION('',(1.,0.,0.));
#2291=DIRECTION('',(0.,1.22464679914735E-16,1.));
#2292=DIRECTION('',(0.,1.22464679914735E-16,1.));
#2293=DIRECTION('',(0.,-1.,1.22464679914735E-16));
#2294=DIRECTION('',(0.,-1.22464679914735E-16,-1.));
#2295=DIRECTION('',(0.,1.22464679914735E-16,1.));
#2296=DIRECTION('',(1.,0.,0.));
#2297=DIRECTION('',(0.,1.22464679914735E-16,1.));
#2298=DIRECTION('',(0.,1.,-1.22464679914735E-16));
#2299=DIRECTION('',(0.,1.22464679914735E-16,1.));
#2300=DIRECTION('',(1.,0.,0.));
#2301=DIRECTION('',(0.,-1.22464679914735E-16,-1.));
#2302=DIRECTION('',(0.,-1.22464679914735E-16,-1.));
#2303=DIRECTION('',(1.,0.,0.));
#2304=DIRECTION('',(0.,-1.22464679914735E-16,-1.));
#2305=DIRECTION('',(0.,-1.22464679914735E-16,-1.));
#2306=DIRECTION('',(1.,0.,0.));
#2307=DIRECTION('',(0.,-1.22464679914735E-16,-1.));
#2308=DIRECTION('',(0.,-1.22464679914735E-16,-1.));
#2309=DIRECTION('',(1.,0.,0.));
#2310=DIRECTION('',(0.,-1.22464679914735E-16,-1.));
#2311=DIRECTION('',(0.,-1.22464679914735E-16,-1.));
#2312=DIRECTION('',(1.,0.,0.));
#2313=DIRECTION('',(0.,-1.22464679914735E-16,-1.));
#2314=DIRECTION('',(1.,0.,0.));
#2315=DIRECTION('',(0.,-1.22464679914735E-16,-1.));
#2316=DIRECTION('',(1.,0.,0.));
#2317=DIRECTION('',(0.,1.22464679914735E-16,1.));
#2318=DIRECTION('',(0.,-1.22464679914735E-16,-1.));
#2319=DIRECTION('',(0.,-1.,1.22464679914735E-16));
#2320=DIRECTION('',(0.,-1.22464679914735E-16,-1.));
#2321=DIRECTION('',(0.,-1.,1.22464679914735E-16));
#2322=DIRECTION('',(0.,-1.22464679914735E-16,-1.));
#2323=DIRECTION('',(0.,-1.22464679914735E-16,-1.));
#2324=DIRECTION('',(1.,0.,0.));
#2325=DIRECTION('',(0.,-1.22464679914735E-16,-1.));
#2326=DIRECTION('',(1.,0.,0.));
#2327=DIRECTION('',(0.,-1.22464679914735E-16,-1.));
#2328=DIRECTION('',(0.,-1.,1.22464679914735E-16));
#2329=DIRECTION('',(0.,-1.22464679914735E-16,-1.));
#2330=DIRECTION('',(-1.,0.,0.));
#2331=DIRECTION('',(0.,-1.22464679914735E-16,-1.));
#2332=DIRECTION('',(0.,-1.22464679914735E-16,-1.));
#2333=DIRECTION('',(1.,0.,0.));
#2334=DIRECTION('',(0.,-1.22464679914735E-16,-1.));
#2335=DIRECTION('',(1.,0.,0.));
#2336=DIRECTION('',(0.,-1.22464679914735E-16,-1.));
#2337=DIRECTION('',(-1.,0.,0.));
#2338=DIRECTION('',(0.,-1.22464679914735E-16,-1.));
#2339=DIRECTION('',(0.,1.,-1.22464679914735E-16));
#2340=DIRECTION('',(0.,-1.22464679914735E-16,-1.));
#2341=DIRECTION('',(0.,-1.22464679914735E-16,-1.));
#2342=DIRECTION('',(1.,0.,0.));
#2343=DIRECTION('',(0.,-1.22464679914735E-16,-1.));
#2344=DIRECTION('',(1.,0.,0.));
#2345=DIRECTION('',(0.,-1.22464679914735E-16,-1.));
#2346=DIRECTION('',(1.,0.,0.));
#2347=DIRECTION('',(0.,1.22464679914735E-16,1.));
#2348=DIRECTION('',(-1.,0.,0.));
#2349=DIRECTION('',(0.,0.,-1.));
#2350=DIRECTION('',(-1.,0.,0.));
#2351=DIRECTION('',(0.,-1.22464679914735E-16,-1.));
#2352=DIRECTION('',(1.,0.,0.));
#2353=DIRECTION('',(0.,-1.22464679914735E-16,-1.));
#2354=DIRECTION('',(1.,0.,0.));
#2355=DIRECTION('',(0.,-1.22464679914735E-16,-1.));
#2356=DIRECTION('',(0.,1.,-1.22464679914735E-16));
#2357=DIRECTION('',(0.,-1.22464679914735E-16,-1.));
#2358=DIRECTION('',(1.,0.,0.));
#2359=DIRECTION('',(0.,1.22464679914735E-16,1.));
#2360=DIRECTION('',(-1.,0.,0.));
#2361=DIRECTION('',(0.,-1.22464679914735E-16,-1.));
#2362=DIRECTION('',(1.,0.,0.));
#2363=DIRECTION('',(0.,-1.22464679914735E-16,-1.));
#2364=DIRECTION('',(0.,-1.22464679914735E-16,-1.));
#2365=DIRECTION('',(1.,0.,0.));
#2366=DIRECTION('',(0.,-1.22464679914735E-16,-1.));
#2367=DIRECTION('',(0.,-1.22464679914735E-16,-1.));
#2368=DIRECTION('',(0.,-1.22464679914735E-16,-1.));
#2369=DIRECTION('',(1.,0.,0.));
#2370=DIRECTION('',(0.,-1.22464679914735E-16,-1.));
#2371=DIRECTION('',(0.,-1.22464679914735E-16,-1.));
#2372=DIRECTION('',(0.,-1.22464679914735E-16,-1.));
#2373=DIRECTION('',(1.,0.,0.));
#2374=DIRECTION('',(0.,-1.22464679914735E-16,-1.));
#2375=DIRECTION('',(0.,-1.22464679914735E-16,-1.));
#2376=DIRECTION('',(0.,-1.22464679914735E-16,-1.));
#2377=DIRECTION('',(1.,0.,0.));
#2378=DIRECTION('',(0.,-1.22464679914735E-16,-1.));
#2379=DIRECTION('',(0.,-1.22464679914735E-16,-1.));
#2380=DIRECTION('',(1.,0.,0.));
#2381=DIRECTION('',(0.,-1.22464679914735E-16,-1.));
#2382=DIRECTION('',(1.,0.,0.));
#2383=DIRECTION('',(0.,-1.,1.22464679914735E-16));
#2384=DIRECTION('',(0.,-1.22464679914735E-16,-1.));
#2385=DIRECTION('',(0.,1.22464679914735E-16,1.));
#2386=DIRECTION('',(-1.,0.,0.));
#2387=DIRECTION('',(0.,1.22464679914735E-16,1.));
#2388=DIRECTION('',(-1.,0.,0.));
#2389=DIRECTION('',(1.,0.,0.));
#2390=DIRECTION('',(0.,1.22464679914735E-16,1.));
#2391=DIRECTION('',(0.,1.,-1.22464679914735E-16));
#2392=DIRECTION('',(0.,1.22464679914735E-16,1.));
#2393=DIRECTION('',(0.,1.,-1.22464679914735E-16));
#2394=DIRECTION('',(-0.707106781186548,-0.707106781186548,8.65956056235494E-17));
#2395=DIRECTION('',(-0.707106781186548,0.707106781186548,-8.65956056235494E-17));
#2396=DIRECTION('',(0.707106781186548,-0.707106781186548,8.65956056235494E-17));
#2397=DIRECTION('',(0.707106781186548,-0.707106781186548,8.65956056235494E-17));
#2398=DIRECTION('',(0.,-1.22464679914735E-16,-1.));
#2399=DIRECTION('',(1.,0.,0.));
#2400=DIRECTION('',(1.,0.,0.));
#2401=DIRECTION('',(-0.707106781186548,0.707106781186548,-8.65956056235494E-17));
#2402=DIRECTION('',(0.,-1.,1.22464679914735E-16));
#2403=DIRECTION('',(1.,0.,0.));
#2404=DIRECTION('',(0.,1.,-1.22464679914735E-16));
#2405=DIRECTION('',(0.707106781186548,-0.707106781186548,8.65956056235494E-17));
#2406=DIRECTION('',(0.,-1.,1.22464679914735E-16));
#2407=DIRECTION('',(0.,-1.22464679914735E-16,-1.));
#2408=DIRECTION('',(0.,1.22464679914735E-16,1.));
#2409=DIRECTION('',(0.,1.22464679914735E-16,1.));
#2410=DIRECTION('',(1.,0.,0.));
#2411=DIRECTION('',(0.,1.22464679914735E-16,1.));
#2412=DIRECTION('',(0.,1.22464679914735E-16,1.));
#2413=DIRECTION('',(-0.707106781186548,-0.707106781186548,8.65956056235494E-17));
#2414=DIRECTION('',(-0.707106781186548,0.707106781186548,-8.65956056235494E-17));
#2415=DIRECTION('',(0.,-1.22464679914735E-16,-1.));
#2416=DIRECTION('',(1.,0.,0.));
#2417=DIRECTION('',(0.,-1.22464679914735E-16,-1.));
#2418=DIRECTION('',(0.,-1.22464679914735E-16,-1.));
#2419=DIRECTION('',(1.,0.,0.));
#2420=DIRECTION('',(0.,-1.22464679914735E-16,-1.));
#2421=DIRECTION('',(0.707106781186548,0.707106781186547,-8.65956056235493E-17));
#2422=DIRECTION('',(0.707106781186547,-0.707106781186548,8.65956056235494E-17));
#2423=DIRECTION('',(0.,-1.22464679914735E-16,-1.));
#2424=DIRECTION('',(0.707106781186548,-0.707106781186547,8.65956056235493E-17));
#2425=DIRECTION('',(0.,-1.22464679914735E-16,-1.));
#2426=DIRECTION('',(0.707106781186547,-0.707106781186548,8.65956056235494E-17));
#2427=DIRECTION('',(0.,-1.22464679914735E-16,-1.));
#2428=DIRECTION('',(0.,-1.22464679914735E-16,-1.));
#2429=DIRECTION('',(1.,0.,0.));
#2430=DIRECTION('',(0.,-1.22464679914735E-16,-1.));
#2431=DIRECTION('',(1.,0.,0.));
#2432=DIRECTION('',(0.,-1.22464679914735E-16,-1.));
#2433=DIRECTION('',(0.,-1.,1.22464679914735E-16));
#2434=DIRECTION('',(0.,-1.22464679914735E-16,-1.));
#2435=DIRECTION('',(0.,-1.22464679914735E-16,-1.));
#2436=DIRECTION('',(-1.,0.,0.));
#2437=DIRECTION('',(0.,-1.22464679914735E-16,-1.));
#2438=DIRECTION('',(0.,-1.22464679914735E-16,-1.));
#2439=DIRECTION('',(-1.,0.,0.));
#2440=DIRECTION('',(0.,-1.22464679914735E-16,-1.));
#2441=DIRECTION('',(-1.,0.,0.));
#2442=DIRECTION('',(0.,-1.22464679914735E-16,-1.));
#2443=DIRECTION('',(0.,-1.22464679914735E-16,-1.));
#2444=DIRECTION('',(1.,0.,0.));
#2445=DIRECTION('',(0.,-1.22464679914735E-16,-1.));
#2446=DIRECTION('',(1.,0.,0.));
#2447=DIRECTION('',(0.,-1.22464679914735E-16,-1.));
#2448=DIRECTION('',(-1.,0.,0.));
#2449=DIRECTION('',(0.,-1.22464679914735E-16,-1.));
#2450=DIRECTION('',(0.,1.,-1.22464679914735E-16));
#2451=DIRECTION('',(0.,-1.22464679914735E-16,-1.));
#2452=DIRECTION('',(1.,0.,0.));
#2453=DIRECTION('',(-0.68448529046246,0.729026671076252,-8.92800179226583E-17));
#2454=DIRECTION('',(0.729026671076252,0.68448529046246,-8.38252720028298E-17));
#2455=DIRECTION('',(0.,1.22464679914735E-16,1.));
#2456=DIRECTION('',(0.729026671076252,0.68448529046246,-8.38252720028298E-17));
#2457=DIRECTION('',(0.,1.22464679914735E-16,1.));
#2458=DIRECTION('',(0.729026671076252,0.68448529046246,-8.38252720028298E-17));
#2459=DIRECTION('',(-0.729026671076252,-0.68448529046246,8.38252720028298E-17));
#2460=DIRECTION('',(-0.68448529046246,0.729026671076252,-8.92800179226583E-17));
#2461=DIRECTION('',(0.68448529046246,-0.729026671076252,8.92800179226583E-17));
#2462=DIRECTION('',(0.,1.22464679914735E-16,1.));
#2463=DIRECTION('',(0.68448529046246,-0.729026671076252,8.92800179226583E-17));
#2464=DIRECTION('',(-0.684485290462459,0.729026671076253,-8.92800179226584E-17));
#2465=DIRECTION('',(0.729026671076253,0.684485290462459,-8.38252720028297E-17));
#2466=DIRECTION('',(-0.729026671076253,-0.684485290462459,8.38252720028297E-17));
#2467=DIRECTION('',(0.,1.22464679914735E-16,1.));
#2468=DIRECTION('',(-0.729026671076253,-0.684485290462459,8.38252720028297E-17));
#2469=DIRECTION('',(0.729026671076253,0.684485290462459,-8.38252720028297E-17));
#2470=DIRECTION('',(0.684485290462459,-0.729026671076253,8.92800179226584E-17));
#2471=DIRECTION('',(-0.684485290462459,0.729026671076253,-8.92800179226584E-17));
#2472=DIRECTION('',(0.,1.22464679914735E-16,1.));
#2473=DIRECTION('',(-0.684485290462459,0.729026671076253,-8.92800179226584E-17));
#2474=DIRECTION('',(0.68448529046246,-0.729026671076252,8.92800179226583E-17));
#2475=DIRECTION('',(-0.729026671076252,-0.68448529046246,8.38252720028298E-17));
#2476=DIRECTION('',(-0.729026671076252,-0.68448529046246,8.38252720028298E-17));
#2477=DIRECTION('',(0.,1.22464679914735E-16,1.));
#2478=DIRECTION('',(-0.729026671076252,-0.68448529046246,8.38252720028298E-17));
#2479=DIRECTION('',(-0.729026671076252,-0.68448529046246,8.38252720028298E-17));
#2480=DIRECTION('',(-0.68448529046246,0.729026671076252,-8.92800179226583E-17));
#2481=DIRECTION('',(-0.68448529046246,0.729026671076252,-8.92800179226583E-17));
#2482=DIRECTION('',(-0.68448529046246,0.729026671076252,-8.92800179226583E-17));
#2483=DIRECTION('',(0.,-1.22464679914735E-16,-1.));
#2484=DIRECTION('',(1.,0.,0.));
#2485=DIRECTION('',(0.729026671076252,0.68448529046246,-8.38252720028298E-17));
#2486=DIRECTION('',(0.684485290462459,-0.729026671076253,8.92800179226584E-17));
#2487=DIRECTION('',(0.729026671076253,0.684485290462459,-8.38252720028297E-17));
#2488=DIRECTION('',(-0.68448529046246,0.729026671076252,-8.92800179226583E-17));
#2489=DIRECTION('',(-0.729026671076252,-0.68448529046246,8.38252720028298E-17));
#2490=DIRECTION('',(0.68448529046246,-0.729026671076252,8.92800179226583E-17));
#2491=DIRECTION('',(-0.729026671076252,-0.68448529046246,8.38252720028298E-17));
#2492=DIRECTION('',(0.68448529046246,-0.729026671076252,8.92800179226583E-17));
#2493=DIRECTION('',(-0.729026671076253,-0.684485290462459,8.38252720028297E-17));
#2494=DIRECTION('',(-0.684485290462459,0.729026671076253,-8.92800179226584E-17));
#2495=DIRECTION('',(0.729026671076252,0.68448529046246,-8.38252720028298E-17));
#2496=DIRECTION('',(0.68448529046246,-0.729026671076252,8.92800179226583E-17));
#2497=DIRECTION('',(-0.68448529046246,0.729026671076252,-8.92800179226583E-17));
#2498=DIRECTION('',(0.729026671076252,0.68448529046246,-8.38252720028298E-17));
#2499=DIRECTION('',(0.,1.22464679914735E-16,1.));
#2500=DIRECTION('',(0.,1.22464679914735E-16,1.));
#2501=DIRECTION('',(-0.729026671076252,-0.68448529046246,8.38252720028298E-17));
#2502=DIRECTION('',(-0.68448529046246,0.729026671076252,-8.92800179226583E-17));
#2503=DIRECTION('',(0.,1.22464679914735E-16,1.));
#2504=DIRECTION('',(-0.684485290462459,0.729026671076253,-8.92800179226584E-17));
#2505=DIRECTION('',(0.729026671076253,0.684485290462459,-8.38252720028297E-17));
#2506=DIRECTION('',(0.,1.22464679914735E-16,1.));
#2507=DIRECTION('',(0.729026671076253,0.684485290462459,-8.38252720028297E-17));
#2508=DIRECTION('',(0.684485290462459,-0.729026671076253,8.92800179226584E-17));
#2509=DIRECTION('',(0.,1.22464679914735E-16,1.));
#2510=DIRECTION('',(0.68448529046246,-0.729026671076252,8.92800179226583E-17));
#2511=DIRECTION('',(-0.729026671076252,-0.68448529046246,8.38252720028298E-17));
#2512=DIRECTION('',(0.,1.22464679914735E-16,1.));
#2513=DIRECTION('',(-0.729026671076252,-0.68448529046246,8.38252720028298E-17));
#2514=DIRECTION('',(-0.68448529046246,0.729026671076252,-8.92800179226583E-17));
#2515=DIRECTION('',(0.,-1.22464679914735E-16,-1.));
#2516=DIRECTION('',(1.,0.,0.));
#2517=DIRECTION('',(0.,-1.22464679914735E-16,-1.));
#2518=DIRECTION('',(0.,-1.22464679914735E-16,-1.));
#2519=DIRECTION('',(1.,0.,0.));
#2520=DIRECTION('',(0.,-1.22464679914735E-16,-1.));
#2521=DIRECTION('',(0.,-1.22464679914735E-16,-1.));
#2522=DIRECTION('',(0.,-1.22464679914735E-16,-1.));
#2523=DIRECTION('',(1.,0.,0.));
#2524=DIRECTION('',(0.,-1.22464679914735E-16,-1.));
#2525=DIRECTION('',(-0.729026671076253,-0.684485290462459,8.38252720028297E-17));
#2526=DIRECTION('',(-0.684485290462459,0.729026671076253,-8.92800179226584E-17));
#2527=DIRECTION('',(-0.684485290462459,0.729026671076253,-8.92800179226584E-17));
#2528=DIRECTION('',(0.,-1.22464679914735E-16,-1.));
#2529=DIRECTION('',(0.68448529046246,-0.729026671076252,8.92800179226583E-17));
#2530=DIRECTION('',(-0.729026671076252,-0.68448529046246,8.38252720028298E-17));
#2531=DIRECTION('',(-0.729026671076252,-0.68448529046246,8.38252720028298E-17));
#2532=DIRECTION('',(0.,-1.22464679914735E-16,-1.));
#2533=DIRECTION('',(0.,-1.22464679914735E-16,-1.));
#2534=DIRECTION('',(1.,0.,0.));
#2535=DIRECTION('',(0.,-1.22464679914735E-16,-1.));
#2536=DIRECTION('',(0.,-1.22464679914735E-16,-1.));
#2537=DIRECTION('',(1.,0.,0.));
#2538=DIRECTION('',(0.,-1.22464679914735E-16,-1.));
#2539=DIRECTION('',(0.,-1.22464679914735E-16,-1.));
#2540=DIRECTION('',(1.,0.,0.));
#2541=DIRECTION('',(0.,-1.22464679914735E-16,-1.));
#2542=DIRECTION('',(-0.729026671076252,-0.68448529046246,8.38252720028298E-17));
#2543=DIRECTION('',(-0.68448529046246,0.729026671076252,-8.92800179226583E-17));
#2544=DIRECTION('',(0.,-1.22464679914735E-16,-1.));
#2545=DIRECTION('',(-0.68448529046246,0.729026671076252,-8.92800179226582E-17));
#2546=DIRECTION('',(0.,-1.22464679914735E-16,-1.));
#2547=DIRECTION('',(-0.68448529046246,0.729026671076252,-8.92800179226583E-17));
#2548=DIRECTION('',(0.,-1.22464679914735E-16,-1.));
#2549=DIRECTION('',(0.,-1.22464679914735E-16,-1.));
#2550=DIRECTION('',(1.,0.,0.));
#2551=DIRECTION('',(0.,-1.22464679914735E-16,-1.));
#2552=DIRECTION('',(0.,-1.22464679914735E-16,-1.));
#2553=DIRECTION('',(1.,0.,0.));
#2554=DIRECTION('',(0.,-1.22464679914735E-16,-1.));
#2555=DIRECTION('',(0.,-1.22464679914735E-16,-1.));
#2556=DIRECTION('',(1.,0.,0.));
#2557=DIRECTION('',(0.,-1.22464679914735E-16,-1.));
#2558=DIRECTION('',(-0.68448529046246,0.729026671076252,-8.92800179226583E-17));
#2559=DIRECTION('',(0.729026671076252,0.68448529046246,-8.38252720028298E-17));
#2560=DIRECTION('',(0.729026671076252,0.68448529046246,-8.38252720028298E-17));
#2561=DIRECTION('',(0.,-1.22464679914735E-16,-1.));
#2562=DIRECTION('',(0.,-1.22464679914735E-16,-1.));
#2563=DIRECTION('',(1.,0.,0.));
#2564=DIRECTION('',(0.,-1.22464679914735E-16,-1.));
#2565=DIRECTION('',(1.,0.,0.));
#2566=DIRECTION('',(0.,-1.22464679914735E-16,-1.));
#2567=DIRECTION('',(0.729026671076252,0.68448529046246,-8.38252720028298E-17));
#2568=DIRECTION('',(0.68448529046246,-0.729026671076252,8.92800179226583E-17));
#2569=DIRECTION('',(0.68448529046246,-0.729026671076252,8.92800179226583E-17));
#2570=DIRECTION('',(0.,-1.22464679914735E-16,-1.));
#2571=DIRECTION('',(0.,-1.22464679914735E-16,-1.));
#2572=DIRECTION('',(1.,0.,0.));
#2573=DIRECTION('',(0.,-1.22464679914735E-16,-1.));
#2574=DIRECTION('',(1.,0.,0.));
#2575=DIRECTION('',(0.,-1.22464679914735E-16,-1.));
#2576=DIRECTION('',(0.684485290462459,-0.729026671076253,8.92800179226584E-17));
#2577=DIRECTION('',(-0.729026671076253,-0.684485290462459,8.38252720028297E-17));
#2578=DIRECTION('',(-0.729026671076253,-0.684485290462459,8.38252720028297E-17));
#2579=DIRECTION('',(0.,-1.22464679914735E-16,-1.));
#2580=DIRECTION('',(1.,0.,0.));
#2581=DIRECTION('',(0.737153816077595,-0.675724982106063,8.27524436440093E-17));
#2582=DIRECTION('',(-0.675724982106063,-0.737153816077595,9.02753061338684E-17));
#2583=DIRECTION('',(-0.675724982106063,-0.737153816077595,9.02753061338684E-17));
#2584=DIRECTION('',(0.,-1.22464679914735E-16,-1.));
#2585=DIRECTION('',(-0.698927640530405,-0.715192389013335,8.75858069979729E-17));
#2586=DIRECTION('',(-0.715192389013335,0.698927640530405,-8.55939497811172E-17));
#2587=DIRECTION('',(-0.715192389013335,0.698927640530405,-8.55939497811172E-17));
#2588=DIRECTION('',(0.698927640530405,0.715192389013335,-8.75858069979729E-17));
#2589=DIRECTION('',(0.715192389013335,-0.698927640530405,8.55939497811172E-17));
#2590=DIRECTION('',(0.715192389013335,-0.698927640530405,8.55939497811172E-17));
#2591=DIRECTION('',(0.,-1.22464679914735E-16,-1.));
#2592=DIRECTION('',(0.737153816077595,-0.675724982106063,8.27524436440093E-17));
#2593=DIRECTION('',(-0.675724982106063,-0.737153816077595,9.02753061338683E-17));
#2594=DIRECTION('',(-0.675724982106063,-0.737153816077595,9.02753061338683E-17));
#2595=DIRECTION('',(-0.737153816077595,0.675724982106063,-8.27524436440093E-17));
#2596=DIRECTION('',(0.675724982106063,0.737153816077595,-9.02753061338683E-17));
#2597=DIRECTION('',(0.675724982106063,0.737153816077595,-9.02753061338683E-17));
#2598=DIRECTION('',(0.,-1.22464679914735E-16,-1.));
#2599=DIRECTION('',(0.698927640530405,0.715192389013335,-8.75858069979729E-17));
#2600=DIRECTION('',(0.715192389013335,-0.698927640530405,8.55939497811172E-17));
#2601=DIRECTION('',(0.715192389013335,-0.698927640530405,8.55939497811172E-17));
#2602=DIRECTION('',(-0.698927640530405,-0.715192389013335,8.7585806997973E-17));
#2603=DIRECTION('',(-0.715192389013335,0.698927640530405,-8.55939497811172E-17));
#2604=DIRECTION('',(-0.715192389013335,0.698927640530405,-8.55939497811172E-17));
#2605=DIRECTION('',(0.,-1.22464679914735E-16,-1.));
#2606=DIRECTION('',(-0.737153816077595,0.675724982106063,-8.27524436440093E-17));
#2607=DIRECTION('',(0.675724982106063,0.737153816077595,-9.02753061338684E-17));
#2608=DIRECTION('',(0.675724982106063,0.737153816077595,-9.02753061338684E-17));
#2609=DIRECTION('',(0.,-1.22464679914735E-16,-1.));
#2610=DIRECTION('',(1.,0.,0.));
#2611=DIRECTION('',(1.,-5.90435306801856E-16,7.23074708578478E-32));
#2612=DIRECTION('',(-5.90435306801856E-16,-1.,1.22464679914735E-16));
#2613=DIRECTION('',(-5.90435306801856E-16,-1.,1.22464679914735E-16));
#2614=DIRECTION('',(-1.,0.,0.));
#2615=DIRECTION('',(0.,-1.22464679914735E-16,-1.));
#2616=DIRECTION('',(0.,1.,-1.22464679914735E-16));
#2617=DIRECTION('',(0.,-1.22464679914735E-16,-1.));
#2618=DIRECTION('',(1.,0.,0.));
#2619=DIRECTION('',(1.,-2.13080863745833E-16,2.60948797745887E-32));
#2620=DIRECTION('',(-2.13080863745833E-16,-1.,1.22464679914735E-16));
#2621=DIRECTION('',(-2.13080863745833E-16,-1.,1.22464679914735E-16));
#2622=DIRECTION('',(-1.,0.,0.));
#2623=DIRECTION('',(0.,-1.22464679914735E-16,-1.));
#2624=DIRECTION('',(0.,1.,-1.22464679914735E-16));
#2625=DIRECTION('',(0.,-1.22464679914735E-16,-1.));
#2626=DIRECTION('',(1.,0.,0.));
#2627=DIRECTION('',(0.,-1.,1.22464679914735E-16));
#2628=DIRECTION('',(0.,-1.22464679914735E-16,-1.));
#2629=DIRECTION('',(-1.,0.,0.));
#2630=DIRECTION('',(0.,1.,-1.22464679914735E-16));
#2631=DIRECTION('',(0.,1.22464679914735E-16,1.));
#2632=DIRECTION('',(1.,0.,0.));
#2633=DIRECTION('',(0.,-1.22464679914735E-16,-1.));
#2634=DIRECTION('',(1.,0.,0.));
#2635=DIRECTION('',(1.,0.,0.));
#2636=DIRECTION('',(0.,1.22464679914735E-16,1.));
#2637=DIRECTION('',(0.,-1.,1.22464679914735E-16));
#2638=DIRECTION('',(-1.,0.,0.));
#2639=DIRECTION('',(0.,-1.22464679914735E-16,-1.));
#2640=DIRECTION('',(0.,1.,-1.22464679914735E-16));
#2641=DIRECTION('',(0.,-1.22464679914735E-16,-1.));
#2642=DIRECTION('',(1.,0.,0.));
#2643=DIRECTION('',(0.,-1.,1.22464679914735E-16));
#2644=DIRECTION('',(0.,-1.22464679914735E-16,-1.));
#2645=DIRECTION('',(-1.,0.,0.));
#2646=DIRECTION('',(0.,1.,-1.22464679914735E-16));
#2647=DIRECTION('',(0.,1.22464679914735E-16,1.));
#2648=DIRECTION('',(1.,0.,0.));
#2649=DIRECTION('',(0.,-1.22464679914735E-16,-1.));
#2650=DIRECTION('',(1.,0.,0.));
#2651=DIRECTION('',(0.996815278536125,-9.76597312160349E-18,-0.0797452222828895));
#2652=DIRECTION('',(0.,1.,-1.22464679914735E-16));
#2653=DIRECTION('',(-0.0783072085857209,0.189050324999226,-0.978840107321517));
#2654=DIRECTION('',(-0.079492863351716,-0.0794928633517159,-0.993660791896455));
#2655=DIRECTION('',(0.,-0.996815278536125,0.0797452222828895));
#2656=DIRECTION('',(-1.,0.,0.));
#2657=DIRECTION('',(0.189050324999226,-0.0783072085857209,-0.978840107321517));
#2658=DIRECTION('',(-0.704854843043251,-0.704854843043251,-0.0797452222828895));
#2659=DIRECTION('',(0.707106781186548,-0.707106781186548,8.65956056235494E-17));
#2660=DIRECTION('',(0.,0.,-1.));
#2661=DIRECTION('',(-1.,0.,0.));
#2662=DIRECTION('',(0.996815278536125,-9.76597312160349E-18,-0.0797452222828895));
#2663=DIRECTION('',(0.,1.,-1.22464679914735E-16));
#2664=DIRECTION('',(0.079492863351716,-0.0794928633517159,0.993660791896455));
#2665=DIRECTION('',(-0.079492863351716,-0.0794928633517159,-0.993660791896455));
#2666=DIRECTION('',(0.,-0.996815278536125,0.0797452222828895));
#2667=DIRECTION('',(-1.,0.,0.));
#2668=DIRECTION('',(-0.079492863351716,0.0794928633517159,0.993660791896455));
#2669=DIRECTION('',(0.,-0.996815278536125,-0.0797452222828895));
#2670=DIRECTION('',(1.,0.,0.));
#2671=DIRECTION('',(-0.079492863351716,-0.0794928633517159,0.993660791896455));
#2672=DIRECTION('',(0.996815278536125,9.76597312160349E-18,0.0797452222828895));
#2673=DIRECTION('',(0.,-1.,1.22464679914735E-16));
#2674=DIRECTION('',(-0.682305395466217,0.726704924189139,0.0797452222828909));
#2675=DIRECTION('',(0.729026671076252,0.68448529046246,-8.38252720028298E-17));
#2676=DIRECTION('',(0.112364113204614,-0.0035407218826292,0.993660791896455));
#2677=DIRECTION('',(0.00354072188262808,0.112364113204614,-0.993660791896455));
#2678=DIRECTION('',(-0.726704924189138,-0.682305395466218,-0.0797452222828896));
#2679=DIRECTION('',(0.68448529046246,-0.729026671076252,8.92800179226583E-17));
#2680=DIRECTION('',(-0.112364113204613,0.00354072188262949,0.993660791896455));
#2681=DIRECTION('',(-0.726704924189138,-0.682305395466218,0.0797452222828906));
#2682=DIRECTION('',(-0.68448529046246,0.729026671076252,-8.92800179226583E-17));
#2683=DIRECTION('',(0.00354072188262901,0.112364113204614,0.993660791896455));
#2684=DIRECTION('',(-0.682305395466217,0.726704924189139,-0.0797452222828902));
#2685=DIRECTION('',(-0.729026671076253,-0.684485290462459,8.38252720028297E-17));
#2686=DIRECTION('',(-0.00354072188262932,-0.112364113204614,-0.993660791896455));
#2687=DIRECTION('',(0.682305395466217,-0.726704924189139,0.0797452222828906));
#2688=DIRECTION('',(-0.729026671076252,-0.68448529046246,8.38252720028298E-17));
#2689=DIRECTION('',(-0.00354072188262899,-0.112364113204614,-0.993660791896455));
#2690=DIRECTION('',(0.726704924189139,0.682305395466217,-0.0797452222828905));
#2691=DIRECTION('',(-0.684485290462459,0.729026671076253,-8.92800179226584E-17));
#2692=CARTESIAN_POINT('',(0.,0.,0.));
#2693=CARTESIAN_POINT('',(-0.0451649368350799,0.0217775843348191,-0.00304));
#2694=CARTESIAN_POINT('',(-0.0306869368350799,0.0217775843348191,-0.00304));
#2695=CARTESIAN_POINT('',(-0.0306869368350799,0.0217775843348191,-3.29597460435593E-18));
#2696=CARTESIAN_POINT('',(-0.0306869368350799,0.0217775843348191,0.0055575));
#2697=CARTESIAN_POINT('',(-0.0596429368350799,0.0217775843348191,0.0055575));
#2698=CARTESIAN_POINT('',(-0.0596429368350799,0.0217775843348191,0.0055575));
#2699=CARTESIAN_POINT('',(-0.0596429368350799,0.0217775843348191,-0.00304));
#2700=CARTESIAN_POINT('',(-0.0596429368350799,0.0217775843348191,-3.29597460435593E-18));
#2701=CARTESIAN_POINT('',(-0.0451649368350799,0.0217775843348191,-3.29597460435593E-18));
#2702=CARTESIAN_POINT('',(-0.0596429368350799,0.036255584334819,-0.00304));
#2703=CARTESIAN_POINT('',(-0.0596429368350799,0.036255584334819,0.0055575));
#2704=CARTESIAN_POINT('',(-0.0596429368350799,0.050733584334819,0.0055575));
#2705=CARTESIAN_POINT('',(-0.0596429368350799,0.050733584334819,-0.00304));
#2706=CARTESIAN_POINT('',(-0.0596429368350799,0.050733584334819,-6.59194920871187E-18));
#2707=CARTESIAN_POINT('',(-0.0596429368350799,0.036255584334819,-6.59194920871187E-18));
#2708=CARTESIAN_POINT('',(-0.0451649368350799,0.050733584334819,-0.00304));
#2709=CARTESIAN_POINT('',(-0.0451649368350799,0.050733584334819,0.0055575));
#2710=CARTESIAN_POINT('',(-0.0306869368350799,0.050733584334819,0.0055575));
#2711=CARTESIAN_POINT('',(-0.0306869368350799,0.050733584334819,-0.00304));
#2712=CARTESIAN_POINT('',(-0.0306869368350799,0.050733584334819,-6.59194920871187E-18));
#2713=CARTESIAN_POINT('',(-0.0451649368350799,0.050733584334819,-6.59194920871187E-18));
#2714=CARTESIAN_POINT('',(-0.0306869368350799,0.036255584334819,-0.00304));
#2715=CARTESIAN_POINT('',(-0.0306869368350799,0.0217775843348191,0.0055575));
#2716=CARTESIAN_POINT('',(-0.0306869368350799,0.036255584334819,-6.59194920871187E-18));
#2717=CARTESIAN_POINT('',(-0.016956791993086,0.066575827048249,-0.00304));
#2718=CARTESIAN_POINT('',(-0.0458049212291837,0.0616223765022285,-0.00304));
#2719=CARTESIAN_POINT('',(-0.0458049212291837,0.055483584334819,-0.00304));
#2720=CARTESIAN_POINT('',(-0.0458049212291837,0.0677611686696381,-0.00304));
#2721=CARTESIAN_POINT('',(-0.0539826790321318,0.055483584334819,-0.00304));
#2722=CARTESIAN_POINT('',(-0.0359407360365119,0.055483584334819,-0.00304));
#2723=CARTESIAN_POINT('',(-0.033833799723831,0.05778205809893,-0.00304));
#2724=CARTESIAN_POINT('',(-0.0317268634111502,0.0600805318630409,-0.00304));
#2725=CARTESIAN_POINT('',(-0.0356565498824746,0.0639208502663395,-0.00304));
#2726=CARTESIAN_POINT('',(-0.039586236353799,0.0677611686696381,-0.00304));
#2727=CARTESIAN_POINT('',(-0.0339662508186842,0.0677611686696381,-0.00304));
#2728=CARTESIAN_POINT('',(-0.0299424590020063,0.0564035633534115,-0.00304));
#2729=CARTESIAN_POINT('',(-0.0308771733293603,0.0553838759782254,-0.00304));
#2730=CARTESIAN_POINT('',(-0.0290077446746523,0.0574232507285976,-0.00304));
#2731=CARTESIAN_POINT('',(-0.03196943683508,0.049451084334819,-0.00304));
#2732=CARTESIAN_POINT('',(-0.0259369368350799,0.049451084334819,-0.00304));
#2733=CARTESIAN_POINT('',(-0.0259369368350799,0.0419654455036648,-0.00304));
#2734=CARTESIAN_POINT('',(-0.0259369368350799,0.0344798066725105,-0.00304));
#2735=CARTESIAN_POINT('',(-0.0223634930139043,0.0344798066725105,-0.00304));
#2736=CARTESIAN_POINT('',(-0.0187900491927287,0.0344798066725105,-0.00304));
#2737=CARTESIAN_POINT('',(5.76795555762288E-17,0.0363475490213987,-0.00304));
#2738=CARTESIAN_POINT('',(-0.0166175360815091,0.045314817542344,-0.00304));
#2739=CARTESIAN_POINT('',(-0.0228126403780807,0.0513690341354708,-0.00304));
#2740=CARTESIAN_POINT('',(-0.0577429368350799,0.036255584334819,-0.00304));
#2741=CARTESIAN_POINT('',(-0.0577429368350799,0.023677584334819,-0.00304));
#2742=CARTESIAN_POINT('',(-0.0577429368350799,0.048833584334819,-0.00304));
#2743=CARTESIAN_POINT('',(-0.0451649368350799,0.023677584334819,-0.00304));
#2744=CARTESIAN_POINT('',(-0.03258693683508,0.023677584334819,-0.00304));
#2745=CARTESIAN_POINT('',(-0.03258693683508,0.036255584334819,-0.00304));
#2746=CARTESIAN_POINT('',(-0.03258693683508,0.048833584334819,-0.00304));
#2747=CARTESIAN_POINT('',(-0.0451649368350799,0.048833584334819,-0.00304));
#2748=CARTESIAN_POINT('',(-0.0539826790321318,0.055483584334819,-0.00304));
#2749=CARTESIAN_POINT('',(-0.0583604368350799,0.055483584334819,-0.00304));
#2750=CARTESIAN_POINT('',(-0.0496049212291837,0.055483584334819,-0.00304));
#2751=CARTESIAN_POINT('',(-0.0496049212291837,0.0616223765022285,-0.00304));
#2752=CARTESIAN_POINT('',(-0.0496049212291837,0.0677611686696381,-0.00304));
#2753=CARTESIAN_POINT('',(-0.0339662508186842,0.0677611686696381,-0.00304));
#2754=CARTESIAN_POINT('',(-0.0583604368350799,0.0677611686696381,-0.00304));
#2755=CARTESIAN_POINT('',(-0.0583604368350799,0.0737936686696381,-0.00304));
#2756=CARTESIAN_POINT('',(-0.0643929368350799,0.0737936686696381,-0.00304));
#2757=CARTESIAN_POINT('',(-0.0643929368350799,0.0860823042227663,-0.00304));
#2758=CARTESIAN_POINT('',(-0.0643929368350799,0.0983709397758945,-0.00304));
#2759=CARTESIAN_POINT('',(-0.0583604368350799,0.0983709397758945,-0.00304));
#2760=CARTESIAN_POINT('',(-0.0540948151775721,0.102636561433402,-0.00304));
#2761=CARTESIAN_POINT('',(-0.032150366716715,0.0806921129725454,-0.00304));
#2762=CARTESIAN_POINT('',(-0.0385831893621145,0.0871249356179448,-0.00304));
#2763=CARTESIAN_POINT('',(-0.0341036707895768,0.0871249356179448,-0.00304));
#2764=CARTESIAN_POINT('',(-0.0296241522170392,0.0871249356179448,-0.00304));
#2765=CARTESIAN_POINT('',(-0.0236198835083123,0.086542000352753,-0.00304));
#2766=CARTESIAN_POINT('',(-0.0277490410230271,0.0909398537460205,-0.00304));
#2767=CARTESIAN_POINT('',(-0.01549045754888,0.102449473905147,-0.00304));
#2768=CARTESIAN_POINT('',(-0.00323187407473276,0.113959094064273,-0.00304));
#2769=CARTESIAN_POINT('',(0.000897283439982034,0.109561240671006,-0.00304));
#2770=CARTESIAN_POINT('',(0.00529513683324953,0.11369039818572,-0.00304));
#2771=CARTESIAN_POINT('',(0.0168047569923758,0.101431814711573,-0.00304));
#2772=CARTESIAN_POINT('',(0.028314377151502,0.089173231237426,-0.00304));
#2773=CARTESIAN_POINT('',(0.0239165237582346,0.0850440737227112,-0.00304));
#2774=CARTESIAN_POINT('',(0.0280456812729494,0.0806462203294437,-0.00304));
#2775=CARTESIAN_POINT('',(0.0211700703521615,0.0741906889683283,-0.00304));
#2776=CARTESIAN_POINT('',(0.0142944594313738,0.067735157607213,-0.00304));
#2777=CARTESIAN_POINT('',(0.010165301916659,0.0721330110004805,-0.00304));
#2778=CARTESIAN_POINT('',(0.0120076112739742,0.0663887136124661,-0.00304));
#2779=CARTESIAN_POINT('',(0.0120076112739742,0.058654620211457,-0.00304));
#2780=CARTESIAN_POINT('',(0.0120076112739742,0.0509205268104479,-0.00304));
#2781=CARTESIAN_POINT('',(5.76795555762288E-17,0.0363475490213987,-0.00304));
#2782=CARTESIAN_POINT('',(-0.0180119712084384,0.0306798066725105,-0.00304));
#2783=CARTESIAN_POINT('',(-0.0219744540217592,0.0306798066725105,-0.00304));
#2784=CARTESIAN_POINT('',(-0.0259369368350799,0.0306798066725105,-0.00304));
#2785=CARTESIAN_POINT('',(-0.0259369368350799,0.0419654455036648,-0.00304));
#2786=CARTESIAN_POINT('',(-0.0259369368350799,0.023060084334819,-0.00304));
#2787=CARTESIAN_POINT('',(-0.03196943683508,0.023060084334819,-0.00304));
#2788=CARTESIAN_POINT('',(-0.03196943683508,0.017027584334819,-0.00304));
#2789=CARTESIAN_POINT('',(-0.0451649368350799,0.017027584334819,-0.00304));
#2790=CARTESIAN_POINT('',(-0.0583604368350799,0.017027584334819,-0.00304));
#2791=CARTESIAN_POINT('',(-0.0583604368350799,0.023060084334819,-0.00304));
#2792=CARTESIAN_POINT('',(-0.0643929368350799,0.023060084334819,-0.00304));
#2793=CARTESIAN_POINT('',(-0.0643929368350799,0.036255584334819,-0.00304));
#2794=CARTESIAN_POINT('',(-0.0643929368350799,0.049451084334819,-0.00304));
#2795=CARTESIAN_POINT('',(-0.0583604368350799,0.049451084334819,-0.00304));
#2796=CARTESIAN_POINT('',(-0.0204427330826661,0.0543662783996293,-0.00304));
#2797=CARTESIAN_POINT('',(-0.0264386786613812,0.0602258654987895,-0.00304));
#2798=CARTESIAN_POINT('',(-0.0144467875039509,0.0485066913004692,-0.00304));
#2799=CARTESIAN_POINT('',(5.76795555762288E-17,0.0363475490213987,-0.00304));
#2800=CARTESIAN_POINT('',(-0.0121613064780831,0.0507925147497459,-0.00304));
#2801=CARTESIAN_POINT('',(-0.0121613064780831,0.058864133113647,-0.00304));
#2802=CARTESIAN_POINT('',(-0.0121613064780831,0.0669357514775481,-0.00304));
#2803=CARTESIAN_POINT('',(-0.0107088207860816,0.0727907785111775,-0.00304));
#2804=CARTESIAN_POINT('',(-0.0151066741793492,0.0686616209964627,-0.00304));
#2805=CARTESIAN_POINT('',(-0.0160172618839163,0.0696314632008657,-0.00304));
#2806=CARTESIAN_POINT('',(-0.0169278495884835,0.0706013054052688,-0.00304));
#2807=CARTESIAN_POINT('',(-0.0216832641249323,0.0654135854520291,-0.00304));
#2808=CARTESIAN_POINT('',(-0.00836130647808314,0.060255931237119,-0.00304));
#2809=CARTESIAN_POINT('',(-0.00836130647808313,0.0672337799666624,-0.00304));
#2810=CARTESIAN_POINT('',(-0.00836130647808314,0.0532780825075756,-0.00304));
#2811=CARTESIAN_POINT('',(5.76795555762288E-17,0.0363475490213987,-0.00304));
#2812=CARTESIAN_POINT('',(0.00820761127397418,0.0533531224407905,-0.00304));
#2813=CARTESIAN_POINT('',(0.00820761127397418,0.05989006375895,-0.00304));
#2814=CARTESIAN_POINT('',(0.00820761127397418,0.0664270050771095,-0.00304));
#2815=CARTESIAN_POINT('',(0.010165301916659,0.0721330110004805,-0.00304));
#2816=CARTESIAN_POINT('',(0.00576744852339149,0.0680038534857657,-0.00304));
#2817=CARTESIAN_POINT('',(0.00277793848273799,0.0711878993424913,-0.00304));
#2818=CARTESIAN_POINT('',(-0.000211571557915519,0.074371945199217,-0.00304));
#2819=CARTESIAN_POINT('',(-0.00339561741464118,0.0713824351585635,-0.00304));
#2820=CARTESIAN_POINT('',(-0.00657966327136684,0.06839292511791,-0.00304));
#2821=CARTESIAN_POINT('',(-0.0107088207860816,0.0727907785111775,-0.00304));
#2822=CARTESIAN_POINT('',(0.,0.0363475490213987,-0.00304));
#2823=CARTESIAN_POINT('',(0.012232648388057,0.0363475490213987,-0.00304));
#2824=CARTESIAN_POINT('',(-0.0317530825714832,0.0833249356179448,-0.00304));
#2825=CARTESIAN_POINT('',(-0.028722975780852,0.0833249356179448,-0.00304));
#2826=CARTESIAN_POINT('',(-0.0347831893621145,0.0833249356179448,-0.00304));
#2827=CARTESIAN_POINT('',(-0.032150366716715,0.0806921129725454,-0.00304));
#2828=CARTESIAN_POINT('',(-0.0295175440713156,0.0780592903271459,-0.00304));
#2829=CARTESIAN_POINT('',(-0.0337831657288234,0.0737936686696381,-0.00304));
#2830=CARTESIAN_POINT('',(-0.0337831657288234,0.0677611686696381,-0.00304));
#2831=CARTESIAN_POINT('',(-0.0339662508186842,0.0677611686696381,-0.00304));
#2832=CARTESIAN_POINT('',(-0.034149335908545,0.0677611686696381,-0.00304));
#2833=CARTESIAN_POINT('',(-0.0316535666532121,0.0653221576514354,-0.00304));
#2834=CARTESIAN_POINT('',(-0.0291577973978791,0.0628831466332327,-0.00304));
#2835=CARTESIAN_POINT('',(-0.0243470070689045,0.0681312764837822,-0.00304));
#2836=CARTESIAN_POINT('',(-0.0195362167399298,0.0733794063343316,-0.00304));
#2837=CARTESIAN_POINT('',(-0.0160172618839163,0.0696314632008657,-0.00304));
#2838=CARTESIAN_POINT('',(-0.0280177369015799,0.0824128428380382,-0.00304));
#2839=CARTESIAN_POINT('',(-0.0236198835083123,0.086542000352753,-0.00304));
#2840=CARTESIAN_POINT('',(-0.0577429368350799,0.0869891686696381,-0.00304));
#2841=CARTESIAN_POINT('',(-0.0577429368350799,0.0744111686696381,-0.00304));
#2842=CARTESIAN_POINT('',(-0.0577429368350799,0.0968801629011292,-0.00304));
#2843=CARTESIAN_POINT('',(-0.0451649368350799,0.0744111686696381,-0.00304));
#2844=CARTESIAN_POINT('',(-0.0352739426035888,0.0744111686696381,-0.00304));
#2845=CARTESIAN_POINT('',(-0.0465084397193344,0.0856456657853836,-0.00304));
#2846=CARTESIAN_POINT('',(0.00590730240480728,0.103323067977666,-0.00304));
#2847=CARTESIAN_POINT('',(0.000869779137453011,0.108688397034755,-0.00304));
#2848=CARTESIAN_POINT('',(0.0230436801219844,0.0850715780252402,-0.00304));
#2849=CARTESIAN_POINT('',(-0.0177538795668472,0.0912025889793828,-0.00304));
#2850=CARTESIAN_POINT('',(-0.0227470398720622,0.086514496050224,-0.00304));
#2851=CARTESIAN_POINT('',(-0.0167141781778074,0.0800890590988258,-0.00304));
#2852=CARTESIAN_POINT('',(-0.0106813164835526,0.0736636221474277,-0.00304));
#2853=CARTESIAN_POINT('',(-0.00668349460523808,0.0774171888935599,-0.00304));
#2854=CARTESIAN_POINT('',(8.4628623166207E-5,0.0837717997434494,-0.00304));
#2855=CARTESIAN_POINT('',(0.00643923947305578,0.0770036765150451,-0.00304));
#2856=CARTESIAN_POINT('',(0.010192806219188,0.0730058546367306,-0.00304));
#2857=CARTESIAN_POINT('',(0.0166182431705862,0.0790387163309854,-0.00304));
#2858=CARTESIAN_POINT('',(-0.016956791993086,0.066575827048249,0.0150575));
#2859=CARTESIAN_POINT('',(-0.0306869368350799,0.022537584334819,0.0150575));
#2860=CARTESIAN_POINT('',(-0.0588829368350799,0.022537584334819,0.0150575));
#2861=CARTESIAN_POINT('',(-0.0314469368350799,0.022537584334819,0.0150575));
#2862=CARTESIAN_POINT('',(-0.0314469368350799,0.050733584334819,0.0150575));
#2863=CARTESIAN_POINT('',(-0.0314469368350799,0.049973584334819,0.0150575));
#2864=CARTESIAN_POINT('',(-0.016956791993086,0.049973584334819,0.0150575));
#2865=CARTESIAN_POINT('',(-0.0588829368350799,0.049973584334819,0.0150575));
#2866=CARTESIAN_POINT('',(-0.0588829368350799,0.066575827048249,0.0150575));
#2867=CARTESIAN_POINT('',(-0.0451649368350799,0.023677584334819,0.0150575));
#2868=CARTESIAN_POINT('',(-0.0577429368350799,0.023677584334819,0.0150575));
#2869=CARTESIAN_POINT('',(-0.03258693683508,0.023677584334819,0.0150575));
#2870=CARTESIAN_POINT('',(-0.0577429368350799,0.036255584334819,0.0150575));
#2871=CARTESIAN_POINT('',(-0.0577429368350799,0.048833584334819,0.0150575));
#2872=CARTESIAN_POINT('',(-0.0451649368350799,0.048833584334819,0.0150575));
#2873=CARTESIAN_POINT('',(-0.03258693683508,0.048833584334819,0.0150575));
#2874=CARTESIAN_POINT('',(-0.03258693683508,0.036255584334819,0.0150575));
#2875=CARTESIAN_POINT('',(-0.0451649368350799,0.023677584334819,-0.00304));
#2876=CARTESIAN_POINT('',(-0.03258693683508,0.023677584334819,-0.00304));
#2877=CARTESIAN_POINT('',(-0.0577429368350799,0.023677584334819,-0.00304));
#2878=CARTESIAN_POINT('',(-0.0577429368350799,0.036255584334819,-0.00304));
#2879=CARTESIAN_POINT('',(-0.0577429368350799,0.048833584334819,-0.00304));
#2880=CARTESIAN_POINT('',(-0.0451649368350799,0.048833584334819,-0.00304));
#2881=CARTESIAN_POINT('',(-0.03258693683508,0.048833584334819,-0.00304));
#2882=CARTESIAN_POINT('',(-0.03258693683508,0.036255584334819,-0.00304));
#2883=CARTESIAN_POINT('',(-0.0539826790321318,0.055483584334819,-6.59194920871187E-18));
#2884=CARTESIAN_POINT('',(-0.0339550864357959,0.055483584334819,-0.002565));
#2885=CARTESIAN_POINT('',(-0.0359407360365119,0.055483584334819,-0.002565));
#2886=CARTESIAN_POINT('',(-0.03196943683508,0.055483584334819,-0.002565));
#2887=CARTESIAN_POINT('',(-0.0359407360365119,0.055483584334819,-0.002565));
#2888=CARTESIAN_POINT('',(-0.0458049212291837,0.055483584334819,-0.002565));
#2889=CARTESIAN_POINT('',(-0.0458049212291837,0.055483584334819,-0.002565));
#2890=CARTESIAN_POINT('',(-0.0477049212291837,0.055483584334819,-0.002565));
#2891=CARTESIAN_POINT('',(-0.0496049212291837,0.055483584334819,-0.002565));
#2892=CARTESIAN_POINT('',(-0.0496049212291837,0.055483584334819,-0.002565));
#2893=CARTESIAN_POINT('',(-0.0583604368350799,0.055483584334819,-6.59194920871187E-18));
#2894=CARTESIAN_POINT('',(-0.0583604368350799,0.055483584334819,-6.59194920871187E-18));
#2895=CARTESIAN_POINT('',(-0.0539826790321318,0.055483584334819,-6.59194920871187E-18));
#2896=CARTESIAN_POINT('',(-0.03196943683508,0.055483584334819,-6.59194920871187E-18));
#2897=CARTESIAN_POINT('',(-0.03196943683508,0.055483584334819,-6.59194920871187E-18));
#2898=CARTESIAN_POINT('',(-0.03196943683508,0.049451084334819,-6.59194920871187E-18));
#2899=CARTESIAN_POINT('',(-0.0308771733293603,0.0553838759782254,-0.002565));
#2900=CARTESIAN_POINT('',(-0.0308771733293603,0.0553838759782254,-0.002565));
#2901=CARTESIAN_POINT('',(-0.03196943683508,0.0494510843348186,-0.002565));
#2902=CARTESIAN_POINT('',(-0.03196943683508,0.049451084334819,-6.59194920871187E-18));
#2903=CARTESIAN_POINT('',(-0.0259369368350799,0.049451084334819,-6.59194920871187E-18));
#2904=CARTESIAN_POINT('',(-0.0259369368350799,0.049451084334819,-6.59194920871187E-18));
#2905=CARTESIAN_POINT('',(-0.0259369368350799,0.0419654455036648,-6.59194920871187E-18));
#2906=CARTESIAN_POINT('',(-0.0259369368350799,0.0306798066725105,-0.002565));
#2907=CARTESIAN_POINT('',(-0.0259369368350799,0.0306798066725105,-0.002565));
#2908=CARTESIAN_POINT('',(-0.0259369368350799,0.0325798066725105,-0.002565));
#2909=CARTESIAN_POINT('',(-0.0259369368350799,0.0344798066725105,-0.002565));
#2910=CARTESIAN_POINT('',(-0.0259369368350799,0.0344798066725105,-0.002565));
#2911=CARTESIAN_POINT('',(-0.0259369368350799,0.0419654455036648,-6.59194920871187E-18));
#2912=CARTESIAN_POINT('',(-0.0259369368350799,0.023060084334819,-3.29597460435593E-18));
#2913=CARTESIAN_POINT('',(-0.0259369368350799,0.023060084334819,-3.29597460435593E-18));
#2914=CARTESIAN_POINT('',(-0.03196943683508,0.023060084334819,-3.29597460435593E-18));
#2915=CARTESIAN_POINT('',(-0.03196943683508,0.023060084334819,-3.29597460435593E-18));
#2916=CARTESIAN_POINT('',(-0.03196943683508,0.017027584334819,-3.29597460435593E-18));
#2917=CARTESIAN_POINT('',(-0.03196943683508,0.017027584334819,-3.29597460435593E-18));
#2918=CARTESIAN_POINT('',(-0.0451649368350799,0.017027584334819,-3.29597460435593E-18));
#2919=CARTESIAN_POINT('',(-0.0451649368350799,0.017027584334819,-3.29597460435593E-18));
#2920=CARTESIAN_POINT('',(-0.0583604368350799,0.017027584334819,-3.29597460435593E-18));
#2921=CARTESIAN_POINT('',(-0.0583604368350799,0.017027584334819,-3.29597460435593E-18));
#2922=CARTESIAN_POINT('',(-0.0583604368350799,0.023060084334819,-3.29597460435593E-18));
#2923=CARTESIAN_POINT('',(-0.0583604368350799,0.023060084334819,-3.29597460435593E-18));
#2924=CARTESIAN_POINT('',(-0.0643929368350799,0.023060084334819,-3.29597460435593E-18));
#2925=CARTESIAN_POINT('',(-0.0643929368350799,0.023060084334819,-3.29597460435593E-18));
#2926=CARTESIAN_POINT('',(-0.0643929368350799,0.036255584334819,-6.59194920871187E-18));
#2927=CARTESIAN_POINT('',(-0.0643929368350799,0.036255584334819,-6.59194920871187E-18));
#2928=CARTESIAN_POINT('',(-0.0643929368350799,0.049451084334819,-6.59194920871187E-18));
#2929=CARTESIAN_POINT('',(-0.0643929368350799,0.049451084334819,-6.59194920871187E-18));
#2930=CARTESIAN_POINT('',(-0.0583604368350799,0.049451084334819,-6.59194920871187E-18));
#2931=CARTESIAN_POINT('',(-0.0583604368350799,0.049451084334819,-6.59194920871187E-18));
#2932=CARTESIAN_POINT('',(-0.0172219565384227,0.0663106625029123,-9.8879238130678E-18));
#2933=CARTESIAN_POINT('',(0.,0.0363475490213987,-0.00304));
#2934=CARTESIAN_POINT('',(0.,0.0363475490213987,0.0055575));
#2935=CARTESIAN_POINT('',(-0.014132648388057,0.0363475490213987,0.0055575));
#2936=CARTESIAN_POINT('',(0.,0.0363475490213987,-6.59194920871187E-18));
#2937=CARTESIAN_POINT('',(0.014132648388057,0.0363475490213987,-6.59194920871187E-18));
#2938=CARTESIAN_POINT('',(-0.016956791993086,0.066575827048249,0.0150575));
#2939=CARTESIAN_POINT('',(0.,0.0363475490213987,0.0150575));
#2940=CARTESIAN_POINT('',(0.,0.0497201974094557,0.0150575));
#2941=CARTESIAN_POINT('',(0.,0.0363475490213987,0.0150575));
#2942=CARTESIAN_POINT('',(0.012232648388057,0.0363475490213987,0.0150575));
#2943=CARTESIAN_POINT('',(0.,0.0363475490213987,-0.00304));
#2944=CARTESIAN_POINT('',(5.76795555762288E-17,0.0363475490213987,-6.59194920871187E-18));
#2945=CARTESIAN_POINT('',(-0.0187900491927287,0.0344798066725105,-0.002565));
#2946=CARTESIAN_POINT('',(-0.0187900491927287,0.0344798066725105,-0.002565));
#2947=CARTESIAN_POINT('',(-3.55965257270441E-16,0.0363475490213986,-0.002565));
#2948=CARTESIAN_POINT('',(-0.0180119712084384,0.0306798066725105,-0.002565));
#2949=CARTESIAN_POINT('',(-0.0180119712084384,0.0306798066725105,-0.002565));
#2950=CARTESIAN_POINT('',(0.0120076112739742,0.0509205268104479,-0.002565));
#2951=CARTESIAN_POINT('',(0.0120076112739742,0.0509205268104479,-0.002565));
#2952=CARTESIAN_POINT('',(7.82793968534534E-17,0.0363475490213988,-0.002565));
#2953=CARTESIAN_POINT('',(0.00820761127397418,0.0533531224407906,-0.002565));
#2954=CARTESIAN_POINT('',(0.00820761127397418,0.0533531224407905,-0.002565));
#2955=CARTESIAN_POINT('',(-0.00836130647808314,0.0532780825075756,-0.002565));
#2956=CARTESIAN_POINT('',(-0.00836130647808314,0.0532780825075756,-0.002565));
#2957=CARTESIAN_POINT('',(-6.59194920871187E-17,0.0363475490213988,-0.002565));
#2958=CARTESIAN_POINT('',(-0.0121613064780831,0.0507925147497459,-0.002565));
#2959=CARTESIAN_POINT('',(-0.0121613064780831,0.0507925147497459,-0.002565));
#2960=CARTESIAN_POINT('',(-0.0144467875039509,0.0485066913004692,-0.002565));
#2961=CARTESIAN_POINT('',(-0.0144467875039509,0.0485066913004692,-0.002565));
#2962=CARTESIAN_POINT('',(-8.23993651088983E-17,0.0363475490213988,-0.002565));
#2963=CARTESIAN_POINT('',(-0.0166175360815091,0.045314817542344,-0.002565));
#2964=CARTESIAN_POINT('',(-0.0166175360815091,0.045314817542344,-0.002565));
#2965=CARTESIAN_POINT('',(5.76795555762288E-17,0.0363475490213987,-6.59194920871187E-18));
#2966=CARTESIAN_POINT('',(0.0188826483880571,0.0363475490213987,-6.59194920871187E-18));
#2967=CARTESIAN_POINT('',(-0.0172219565384227,0.0663106625029123,-9.8879238130678E-18));
#2968=CARTESIAN_POINT('',(-0.0451649368350799,0.0725111686696381,-0.00304));
#2969=CARTESIAN_POINT('',(-0.0306869368350799,0.072511168669638,-0.00304));
#2970=CARTESIAN_POINT('',(-0.0306869368350799,0.072511168669638,-9.8879238130678E-18));
#2971=CARTESIAN_POINT('',(-0.0306869368350799,0.072511168669638,0.0055575));
#2972=CARTESIAN_POINT('',(-0.0596429368350799,0.0725111686696381,0.0055575));
#2973=CARTESIAN_POINT('',(-0.0596429368350799,0.0725111686696381,0.0055575));
#2974=CARTESIAN_POINT('',(-0.0596429368350799,0.0725111686696381,-0.00304));
#2975=CARTESIAN_POINT('',(-0.0596429368350799,0.0725111686696381,-9.8879238130678E-18));
#2976=CARTESIAN_POINT('',(-0.0451649368350799,0.0725111686696381,-9.8879238130678E-18));
#2977=CARTESIAN_POINT('',(-0.0596429368350799,0.0869891686696381,-0.00304));
#2978=CARTESIAN_POINT('',(-0.0596429368350799,0.0869891686696381,0.0055575));
#2979=CARTESIAN_POINT('',(-0.0596429368350799,0.101467168669638,0.0055575));
#2980=CARTESIAN_POINT('',(-0.0596429368350799,0.101467168669638,-0.00304));
#2981=CARTESIAN_POINT('',(-0.0596429368350799,0.101467168669638,-1.31838984174237E-17));
#2982=CARTESIAN_POINT('',(-0.0596429368350799,0.0869891686696381,-1.31838984174237E-17));
#2983=CARTESIAN_POINT('',(-0.0451649368350799,0.0869891686696381,-0.00304));
#2984=CARTESIAN_POINT('',(-0.0451649368350799,0.0869891686696381,0.0055575));
#2985=CARTESIAN_POINT('',(-0.0451649368350799,0.0869891686696381,-1.31838984174237E-17));
#2986=CARTESIAN_POINT('',(-0.016956791993086,0.066575827048249,0.0150575));
#2987=CARTESIAN_POINT('',(-0.0306869368350799,0.0732711686696381,0.0150575));
#2988=CARTESIAN_POINT('',(-0.0588829368350799,0.0732711686696381,0.0150575));
#2989=CARTESIAN_POINT('',(-0.0325217391424834,0.0732711686696381,0.0150575));
#2990=CARTESIAN_POINT('',(-0.0213915947570902,0.0621410242842448,0.0150575));
#2991=CARTESIAN_POINT('',(-0.0588829368350799,0.0996323663622345,0.0150575));
#2992=CARTESIAN_POINT('',(-0.0588829368350799,0.066575827048249,0.0150575));
#2993=CARTESIAN_POINT('',(-0.0451649368350799,0.0744111686696381,0.0150575));
#2994=CARTESIAN_POINT('',(-0.0577429368350799,0.0744111686696381,0.0150575));
#2995=CARTESIAN_POINT('',(-0.0352739426035888,0.0744111686696381,0.0150575));
#2996=CARTESIAN_POINT('',(-0.0577429368350799,0.0869891686696381,0.0150575));
#2997=CARTESIAN_POINT('',(-0.0577429368350799,0.0968801629011292,0.0150575));
#2998=CARTESIAN_POINT('',(-0.0465084397193344,0.0856456657853836,0.0150575));
#2999=CARTESIAN_POINT('',(-0.0451649368350799,0.0744111686696381,-0.00304));
#3000=CARTESIAN_POINT('',(-0.0352739426035888,0.0744111686696381,-0.00304));
#3001=CARTESIAN_POINT('',(-0.0577429368350799,0.0744111686696381,-0.00304));
#3002=CARTESIAN_POINT('',(-0.0577429368350799,0.0869891686696381,-0.00304));
#3003=CARTESIAN_POINT('',(-0.0577429368350799,0.0968801629011292,-0.00304));
#3004=CARTESIAN_POINT('',(-0.0465084397193344,0.0856456657853836,-0.00304));
#3005=CARTESIAN_POINT('',(-0.0583604368350799,0.0983709397758945,-1.31838984174237E-17));
#3006=CARTESIAN_POINT('',(-0.0643929368350799,0.0983709397758945,-1.31838984174237E-17));
#3007=CARTESIAN_POINT('',(-0.0643929368350799,0.0983709397758945,-1.31838984174237E-17));
#3008=CARTESIAN_POINT('',(-0.0583604368350799,0.0983709397758945,-1.31838984174237E-17));
#3009=CARTESIAN_POINT('',(-0.0540948151775721,0.102636561433402,-1.31838984174237E-17));
#3010=CARTESIAN_POINT('',(-0.0540948151775721,0.102636561433402,-1.31838984174237E-17));
#3011=CARTESIAN_POINT('',(-0.032150366716715,0.0806921129725454,-9.8879238130678E-18));
#3012=CARTESIAN_POINT('',(-0.0347831893621145,0.0833249356179448,-0.002565));
#3013=CARTESIAN_POINT('',(-0.0347831893621145,0.0833249356179448,-0.002565));
#3014=CARTESIAN_POINT('',(-0.0366831893621145,0.0852249356179448,-0.002565));
#3015=CARTESIAN_POINT('',(-0.0385831893621145,0.0871249356179448,-0.002565));
#3016=CARTESIAN_POINT('',(-0.0385831893621145,0.0871249356179448,-0.002565));
#3017=CARTESIAN_POINT('',(-0.032150366716715,0.0806921129725454,-9.8879238130678E-18));
#3018=CARTESIAN_POINT('',(-0.0295175440713156,0.0780592903271459,-9.8879238130678E-18));
#3019=CARTESIAN_POINT('',(-0.0295175440713156,0.0780592903271459,-9.8879238130678E-18));
#3020=CARTESIAN_POINT('',(-0.0337831657288234,0.0737936686696381,-9.8879238130678E-18));
#3021=CARTESIAN_POINT('',(-0.0337831657288234,0.0737936686696381,-9.8879238130678E-18));
#3022=CARTESIAN_POINT('',(-0.0337831657288234,0.0677611686696381,-9.8879238130678E-18));
#3023=CARTESIAN_POINT('',(-0.0337831657288234,0.0677611686696381,-9.8879238130678E-18));
#3024=CARTESIAN_POINT('',(-0.0339662508186842,0.0677611686696381,-9.8879238130678E-18));
#3025=CARTESIAN_POINT('',(-0.0496049212291837,0.0677611686696381,-0.002565));
#3026=CARTESIAN_POINT('',(-0.0496049212291837,0.0677611686696381,-0.002565));
#3027=CARTESIAN_POINT('',(-0.0477049212291837,0.0677611686696381,-0.002565));
#3028=CARTESIAN_POINT('',(-0.0458049212291837,0.0677611686696381,-0.002565));
#3029=CARTESIAN_POINT('',(-0.0458049212291837,0.0677611686696381,-0.002565));
#3030=CARTESIAN_POINT('',(-0.039586236353799,0.0677611686696381,-0.002565));
#3031=CARTESIAN_POINT('',(-0.039586236353799,0.0677611686696381,-0.002565));
#3032=CARTESIAN_POINT('',(-0.036867786131172,0.0677611686696381,-0.002565));
#3033=CARTESIAN_POINT('',(-0.034149335908545,0.0677611686696381,-0.002565));
#3034=CARTESIAN_POINT('',(-0.034149335908545,0.0677611686696381,-0.002565));
#3035=CARTESIAN_POINT('',(-0.0339662508186842,0.0677611686696381,-9.8879238130678E-18));
#3036=CARTESIAN_POINT('',(-0.0583604368350799,0.0677611686696381,-9.8879238130678E-18));
#3037=CARTESIAN_POINT('',(-0.0583604368350799,0.0677611686696381,-9.8879238130678E-18));
#3038=CARTESIAN_POINT('',(-0.0583604368350799,0.0737936686696381,-9.8879238130678E-18));
#3039=CARTESIAN_POINT('',(-0.0583604368350799,0.0737936686696381,-9.8879238130678E-18));
#3040=CARTESIAN_POINT('',(-0.0643929368350799,0.0737936686696381,-9.8879238130678E-18));
#3041=CARTESIAN_POINT('',(-0.0643929368350799,0.0737936686696381,-9.8879238130678E-18));
#3042=CARTESIAN_POINT('',(-0.0643929368350799,0.0860823042227663,-1.31838984174237E-17));
#3043=CARTESIAN_POINT('',(-0.0643929368350799,0.0860823042227663,-1.31838984174237E-17));
#3044=CARTESIAN_POINT('',(-0.0172219565384227,0.0663106625029123,-9.8879238130678E-18));
#3045=CARTESIAN_POINT('',(-0.0190544016187259,0.0925877396544276,-0.00304));
#3046=CARTESIAN_POINT('',(-0.0254327125989857,0.0865991246733902,-0.00304));
#3047=CARTESIAN_POINT('',(-0.0254327125989857,0.0865991246733902,-1.31838984174237E-17));
#3048=CARTESIAN_POINT('',(-0.0254327125989857,0.0865991246733902,0.0055575));
#3049=CARTESIAN_POINT('',(0.000954407760619222,0.111374069761679,0.0055575));
#3050=CARTESIAN_POINT('',(0.000954407760619224,0.111374069761679,0.0055575));
#3051=CARTESIAN_POINT('',(0.000954407760619224,0.111374069761679,-0.00304));
#3052=CARTESIAN_POINT('',(0.000954407760619219,0.111374069761679,-1.31838984174237E-17));
#3053=CARTESIAN_POINT('',(-0.0122391524191832,0.0989865972175346,-1.31838984174237E-17));
#3054=CARTESIAN_POINT('',(0.00729245307985216,0.104623590029545,-0.00304));
#3055=CARTESIAN_POINT('',(0.00729245307985216,0.104623590029545,0.0055575));
#3056=CARTESIAN_POINT('',(0.025729352848908,0.084986949402074,0.0055575));
#3057=CARTESIAN_POINT('',(0.025729352848908,0.084986949402074,-0.00304));
#3058=CARTESIAN_POINT('',(0.025729352848908,0.084986949402074,-9.8879238130678E-18));
#3059=CARTESIAN_POINT('',(0.0133418803047636,0.0981805095818764,-1.31838984174237E-17));
#3060=CARTESIAN_POINT('',(0.0179187652224649,0.0776535656559405,-0.00304));
#3061=CARTESIAN_POINT('',(0.0179187652224649,0.0776535656559405,0.0055575));
#3062=CARTESIAN_POINT('',(0.0101081775960218,0.070320181909807,0.0055575));
#3063=CARTESIAN_POINT('',(0.0101081775960218,0.070320181909807,-0.00304));
#3064=CARTESIAN_POINT('',(0.0101081775960218,0.070320181909807,-9.8879238130678E-18));
#3065=CARTESIAN_POINT('',(0.0179187652224649,0.0776535656559405,-9.8879238130678E-18));
#3066=CARTESIAN_POINT('',(0.0050540887980109,0.0757031544631665,-0.00304));
#3067=CARTESIAN_POINT('',(0.0050540887980109,0.0757031544631665,0.0055575));
#3068=CARTESIAN_POINT('',(-8.23993651088983E-19,0.0810861270165259,0.0055575));
#3069=CARTESIAN_POINT('',(-8.23993651088983E-19,0.0810861270165259,-0.00304));
#3070=CARTESIAN_POINT('',(2.47198095326695E-18,0.0810861270165259,-9.8879238130678E-18));
#3071=CARTESIAN_POINT('',(0.0050540887980109,0.0757031544631665,-9.8879238130678E-18));
#3072=CARTESIAN_POINT('',(-0.00538297255335941,0.076032038218515,-0.00304));
#3073=CARTESIAN_POINT('',(-0.0107659451067188,0.0709779494205041,0.0055575));
#3074=CARTESIAN_POINT('',(-0.0107659451067188,0.0709779494205041,0.0055575));
#3075=CARTESIAN_POINT('',(-0.0107659451067188,0.0709779494205041,-0.00304));
#3076=CARTESIAN_POINT('',(-0.0107659451067188,0.0709779494205041,-9.8879238130678E-18));
#3077=CARTESIAN_POINT('',(-0.00538297255335941,0.076032038218515,-9.8879238130678E-18));
#3078=CARTESIAN_POINT('',(-0.0180993288528523,0.0787885370469471,-0.00304));
#3079=CARTESIAN_POINT('',(-0.0254327125989857,0.0865991246733902,0.0055575));
#3080=CARTESIAN_POINT('',(-0.0180993288528523,0.0787885370469471,-9.8879238130678E-18));
#3081=CARTESIAN_POINT('',(-0.016956791993086,0.066575827048249,0.0150575));
#3082=CARTESIAN_POINT('',(-0.000520208820751476,0.0816401872865439,0.0150575));
#3083=CARTESIAN_POINT('',(-0.0107320936574523,0.0720522185112735,0.0150575));
#3084=CARTESIAN_POINT('',(3.38514492664826E-5,0.0821603961072953,0.0150575));
#3085=CARTESIAN_POINT('',(-0.000149781587166186,0.0823559786612457,0.0150575));
#3086=CARTESIAN_POINT('',(0.0101420290452883,0.0713944510005765,0.0150575));
#3087=CARTESIAN_POINT('',(-0.00666498136063151,0.0556142993875797,0.0150575));
#3088=CARTESIAN_POINT('',(0.0246550837581385,0.0850208008513405,0.0150575));
#3089=CARTESIAN_POINT('',(0.014363273125684,0.0959823285120097,0.0150575));
#3090=CARTESIAN_POINT('',(0.000920556311352742,0.110299800670909,0.0150575));
#3091=CARTESIAN_POINT('',(-0.0249125037782343,0.0860450644033722,0.0150575));
#3092=CARTESIAN_POINT('',(-0.0243584435082163,0.0865652732241237,0.0150575));
#3093=CARTESIAN_POINT('',(-0.0102118848367009,0.0714981582412556,0.0150575));
#3094=CARTESIAN_POINT('',(-0.0177538795668472,0.0912025889793828,0.0150575));
#3095=CARTESIAN_POINT('',(0.000869779137453011,0.108688397034755,0.0150575));
#3096=CARTESIAN_POINT('',(-0.0227470398720622,0.086514496050224,0.0150575));
#3097=CARTESIAN_POINT('',(0.00590730240480728,0.103323067977666,0.0150575));
#3098=CARTESIAN_POINT('',(0.0230436801219844,0.0850715780252402,0.0150575));
#3099=CARTESIAN_POINT('',(0.0166182431705862,0.0790387163309854,0.0150575));
#3100=CARTESIAN_POINT('',(0.010192806219188,0.0730058546367306,0.0150575));
#3101=CARTESIAN_POINT('',(0.00643923947305578,0.0770036765150451,0.0150575));
#3102=CARTESIAN_POINT('',(8.4628623166207E-5,0.0837717997434495,0.0150575));
#3103=CARTESIAN_POINT('',(-0.00668349460523808,0.0774171888935599,0.0150575));
#3104=CARTESIAN_POINT('',(-0.0106813164835526,0.0736636221474277,0.0150575));
#3105=CARTESIAN_POINT('',(-0.0167141781778074,0.0800890590988258,0.0150575));
#3106=CARTESIAN_POINT('',(-0.0177538795668472,0.0912025889793828,-0.00304));
#3107=CARTESIAN_POINT('',(-0.0227470398720622,0.086514496050224,-0.00304));
#3108=CARTESIAN_POINT('',(0.00086977913745301,0.108688397034755,-0.00304));
#3109=CARTESIAN_POINT('',(0.00590730240480728,0.103323067977666,-0.00304));
#3110=CARTESIAN_POINT('',(0.0230436801219844,0.0850715780252402,-0.00304));
#3111=CARTESIAN_POINT('',(0.0166182431705862,0.0790387163309854,-0.00304));
#3112=CARTESIAN_POINT('',(0.010192806219188,0.0730058546367306,-0.00304));
#3113=CARTESIAN_POINT('',(0.00643923947305578,0.0770036765150451,-0.00304));
#3114=CARTESIAN_POINT('',(8.46286231662059E-5,0.0837717997434494,-0.00304));
#3115=CARTESIAN_POINT('',(-0.00668349460523808,0.0774171888935599,-0.00304));
#3116=CARTESIAN_POINT('',(-0.0106813164835526,0.0736636221474277,-0.00304));
#3117=CARTESIAN_POINT('',(-0.0167141781778074,0.0800890590988258,-0.00304));
#3118=CARTESIAN_POINT('',(0.010165301916659,0.0721330110004805,-9.8879238130678E-18));
#3119=CARTESIAN_POINT('',(0.00820761127397418,0.0664270050771095,-0.002565));
#3120=CARTESIAN_POINT('',(0.00820761127397418,0.0664270050771095,-0.002565));
#3121=CARTESIAN_POINT('',(0.010165301916659,0.0721330110004805,-0.002565));
#3122=CARTESIAN_POINT('',(0.0120076112739742,0.0663887136124661,-0.002565));
#3123=CARTESIAN_POINT('',(0.0120076112739742,0.0663887136124661,-0.002565));
#3124=CARTESIAN_POINT('',(0.0142944594313738,0.067735157607213,-9.8879238130678E-18));
#3125=CARTESIAN_POINT('',(0.0142944594313738,0.067735157607213,-9.8879238130678E-18));
#3126=CARTESIAN_POINT('',(0.010165301916659,0.0721330110004805,-9.8879238130678E-18));
#3127=CARTESIAN_POINT('',(0.00576744852339149,0.0680038534857657,-9.8879238130678E-18));
#3128=CARTESIAN_POINT('',(0.00576744852339149,0.0680038534857657,-9.8879238130678E-18));
#3129=CARTESIAN_POINT('',(0.00277793848273799,0.0711878993424913,-9.8879238130678E-18));
#3130=CARTESIAN_POINT('',(0.00277793848273799,0.0711878993424913,-9.8879238130678E-18));
#3131=CARTESIAN_POINT('',(-0.000211571557915519,0.074371945199217,-9.8879238130678E-18));
#3132=CARTESIAN_POINT('',(-0.000211571557915519,0.074371945199217,-9.8879238130678E-18));
#3133=CARTESIAN_POINT('',(-0.00339561741464118,0.0713824351585635,-9.8879238130678E-18));
#3134=CARTESIAN_POINT('',(-0.00339561741464118,0.0713824351585635,-9.8879238130678E-18));
#3135=CARTESIAN_POINT('',(-0.00657966327136684,0.06839292511791,-9.8879238130678E-18));
#3136=CARTESIAN_POINT('',(-0.00657966327136684,0.06839292511791,-9.8879238130678E-18));
#3137=CARTESIAN_POINT('',(-0.0107088207860816,0.0727907785111775,-9.8879238130678E-18));
#3138=CARTESIAN_POINT('',(-0.0121613064780831,0.0669357514775481,-0.002565));
#3139=CARTESIAN_POINT('',(-0.0121613064780831,0.0669357514775481,-0.002565));
#3140=CARTESIAN_POINT('',(-0.0107088207860816,0.0727907785111775,-0.002565));
#3141=CARTESIAN_POINT('',(-0.00836130647808313,0.0672337799666624,-0.002565));
#3142=CARTESIAN_POINT('',(-0.00836130647808313,0.0672337799666624,-0.002565));
#3143=CARTESIAN_POINT('',(-0.0107088207860816,0.0727907785111775,-9.8879238130678E-18));
#3144=CARTESIAN_POINT('',(-0.0151066741793492,0.0686616209964627,-9.8879238130678E-18));
#3145=CARTESIAN_POINT('',(-0.0151066741793492,0.0686616209964627,-9.8879238130678E-18));
#3146=CARTESIAN_POINT('',(-0.0160172618839163,0.0696314632008657,-9.8879238130678E-18));
#3147=CARTESIAN_POINT('',(-0.0195362167399298,0.0733794063343316,-0.002565));
#3148=CARTESIAN_POINT('',(-0.0195362167399298,0.0733794063343316,-0.002565));
#3149=CARTESIAN_POINT('',(-0.0182320331642066,0.0719903558698002,-0.002565));
#3150=CARTESIAN_POINT('',(-0.0169278495884835,0.0706013054052688,-0.002565));
#3151=CARTESIAN_POINT('',(-0.0169278495884835,0.0706013054052688,-0.002565));
#3152=CARTESIAN_POINT('',(-0.0160172618839163,0.0696314632008657,-9.8879238130678E-18));
#3153=CARTESIAN_POINT('',(-0.0280177369015799,0.0824128428380382,-9.8879238130678E-18));
#3154=CARTESIAN_POINT('',(-0.0280177369015799,0.0824128428380382,-9.8879238130678E-18));
#3155=CARTESIAN_POINT('',(-0.0236198835083123,0.086542000352753,-1.31838984174237E-17));
#3156=CARTESIAN_POINT('',(-0.0296241522170392,0.0871249356179448,-0.002565));
#3157=CARTESIAN_POINT('',(-0.0296241522170392,0.0871249356179448,-0.002565));
#3158=CARTESIAN_POINT('',(-0.0236198835083124,0.086542000352753,-0.002565));
#3159=CARTESIAN_POINT('',(-0.028722975780852,0.0833249356179448,-0.002565));
#3160=CARTESIAN_POINT('',(-0.028722975780852,0.0833249356179448,-0.002565));
#3161=CARTESIAN_POINT('',(-0.0236198835083123,0.086542000352753,-1.31838984174237E-17));
#3162=CARTESIAN_POINT('',(-0.0277490410230271,0.0909398537460205,-1.31838984174237E-17));
#3163=CARTESIAN_POINT('',(-0.0277490410230271,0.0909398537460205,-1.31838984174237E-17));
#3164=CARTESIAN_POINT('',(-0.01549045754888,0.102449473905147,-1.31838984174237E-17));
#3165=CARTESIAN_POINT('',(-0.01549045754888,0.102449473905147,-1.31838984174237E-17));
#3166=CARTESIAN_POINT('',(-0.00323187407473276,0.113959094064273,-1.64798730217796E-17));
#3167=CARTESIAN_POINT('',(-0.00323187407473276,0.113959094064273,-1.64798730217796E-17));
#3168=CARTESIAN_POINT('',(0.000897283439982034,0.109561240671006,-1.31838984174237E-17));
#3169=CARTESIAN_POINT('',(0.000897283439982034,0.109561240671006,-1.31838984174237E-17));
#3170=CARTESIAN_POINT('',(0.00529513683324953,0.11369039818572,-1.64798730217796E-17));
#3171=CARTESIAN_POINT('',(0.00529513683324953,0.11369039818572,-1.64798730217796E-17));
#3172=CARTESIAN_POINT('',(0.0168047569923758,0.101431814711573,-1.31838984174237E-17));
#3173=CARTESIAN_POINT('',(0.0168047569923758,0.101431814711573,-1.31838984174237E-17));
#3174=CARTESIAN_POINT('',(0.028314377151502,0.089173231237426,-1.31838984174237E-17));
#3175=CARTESIAN_POINT('',(0.028314377151502,0.089173231237426,-1.31838984174237E-17));
#3176=CARTESIAN_POINT('',(0.0239165237582346,0.0850440737227112,-9.8879238130678E-18));
#3177=CARTESIAN_POINT('',(0.0239165237582346,0.0850440737227112,-9.8879238130678E-18));
#3178=CARTESIAN_POINT('',(0.0280456812729494,0.0806462203294437,-9.8879238130678E-18));
#3179=CARTESIAN_POINT('',(0.0280456812729494,0.0806462203294437,-9.8879238130678E-18));
#3180=CARTESIAN_POINT('',(0.0211700703521615,0.0741906889683283,-9.8879238130678E-18));
#3181=CARTESIAN_POINT('',(0.0211700703521615,0.0741906889683283,-9.8879238130678E-18));
#3182=CARTESIAN_POINT('',(-0.0172219565384227,0.0663106625029123,-9.8879238130678E-18));
#3183=CARTESIAN_POINT('',(-0.033833799723831,0.05778205809893,-0.002565));
#3184=CARTESIAN_POINT('',(-0.033833799723831,0.05778205809893,-0.002565));
#3185=CARTESIAN_POINT('',(-0.0317268634111502,0.0600805318630409,-0.002565));
#3186=CARTESIAN_POINT('',(-0.0317268634111502,0.0600805318630409,-0.002565));
#3187=CARTESIAN_POINT('',(-0.0356565498824746,0.0639208502663395,-0.002565));
#3188=CARTESIAN_POINT('',(-0.0356565498824746,0.0639208502663395,-0.002565));
#3189=CARTESIAN_POINT('',(-0.0316535666532121,0.0653221576514354,-0.002565));
#3190=CARTESIAN_POINT('',(-0.0316535666532121,0.0653221576514354,-0.002565));
#3191=CARTESIAN_POINT('',(-0.0291577973978791,0.0628831466332327,-0.002565));
#3192=CARTESIAN_POINT('',(-0.0291577973978791,0.0628831466332327,-0.002565));
#3193=CARTESIAN_POINT('',(-0.0243470070689045,0.0681312764837822,-0.002565));
#3194=CARTESIAN_POINT('',(-0.0243470070689045,0.0681312764837822,-0.002565));
#3195=CARTESIAN_POINT('',(-0.0216832641249323,0.0654135854520291,-0.002565));
#3196=CARTESIAN_POINT('',(-0.0216832641249323,0.0654135854520291,-0.002565));
#3197=CARTESIAN_POINT('',(-0.0264386786613812,0.0602258654987895,-0.002565));
#3198=CARTESIAN_POINT('',(-0.0264386786613812,0.0602258654987895,-0.002565));
#3199=CARTESIAN_POINT('',(-0.0204427330826661,0.0543662783996293,-0.002565));
#3200=CARTESIAN_POINT('',(-0.0204427330826661,0.0543662783996293,-0.002565));
#3201=CARTESIAN_POINT('',(-0.0228126403780807,0.0513690341354708,-0.002565));
#3202=CARTESIAN_POINT('',(-0.0228126403780807,0.0513690341354708,-0.002565));
#3203=CARTESIAN_POINT('',(-0.0290077446746523,0.0574232507285976,-0.002565));
#3204=CARTESIAN_POINT('',(-0.0290077446746523,0.0574232507285976,-0.002565));
#3205=CARTESIAN_POINT('',(-0.0299424590020063,0.0564035633534115,-0.002565));
#3206=CARTESIAN_POINT('',(-0.0299424590020063,0.0564035633534115,-0.002565));
#3207=CARTESIAN_POINT('',(-0.0172219565384227,0.0663106625029123,-0.002565));
#3208=CARTESIAN_POINT('',(-0.00836130647808314,0.060255931237119,-0.002565));
#3209=CARTESIAN_POINT('',(-0.00836130647808314,0.060255931237119,-0.002565));
#3210=CARTESIAN_POINT('',(-0.0121613064780831,0.058864133113647,-0.002565));
#3211=CARTESIAN_POINT('',(-0.0121613064780831,0.058864133113647,-0.002565));
#3212=CARTESIAN_POINT('',(-0.0172219565384227,0.0663106625029123,-0.002565));
#3213=CARTESIAN_POINT('',(0.0120076112739742,0.058654620211457,-0.002565));
#3214=CARTESIAN_POINT('',(0.0120076112739742,0.058654620211457,-0.002565));
#3215=CARTESIAN_POINT('',(0.00820761127397418,0.05989006375895,-0.002565));
#3216=CARTESIAN_POINT('',(0.00820761127397418,0.05989006375895,-0.002565));
#3217=CARTESIAN_POINT('',(-0.0172219565384227,0.0663106625029123,-0.002565));
#3218=CARTESIAN_POINT('',(-0.0317530825714832,0.0833249356179448,-0.002565));
#3219=CARTESIAN_POINT('',(-0.0317530825714832,0.0833249356179448,-0.002565));
#3220=CARTESIAN_POINT('',(-0.0341036707895768,0.0871249356179448,-0.002565));
#3221=CARTESIAN_POINT('',(-0.0341036707895768,0.0871249356179448,-0.002565));
#3222=CARTESIAN_POINT('',(-0.0172219565384227,0.0663106625029123,-0.002565));
#3223=CARTESIAN_POINT('',(-0.0496049212291837,0.0616223765022285,-0.002565));
#3224=CARTESIAN_POINT('',(-0.0496049212291837,0.0616223765022285,-0.002565));
#3225=CARTESIAN_POINT('',(-0.0458049212291837,0.0616223765022285,-0.002565));
#3226=CARTESIAN_POINT('',(-0.0458049212291837,0.0616223765022285,-0.002565));
#3227=CARTESIAN_POINT('',(-0.0172219565384227,0.0663106625029123,-0.002565));
#3228=CARTESIAN_POINT('',(-0.0219744540217592,0.0306798066725105,-0.002565));
#3229=CARTESIAN_POINT('',(-0.0219744540217592,0.0306798066725105,-0.002565));
#3230=CARTESIAN_POINT('',(-0.0223634930139043,0.0344798066725105,-0.002565));
#3231=CARTESIAN_POINT('',(-0.0223634930139043,0.0344798066725105,-0.002565));
#3232=CARTESIAN_POINT('',(-0.0172219565384227,0.0663106625029123,-0.002565));
#3233=CARTESIAN_POINT('',(-0.0596429368350799,0.0869891686696381,0.0055575));
#3234=CARTESIAN_POINT('',(-0.0594286044762738,0.100949724582153,0.00823665448507639));
#3235=CARTESIAN_POINT('',(-0.0595514486834212,0.0726026568212968,0.00670110189573458));
#3236=CARTESIAN_POINT('',(-0.016956791993086,0.0732711686696381,0.0150575));
#3237=CARTESIAN_POINT('',(-0.0319654475362897,0.0730407451417183,0.0121772059010025));
#3238=CARTESIAN_POINT('',(-0.0451649368350799,0.0869891686696381,0.0055575));
#3239=CARTESIAN_POINT('',(0.,0.0363475490213987,0.0055575));
#3240=CARTESIAN_POINT('',(-0.0596429368350799,0.036255584334819,0.0055575));
#3241=CARTESIAN_POINT('',(-0.0595514486834212,0.0506420961831603,0.00670110189573458));
#3242=CARTESIAN_POINT('',(-0.0595514486834212,0.0218690724864778,0.00670110189573459));
#3243=CARTESIAN_POINT('',(-0.016956791993086,0.022537584334819,0.0150575));
#3244=CARTESIAN_POINT('',(-0.031355371938764,0.0224460194385031,0.013912938796051));
#3245=CARTESIAN_POINT('',(-0.0451649368350799,0.050733584334819,0.0055575));
#3246=CARTESIAN_POINT('',(-0.0307784249867387,0.0506420961831603,0.00670110189573458));
#3247=CARTESIAN_POINT('',(-0.0314469368350799,0.066575827048249,0.0150575));
#3248=CARTESIAN_POINT('',(-0.0303995088074172,0.0808932992071487,0.0150575));
#3249=CARTESIAN_POINT('',(-0.0244324595544481,0.0865676055545011,0.0144029596755659));
#3250=CARTESIAN_POINT('',(0.00095180154000057,0.11129136186246,0.00628890430952486));
#3251=CARTESIAN_POINT('',(0.00729245307985216,0.104623590029545,0.0055575));
#3252=CARTESIAN_POINT('',(0.0256336563473435,0.0849899649084266,0.00640376540284359));
#3253=CARTESIAN_POINT('',(-0.010915726693885,0.0722478010652239,0.0150575));
#3254=CARTESIAN_POINT('',(-0.0107320181470731,0.0720546148183218,0.0150786910750797));
#3255=CARTESIAN_POINT('',(0.0179187652224649,0.0776535656559405,0.0055575));
#3256=CARTESIAN_POINT('',(0.0101111931023745,0.0704158784113715,0.00640376540284359));
#3257=CARTESIAN_POINT('',(-0.0167731589566533,0.0663802444942986,0.0150575));
#3258=CARTESIAN_POINT('',(-2.07825437818936E-6,0.0810201740222044,0.00497426303317534));
#3259=CARTESIAN_POINT('',(0.0050540887980109,0.0757031544631665,0.0055575));
#3260=MECHANICAL_DESIGN_GEOMETRIC_PRESENTATION_REPRESENTATION('',(#2004),
#3261);
#3261=(
GEOMETRIC_REPRESENTATION_CONTEXT(3)
GLOBAL_UNCERTAINTY_ASSIGNED_CONTEXT((#3262))
GLOBAL_UNIT_ASSIGNED_CONTEXT((#3265,#3264,#3263))
REPRESENTATION_CONTEXT('Part 1','TOP_LEVEL_ASSEMBLY_PART')
);
#3262=UNCERTAINTY_MEASURE_WITH_UNIT(LENGTH_MEASURE(1.E-8),#3265,
'DISTANCE_ACCURACY_VALUE','Maximum Tolerance applied to model');
#3263=(
NAMED_UNIT(*)
SI_UNIT($,.STERADIAN.)
SOLID_ANGLE_UNIT()
);
#3264=(
NAMED_UNIT(*)
PLANE_ANGLE_UNIT()
SI_UNIT($,.RADIAN.)
);
#3265=(
LENGTH_UNIT()
NAMED_UNIT(*)
SI_UNIT($,.METRE.)
);
#3266=PRODUCT_DEFINITION_SHAPE('','',#3267);
#3267=PRODUCT_DEFINITION('','',#3269,#3268);
#3268=PRODUCT_DEFINITION_CONTEXT('',#3275,'design');
#3269=PRODUCT_DEFINITION_FORMATION_WITH_SPECIFIED_SOURCE('','',#3271,
 .NOT_KNOWN.);
#3270=PRODUCT_RELATED_PRODUCT_CATEGORY('','',(#3271));
#3271=PRODUCT('Part 1','Part 1','Part 1',(#3273));
#3272=PRODUCT_CATEGORY('','');
#3273=PRODUCT_CONTEXT('',#3275,'mechanical');
#3274=APPLICATION_PROTOCOL_DEFINITION('international standard',
'ap242_managed_model_based_3d_engineering',2020,#3275);
#3275=APPLICATION_CONTEXT('managed model based 3d engineering');
ENDSEC;
END-ISO-10303-21;
