ISO-10303-21;
HEADER;
/* Generated by software containing ST-Developer
 * from STEP Tools, Inc. (www.steptools.com) 
 */
/* OPTION: using custom renumber hook */

FILE_DESCRIPTION(
/* description */ ('STEP AP242 Edition 2',
'CAx-IF Rec.Pracs.---Representation and Presentation of Product Manufa
cturing Information (PMI)---4.0---2014-10-13',
'CAx-IF Rec.Pracs.---3D Tessellated Geometry---0.4---2014-09-14','2;1',
'CAx-IF Rec.Pracs.---User Defined Attributes---1.5---2016-08-15'),
/* implementation_level */ '2;1');

FILE_NAME(
/* name */ 'Cookie Cutter 3',
/* time_stamp */ '2026-08-13T19:50:40Z',
/* author */ (''),
/* organization */ (''),
/* preprocessor_version */ 'ST-DEVELOPER v20',
/* originating_system */ 'ONSHAPE BY PTC INC, 1.219',
/* authorisation */ '  ');

FILE_SCHEMA (('AP242_MANAGED_MODEL_BASED_3D_ENGINEERING_MIM_LF { 1 0 10303 442 3 1 4 }'));
ENDSEC;

DATA;
#10=SHAPE_REPRESENTATION_RELATIONSHIP('','',#10091,#11);
#11=ADVANCED_BREP_SHAPE_REPRESENTATION('',(#10089),#17259);
#12=CONICAL_SURFACE('',#10508,0.008636,0.079829985712237);
#13=CONICAL_SURFACE('',#10511,0.008636,0.0798299857122372);
#14=CONICAL_SURFACE('',#10512,0.008636,0.0798299857122372);
#15=CONICAL_SURFACE('',#10514,0.0121309783003847,0.0798299857122375);
#16=CONICAL_SURFACE('',#10515,0.0121309783003847,0.079829985712237);
#17=CONICAL_SURFACE('',#10516,0.0121309783003847,0.0798299857122372);
#18=B_SPLINE_SURFACE_WITH_KNOTS('',3,1,((#13972,#13973),(#13974,#13975),
(#13976,#13977),(#13978,#13979)),.SURF_OF_LINEAR_EXTRUSION.,.F.,.F.,.F.,
(4,4),(2,2),(0.,1.),(0.,1.),.PIECEWISE_BEZIER_KNOTS.);
#19=B_SPLINE_SURFACE_WITH_KNOTS('',3,1,((#13987,#13988),(#13989,#13990),
(#13991,#13992),(#13993,#13994)),.SURF_OF_LINEAR_EXTRUSION.,.F.,.F.,.F.,
(4,4),(2,2),(0.,1.),(0.,1.),.PIECEWISE_BEZIER_KNOTS.);
#20=B_SPLINE_SURFACE_WITH_KNOTS('',3,1,((#14000,#14001),(#14002,#14003),
(#14004,#14005),(#14006,#14007)),.SURF_OF_LINEAR_EXTRUSION.,.F.,.F.,.F.,
(4,4),(2,2),(0.,1.),(0.,1.),.PIECEWISE_BEZIER_KNOTS.);
#21=B_SPLINE_SURFACE_WITH_KNOTS('',3,1,((#14013,#14014),(#14015,#14016),
(#14017,#14018),(#14019,#14020)),.SURF_OF_LINEAR_EXTRUSION.,.F.,.F.,.F.,
(4,4),(2,2),(0.,1.),(0.,1.),.PIECEWISE_BEZIER_KNOTS.);
#22=B_SPLINE_SURFACE_WITH_KNOTS('',3,1,((#14026,#14027),(#14028,#14029),
(#14030,#14031),(#14032,#14033)),.SURF_OF_LINEAR_EXTRUSION.,.F.,.F.,.F.,
(4,4),(2,2),(0.,1.),(0.,1.),.PIECEWISE_BEZIER_KNOTS.);
#23=B_SPLINE_SURFACE_WITH_KNOTS('',3,1,((#14043,#14044),(#14045,#14046),
(#14047,#14048),(#14049,#14050)),.SURF_OF_LINEAR_EXTRUSION.,.F.,.F.,.F.,
(4,4),(2,2),(0.,1.),(0.,1.),.PIECEWISE_BEZIER_KNOTS.);
#24=B_SPLINE_SURFACE_WITH_KNOTS('',3,1,((#14068,#14069),(#14070,#14071),
(#14072,#14073),(#14074,#14075)),.SURF_OF_LINEAR_EXTRUSION.,.F.,.F.,.F.,
(4,4),(2,2),(0.,1.),(0.,1.),.PIECEWISE_BEZIER_KNOTS.);
#25=B_SPLINE_SURFACE_WITH_KNOTS('',3,1,((#14081,#14082),(#14083,#14084),
(#14085,#14086),(#14087,#14088)),.SURF_OF_LINEAR_EXTRUSION.,.F.,.F.,.F.,
(4,4),(2,2),(0.,1.),(0.,1.),.PIECEWISE_BEZIER_KNOTS.);
#26=B_SPLINE_SURFACE_WITH_KNOTS('',3,1,((#14094,#14095),(#14096,#14097),
(#14098,#14099),(#14100,#14101)),.SURF_OF_LINEAR_EXTRUSION.,.F.,.F.,.F.,
(4,4),(2,2),(0.,1.),(0.,1.),.PIECEWISE_BEZIER_KNOTS.);
#27=B_SPLINE_SURFACE_WITH_KNOTS('',3,1,((#14107,#14108),(#14109,#14110),
(#14111,#14112),(#14113,#14114)),.SURF_OF_LINEAR_EXTRUSION.,.F.,.F.,.F.,
(4,4),(2,2),(0.,1.),(0.,1.),.PIECEWISE_BEZIER_KNOTS.);
#28=B_SPLINE_SURFACE_WITH_KNOTS('',3,1,((#14126,#14127),(#14128,#14129),
(#14130,#14131),(#14132,#14133)),.SURF_OF_LINEAR_EXTRUSION.,.F.,.F.,.F.,
(4,4),(2,2),(0.,1.),(0.,1.),.PIECEWISE_BEZIER_KNOTS.);
#29=B_SPLINE_SURFACE_WITH_KNOTS('',3,1,((#14187,#14188),(#14189,#14190),
(#14191,#14192),(#14193,#14194)),.SURF_OF_LINEAR_EXTRUSION.,.F.,.F.,.F.,
(4,4),(2,2),(0.,1.),(0.,1.),.PIECEWISE_BEZIER_KNOTS.);
#30=B_SPLINE_SURFACE_WITH_KNOTS('',3,1,((#14202,#14203),(#14204,#14205),
(#14206,#14207),(#14208,#14209)),.SURF_OF_LINEAR_EXTRUSION.,.F.,.F.,.F.,
(4,4),(2,2),(0.,1.),(0.,1.),.PIECEWISE_BEZIER_KNOTS.);
#31=B_SPLINE_SURFACE_WITH_KNOTS('',3,1,((#14215,#14216),(#14217,#14218),
(#14219,#14220),(#14221,#14222)),.SURF_OF_LINEAR_EXTRUSION.,.F.,.F.,.F.,
(4,4),(2,2),(0.,1.),(0.,1.),.PIECEWISE_BEZIER_KNOTS.);
#32=B_SPLINE_SURFACE_WITH_KNOTS('',3,1,((#14228,#14229),(#14230,#14231),
(#14232,#14233),(#14234,#14235)),.SURF_OF_LINEAR_EXTRUSION.,.F.,.F.,.F.,
(4,4),(2,2),(0.,1.),(0.,1.),.PIECEWISE_BEZIER_KNOTS.);
#33=B_SPLINE_SURFACE_WITH_KNOTS('',3,1,((#14241,#14242),(#14243,#14244),
(#14245,#14246),(#14247,#14248)),.SURF_OF_LINEAR_EXTRUSION.,.F.,.F.,.F.,
(4,4),(2,2),(0.,1.),(0.,1.),.PIECEWISE_BEZIER_KNOTS.);
#34=B_SPLINE_SURFACE_WITH_KNOTS('',3,1,((#14254,#14255),(#14256,#14257),
(#14258,#14259),(#14260,#14261)),.SURF_OF_LINEAR_EXTRUSION.,.F.,.F.,.F.,
(4,4),(2,2),(0.,1.),(0.,1.),.PIECEWISE_BEZIER_KNOTS.);
#35=B_SPLINE_SURFACE_WITH_KNOTS('',3,1,((#14271,#14272),(#14273,#14274),
(#14275,#14276),(#14277,#14278)),.SURF_OF_LINEAR_EXTRUSION.,.F.,.F.,.F.,
(4,4),(2,2),(0.,1.),(0.,1.),.PIECEWISE_BEZIER_KNOTS.);
#36=B_SPLINE_SURFACE_WITH_KNOTS('',3,1,((#14284,#14285),(#14286,#14287),
(#14288,#14289),(#14290,#14291)),.SURF_OF_LINEAR_EXTRUSION.,.F.,.F.,.F.,
(4,4),(2,2),(0.,1.),(0.,1.),.PIECEWISE_BEZIER_KNOTS.);
#37=B_SPLINE_SURFACE_WITH_KNOTS('',3,1,((#14297,#14298),(#14299,#14300),
(#14301,#14302),(#14303,#14304)),.SURF_OF_LINEAR_EXTRUSION.,.F.,.F.,.F.,
(4,4),(2,2),(0.,1.),(0.,1.),.PIECEWISE_BEZIER_KNOTS.);
#38=B_SPLINE_SURFACE_WITH_KNOTS('',3,1,((#14310,#14311),(#14312,#14313),
(#14314,#14315),(#14316,#14317)),.SURF_OF_LINEAR_EXTRUSION.,.F.,.F.,.F.,
(4,4),(2,2),(0.,1.),(0.,1.),.PIECEWISE_BEZIER_KNOTS.);
#39=B_SPLINE_SURFACE_WITH_KNOTS('',3,1,((#14323,#14324),(#14325,#14326),
(#14327,#14328),(#14329,#14330)),.SURF_OF_LINEAR_EXTRUSION.,.F.,.F.,.F.,
(4,4),(2,2),(0.,1.),(0.,1.),.PIECEWISE_BEZIER_KNOTS.);
#40=B_SPLINE_SURFACE_WITH_KNOTS('',3,1,((#14336,#14337),(#14338,#14339),
(#14340,#14341),(#14342,#14343)),.SURF_OF_LINEAR_EXTRUSION.,.F.,.F.,.F.,
(4,4),(2,2),(0.,1.),(0.,1.),.PIECEWISE_BEZIER_KNOTS.);
#41=B_SPLINE_SURFACE_WITH_KNOTS('',3,1,((#14349,#14350),(#14351,#14352),
(#14353,#14354),(#14355,#14356)),.SURF_OF_LINEAR_EXTRUSION.,.F.,.F.,.F.,
(4,4),(2,2),(0.,1.),(0.,1.),.PIECEWISE_BEZIER_KNOTS.);
#42=B_SPLINE_SURFACE_WITH_KNOTS('',3,1,((#14386,#14387),(#14388,#14389),
(#14390,#14391),(#14392,#14393)),.SURF_OF_LINEAR_EXTRUSION.,.F.,.F.,.F.,
(4,4),(2,2),(0.,1.),(0.,1.),.PIECEWISE_BEZIER_KNOTS.);
#43=B_SPLINE_SURFACE_WITH_KNOTS('',3,1,((#14399,#14400),(#14401,#14402),
(#14403,#14404),(#14405,#14406)),.SURF_OF_LINEAR_EXTRUSION.,.F.,.F.,.F.,
(4,4),(2,2),(0.,1.),(0.,1.),.PIECEWISE_BEZIER_KNOTS.);
#44=B_SPLINE_SURFACE_WITH_KNOTS('',3,1,((#14412,#14413),(#14414,#14415),
(#14416,#14417),(#14418,#14419)),.SURF_OF_LINEAR_EXTRUSION.,.F.,.F.,.F.,
(4,4),(2,2),(0.,1.),(0.,1.),.PIECEWISE_BEZIER_KNOTS.);
#45=B_SPLINE_SURFACE_WITH_KNOTS('',3,1,((#14425,#14426),(#14427,#14428),
(#14429,#14430),(#14431,#14432)),.SURF_OF_LINEAR_EXTRUSION.,.F.,.F.,.F.,
(4,4),(2,2),(0.,1.),(0.,1.),.PIECEWISE_BEZIER_KNOTS.);
#46=B_SPLINE_SURFACE_WITH_KNOTS('',3,1,((#14466,#14467),(#14468,#14469),
(#14470,#14471),(#14472,#14473)),.SURF_OF_LINEAR_EXTRUSION.,.F.,.F.,.F.,
(4,4),(2,2),(0.,1.),(0.,1.),.PIECEWISE_BEZIER_KNOTS.);
#47=B_SPLINE_SURFACE_WITH_KNOTS('',3,1,((#14479,#14480),(#14481,#14482),
(#14483,#14484),(#14485,#14486)),.SURF_OF_LINEAR_EXTRUSION.,.F.,.F.,.F.,
(4,4),(2,2),(0.,1.),(0.,1.),.PIECEWISE_BEZIER_KNOTS.);
#48=B_SPLINE_SURFACE_WITH_KNOTS('',3,1,((#14492,#14493),(#14494,#14495),
(#14496,#14497),(#14498,#14499)),.SURF_OF_LINEAR_EXTRUSION.,.F.,.F.,.F.,
(4,4),(2,2),(0.,1.),(0.,1.),.PIECEWISE_BEZIER_KNOTS.);
#49=B_SPLINE_SURFACE_WITH_KNOTS('',3,1,((#14505,#14506),(#14507,#14508),
(#14509,#14510),(#14511,#14512)),.SURF_OF_LINEAR_EXTRUSION.,.F.,.F.,.F.,
(4,4),(2,2),(0.,1.),(0.,1.),.PIECEWISE_BEZIER_KNOTS.);
#50=B_SPLINE_SURFACE_WITH_KNOTS('',3,1,((#14520,#14521),(#14522,#14523),
(#14524,#14525),(#14526,#14527)),.SURF_OF_LINEAR_EXTRUSION.,.F.,.F.,.F.,
(4,4),(2,2),(0.,1.),(0.,1.),.PIECEWISE_BEZIER_KNOTS.);
#51=B_SPLINE_SURFACE_WITH_KNOTS('',3,1,((#14533,#14534),(#14535,#14536),
(#14537,#14538),(#14539,#14540)),.SURF_OF_LINEAR_EXTRUSION.,.F.,.F.,.F.,
(4,4),(2,2),(0.,1.),(0.,1.),.PIECEWISE_BEZIER_KNOTS.);
#52=B_SPLINE_SURFACE_WITH_KNOTS('',3,1,((#14546,#14547),(#14548,#14549),
(#14550,#14551),(#14552,#14553)),.SURF_OF_LINEAR_EXTRUSION.,.F.,.F.,.F.,
(4,4),(2,2),(0.,1.),(0.,1.),.PIECEWISE_BEZIER_KNOTS.);
#53=B_SPLINE_SURFACE_WITH_KNOTS('',3,1,((#14559,#14560),(#14561,#14562),
(#14563,#14564),(#14565,#14566)),.SURF_OF_LINEAR_EXTRUSION.,.F.,.F.,.F.,
(4,4),(2,2),(0.,1.),(0.,1.),.PIECEWISE_BEZIER_KNOTS.);
#54=B_SPLINE_SURFACE_WITH_KNOTS('',3,1,((#14622,#14623),(#14624,#14625),
(#14626,#14627),(#14628,#14629)),.SURF_OF_LINEAR_EXTRUSION.,.F.,.F.,.F.,
(4,4),(2,2),(0.,1.),(0.,1.),.PIECEWISE_BEZIER_KNOTS.);
#55=B_SPLINE_SURFACE_WITH_KNOTS('',3,1,((#14635,#14636),(#14637,#14638),
(#14639,#14640),(#14641,#14642)),.SURF_OF_LINEAR_EXTRUSION.,.F.,.F.,.F.,
(4,4),(2,2),(0.,1.),(0.,1.),.PIECEWISE_BEZIER_KNOTS.);
#56=B_SPLINE_SURFACE_WITH_KNOTS('',3,1,((#14648,#14649),(#14650,#14651),
(#14652,#14653),(#14654,#14655)),.SURF_OF_LINEAR_EXTRUSION.,.F.,.F.,.F.,
(4,4),(2,2),(0.,1.),(0.,1.),.PIECEWISE_BEZIER_KNOTS.);
#57=B_SPLINE_SURFACE_WITH_KNOTS('',3,1,((#14661,#14662),(#14663,#14664),
(#14665,#14666),(#14667,#14668)),.SURF_OF_LINEAR_EXTRUSION.,.F.,.F.,.F.,
(4,4),(2,2),(0.,1.),(0.,1.),.PIECEWISE_BEZIER_KNOTS.);
#58=B_SPLINE_SURFACE_WITH_KNOTS('',3,1,((#14674,#14675),(#14676,#14677),
(#14678,#14679),(#14680,#14681)),.SURF_OF_LINEAR_EXTRUSION.,.F.,.F.,.F.,
(4,4),(2,2),(0.,1.),(0.,1.),.PIECEWISE_BEZIER_KNOTS.);
#59=B_SPLINE_SURFACE_WITH_KNOTS('',3,1,((#14695,#14696),(#14697,#14698),
(#14699,#14700),(#14701,#14702)),.SURF_OF_LINEAR_EXTRUSION.,.F.,.F.,.F.,
(4,4),(2,2),(0.,1.),(0.,1.),.PIECEWISE_BEZIER_KNOTS.);
#60=B_SPLINE_SURFACE_WITH_KNOTS('',3,1,((#14708,#14709),(#14710,#14711),
(#14712,#14713),(#14714,#14715)),.SURF_OF_LINEAR_EXTRUSION.,.F.,.F.,.F.,
(4,4),(2,2),(0.,1.),(0.,1.),.PIECEWISE_BEZIER_KNOTS.);
#61=B_SPLINE_SURFACE_WITH_KNOTS('',3,1,((#14721,#14722),(#14723,#14724),
(#14725,#14726),(#14727,#14728)),.SURF_OF_LINEAR_EXTRUSION.,.F.,.F.,.F.,
(4,4),(2,2),(0.,1.),(0.,1.),.PIECEWISE_BEZIER_KNOTS.);
#62=B_SPLINE_SURFACE_WITH_KNOTS('',3,1,((#14746,#14747),(#14748,#14749),
(#14750,#14751),(#14752,#14753)),.SURF_OF_LINEAR_EXTRUSION.,.F.,.F.,.F.,
(4,4),(2,2),(0.,1.),(0.,1.),.PIECEWISE_BEZIER_KNOTS.);
#63=B_SPLINE_SURFACE_WITH_KNOTS('',3,1,((#14759,#14760),(#14761,#14762),
(#14763,#14764),(#14765,#14766)),.SURF_OF_LINEAR_EXTRUSION.,.F.,.F.,.F.,
(4,4),(2,2),(0.,1.),(0.,1.),.PIECEWISE_BEZIER_KNOTS.);
#64=B_SPLINE_SURFACE_WITH_KNOTS('',3,1,((#14782,#14783),(#14784,#14785),
(#14786,#14787),(#14788,#14789)),.SURF_OF_LINEAR_EXTRUSION.,.F.,.F.,.F.,
(4,4),(2,2),(0.,1.),(0.,1.),.PIECEWISE_BEZIER_KNOTS.);
#65=B_SPLINE_SURFACE_WITH_KNOTS('',3,1,((#14795,#14796),(#14797,#14798),
(#14799,#14800),(#14801,#14802)),.SURF_OF_LINEAR_EXTRUSION.,.F.,.F.,.F.,
(4,4),(2,2),(0.,1.),(0.,1.),.PIECEWISE_BEZIER_KNOTS.);
#66=B_SPLINE_SURFACE_WITH_KNOTS('',3,1,((#14808,#14809),(#14810,#14811),
(#14812,#14813),(#14814,#14815)),.SURF_OF_LINEAR_EXTRUSION.,.F.,.F.,.F.,
(4,4),(2,2),(0.,1.),(0.,1.),.PIECEWISE_BEZIER_KNOTS.);
#67=B_SPLINE_SURFACE_WITH_KNOTS('',3,1,((#14821,#14822),(#14823,#14824),
(#14825,#14826),(#14827,#14828)),.SURF_OF_LINEAR_EXTRUSION.,.F.,.F.,.F.,
(4,4),(2,2),(0.,1.),(0.,1.),.PIECEWISE_BEZIER_KNOTS.);
#68=B_SPLINE_SURFACE_WITH_KNOTS('',3,1,((#14838,#14839),(#14840,#14841),
(#14842,#14843),(#14844,#14845)),.SURF_OF_LINEAR_EXTRUSION.,.F.,.F.,.F.,
(4,4),(2,2),(0.,1.),(0.,1.),.PIECEWISE_BEZIER_KNOTS.);
#69=B_SPLINE_SURFACE_WITH_KNOTS('',3,1,((#14851,#14852),(#14853,#14854),
(#14855,#14856),(#14857,#14858)),.SURF_OF_LINEAR_EXTRUSION.,.F.,.F.,.F.,
(4,4),(2,2),(0.,1.),(0.,1.),.PIECEWISE_BEZIER_KNOTS.);
#70=B_SPLINE_SURFACE_WITH_KNOTS('',3,1,((#14864,#14865),(#14866,#14867),
(#14868,#14869),(#14870,#14871)),.SURF_OF_LINEAR_EXTRUSION.,.F.,.F.,.F.,
(4,4),(2,2),(0.,1.),(0.,1.),.PIECEWISE_BEZIER_KNOTS.);
#71=B_SPLINE_SURFACE_WITH_KNOTS('',3,1,((#14891,#14892),(#14893,#14894),
(#14895,#14896),(#14897,#14898)),.SURF_OF_LINEAR_EXTRUSION.,.F.,.F.,.F.,
(4,4),(2,2),(0.,1.),(0.,1.),.PIECEWISE_BEZIER_KNOTS.);
#72=B_SPLINE_SURFACE_WITH_KNOTS('',3,1,((#14906,#14907),(#14908,#14909),
(#14910,#14911),(#14912,#14913)),.SURF_OF_LINEAR_EXTRUSION.,.F.,.F.,.F.,
(4,4),(2,2),(0.,1.),(0.,1.),.PIECEWISE_BEZIER_KNOTS.);
#73=B_SPLINE_SURFACE_WITH_KNOTS('',3,1,((#14919,#14920),(#14921,#14922),
(#14923,#14924),(#14925,#14926)),.SURF_OF_LINEAR_EXTRUSION.,.F.,.F.,.F.,
(4,4),(2,2),(0.,1.),(0.,1.),.PIECEWISE_BEZIER_KNOTS.);
#74=B_SPLINE_SURFACE_WITH_KNOTS('',3,1,((#14932,#14933),(#14934,#14935),
(#14936,#14937),(#14938,#14939)),.SURF_OF_LINEAR_EXTRUSION.,.F.,.F.,.F.,
(4,4),(2,2),(0.,1.),(0.,1.),.PIECEWISE_BEZIER_KNOTS.);
#75=B_SPLINE_SURFACE_WITH_KNOTS('',3,1,((#14945,#14946),(#14947,#14948),
(#14949,#14950),(#14951,#14952)),.SURF_OF_LINEAR_EXTRUSION.,.F.,.F.,.F.,
(4,4),(2,2),(0.,1.),(0.,1.),.PIECEWISE_BEZIER_KNOTS.);
#76=B_SPLINE_SURFACE_WITH_KNOTS('',3,1,((#14958,#14959),(#14960,#14961),
(#14962,#14963),(#14964,#14965)),.SURF_OF_LINEAR_EXTRUSION.,.F.,.F.,.F.,
(4,4),(2,2),(0.,1.),(0.,1.),.PIECEWISE_BEZIER_KNOTS.);
#77=B_SPLINE_SURFACE_WITH_KNOTS('',3,1,((#14981,#14982),(#14983,#14984),
(#14985,#14986),(#14987,#14988)),.SURF_OF_LINEAR_EXTRUSION.,.F.,.F.,.F.,
(4,4),(2,2),(0.,1.),(0.,1.),.PIECEWISE_BEZIER_KNOTS.);
#78=B_SPLINE_SURFACE_WITH_KNOTS('',3,1,((#14994,#14995),(#14996,#14997),
(#14998,#14999),(#15000,#15001)),.SURF_OF_LINEAR_EXTRUSION.,.F.,.F.,.F.,
(4,4),(2,2),(0.,1.),(0.,1.),.PIECEWISE_BEZIER_KNOTS.);
#79=B_SPLINE_SURFACE_WITH_KNOTS('',3,1,((#15007,#15008),(#15009,#15010),
(#15011,#15012),(#15013,#15014)),.SURF_OF_LINEAR_EXTRUSION.,.F.,.F.,.F.,
(4,4),(2,2),(0.,1.),(0.,1.),.PIECEWISE_BEZIER_KNOTS.);
#80=B_SPLINE_SURFACE_WITH_KNOTS('',3,1,((#15020,#15021),(#15022,#15023),
(#15024,#15025),(#15026,#15027)),.SURF_OF_LINEAR_EXTRUSION.,.F.,.F.,.F.,
(4,4),(2,2),(0.,1.),(0.,1.),.PIECEWISE_BEZIER_KNOTS.);
#81=B_SPLINE_SURFACE_WITH_KNOTS('',3,1,((#15033,#15034),(#15035,#15036),
(#15037,#15038),(#15039,#15040)),.SURF_OF_LINEAR_EXTRUSION.,.F.,.F.,.F.,
(4,4),(2,2),(0.,1.),(0.,1.),.PIECEWISE_BEZIER_KNOTS.);
#82=B_SPLINE_SURFACE_WITH_KNOTS('',3,1,((#15046,#15047),(#15048,#15049),
(#15050,#15051),(#15052,#15053)),.SURF_OF_LINEAR_EXTRUSION.,.F.,.F.,.F.,
(4,4),(2,2),(0.,1.),(0.,1.),.PIECEWISE_BEZIER_KNOTS.);
#83=B_SPLINE_SURFACE_WITH_KNOTS('',3,1,((#15097,#15098),(#15099,#15100),
(#15101,#15102),(#15103,#15104)),.SURF_OF_LINEAR_EXTRUSION.,.F.,.F.,.F.,
(4,4),(2,2),(0.,1.),(0.,1.),.PIECEWISE_BEZIER_KNOTS.);
#84=B_SPLINE_SURFACE_WITH_KNOTS('',3,1,((#15112,#15113),(#15114,#15115),
(#15116,#15117),(#15118,#15119)),.SURF_OF_LINEAR_EXTRUSION.,.F.,.F.,.F.,
(4,4),(2,2),(0.,1.),(0.,1.),.PIECEWISE_BEZIER_KNOTS.);
#85=B_SPLINE_SURFACE_WITH_KNOTS('',3,1,((#15133,#15134),(#15135,#15136),
(#15137,#15138),(#15139,#15140)),.SURF_OF_LINEAR_EXTRUSION.,.F.,.F.,.F.,
(4,4),(2,2),(0.,1.),(0.,1.),.PIECEWISE_BEZIER_KNOTS.);
#86=B_SPLINE_SURFACE_WITH_KNOTS('',3,1,((#15146,#15147),(#15148,#15149),
(#15150,#15151),(#15152,#15153)),.SURF_OF_LINEAR_EXTRUSION.,.F.,.F.,.F.,
(4,4),(2,2),(0.,1.),(0.,1.),.PIECEWISE_BEZIER_KNOTS.);
#87=B_SPLINE_SURFACE_WITH_KNOTS('',3,1,((#15187,#15188),(#15189,#15190),
(#15191,#15192),(#15193,#15194)),.SURF_OF_LINEAR_EXTRUSION.,.F.,.F.,.F.,
(4,4),(2,2),(0.,1.),(0.,1.),.PIECEWISE_BEZIER_KNOTS.);
#88=B_SPLINE_SURFACE_WITH_KNOTS('',3,1,((#15200,#15201),(#15202,#15203),
(#15204,#15205),(#15206,#15207)),.SURF_OF_LINEAR_EXTRUSION.,.F.,.F.,.F.,
(4,4),(2,2),(0.,1.),(0.,1.),.PIECEWISE_BEZIER_KNOTS.);
#89=B_SPLINE_SURFACE_WITH_KNOTS('',3,1,((#15213,#15214),(#15215,#15216),
(#15217,#15218),(#15219,#15220)),.SURF_OF_LINEAR_EXTRUSION.,.F.,.F.,.F.,
(4,4),(2,2),(0.,1.),(0.,1.),.PIECEWISE_BEZIER_KNOTS.);
#90=B_SPLINE_SURFACE_WITH_KNOTS('',3,1,((#15226,#15227),(#15228,#15229),
(#15230,#15231),(#15232,#15233)),.SURF_OF_LINEAR_EXTRUSION.,.F.,.F.,.F.,
(4,4),(2,2),(0.,1.),(0.,1.),.PIECEWISE_BEZIER_KNOTS.);
#91=B_SPLINE_SURFACE_WITH_KNOTS('',3,1,((#15267,#15268),(#15269,#15270),
(#15271,#15272),(#15273,#15274)),.SURF_OF_LINEAR_EXTRUSION.,.F.,.F.,.F.,
(4,4),(2,2),(0.,1.),(0.,1.),.PIECEWISE_BEZIER_KNOTS.);
#92=B_SPLINE_SURFACE_WITH_KNOTS('',3,1,((#15280,#15281),(#15282,#15283),
(#15284,#15285),(#15286,#15287)),.SURF_OF_LINEAR_EXTRUSION.,.F.,.F.,.F.,
(4,4),(2,2),(0.,1.),(0.,1.),.PIECEWISE_BEZIER_KNOTS.);
#93=B_SPLINE_SURFACE_WITH_KNOTS('',3,1,((#15293,#15294),(#15295,#15296),
(#15297,#15298),(#15299,#15300)),.SURF_OF_LINEAR_EXTRUSION.,.F.,.F.,.F.,
(4,4),(2,2),(0.,1.),(0.,1.),.PIECEWISE_BEZIER_KNOTS.);
#94=B_SPLINE_SURFACE_WITH_KNOTS('',3,1,((#15306,#15307),(#15308,#15309),
(#15310,#15311),(#15312,#15313)),.SURF_OF_LINEAR_EXTRUSION.,.F.,.F.,.F.,
(4,4),(2,2),(0.,1.),(0.,1.),.PIECEWISE_BEZIER_KNOTS.);
#95=B_SPLINE_SURFACE_WITH_KNOTS('',3,1,((#15321,#15322),(#15323,#15324),
(#15325,#15326),(#15327,#15328)),.SURF_OF_LINEAR_EXTRUSION.,.F.,.F.,.F.,
(4,4),(2,2),(0.,1.),(0.,1.),.PIECEWISE_BEZIER_KNOTS.);
#96=B_SPLINE_SURFACE_WITH_KNOTS('',3,1,((#15334,#15335),(#15336,#15337),
(#15338,#15339),(#15340,#15341)),.SURF_OF_LINEAR_EXTRUSION.,.F.,.F.,.F.,
(4,4),(2,2),(0.,1.),(0.,1.),.PIECEWISE_BEZIER_KNOTS.);
#97=B_SPLINE_SURFACE_WITH_KNOTS('',3,1,((#15347,#15348),(#15349,#15350),
(#15351,#15352),(#15353,#15354)),.SURF_OF_LINEAR_EXTRUSION.,.F.,.F.,.F.,
(4,4),(2,2),(0.,1.),(0.,1.),.PIECEWISE_BEZIER_KNOTS.);
#98=B_SPLINE_SURFACE_WITH_KNOTS('',3,1,((#15360,#15361),(#15362,#15363),
(#15364,#15365),(#15366,#15367)),.SURF_OF_LINEAR_EXTRUSION.,.F.,.F.,.F.,
(4,4),(2,2),(0.,1.),(0.,1.),.PIECEWISE_BEZIER_KNOTS.);
#99=B_SPLINE_SURFACE_WITH_KNOTS('',3,1,((#15373,#15374),(#15375,#15376),
(#15377,#15378),(#15379,#15380)),.SURF_OF_LINEAR_EXTRUSION.,.F.,.F.,.F.,
(4,4),(2,2),(0.,1.),(0.,1.),.PIECEWISE_BEZIER_KNOTS.);
#100=B_SPLINE_SURFACE_WITH_KNOTS('',3,1,((#15386,#15387),(#15388,#15389),
(#15390,#15391),(#15392,#15393)),.SURF_OF_LINEAR_EXTRUSION.,.F.,.F.,.F.,
(4,4),(2,2),(0.,1.),(0.,1.),.PIECEWISE_BEZIER_KNOTS.);
#101=B_SPLINE_SURFACE_WITH_KNOTS('',3,1,((#15407,#15408),(#15409,#15410),
(#15411,#15412),(#15413,#15414)),.SURF_OF_LINEAR_EXTRUSION.,.F.,.F.,.F.,
(4,4),(2,2),(0.,1.),(0.,1.),.PIECEWISE_BEZIER_KNOTS.);
#102=B_SPLINE_SURFACE_WITH_KNOTS('',3,1,((#15420,#15421),(#15422,#15423),
(#15424,#15425),(#15426,#15427)),.SURF_OF_LINEAR_EXTRUSION.,.F.,.F.,.F.,
(4,4),(2,2),(0.,1.),(0.,1.),.PIECEWISE_BEZIER_KNOTS.);
#103=B_SPLINE_SURFACE_WITH_KNOTS('',3,1,((#15447,#15448),(#15449,#15450),
(#15451,#15452),(#15453,#15454)),.SURF_OF_LINEAR_EXTRUSION.,.F.,.F.,.F.,
(4,4),(2,2),(0.,1.),(0.,1.),.PIECEWISE_BEZIER_KNOTS.);
#104=B_SPLINE_SURFACE_WITH_KNOTS('',3,1,((#15518,#15519),(#15520,#15521),
(#15522,#15523),(#15524,#15525)),.SURF_OF_LINEAR_EXTRUSION.,.F.,.F.,.F.,
(4,4),(2,2),(0.,1.),(0.,1.),.PIECEWISE_BEZIER_KNOTS.);
#105=B_SPLINE_SURFACE_WITH_KNOTS('',3,1,((#15531,#15532),(#15533,#15534),
(#15535,#15536),(#15537,#15538)),.SURF_OF_LINEAR_EXTRUSION.,.F.,.F.,.F.,
(4,4),(2,2),(0.,1.),(0.,1.),.PIECEWISE_BEZIER_KNOTS.);
#106=B_SPLINE_SURFACE_WITH_KNOTS('',3,1,((#15544,#15545),(#15546,#15547),
(#15548,#15549),(#15550,#15551)),.SURF_OF_LINEAR_EXTRUSION.,.F.,.F.,.F.,
(4,4),(2,2),(0.,1.),(0.,1.),.PIECEWISE_BEZIER_KNOTS.);
#107=B_SPLINE_SURFACE_WITH_KNOTS('',3,1,((#15557,#15558),(#15559,#15560),
(#15561,#15562),(#15563,#15564)),.SURF_OF_LINEAR_EXTRUSION.,.F.,.F.,.F.,
(4,4),(2,2),(0.,1.),(0.,1.),.PIECEWISE_BEZIER_KNOTS.);
#108=B_SPLINE_SURFACE_WITH_KNOTS('',3,1,((#15574,#15575),(#15576,#15577),
(#15578,#15579),(#15580,#15581)),.SURF_OF_LINEAR_EXTRUSION.,.F.,.F.,.F.,
(4,4),(2,2),(0.,1.),(0.,1.),.PIECEWISE_BEZIER_KNOTS.);
#109=B_SPLINE_SURFACE_WITH_KNOTS('',3,1,((#15587,#15588),(#15589,#15590),
(#15591,#15592),(#15593,#15594)),.SURF_OF_LINEAR_EXTRUSION.,.F.,.F.,.F.,
(4,4),(2,2),(0.,1.),(0.,1.),.PIECEWISE_BEZIER_KNOTS.);
#110=B_SPLINE_SURFACE_WITH_KNOTS('',3,1,((#15600,#15601),(#15602,#15603),
(#15604,#15605),(#15606,#15607)),.SURF_OF_LINEAR_EXTRUSION.,.F.,.F.,.F.,
(4,4),(2,2),(0.,1.),(0.,1.),.PIECEWISE_BEZIER_KNOTS.);
#111=B_SPLINE_SURFACE_WITH_KNOTS('',3,1,((#15613,#15614),(#15615,#15616),
(#15617,#15618),(#15619,#15620)),.SURF_OF_LINEAR_EXTRUSION.,.F.,.F.,.F.,
(4,4),(2,2),(0.,1.),(0.,1.),.PIECEWISE_BEZIER_KNOTS.);
#112=B_SPLINE_SURFACE_WITH_KNOTS('',3,1,((#15628,#15629),(#15630,#15631),
(#15632,#15633),(#15634,#15635)),.SURF_OF_LINEAR_EXTRUSION.,.F.,.F.,.F.,
(4,4),(2,2),(0.,1.),(0.,1.),.PIECEWISE_BEZIER_KNOTS.);
#113=B_SPLINE_SURFACE_WITH_KNOTS('',3,1,((#15641,#15642),(#15643,#15644),
(#15645,#15646),(#15647,#15648)),.SURF_OF_LINEAR_EXTRUSION.,.F.,.F.,.F.,
(4,4),(2,2),(0.,1.),(0.,1.),.PIECEWISE_BEZIER_KNOTS.);
#114=B_SPLINE_SURFACE_WITH_KNOTS('',3,1,((#15654,#15655),(#15656,#15657),
(#15658,#15659),(#15660,#15661)),.SURF_OF_LINEAR_EXTRUSION.,.F.,.F.,.F.,
(4,4),(2,2),(0.,1.),(0.,1.),.PIECEWISE_BEZIER_KNOTS.);
#115=B_SPLINE_SURFACE_WITH_KNOTS('',3,1,((#15679,#15680),(#15681,#15682),
(#15683,#15684),(#15685,#15686)),.SURF_OF_LINEAR_EXTRUSION.,.F.,.F.,.F.,
(4,4),(2,2),(0.,1.),(0.,1.),.PIECEWISE_BEZIER_KNOTS.);
#116=B_SPLINE_SURFACE_WITH_KNOTS('',3,1,((#15692,#15693),(#15694,#15695),
(#15696,#15697),(#15698,#15699)),.SURF_OF_LINEAR_EXTRUSION.,.F.,.F.,.F.,
(4,4),(2,2),(0.,1.),(0.,1.),.PIECEWISE_BEZIER_KNOTS.);
#117=B_SPLINE_SURFACE_WITH_KNOTS('',3,1,((#15705,#15706),(#15707,#15708),
(#15709,#15710),(#15711,#15712)),.SURF_OF_LINEAR_EXTRUSION.,.F.,.F.,.F.,
(4,4),(2,2),(0.,1.),(0.,1.),.PIECEWISE_BEZIER_KNOTS.);
#118=B_SPLINE_SURFACE_WITH_KNOTS('',3,1,((#15718,#15719),(#15720,#15721),
(#15722,#15723),(#15724,#15725)),.SURF_OF_LINEAR_EXTRUSION.,.F.,.F.,.F.,
(4,4),(2,2),(0.,1.),(0.,1.),.PIECEWISE_BEZIER_KNOTS.);
#119=B_SPLINE_SURFACE_WITH_KNOTS('',3,1,((#15731,#15732),(#15733,#15734),
(#15735,#15736),(#15737,#15738)),.SURF_OF_LINEAR_EXTRUSION.,.F.,.F.,.F.,
(4,4),(2,2),(0.,1.),(0.,1.),.PIECEWISE_BEZIER_KNOTS.);
#120=B_SPLINE_SURFACE_WITH_KNOTS('',3,1,((#15744,#15745),(#15746,#15747),
(#15748,#15749),(#15750,#15751)),.SURF_OF_LINEAR_EXTRUSION.,.F.,.F.,.F.,
(4,4),(2,2),(0.,1.),(0.,1.),.PIECEWISE_BEZIER_KNOTS.);
#121=B_SPLINE_SURFACE_WITH_KNOTS('',3,1,((#15757,#15758),(#15759,#15760),
(#15761,#15762),(#15763,#15764)),.SURF_OF_LINEAR_EXTRUSION.,.F.,.F.,.F.,
(4,4),(2,2),(0.,1.),(0.,1.),.PIECEWISE_BEZIER_KNOTS.);
#122=B_SPLINE_SURFACE_WITH_KNOTS('',3,1,((#15770,#15771),(#15772,#15773),
(#15774,#15775),(#15776,#15777)),.SURF_OF_LINEAR_EXTRUSION.,.F.,.F.,.F.,
(4,4),(2,2),(0.,1.),(0.,1.),.PIECEWISE_BEZIER_KNOTS.);
#123=B_SPLINE_SURFACE_WITH_KNOTS('',3,1,((#15783,#15784),(#15785,#15786),
(#15787,#15788),(#15789,#15790)),.SURF_OF_LINEAR_EXTRUSION.,.F.,.F.,.F.,
(4,4),(2,2),(0.,1.),(0.,1.),.PIECEWISE_BEZIER_KNOTS.);
#124=B_SPLINE_SURFACE_WITH_KNOTS('',3,1,((#15796,#15797),(#15798,#15799),
(#15800,#15801),(#15802,#15803)),.SURF_OF_LINEAR_EXTRUSION.,.F.,.F.,.F.,
(4,4),(2,2),(0.,1.),(0.,1.),.PIECEWISE_BEZIER_KNOTS.);
#125=B_SPLINE_SURFACE_WITH_KNOTS('',3,1,((#15813,#15814),(#15815,#15816),
(#15817,#15818),(#15819,#15820)),.SURF_OF_LINEAR_EXTRUSION.,.F.,.F.,.F.,
(4,4),(2,2),(0.,1.),(0.,1.),.PIECEWISE_BEZIER_KNOTS.);
#126=B_SPLINE_SURFACE_WITH_KNOTS('',3,1,((#15826,#15827),(#15828,#15829),
(#15830,#15831),(#15832,#15833)),.SURF_OF_LINEAR_EXTRUSION.,.F.,.F.,.F.,
(4,4),(2,2),(0.,1.),(0.,1.),.PIECEWISE_BEZIER_KNOTS.);
#127=B_SPLINE_SURFACE_WITH_KNOTS('',3,1,((#15839,#15840),(#15841,#15842),
(#15843,#15844),(#15845,#15846)),.SURF_OF_LINEAR_EXTRUSION.,.F.,.F.,.F.,
(4,4),(2,2),(0.,1.),(0.,1.),.PIECEWISE_BEZIER_KNOTS.);
#128=B_SPLINE_SURFACE_WITH_KNOTS('',3,1,((#15852,#15853),(#15854,#15855),
(#15856,#15857),(#15858,#15859)),.SURF_OF_LINEAR_EXTRUSION.,.F.,.F.,.F.,
(4,4),(2,2),(0.,1.),(0.,1.),.PIECEWISE_BEZIER_KNOTS.);
#129=B_SPLINE_SURFACE_WITH_KNOTS('',3,1,((#15865,#15866),(#15867,#15868),
(#15869,#15870),(#15871,#15872)),.SURF_OF_LINEAR_EXTRUSION.,.F.,.F.,.F.,
(4,4),(2,2),(0.,1.),(0.,1.),.PIECEWISE_BEZIER_KNOTS.);
#130=B_SPLINE_SURFACE_WITH_KNOTS('',3,1,((#15878,#15879),(#15880,#15881),
(#15882,#15883),(#15884,#15885)),.SURF_OF_LINEAR_EXTRUSION.,.F.,.F.,.F.,
(4,4),(2,2),(0.,1.),(0.,1.),.PIECEWISE_BEZIER_KNOTS.);
#131=B_SPLINE_SURFACE_WITH_KNOTS('',3,1,((#15909,#15910),(#15911,#15912),
(#15913,#15914),(#15915,#15916)),.SURF_OF_LINEAR_EXTRUSION.,.F.,.F.,.F.,
(4,4),(2,2),(0.,1.),(0.,1.),.PIECEWISE_BEZIER_KNOTS.);
#132=B_SPLINE_SURFACE_WITH_KNOTS('',3,1,((#15970,#15971),(#15972,#15973),
(#15974,#15975),(#15976,#15977)),.SURF_OF_LINEAR_EXTRUSION.,.F.,.F.,.F.,
(4,4),(2,2),(0.,1.),(0.,1.),.PIECEWISE_BEZIER_KNOTS.);
#133=B_SPLINE_SURFACE_WITH_KNOTS('',3,1,((#15987,#15988),(#15989,#15990),
(#15991,#15992),(#15993,#15994)),.SURF_OF_LINEAR_EXTRUSION.,.F.,.F.,.F.,
(4,4),(2,2),(0.,1.),(0.,1.),.PIECEWISE_BEZIER_KNOTS.);
#134=B_SPLINE_SURFACE_WITH_KNOTS('',3,1,((#16002,#16003),(#16004,#16005),
(#16006,#16007),(#16008,#16009)),.SURF_OF_LINEAR_EXTRUSION.,.F.,.F.,.F.,
(4,4),(2,2),(0.,1.),(0.,1.),.PIECEWISE_BEZIER_KNOTS.);
#135=B_SPLINE_SURFACE_WITH_KNOTS('',3,1,((#16015,#16016),(#16017,#16018),
(#16019,#16020),(#16021,#16022)),.SURF_OF_LINEAR_EXTRUSION.,.F.,.F.,.F.,
(4,4),(2,2),(0.,1.),(0.,1.),.PIECEWISE_BEZIER_KNOTS.);
#136=B_SPLINE_SURFACE_WITH_KNOTS('',3,1,((#16028,#16029),(#16030,#16031),
(#16032,#16033),(#16034,#16035)),.SURF_OF_LINEAR_EXTRUSION.,.F.,.F.,.F.,
(4,4),(2,2),(0.,1.),(0.,1.),.PIECEWISE_BEZIER_KNOTS.);
#137=B_SPLINE_SURFACE_WITH_KNOTS('',3,1,((#16053,#16054),(#16055,#16056),
(#16057,#16058),(#16059,#16060)),.SURF_OF_LINEAR_EXTRUSION.,.F.,.F.,.F.,
(4,4),(2,2),(0.,1.),(0.,1.),.PIECEWISE_BEZIER_KNOTS.);
#138=B_SPLINE_SURFACE_WITH_KNOTS('',3,1,((#16066,#16067),(#16068,#16069),
(#16070,#16071),(#16072,#16073)),.SURF_OF_LINEAR_EXTRUSION.,.F.,.F.,.F.,
(4,4),(2,2),(0.,1.),(0.,1.),.PIECEWISE_BEZIER_KNOTS.);
#139=B_SPLINE_SURFACE_WITH_KNOTS('',3,1,((#16079,#16080),(#16081,#16082),
(#16083,#16084),(#16085,#16086)),.SURF_OF_LINEAR_EXTRUSION.,.F.,.F.,.F.,
(4,4),(2,2),(0.,1.),(0.,1.),.PIECEWISE_BEZIER_KNOTS.);
#140=B_SPLINE_SURFACE_WITH_KNOTS('',3,1,((#16092,#16093),(#16094,#16095),
(#16096,#16097),(#16098,#16099)),.SURF_OF_LINEAR_EXTRUSION.,.F.,.F.,.F.,
(4,4),(2,2),(0.,1.),(0.,1.),.PIECEWISE_BEZIER_KNOTS.);
#141=B_SPLINE_SURFACE_WITH_KNOTS('',3,1,((#16105,#16106),(#16107,#16108),
(#16109,#16110),(#16111,#16112)),.SURF_OF_LINEAR_EXTRUSION.,.F.,.F.,.F.,
(4,4),(2,2),(0.,1.),(0.,1.),.PIECEWISE_BEZIER_KNOTS.);
#142=B_SPLINE_SURFACE_WITH_KNOTS('',3,1,((#16118,#16119),(#16120,#16121),
(#16122,#16123),(#16124,#16125)),.SURF_OF_LINEAR_EXTRUSION.,.F.,.F.,.F.,
(4,4),(2,2),(0.,1.),(0.,1.),.PIECEWISE_BEZIER_KNOTS.);
#143=B_SPLINE_SURFACE_WITH_KNOTS('',3,1,((#16131,#16132),(#16133,#16134),
(#16135,#16136),(#16137,#16138)),.SURF_OF_LINEAR_EXTRUSION.,.F.,.F.,.F.,
(4,4),(2,2),(0.,1.),(0.,1.),.PIECEWISE_BEZIER_KNOTS.);
#144=B_SPLINE_SURFACE_WITH_KNOTS('',3,1,((#16144,#16145),(#16146,#16147),
(#16148,#16149),(#16150,#16151)),.SURF_OF_LINEAR_EXTRUSION.,.F.,.F.,.F.,
(4,4),(2,2),(0.,1.),(0.,1.),.PIECEWISE_BEZIER_KNOTS.);
#145=B_SPLINE_SURFACE_WITH_KNOTS('',3,1,((#16157,#16158),(#16159,#16160),
(#16161,#16162),(#16163,#16164)),.SURF_OF_LINEAR_EXTRUSION.,.F.,.F.,.F.,
(4,4),(2,2),(0.,1.),(0.,1.),.PIECEWISE_BEZIER_KNOTS.);
#146=B_SPLINE_SURFACE_WITH_KNOTS('',3,1,((#16170,#16171),(#16172,#16173),
(#16174,#16175),(#16176,#16177)),.SURF_OF_LINEAR_EXTRUSION.,.F.,.F.,.F.,
(4,4),(2,2),(0.,1.),(0.,1.),.PIECEWISE_BEZIER_KNOTS.);
#147=B_SPLINE_SURFACE_WITH_KNOTS('',3,1,((#16187,#16188),(#16189,#16190),
(#16191,#16192),(#16193,#16194)),.SURF_OF_LINEAR_EXTRUSION.,.F.,.F.,.F.,
(4,4),(2,2),(0.,1.),(0.,1.),.PIECEWISE_BEZIER_KNOTS.);
#148=B_SPLINE_SURFACE_WITH_KNOTS('',3,1,((#16200,#16201),(#16202,#16203),
(#16204,#16205),(#16206,#16207)),.SURF_OF_LINEAR_EXTRUSION.,.F.,.F.,.F.,
(4,4),(2,2),(0.,1.),(0.,1.),.PIECEWISE_BEZIER_KNOTS.);
#149=B_SPLINE_SURFACE_WITH_KNOTS('',3,1,((#16213,#16214),(#16215,#16216),
(#16217,#16218),(#16219,#16220)),.SURF_OF_LINEAR_EXTRUSION.,.F.,.F.,.F.,
(4,4),(2,2),(0.,1.),(0.,1.),.PIECEWISE_BEZIER_KNOTS.);
#150=B_SPLINE_SURFACE_WITH_KNOTS('',3,1,((#16226,#16227),(#16228,#16229),
(#16230,#16231),(#16232,#16233)),.SURF_OF_LINEAR_EXTRUSION.,.F.,.F.,.F.,
(4,4),(2,2),(0.,1.),(0.,1.),.PIECEWISE_BEZIER_KNOTS.);
#151=B_SPLINE_SURFACE_WITH_KNOTS('',3,1,((#16239,#16240),(#16241,#16242),
(#16243,#16244),(#16245,#16246)),.SURF_OF_LINEAR_EXTRUSION.,.F.,.F.,.F.,
(4,4),(2,2),(0.,1.),(0.,1.),.PIECEWISE_BEZIER_KNOTS.);
#152=B_SPLINE_SURFACE_WITH_KNOTS('',3,1,((#16252,#16253),(#16254,#16255),
(#16256,#16257),(#16258,#16259)),.SURF_OF_LINEAR_EXTRUSION.,.F.,.F.,.F.,
(4,4),(2,2),(0.,1.),(0.,1.),.PIECEWISE_BEZIER_KNOTS.);
#153=B_SPLINE_SURFACE_WITH_KNOTS('',3,1,((#16313,#16314),(#16315,#16316),
(#16317,#16318),(#16319,#16320)),.SURF_OF_LINEAR_EXTRUSION.,.F.,.F.,.F.,
(4,4),(2,2),(0.,1.),(0.,1.),.PIECEWISE_BEZIER_KNOTS.);
#154=B_SPLINE_SURFACE_WITH_KNOTS('',3,1,((#16326,#16327),(#16328,#16329),
(#16330,#16331),(#16332,#16333)),.SURF_OF_LINEAR_EXTRUSION.,.F.,.F.,.F.,
(4,4),(2,2),(0.,1.),(0.,1.),.PIECEWISE_BEZIER_KNOTS.);
#155=B_SPLINE_SURFACE_WITH_KNOTS('',3,1,((#16339,#16340),(#16341,#16342),
(#16343,#16344),(#16345,#16346)),.SURF_OF_LINEAR_EXTRUSION.,.F.,.F.,.F.,
(4,4),(2,2),(0.,1.),(0.,1.),.PIECEWISE_BEZIER_KNOTS.);
#156=B_SPLINE_SURFACE_WITH_KNOTS('',3,1,((#16352,#16353),(#16354,#16355),
(#16356,#16357),(#16358,#16359)),.SURF_OF_LINEAR_EXTRUSION.,.F.,.F.,.F.,
(4,4),(2,2),(0.,1.),(0.,1.),.PIECEWISE_BEZIER_KNOTS.);
#157=B_SPLINE_SURFACE_WITH_KNOTS('',3,1,((#16365,#16366),(#16367,#16368),
(#16369,#16370),(#16371,#16372)),.SURF_OF_LINEAR_EXTRUSION.,.F.,.F.,.F.,
(4,4),(2,2),(0.,1.),(0.,1.),.PIECEWISE_BEZIER_KNOTS.);
#158=B_SPLINE_SURFACE_WITH_KNOTS('',3,1,((#16386,#16387),(#16388,#16389),
(#16390,#16391),(#16392,#16393)),.SURF_OF_LINEAR_EXTRUSION.,.F.,.F.,.F.,
(4,4),(2,2),(0.,1.),(0.,1.),.PIECEWISE_BEZIER_KNOTS.);
#159=B_SPLINE_SURFACE_WITH_KNOTS('',3,1,((#16399,#16400),(#16401,#16402),
(#16403,#16404),(#16405,#16406)),.SURF_OF_LINEAR_EXTRUSION.,.F.,.F.,.F.,
(4,4),(2,2),(0.,1.),(0.,1.),.PIECEWISE_BEZIER_KNOTS.);
#160=B_SPLINE_SURFACE_WITH_KNOTS('',3,1,((#16412,#16413),(#16414,#16415),
(#16416,#16417),(#16418,#16419)),.SURF_OF_LINEAR_EXTRUSION.,.F.,.F.,.F.,
(4,4),(2,2),(0.,1.),(0.,1.),.PIECEWISE_BEZIER_KNOTS.);
#161=B_SPLINE_SURFACE_WITH_KNOTS('',3,1,((#16437,#16438),(#16439,#16440),
(#16441,#16442),(#16443,#16444)),.SURF_OF_LINEAR_EXTRUSION.,.F.,.F.,.F.,
(4,4),(2,2),(0.,1.),(0.,1.),.PIECEWISE_BEZIER_KNOTS.);
#162=B_SPLINE_SURFACE_WITH_KNOTS('',3,1,((#16450,#16451),(#16452,#16453),
(#16454,#16455),(#16456,#16457)),.SURF_OF_LINEAR_EXTRUSION.,.F.,.F.,.F.,
(4,4),(2,2),(0.,1.),(0.,1.),.PIECEWISE_BEZIER_KNOTS.);
#163=B_SPLINE_SURFACE_WITH_KNOTS('',3,1,((#16589,#16590),(#16591,#16592),
(#16593,#16594),(#16595,#16596)),.SURF_OF_LINEAR_EXTRUSION.,.F.,.F.,.F.,
(4,4),(2,2),(0.,1.),(0.,1.),.PIECEWISE_BEZIER_KNOTS.);
#164=B_SPLINE_SURFACE_WITH_KNOTS('',3,1,((#16602,#16603),(#16604,#16605),
(#16606,#16607),(#16608,#16609)),.SURF_OF_LINEAR_EXTRUSION.,.F.,.F.,.F.,
(4,4),(2,2),(0.,1.),(0.,1.),.PIECEWISE_BEZIER_KNOTS.);
#165=B_SPLINE_SURFACE_WITH_KNOTS('',3,1,((#16615,#16616),(#16617,#16618),
(#16619,#16620),(#16621,#16622)),.SURF_OF_LINEAR_EXTRUSION.,.F.,.F.,.F.,
(4,4),(2,2),(0.,1.),(0.,1.),.PIECEWISE_BEZIER_KNOTS.);
#166=B_SPLINE_SURFACE_WITH_KNOTS('',3,1,((#16628,#16629),(#16630,#16631),
(#16632,#16633),(#16634,#16635)),.SURF_OF_LINEAR_EXTRUSION.,.F.,.F.,.F.,
(4,4),(2,2),(0.,1.),(0.,1.),.PIECEWISE_BEZIER_KNOTS.);
#167=B_SPLINE_SURFACE_WITH_KNOTS('',3,1,((#16653,#16654),(#16655,#16656),
(#16657,#16658),(#16659,#16660)),.SURF_OF_LINEAR_EXTRUSION.,.F.,.F.,.F.,
(4,4),(2,2),(0.,1.),(0.,1.),.PIECEWISE_BEZIER_KNOTS.);
#168=B_SPLINE_SURFACE_WITH_KNOTS('',3,1,((#16666,#16667),(#16668,#16669),
(#16670,#16671),(#16672,#16673)),.SURF_OF_LINEAR_EXTRUSION.,.F.,.F.,.F.,
(4,4),(2,2),(0.,1.),(0.,1.),.PIECEWISE_BEZIER_KNOTS.);
#169=B_SPLINE_SURFACE_WITH_KNOTS('',3,1,((#16679,#16680),(#16681,#16682),
(#16683,#16684),(#16685,#16686)),.SURF_OF_LINEAR_EXTRUSION.,.F.,.F.,.F.,
(4,4),(2,2),(0.,1.),(0.,1.),.PIECEWISE_BEZIER_KNOTS.);
#170=B_SPLINE_SURFACE_WITH_KNOTS('',3,1,((#16692,#16693),(#16694,#16695),
(#16696,#16697),(#16698,#16699)),.SURF_OF_LINEAR_EXTRUSION.,.F.,.F.,.F.,
(4,4),(2,2),(0.,1.),(0.,1.),.PIECEWISE_BEZIER_KNOTS.);
#171=B_SPLINE_SURFACE_WITH_KNOTS('',3,1,((#16859,#16860),(#16861,#16862),
(#16863,#16864),(#16865,#16866)),.SURF_OF_LINEAR_EXTRUSION.,.F.,.F.,.F.,
(4,4),(2,2),(0.,1.),(0.,1.),.PIECEWISE_BEZIER_KNOTS.);
#172=B_SPLINE_SURFACE_WITH_KNOTS('',3,1,((#16872,#16873),(#16874,#16875),
(#16876,#16877),(#16878,#16879)),.SURF_OF_LINEAR_EXTRUSION.,.F.,.F.,.F.,
(4,4),(2,2),(0.,1.),(0.,1.),.PIECEWISE_BEZIER_KNOTS.);
#173=B_SPLINE_SURFACE_WITH_KNOTS('',3,1,((#16885,#16886),(#16887,#16888),
(#16889,#16890),(#16891,#16892)),.SURF_OF_LINEAR_EXTRUSION.,.F.,.F.,.F.,
(4,4),(2,2),(0.,1.),(0.,1.),.PIECEWISE_BEZIER_KNOTS.);
#174=B_SPLINE_SURFACE_WITH_KNOTS('',3,1,((#16936,#16937),(#16938,#16939),
(#16940,#16941),(#16942,#16943)),.SURF_OF_LINEAR_EXTRUSION.,.F.,.F.,.F.,
(4,4),(2,2),(0.,1.),(0.,1.),.PIECEWISE_BEZIER_KNOTS.);
#175=B_SPLINE_SURFACE_WITH_KNOTS('',3,1,((#16951,#16952),(#16953,#16954),
(#16955,#16956),(#16957,#16958)),.SURF_OF_LINEAR_EXTRUSION.,.F.,.F.,.F.,
(4,4),(2,2),(0.,1.),(0.,1.),.PIECEWISE_BEZIER_KNOTS.);
#176=B_SPLINE_SURFACE_WITH_KNOTS('',3,1,((#16964,#16965),(#16966,#16967),
(#16968,#16969),(#16970,#16971)),.SURF_OF_LINEAR_EXTRUSION.,.F.,.F.,.F.,
(4,4),(2,2),(0.,1.),(0.,1.),.PIECEWISE_BEZIER_KNOTS.);
#177=B_SPLINE_SURFACE_WITH_KNOTS('',3,1,((#16977,#16978),(#16979,#16980),
(#16981,#16982),(#16983,#16984)),.SURF_OF_LINEAR_EXTRUSION.,.F.,.F.,.F.,
(4,4),(2,2),(0.,1.),(0.,1.),.PIECEWISE_BEZIER_KNOTS.);
#178=B_SPLINE_SURFACE_WITH_KNOTS('',3,1,((#16990,#16991),(#16992,#16993),
(#16994,#16995),(#16996,#16997)),.SURF_OF_LINEAR_EXTRUSION.,.F.,.F.,.F.,
(4,4),(2,2),(0.,1.),(0.,1.),.PIECEWISE_BEZIER_KNOTS.);
#179=B_SPLINE_SURFACE_WITH_KNOTS('',3,1,((#17003,#17004),(#17005,#17006),
(#17007,#17008),(#17009,#17010)),.SURF_OF_LINEAR_EXTRUSION.,.F.,.F.,.F.,
(4,4),(2,2),(0.,1.),(0.,1.),.PIECEWISE_BEZIER_KNOTS.);
#180=B_SPLINE_SURFACE_WITH_KNOTS('',3,1,((#17020,#17021),(#17022,#17023),
(#17024,#17025),(#17026,#17027)),.SURF_OF_LINEAR_EXTRUSION.,.F.,.F.,.F.,
(4,4),(2,2),(0.,1.),(0.,1.),.PIECEWISE_BEZIER_KNOTS.);
#181=B_SPLINE_SURFACE_WITH_KNOTS('',3,1,((#17033,#17034),(#17035,#17036),
(#17037,#17038),(#17039,#17040)),.SURF_OF_LINEAR_EXTRUSION.,.F.,.F.,.F.,
(4,4),(2,2),(0.,1.),(0.,1.),.PIECEWISE_BEZIER_KNOTS.);
#182=B_SPLINE_SURFACE_WITH_KNOTS('',3,1,((#17046,#17047),(#17048,#17049),
(#17050,#17051),(#17052,#17053)),.SURF_OF_LINEAR_EXTRUSION.,.F.,.F.,.F.,
(4,4),(2,2),(0.,1.),(0.,1.),.PIECEWISE_BEZIER_KNOTS.);
#183=B_SPLINE_SURFACE_WITH_KNOTS('',3,1,((#17059,#17060),(#17061,#17062),
(#17063,#17064),(#17065,#17066)),.SURF_OF_LINEAR_EXTRUSION.,.F.,.F.,.F.,
(4,4),(2,2),(0.,1.),(0.,1.),.PIECEWISE_BEZIER_KNOTS.);
#184=B_SPLINE_SURFACE_WITH_KNOTS('',3,1,((#17072,#17073),(#17074,#17075),
(#17076,#17077),(#17078,#17079)),.SURF_OF_LINEAR_EXTRUSION.,.F.,.F.,.F.,
(4,4),(2,2),(0.,1.),(0.,1.),.PIECEWISE_BEZIER_KNOTS.);
#185=B_SPLINE_SURFACE_WITH_KNOTS('',3,1,((#17085,#17086),(#17087,#17088),
(#17089,#17090),(#17091,#17092)),.SURF_OF_LINEAR_EXTRUSION.,.F.,.F.,.F.,
(4,4),(2,2),(0.,1.),(0.,1.),.PIECEWISE_BEZIER_KNOTS.);
#186=B_SPLINE_SURFACE_WITH_KNOTS('',3,1,((#17098,#17099),(#17100,#17101),
(#17102,#17103),(#17104,#17105)),.SURF_OF_LINEAR_EXTRUSION.,.F.,.F.,.F.,
(4,4),(2,2),(0.,1.),(0.,1.),.PIECEWISE_BEZIER_KNOTS.);
#187=B_SPLINE_SURFACE_WITH_KNOTS('',3,1,((#17162,#17163),(#17164,#17165),
(#17166,#17167),(#17168,#17169)),.SURF_OF_LINEAR_EXTRUSION.,.F.,.F.,.F.,
(4,4),(2,2),(0.,1.),(0.,1.),.PIECEWISE_BEZIER_KNOTS.);
#188=B_SPLINE_SURFACE_WITH_KNOTS('',3,1,((#17175,#17176),(#17177,#17178),
(#17179,#17180),(#17181,#17182)),.SURF_OF_LINEAR_EXTRUSION.,.F.,.F.,.F.,
(4,4),(2,2),(0.,1.),(0.,1.),.PIECEWISE_BEZIER_KNOTS.);
#189=B_SPLINE_CURVE_WITH_KNOTS('',2,(#12483,#12484,#12485),
 .UNSPECIFIED.,.F.,.F.,(3,3),(0.,1.),.PIECEWISE_BEZIER_KNOTS.);
#190=B_SPLINE_CURVE_WITH_KNOTS('',2,(#12488,#12489,#12490),
 .UNSPECIFIED.,.F.,.F.,(3,3),(0.,1.),.PIECEWISE_BEZIER_KNOTS.);
#191=B_SPLINE_CURVE_WITH_KNOTS('',2,(#12492,#12493,#12494),
 .UNSPECIFIED.,.F.,.F.,(3,3),(0.,1.),.PIECEWISE_BEZIER_KNOTS.);
#192=B_SPLINE_CURVE_WITH_KNOTS('',2,(#12496,#12497,#12498),
 .UNSPECIFIED.,.F.,.F.,(3,3),(0.,1.),.PIECEWISE_BEZIER_KNOTS.);
#193=B_SPLINE_CURVE_WITH_KNOTS('',2,(#12500,#12501,#12502),
 .UNSPECIFIED.,.F.,.F.,(3,3),(0.,1.),.PIECEWISE_BEZIER_KNOTS.);
#194=B_SPLINE_CURVE_WITH_KNOTS('',2,(#12504,#12505,#12506),
 .UNSPECIFIED.,.F.,.F.,(3,3),(0.,1.),.PIECEWISE_BEZIER_KNOTS.);
#195=B_SPLINE_CURVE_WITH_KNOTS('',2,(#12510,#12511,#12512),
 .UNSPECIFIED.,.F.,.F.,(3,3),(0.,1.),.PIECEWISE_BEZIER_KNOTS.);
#196=B_SPLINE_CURVE_WITH_KNOTS('',2,(#12514,#12515,#12516),
 .UNSPECIFIED.,.F.,.F.,(3,3),(0.,1.),.PIECEWISE_BEZIER_KNOTS.);
#197=B_SPLINE_CURVE_WITH_KNOTS('',2,(#12518,#12519,#12520),
 .UNSPECIFIED.,.F.,.F.,(3,3),(0.,1.),.PIECEWISE_BEZIER_KNOTS.);
#198=B_SPLINE_CURVE_WITH_KNOTS('',2,(#12522,#12523,#12524),
 .UNSPECIFIED.,.F.,.F.,(3,3),(0.,1.),.PIECEWISE_BEZIER_KNOTS.);
#199=B_SPLINE_CURVE_WITH_KNOTS('',2,(#12526,#12527,#12528),
 .UNSPECIFIED.,.F.,.F.,(3,3),(0.,1.),.PIECEWISE_BEZIER_KNOTS.);
#200=B_SPLINE_CURVE_WITH_KNOTS('',2,(#12530,#12531,#12532),
 .UNSPECIFIED.,.F.,.F.,(3,3),(0.,1.),.PIECEWISE_BEZIER_KNOTS.);
#201=B_SPLINE_CURVE_WITH_KNOTS('',2,(#12534,#12535,#12536),
 .UNSPECIFIED.,.F.,.F.,(3,3),(0.,1.),.PIECEWISE_BEZIER_KNOTS.);
#202=B_SPLINE_CURVE_WITH_KNOTS('',2,(#12566,#12567,#12568),
 .UNSPECIFIED.,.F.,.F.,(3,3),(0.,1.),.PIECEWISE_BEZIER_KNOTS.);
#203=B_SPLINE_CURVE_WITH_KNOTS('',2,(#12570,#12571,#12572),
 .UNSPECIFIED.,.F.,.F.,(3,3),(0.,1.),.PIECEWISE_BEZIER_KNOTS.);
#204=B_SPLINE_CURVE_WITH_KNOTS('',2,(#12574,#12575,#12576),
 .UNSPECIFIED.,.F.,.F.,(3,3),(0.,1.),.PIECEWISE_BEZIER_KNOTS.);
#205=B_SPLINE_CURVE_WITH_KNOTS('',2,(#12658,#12659,#12660),
 .UNSPECIFIED.,.F.,.F.,(3,3),(0.,1.),.PIECEWISE_BEZIER_KNOTS.);
#206=B_SPLINE_CURVE_WITH_KNOTS('',2,(#12662,#12663,#12664),
 .UNSPECIFIED.,.F.,.F.,(3,3),(0.,1.),.PIECEWISE_BEZIER_KNOTS.);
#207=B_SPLINE_CURVE_WITH_KNOTS('',2,(#12666,#12667,#12668),
 .UNSPECIFIED.,.F.,.F.,(3,3),(0.,1.),.PIECEWISE_BEZIER_KNOTS.);
#208=B_SPLINE_CURVE_WITH_KNOTS('',2,(#12670,#12671,#12672),
 .UNSPECIFIED.,.F.,.F.,(3,3),(0.,1.),.PIECEWISE_BEZIER_KNOTS.);
#209=B_SPLINE_CURVE_WITH_KNOTS('',2,(#12680,#12681,#12682),
 .UNSPECIFIED.,.F.,.F.,(3,3),(0.,1.),.PIECEWISE_BEZIER_KNOTS.);
#210=B_SPLINE_CURVE_WITH_KNOTS('',2,(#12684,#12685,#12686),
 .UNSPECIFIED.,.F.,.F.,(3,3),(0.,1.),.PIECEWISE_BEZIER_KNOTS.);
#211=B_SPLINE_CURVE_WITH_KNOTS('',2,(#12688,#12689,#12690),
 .UNSPECIFIED.,.F.,.F.,(3,3),(0.,1.),.PIECEWISE_BEZIER_KNOTS.);
#212=B_SPLINE_CURVE_WITH_KNOTS('',2,(#12692,#12693,#12694),
 .UNSPECIFIED.,.F.,.F.,(3,3),(0.,1.),.PIECEWISE_BEZIER_KNOTS.);
#213=B_SPLINE_CURVE_WITH_KNOTS('',2,(#12764,#12765,#12766),
 .UNSPECIFIED.,.F.,.F.,(3,3),(0.,1.),.PIECEWISE_BEZIER_KNOTS.);
#214=B_SPLINE_CURVE_WITH_KNOTS('',2,(#12768,#12769,#12770),
 .UNSPECIFIED.,.F.,.F.,(3,3),(0.,1.),.PIECEWISE_BEZIER_KNOTS.);
#215=B_SPLINE_CURVE_WITH_KNOTS('',2,(#12772,#12773,#12774),
 .UNSPECIFIED.,.F.,.F.,(3,3),(0.,1.),.PIECEWISE_BEZIER_KNOTS.);
#216=B_SPLINE_CURVE_WITH_KNOTS('',2,(#12776,#12777,#12778),
 .UNSPECIFIED.,.F.,.F.,(3,3),(0.,1.),.PIECEWISE_BEZIER_KNOTS.);
#217=B_SPLINE_CURVE_WITH_KNOTS('',2,(#12780,#12781,#12782),
 .UNSPECIFIED.,.F.,.F.,(3,3),(0.,1.),.PIECEWISE_BEZIER_KNOTS.);
#218=B_SPLINE_CURVE_WITH_KNOTS('',2,(#12788,#12789,#12790),
 .UNSPECIFIED.,.F.,.F.,(3,3),(0.,1.),.PIECEWISE_BEZIER_KNOTS.);
#219=B_SPLINE_CURVE_WITH_KNOTS('',2,(#12792,#12793,#12794),
 .UNSPECIFIED.,.F.,.F.,(3,3),(0.,1.),.PIECEWISE_BEZIER_KNOTS.);
#220=B_SPLINE_CURVE_WITH_KNOTS('',2,(#12796,#12797,#12798),
 .UNSPECIFIED.,.F.,.F.,(3,3),(0.,1.),.PIECEWISE_BEZIER_KNOTS.);
#221=B_SPLINE_CURVE_WITH_KNOTS('',2,(#12806,#12807,#12808),
 .UNSPECIFIED.,.F.,.F.,(3,3),(0.,1.),.PIECEWISE_BEZIER_KNOTS.);
#222=B_SPLINE_CURVE_WITH_KNOTS('',2,(#12810,#12811,#12812),
 .UNSPECIFIED.,.F.,.F.,(3,3),(0.,1.),.PIECEWISE_BEZIER_KNOTS.);
#223=B_SPLINE_CURVE_WITH_KNOTS('',2,(#12833,#12834,#12835),
 .UNSPECIFIED.,.F.,.F.,(3,3),(0.,1.),.PIECEWISE_BEZIER_KNOTS.);
#224=B_SPLINE_CURVE_WITH_KNOTS('',2,(#12838,#12839,#12840),
 .UNSPECIFIED.,.F.,.F.,(3,3),(0.,1.),.PIECEWISE_BEZIER_KNOTS.);
#225=B_SPLINE_CURVE_WITH_KNOTS('',2,(#12842,#12843,#12844),
 .UNSPECIFIED.,.F.,.F.,(3,3),(0.,1.),.PIECEWISE_BEZIER_KNOTS.);
#226=B_SPLINE_CURVE_WITH_KNOTS('',2,(#12846,#12847,#12848),
 .UNSPECIFIED.,.F.,.F.,(3,3),(0.,1.),.PIECEWISE_BEZIER_KNOTS.);
#227=B_SPLINE_CURVE_WITH_KNOTS('',2,(#12856,#12857,#12858),
 .UNSPECIFIED.,.F.,.F.,(3,3),(0.,1.),.PIECEWISE_BEZIER_KNOTS.);
#228=B_SPLINE_CURVE_WITH_KNOTS('',2,(#12860,#12861,#12862),
 .UNSPECIFIED.,.F.,.F.,(3,3),(0.,1.),.PIECEWISE_BEZIER_KNOTS.);
#229=B_SPLINE_CURVE_WITH_KNOTS('',2,(#12864,#12865,#12866),
 .UNSPECIFIED.,.F.,.F.,(3,3),(0.,1.),.PIECEWISE_BEZIER_KNOTS.);
#230=B_SPLINE_CURVE_WITH_KNOTS('',2,(#12868,#12869,#12870),
 .UNSPECIFIED.,.F.,.F.,(3,3),(0.,1.),.PIECEWISE_BEZIER_KNOTS.);
#231=B_SPLINE_CURVE_WITH_KNOTS('',2,(#12872,#12873,#12874),
 .UNSPECIFIED.,.F.,.F.,(3,3),(0.,1.),.PIECEWISE_BEZIER_KNOTS.);
#232=B_SPLINE_CURVE_WITH_KNOTS('',2,(#12876,#12877,#12878),
 .UNSPECIFIED.,.F.,.F.,(3,3),(0.,1.),.PIECEWISE_BEZIER_KNOTS.);
#233=B_SPLINE_CURVE_WITH_KNOTS('',2,(#12880,#12881,#12882),
 .UNSPECIFIED.,.F.,.F.,(3,3),(0.,1.),.PIECEWISE_BEZIER_KNOTS.);
#234=B_SPLINE_CURVE_WITH_KNOTS('',2,(#12884,#12885,#12886),
 .UNSPECIFIED.,.F.,.F.,(3,3),(0.,1.),.PIECEWISE_BEZIER_KNOTS.);
#235=B_SPLINE_CURVE_WITH_KNOTS('',2,(#12888,#12889,#12890),
 .UNSPECIFIED.,.F.,.F.,(3,3),(0.,1.),.PIECEWISE_BEZIER_KNOTS.);
#236=B_SPLINE_CURVE_WITH_KNOTS('',2,(#12892,#12893,#12894),
 .UNSPECIFIED.,.F.,.F.,(3,3),(0.,1.),.PIECEWISE_BEZIER_KNOTS.);
#237=B_SPLINE_CURVE_WITH_KNOTS('',2,(#12898,#12899,#12900),
 .UNSPECIFIED.,.F.,.F.,(3,3),(0.,1.),.PIECEWISE_BEZIER_KNOTS.);
#238=B_SPLINE_CURVE_WITH_KNOTS('',2,(#12902,#12903,#12904),
 .UNSPECIFIED.,.F.,.F.,(3,3),(0.,1.),.PIECEWISE_BEZIER_KNOTS.);
#239=B_SPLINE_CURVE_WITH_KNOTS('',2,(#12906,#12907,#12908),
 .UNSPECIFIED.,.F.,.F.,(3,3),(0.,1.),.PIECEWISE_BEZIER_KNOTS.);
#240=B_SPLINE_CURVE_WITH_KNOTS('',2,(#12910,#12911,#12912),
 .UNSPECIFIED.,.F.,.F.,(3,3),(0.,1.),.PIECEWISE_BEZIER_KNOTS.);
#241=B_SPLINE_CURVE_WITH_KNOTS('',2,(#12914,#12915,#12916),
 .UNSPECIFIED.,.F.,.F.,(3,3),(0.,1.),.PIECEWISE_BEZIER_KNOTS.);
#242=B_SPLINE_CURVE_WITH_KNOTS('',2,(#12918,#12919,#12920),
 .UNSPECIFIED.,.F.,.F.,(3,3),(0.,1.),.PIECEWISE_BEZIER_KNOTS.);
#243=B_SPLINE_CURVE_WITH_KNOTS('',2,(#12922,#12923,#12924),
 .UNSPECIFIED.,.F.,.F.,(3,3),(0.,1.),.PIECEWISE_BEZIER_KNOTS.);
#244=B_SPLINE_CURVE_WITH_KNOTS('',2,(#12934,#12935,#12936),
 .UNSPECIFIED.,.F.,.F.,(3,3),(0.,1.),.PIECEWISE_BEZIER_KNOTS.);
#245=B_SPLINE_CURVE_WITH_KNOTS('',2,(#12962,#12963,#12964),
 .UNSPECIFIED.,.F.,.F.,(3,3),(0.,1.),.PIECEWISE_BEZIER_KNOTS.);
#246=B_SPLINE_CURVE_WITH_KNOTS('',2,(#12969,#12970,#12971),
 .UNSPECIFIED.,.F.,.F.,(3,3),(0.,1.),.PIECEWISE_BEZIER_KNOTS.);
#247=B_SPLINE_CURVE_WITH_KNOTS('',2,(#12974,#12975,#12976),
 .UNSPECIFIED.,.F.,.F.,(3,3),(0.,1.),.PIECEWISE_BEZIER_KNOTS.);
#248=B_SPLINE_CURVE_WITH_KNOTS('',2,(#12978,#12979,#12980),
 .UNSPECIFIED.,.F.,.F.,(3,3),(0.,1.),.PIECEWISE_BEZIER_KNOTS.);
#249=B_SPLINE_CURVE_WITH_KNOTS('',2,(#12982,#12983,#12984),
 .UNSPECIFIED.,.F.,.F.,(3,3),(0.,1.),.PIECEWISE_BEZIER_KNOTS.);
#250=B_SPLINE_CURVE_WITH_KNOTS('',2,(#12992,#12993,#12994),
 .UNSPECIFIED.,.F.,.F.,(3,3),(0.,1.),.PIECEWISE_BEZIER_KNOTS.);
#251=B_SPLINE_CURVE_WITH_KNOTS('',2,(#12996,#12997,#12998),
 .UNSPECIFIED.,.F.,.F.,(3,3),(0.,1.),.PIECEWISE_BEZIER_KNOTS.);
#252=B_SPLINE_CURVE_WITH_KNOTS('',2,(#13000,#13001,#13002),
 .UNSPECIFIED.,.F.,.F.,(3,3),(0.,1.),.PIECEWISE_BEZIER_KNOTS.);
#253=B_SPLINE_CURVE_WITH_KNOTS('',2,(#13004,#13005,#13006),
 .UNSPECIFIED.,.F.,.F.,(3,3),(0.,1.),.PIECEWISE_BEZIER_KNOTS.);
#254=B_SPLINE_CURVE_WITH_KNOTS('',2,(#13008,#13009,#13010),
 .UNSPECIFIED.,.F.,.F.,(3,3),(0.,1.),.PIECEWISE_BEZIER_KNOTS.);
#255=B_SPLINE_CURVE_WITH_KNOTS('',2,(#13012,#13013,#13014),
 .UNSPECIFIED.,.F.,.F.,(3,3),(0.,1.),.PIECEWISE_BEZIER_KNOTS.);
#256=B_SPLINE_CURVE_WITH_KNOTS('',2,(#13016,#13017,#13018),
 .UNSPECIFIED.,.F.,.F.,(3,3),(0.,1.),.PIECEWISE_BEZIER_KNOTS.);
#257=B_SPLINE_CURVE_WITH_KNOTS('',2,(#13020,#13021,#13022),
 .UNSPECIFIED.,.F.,.F.,(3,3),(0.,1.),.PIECEWISE_BEZIER_KNOTS.);
#258=B_SPLINE_CURVE_WITH_KNOTS('',2,(#13024,#13025,#13026),
 .UNSPECIFIED.,.F.,.F.,(3,3),(0.,1.),.PIECEWISE_BEZIER_KNOTS.);
#259=B_SPLINE_CURVE_WITH_KNOTS('',2,(#13028,#13029,#13030),
 .UNSPECIFIED.,.F.,.F.,(3,3),(0.,1.),.PIECEWISE_BEZIER_KNOTS.);
#260=B_SPLINE_CURVE_WITH_KNOTS('',2,(#13034,#13035,#13036),
 .UNSPECIFIED.,.F.,.F.,(3,3),(0.,1.),.PIECEWISE_BEZIER_KNOTS.);
#261=B_SPLINE_CURVE_WITH_KNOTS('',2,(#13038,#13039,#13040),
 .UNSPECIFIED.,.F.,.F.,(3,3),(0.,1.),.PIECEWISE_BEZIER_KNOTS.);
#262=B_SPLINE_CURVE_WITH_KNOTS('',2,(#13042,#13043,#13044),
 .UNSPECIFIED.,.F.,.F.,(3,3),(0.,1.),.PIECEWISE_BEZIER_KNOTS.);
#263=B_SPLINE_CURVE_WITH_KNOTS('',2,(#13046,#13047,#13048),
 .UNSPECIFIED.,.F.,.F.,(3,3),(0.,1.),.PIECEWISE_BEZIER_KNOTS.);
#264=B_SPLINE_CURVE_WITH_KNOTS('',2,(#13050,#13051,#13052),
 .UNSPECIFIED.,.F.,.F.,(3,3),(0.,1.),.PIECEWISE_BEZIER_KNOTS.);
#265=B_SPLINE_CURVE_WITH_KNOTS('',2,(#13054,#13055,#13056),
 .UNSPECIFIED.,.F.,.F.,(3,3),(0.,1.),.PIECEWISE_BEZIER_KNOTS.);
#266=B_SPLINE_CURVE_WITH_KNOTS('',2,(#13058,#13059,#13060),
 .UNSPECIFIED.,.F.,.F.,(3,3),(0.,1.),.PIECEWISE_BEZIER_KNOTS.);
#267=B_SPLINE_CURVE_WITH_KNOTS('',2,(#13066,#13067,#13068),
 .UNSPECIFIED.,.F.,.F.,(3,3),(0.,1.),.PIECEWISE_BEZIER_KNOTS.);
#268=B_SPLINE_CURVE_WITH_KNOTS('',2,(#13070,#13071,#13072),
 .UNSPECIFIED.,.F.,.F.,(3,3),(0.,1.),.PIECEWISE_BEZIER_KNOTS.);
#269=B_SPLINE_CURVE_WITH_KNOTS('',2,(#13074,#13075,#13076),
 .UNSPECIFIED.,.F.,.F.,(3,3),(0.,1.),.PIECEWISE_BEZIER_KNOTS.);
#270=B_SPLINE_CURVE_WITH_KNOTS('',2,(#13078,#13079,#13080),
 .UNSPECIFIED.,.F.,.F.,(3,3),(0.,1.),.PIECEWISE_BEZIER_KNOTS.);
#271=B_SPLINE_CURVE_WITH_KNOTS('',2,(#13084,#13085,#13086),
 .UNSPECIFIED.,.F.,.F.,(3,3),(0.,1.),.PIECEWISE_BEZIER_KNOTS.);
#272=B_SPLINE_CURVE_WITH_KNOTS('',2,(#13088,#13089,#13090),
 .UNSPECIFIED.,.F.,.F.,(3,3),(0.,1.),.PIECEWISE_BEZIER_KNOTS.);
#273=B_SPLINE_CURVE_WITH_KNOTS('',2,(#13092,#13093,#13094),
 .UNSPECIFIED.,.F.,.F.,(3,3),(0.,1.),.PIECEWISE_BEZIER_KNOTS.);
#274=B_SPLINE_CURVE_WITH_KNOTS('',2,(#13100,#13101,#13102),
 .UNSPECIFIED.,.F.,.F.,(3,3),(0.,1.),.PIECEWISE_BEZIER_KNOTS.);
#275=B_SPLINE_CURVE_WITH_KNOTS('',2,(#13129,#13130,#13131),
 .UNSPECIFIED.,.F.,.F.,(3,3),(0.,1.),.PIECEWISE_BEZIER_KNOTS.);
#276=B_SPLINE_CURVE_WITH_KNOTS('',2,(#13134,#13135,#13136),
 .UNSPECIFIED.,.F.,.F.,(3,3),(0.,1.),.PIECEWISE_BEZIER_KNOTS.);
#277=B_SPLINE_CURVE_WITH_KNOTS('',2,(#13138,#13139,#13140),
 .UNSPECIFIED.,.F.,.F.,(3,3),(0.,1.),.PIECEWISE_BEZIER_KNOTS.);
#278=B_SPLINE_CURVE_WITH_KNOTS('',2,(#13142,#13143,#13144),
 .UNSPECIFIED.,.F.,.F.,(3,3),(0.,1.),.PIECEWISE_BEZIER_KNOTS.);
#279=B_SPLINE_CURVE_WITH_KNOTS('',2,(#13146,#13147,#13148),
 .UNSPECIFIED.,.F.,.F.,(3,3),(0.,1.),.PIECEWISE_BEZIER_KNOTS.);
#280=B_SPLINE_CURVE_WITH_KNOTS('',2,(#13150,#13151,#13152),
 .UNSPECIFIED.,.F.,.F.,(3,3),(0.,1.),.PIECEWISE_BEZIER_KNOTS.);
#281=B_SPLINE_CURVE_WITH_KNOTS('',2,(#13154,#13155,#13156),
 .UNSPECIFIED.,.F.,.F.,(3,3),(0.,1.),.PIECEWISE_BEZIER_KNOTS.);
#282=B_SPLINE_CURVE_WITH_KNOTS('',2,(#13162,#13163,#13164),
 .UNSPECIFIED.,.F.,.F.,(3,3),(0.,1.),.PIECEWISE_BEZIER_KNOTS.);
#283=B_SPLINE_CURVE_WITH_KNOTS('',2,(#13166,#13167,#13168),
 .UNSPECIFIED.,.F.,.F.,(3,3),(0.,1.),.PIECEWISE_BEZIER_KNOTS.);
#284=B_SPLINE_CURVE_WITH_KNOTS('',2,(#13180,#13181,#13182),
 .UNSPECIFIED.,.F.,.F.,(3,3),(0.,1.),.PIECEWISE_BEZIER_KNOTS.);
#285=B_SPLINE_CURVE_WITH_KNOTS('',2,(#13184,#13185,#13186),
 .UNSPECIFIED.,.F.,.F.,(3,3),(0.,1.),.PIECEWISE_BEZIER_KNOTS.);
#286=B_SPLINE_CURVE_WITH_KNOTS('',2,(#13188,#13189,#13190),
 .UNSPECIFIED.,.F.,.F.,(3,3),(0.,1.),.PIECEWISE_BEZIER_KNOTS.);
#287=B_SPLINE_CURVE_WITH_KNOTS('',2,(#13192,#13193,#13194),
 .UNSPECIFIED.,.F.,.F.,(3,3),(0.,1.),.PIECEWISE_BEZIER_KNOTS.);
#288=B_SPLINE_CURVE_WITH_KNOTS('',2,(#13210,#13211,#13212),
 .UNSPECIFIED.,.F.,.F.,(3,3),(0.,1.),.PIECEWISE_BEZIER_KNOTS.);
#289=B_SPLINE_CURVE_WITH_KNOTS('',2,(#13214,#13215,#13216),
 .UNSPECIFIED.,.F.,.F.,(3,3),(0.,1.),.PIECEWISE_BEZIER_KNOTS.);
#290=B_SPLINE_CURVE_WITH_KNOTS('',2,(#13218,#13219,#13220),
 .UNSPECIFIED.,.F.,.F.,(3,3),(0.,1.),.PIECEWISE_BEZIER_KNOTS.);
#291=B_SPLINE_CURVE_WITH_KNOTS('',2,(#13231,#13232,#13233),
 .UNSPECIFIED.,.F.,.F.,(3,3),(0.,1.),.PIECEWISE_BEZIER_KNOTS.);
#292=B_SPLINE_CURVE_WITH_KNOTS('',2,(#13236,#13237,#13238),
 .UNSPECIFIED.,.F.,.F.,(3,3),(0.,1.),.PIECEWISE_BEZIER_KNOTS.);
#293=B_SPLINE_CURVE_WITH_KNOTS('',2,(#13244,#13245,#13246),
 .UNSPECIFIED.,.F.,.F.,(3,3),(0.,1.),.PIECEWISE_BEZIER_KNOTS.);
#294=B_SPLINE_CURVE_WITH_KNOTS('',2,(#13248,#13249,#13250),
 .UNSPECIFIED.,.F.,.F.,(3,3),(0.,1.),.PIECEWISE_BEZIER_KNOTS.);
#295=B_SPLINE_CURVE_WITH_KNOTS('',2,(#13268,#13269,#13270),
 .UNSPECIFIED.,.F.,.F.,(3,3),(0.,1.),.PIECEWISE_BEZIER_KNOTS.);
#296=B_SPLINE_CURVE_WITH_KNOTS('',2,(#13272,#13273,#13274),
 .UNSPECIFIED.,.F.,.F.,(3,3),(0.,1.),.PIECEWISE_BEZIER_KNOTS.);
#297=B_SPLINE_CURVE_WITH_KNOTS('',2,(#13276,#13277,#13278),
 .UNSPECIFIED.,.F.,.F.,(3,3),(0.,1.),.PIECEWISE_BEZIER_KNOTS.);
#298=B_SPLINE_CURVE_WITH_KNOTS('',2,(#13280,#13281,#13282),
 .UNSPECIFIED.,.F.,.F.,(3,3),(0.,1.),.PIECEWISE_BEZIER_KNOTS.);
#299=B_SPLINE_CURVE_WITH_KNOTS('',2,(#13284,#13285,#13286),
 .UNSPECIFIED.,.F.,.F.,(3,3),(0.,1.),.PIECEWISE_BEZIER_KNOTS.);
#300=B_SPLINE_CURVE_WITH_KNOTS('',2,(#13288,#13289,#13290),
 .UNSPECIFIED.,.F.,.F.,(3,3),(0.,1.),.PIECEWISE_BEZIER_KNOTS.);
#301=B_SPLINE_CURVE_WITH_KNOTS('',2,(#13311,#13312,#13313),
 .UNSPECIFIED.,.F.,.F.,(3,3),(0.,1.),.PIECEWISE_BEZIER_KNOTS.);
#302=B_SPLINE_CURVE_WITH_KNOTS('',2,(#13316,#13317,#13318),
 .UNSPECIFIED.,.F.,.F.,(3,3),(0.,1.),.PIECEWISE_BEZIER_KNOTS.);
#303=B_SPLINE_CURVE_WITH_KNOTS('',2,(#13320,#13321,#13322),
 .UNSPECIFIED.,.F.,.F.,(3,3),(0.,1.),.PIECEWISE_BEZIER_KNOTS.);
#304=B_SPLINE_CURVE_WITH_KNOTS('',2,(#13324,#13325,#13326),
 .UNSPECIFIED.,.F.,.F.,(3,3),(0.,1.),.PIECEWISE_BEZIER_KNOTS.);
#305=B_SPLINE_CURVE_WITH_KNOTS('',2,(#13328,#13329,#13330),
 .UNSPECIFIED.,.F.,.F.,(3,3),(0.,1.),.PIECEWISE_BEZIER_KNOTS.);
#306=B_SPLINE_CURVE_WITH_KNOTS('',2,(#13332,#13333,#13334),
 .UNSPECIFIED.,.F.,.F.,(3,3),(0.,1.),.PIECEWISE_BEZIER_KNOTS.);
#307=B_SPLINE_CURVE_WITH_KNOTS('',2,(#13350,#13351,#13352),
 .UNSPECIFIED.,.F.,.F.,(3,3),(0.,1.),.PIECEWISE_BEZIER_KNOTS.);
#308=B_SPLINE_CURVE_WITH_KNOTS('',2,(#13354,#13355,#13356),
 .UNSPECIFIED.,.F.,.F.,(3,3),(0.,1.),.PIECEWISE_BEZIER_KNOTS.);
#309=B_SPLINE_CURVE_WITH_KNOTS('',2,(#13358,#13359,#13360),
 .UNSPECIFIED.,.F.,.F.,(3,3),(0.,1.),.PIECEWISE_BEZIER_KNOTS.);
#310=B_SPLINE_CURVE_WITH_KNOTS('',2,(#13362,#13363,#13364),
 .UNSPECIFIED.,.F.,.F.,(3,3),(0.,1.),.PIECEWISE_BEZIER_KNOTS.);
#311=B_SPLINE_CURVE_WITH_KNOTS('',2,(#13368,#13369,#13370),
 .UNSPECIFIED.,.F.,.F.,(3,3),(0.,1.),.PIECEWISE_BEZIER_KNOTS.);
#312=B_SPLINE_CURVE_WITH_KNOTS('',2,(#13372,#13373,#13374),
 .UNSPECIFIED.,.F.,.F.,(3,3),(0.,1.),.PIECEWISE_BEZIER_KNOTS.);
#313=B_SPLINE_CURVE_WITH_KNOTS('',2,(#13376,#13377,#13378),
 .UNSPECIFIED.,.F.,.F.,(3,3),(0.,1.),.PIECEWISE_BEZIER_KNOTS.);
#314=B_SPLINE_CURVE_WITH_KNOTS('',2,(#13388,#13389,#13390),
 .UNSPECIFIED.,.F.,.F.,(3,3),(0.,1.),.PIECEWISE_BEZIER_KNOTS.);
#315=B_SPLINE_CURVE_WITH_KNOTS('',2,(#13392,#13393,#13394),
 .UNSPECIFIED.,.F.,.F.,(3,3),(0.,1.),.PIECEWISE_BEZIER_KNOTS.);
#316=B_SPLINE_CURVE_WITH_KNOTS('',2,(#13396,#13397,#13398),
 .UNSPECIFIED.,.F.,.F.,(3,3),(0.,1.),.PIECEWISE_BEZIER_KNOTS.);
#317=B_SPLINE_CURVE_WITH_KNOTS('',2,(#13400,#13401,#13402),
 .UNSPECIFIED.,.F.,.F.,(3,3),(0.,1.),.PIECEWISE_BEZIER_KNOTS.);
#318=B_SPLINE_CURVE_WITH_KNOTS('',2,(#13404,#13405,#13406),
 .UNSPECIFIED.,.F.,.F.,(3,3),(0.,1.),.PIECEWISE_BEZIER_KNOTS.);
#319=B_SPLINE_CURVE_WITH_KNOTS('',2,(#13412,#13413,#13414),
 .UNSPECIFIED.,.F.,.F.,(3,3),(0.,1.),.PIECEWISE_BEZIER_KNOTS.);
#320=B_SPLINE_CURVE_WITH_KNOTS('',2,(#13416,#13417,#13418),
 .UNSPECIFIED.,.F.,.F.,(3,3),(0.,1.),.PIECEWISE_BEZIER_KNOTS.);
#321=B_SPLINE_CURVE_WITH_KNOTS('',2,(#13420,#13421,#13422),
 .UNSPECIFIED.,.F.,.F.,(3,3),(0.,1.),.PIECEWISE_BEZIER_KNOTS.);
#322=B_SPLINE_CURVE_WITH_KNOTS('',2,(#13430,#13431,#13432),
 .UNSPECIFIED.,.F.,.F.,(3,3),(0.,1.),.PIECEWISE_BEZIER_KNOTS.);
#323=B_SPLINE_CURVE_WITH_KNOTS('',2,(#13434,#13435,#13436),
 .UNSPECIFIED.,.F.,.F.,(3,3),(0.,1.),.PIECEWISE_BEZIER_KNOTS.);
#324=B_SPLINE_CURVE_WITH_KNOTS('',2,(#13439,#13440,#13441),
 .UNSPECIFIED.,.F.,.F.,(3,3),(0.,1.),.PIECEWISE_BEZIER_KNOTS.);
#325=B_SPLINE_CURVE_WITH_KNOTS('',2,(#13444,#13445,#13446),
 .UNSPECIFIED.,.F.,.F.,(3,3),(0.,1.),.PIECEWISE_BEZIER_KNOTS.);
#326=B_SPLINE_CURVE_WITH_KNOTS('',2,(#13448,#13449,#13450),
 .UNSPECIFIED.,.F.,.F.,(3,3),(0.,1.),.PIECEWISE_BEZIER_KNOTS.);
#327=B_SPLINE_CURVE_WITH_KNOTS('',2,(#13452,#13453,#13454),
 .UNSPECIFIED.,.F.,.F.,(3,3),(0.,1.),.PIECEWISE_BEZIER_KNOTS.);
#328=B_SPLINE_CURVE_WITH_KNOTS('',2,(#13456,#13457,#13458),
 .UNSPECIFIED.,.F.,.F.,(3,3),(0.,1.),.PIECEWISE_BEZIER_KNOTS.);
#329=B_SPLINE_CURVE_WITH_KNOTS('',2,(#13484,#13485,#13486),
 .UNSPECIFIED.,.F.,.F.,(3,3),(0.,1.),.PIECEWISE_BEZIER_KNOTS.);
#330=B_SPLINE_CURVE_WITH_KNOTS('',2,(#13488,#13489,#13490),
 .UNSPECIFIED.,.F.,.F.,(3,3),(0.,1.),.PIECEWISE_BEZIER_KNOTS.);
#331=B_SPLINE_CURVE_WITH_KNOTS('',2,(#13492,#13493,#13494),
 .UNSPECIFIED.,.F.,.F.,(3,3),(0.,1.),.PIECEWISE_BEZIER_KNOTS.);
#332=B_SPLINE_CURVE_WITH_KNOTS('',2,(#13496,#13497,#13498),
 .UNSPECIFIED.,.F.,.F.,(3,3),(0.,1.),.PIECEWISE_BEZIER_KNOTS.);
#333=B_SPLINE_CURVE_WITH_KNOTS('',2,(#13514,#13515,#13516),
 .UNSPECIFIED.,.F.,.F.,(3,3),(0.,1.),.PIECEWISE_BEZIER_KNOTS.);
#334=B_SPLINE_CURVE_WITH_KNOTS('',2,(#13518,#13519,#13520),
 .UNSPECIFIED.,.F.,.F.,(3,3),(0.,1.),.PIECEWISE_BEZIER_KNOTS.);
#335=B_SPLINE_CURVE_WITH_KNOTS('',2,(#13522,#13523,#13524),
 .UNSPECIFIED.,.F.,.F.,(3,3),(0.,1.),.PIECEWISE_BEZIER_KNOTS.);
#336=B_SPLINE_CURVE_WITH_KNOTS('',2,(#13535,#13536,#13537),
 .UNSPECIFIED.,.F.,.F.,(3,3),(0.,1.),.PIECEWISE_BEZIER_KNOTS.);
#337=B_SPLINE_CURVE_WITH_KNOTS('',2,(#13540,#13541,#13542),
 .UNSPECIFIED.,.F.,.F.,(3,3),(0.,1.),.PIECEWISE_BEZIER_KNOTS.);
#338=B_SPLINE_CURVE_WITH_KNOTS('',2,(#13544,#13545,#13546),
 .UNSPECIFIED.,.F.,.F.,(3,3),(0.,1.),.PIECEWISE_BEZIER_KNOTS.);
#339=B_SPLINE_CURVE_WITH_KNOTS('',2,(#13548,#13549,#13550),
 .UNSPECIFIED.,.F.,.F.,(3,3),(0.,1.),.PIECEWISE_BEZIER_KNOTS.);
#340=B_SPLINE_CURVE_WITH_KNOTS('',2,(#13552,#13553,#13554),
 .UNSPECIFIED.,.F.,.F.,(3,3),(0.,1.),.PIECEWISE_BEZIER_KNOTS.);
#341=B_SPLINE_CURVE_WITH_KNOTS('',2,(#13556,#13557,#13558),
 .UNSPECIFIED.,.F.,.F.,(3,3),(0.,1.),.PIECEWISE_BEZIER_KNOTS.);
#342=B_SPLINE_CURVE_WITH_KNOTS('',2,(#13562,#13563,#13564),
 .UNSPECIFIED.,.F.,.F.,(3,3),(0.,1.),.PIECEWISE_BEZIER_KNOTS.);
#343=B_SPLINE_CURVE_WITH_KNOTS('',2,(#13566,#13567,#13568),
 .UNSPECIFIED.,.F.,.F.,(3,3),(0.,1.),.PIECEWISE_BEZIER_KNOTS.);
#344=B_SPLINE_CURVE_WITH_KNOTS('',2,(#13570,#13571,#13572),
 .UNSPECIFIED.,.F.,.F.,(3,3),(0.,1.),.PIECEWISE_BEZIER_KNOTS.);
#345=B_SPLINE_CURVE_WITH_KNOTS('',2,(#13574,#13575,#13576),
 .UNSPECIFIED.,.F.,.F.,(3,3),(0.,1.),.PIECEWISE_BEZIER_KNOTS.);
#346=B_SPLINE_CURVE_WITH_KNOTS('',2,(#13578,#13579,#13580),
 .UNSPECIFIED.,.F.,.F.,(3,3),(0.,1.),.PIECEWISE_BEZIER_KNOTS.);
#347=B_SPLINE_CURVE_WITH_KNOTS('',2,(#13582,#13583,#13584),
 .UNSPECIFIED.,.F.,.F.,(3,3),(0.,1.),.PIECEWISE_BEZIER_KNOTS.);
#348=B_SPLINE_CURVE_WITH_KNOTS('',2,(#13586,#13587,#13588),
 .UNSPECIFIED.,.F.,.F.,(3,3),(0.,1.),.PIECEWISE_BEZIER_KNOTS.);
#349=B_SPLINE_CURVE_WITH_KNOTS('',2,(#13594,#13595,#13596),
 .UNSPECIFIED.,.F.,.F.,(3,3),(0.,1.),.PIECEWISE_BEZIER_KNOTS.);
#350=B_SPLINE_CURVE_WITH_KNOTS('',2,(#13623,#13624,#13625),
 .UNSPECIFIED.,.F.,.F.,(3,3),(0.,1.),.PIECEWISE_BEZIER_KNOTS.);
#351=B_SPLINE_CURVE_WITH_KNOTS('',2,(#13628,#13629,#13630),
 .UNSPECIFIED.,.F.,.F.,(3,3),(0.,1.),.PIECEWISE_BEZIER_KNOTS.);
#352=B_SPLINE_CURVE_WITH_KNOTS('',2,(#13632,#13633,#13634),
 .UNSPECIFIED.,.F.,.F.,(3,3),(0.,1.),.PIECEWISE_BEZIER_KNOTS.);
#353=B_SPLINE_CURVE_WITH_KNOTS('',2,(#13636,#13637,#13638),
 .UNSPECIFIED.,.F.,.F.,(3,3),(0.,1.),.PIECEWISE_BEZIER_KNOTS.);
#354=B_SPLINE_CURVE_WITH_KNOTS('',2,(#13640,#13641,#13642),
 .UNSPECIFIED.,.F.,.F.,(3,3),(0.,1.),.PIECEWISE_BEZIER_KNOTS.);
#355=B_SPLINE_CURVE_WITH_KNOTS('',2,(#13646,#13647,#13648),
 .UNSPECIFIED.,.F.,.F.,(3,3),(0.,1.),.PIECEWISE_BEZIER_KNOTS.);
#356=B_SPLINE_CURVE_WITH_KNOTS('',2,(#13656,#13657,#13658),
 .UNSPECIFIED.,.F.,.F.,(3,3),(0.,1.),.PIECEWISE_BEZIER_KNOTS.);
#357=B_SPLINE_CURVE_WITH_KNOTS('',2,(#13660,#13661,#13662),
 .UNSPECIFIED.,.F.,.F.,(3,3),(0.,1.),.PIECEWISE_BEZIER_KNOTS.);
#358=B_SPLINE_CURVE_WITH_KNOTS('',2,(#13664,#13665,#13666),
 .UNSPECIFIED.,.F.,.F.,(3,3),(0.,1.),.PIECEWISE_BEZIER_KNOTS.);
#359=B_SPLINE_CURVE_WITH_KNOTS('',2,(#13668,#13669,#13670),
 .UNSPECIFIED.,.F.,.F.,(3,3),(0.,1.),.PIECEWISE_BEZIER_KNOTS.);
#360=B_SPLINE_CURVE_WITH_KNOTS('',2,(#13982,#13983,#13984),
 .UNSPECIFIED.,.F.,.F.,(3,3),(0.,1.),.PIECEWISE_BEZIER_KNOTS.);
#361=B_SPLINE_CURVE_WITH_KNOTS('',2,(#13995,#13996,#13997),
 .UNSPECIFIED.,.F.,.F.,(3,3),(0.,1.),.PIECEWISE_BEZIER_KNOTS.);
#362=B_SPLINE_CURVE_WITH_KNOTS('',2,(#14008,#14009,#14010),
 .UNSPECIFIED.,.F.,.F.,(3,3),(0.,1.),.PIECEWISE_BEZIER_KNOTS.);
#363=B_SPLINE_CURVE_WITH_KNOTS('',2,(#14021,#14022,#14023),
 .UNSPECIFIED.,.F.,.F.,(3,3),(0.,1.),.PIECEWISE_BEZIER_KNOTS.);
#364=B_SPLINE_CURVE_WITH_KNOTS('',2,(#14034,#14035,#14036),
 .UNSPECIFIED.,.F.,.F.,(3,3),(0.,1.),.PIECEWISE_BEZIER_KNOTS.);
#365=B_SPLINE_CURVE_WITH_KNOTS('',2,(#14051,#14052,#14053),
 .UNSPECIFIED.,.F.,.F.,(3,3),(0.,1.),.PIECEWISE_BEZIER_KNOTS.);
#366=B_SPLINE_CURVE_WITH_KNOTS('',2,(#14076,#14077,#14078),
 .UNSPECIFIED.,.F.,.F.,(3,3),(0.,1.),.PIECEWISE_BEZIER_KNOTS.);
#367=B_SPLINE_CURVE_WITH_KNOTS('',2,(#14089,#14090,#14091),
 .UNSPECIFIED.,.F.,.F.,(3,3),(0.,1.),.PIECEWISE_BEZIER_KNOTS.);
#368=B_SPLINE_CURVE_WITH_KNOTS('',2,(#14102,#14103,#14104),
 .UNSPECIFIED.,.F.,.F.,(3,3),(0.,1.),.PIECEWISE_BEZIER_KNOTS.);
#369=B_SPLINE_CURVE_WITH_KNOTS('',2,(#14115,#14116,#14117),
 .UNSPECIFIED.,.F.,.F.,(3,3),(0.,1.),.PIECEWISE_BEZIER_KNOTS.);
#370=B_SPLINE_CURVE_WITH_KNOTS('',2,(#14134,#14135,#14136),
 .UNSPECIFIED.,.F.,.F.,(3,3),(0.,1.),.PIECEWISE_BEZIER_KNOTS.);
#371=B_SPLINE_CURVE_WITH_KNOTS('',2,(#14197,#14198,#14199),
 .UNSPECIFIED.,.F.,.F.,(3,3),(0.,1.),.PIECEWISE_BEZIER_KNOTS.);
#372=B_SPLINE_CURVE_WITH_KNOTS('',2,(#14210,#14211,#14212),
 .UNSPECIFIED.,.F.,.F.,(3,3),(0.,1.),.PIECEWISE_BEZIER_KNOTS.);
#373=B_SPLINE_CURVE_WITH_KNOTS('',2,(#14223,#14224,#14225),
 .UNSPECIFIED.,.F.,.F.,(3,3),(0.,1.),.PIECEWISE_BEZIER_KNOTS.);
#374=B_SPLINE_CURVE_WITH_KNOTS('',2,(#14236,#14237,#14238),
 .UNSPECIFIED.,.F.,.F.,(3,3),(0.,1.),.PIECEWISE_BEZIER_KNOTS.);
#375=B_SPLINE_CURVE_WITH_KNOTS('',2,(#14249,#14250,#14251),
 .UNSPECIFIED.,.F.,.F.,(3,3),(0.,1.),.PIECEWISE_BEZIER_KNOTS.);
#376=B_SPLINE_CURVE_WITH_KNOTS('',2,(#14262,#14263,#14264),
 .UNSPECIFIED.,.F.,.F.,(3,3),(0.,1.),.PIECEWISE_BEZIER_KNOTS.);
#377=B_SPLINE_CURVE_WITH_KNOTS('',2,(#14279,#14280,#14281),
 .UNSPECIFIED.,.F.,.F.,(3,3),(0.,1.),.PIECEWISE_BEZIER_KNOTS.);
#378=B_SPLINE_CURVE_WITH_KNOTS('',2,(#14292,#14293,#14294),
 .UNSPECIFIED.,.F.,.F.,(3,3),(0.,1.),.PIECEWISE_BEZIER_KNOTS.);
#379=B_SPLINE_CURVE_WITH_KNOTS('',2,(#14305,#14306,#14307),
 .UNSPECIFIED.,.F.,.F.,(3,3),(0.,1.),.PIECEWISE_BEZIER_KNOTS.);
#380=B_SPLINE_CURVE_WITH_KNOTS('',2,(#14318,#14319,#14320),
 .UNSPECIFIED.,.F.,.F.,(3,3),(0.,1.),.PIECEWISE_BEZIER_KNOTS.);
#381=B_SPLINE_CURVE_WITH_KNOTS('',2,(#14331,#14332,#14333),
 .UNSPECIFIED.,.F.,.F.,(3,3),(0.,1.),.PIECEWISE_BEZIER_KNOTS.);
#382=B_SPLINE_CURVE_WITH_KNOTS('',2,(#14344,#14345,#14346),
 .UNSPECIFIED.,.F.,.F.,(3,3),(0.,1.),.PIECEWISE_BEZIER_KNOTS.);
#383=B_SPLINE_CURVE_WITH_KNOTS('',2,(#14357,#14358,#14359),
 .UNSPECIFIED.,.F.,.F.,(3,3),(0.,1.),.PIECEWISE_BEZIER_KNOTS.);
#384=B_SPLINE_CURVE_WITH_KNOTS('',2,(#14394,#14395,#14396),
 .UNSPECIFIED.,.F.,.F.,(3,3),(0.,1.),.PIECEWISE_BEZIER_KNOTS.);
#385=B_SPLINE_CURVE_WITH_KNOTS('',2,(#14407,#14408,#14409),
 .UNSPECIFIED.,.F.,.F.,(3,3),(0.,1.),.PIECEWISE_BEZIER_KNOTS.);
#386=B_SPLINE_CURVE_WITH_KNOTS('',2,(#14420,#14421,#14422),
 .UNSPECIFIED.,.F.,.F.,(3,3),(0.,1.),.PIECEWISE_BEZIER_KNOTS.);
#387=B_SPLINE_CURVE_WITH_KNOTS('',2,(#14433,#14434,#14435),
 .UNSPECIFIED.,.F.,.F.,(3,3),(0.,1.),.PIECEWISE_BEZIER_KNOTS.);
#388=B_SPLINE_CURVE_WITH_KNOTS('',2,(#14474,#14475,#14476),
 .UNSPECIFIED.,.F.,.F.,(3,3),(0.,1.),.PIECEWISE_BEZIER_KNOTS.);
#389=B_SPLINE_CURVE_WITH_KNOTS('',2,(#14487,#14488,#14489),
 .UNSPECIFIED.,.F.,.F.,(3,3),(0.,1.),.PIECEWISE_BEZIER_KNOTS.);
#390=B_SPLINE_CURVE_WITH_KNOTS('',2,(#14500,#14501,#14502),
 .UNSPECIFIED.,.F.,.F.,(3,3),(0.,1.),.PIECEWISE_BEZIER_KNOTS.);
#391=B_SPLINE_CURVE_WITH_KNOTS('',2,(#14515,#14516,#14517),
 .UNSPECIFIED.,.F.,.F.,(3,3),(0.,1.),.PIECEWISE_BEZIER_KNOTS.);
#392=B_SPLINE_CURVE_WITH_KNOTS('',2,(#14528,#14529,#14530),
 .UNSPECIFIED.,.F.,.F.,(3,3),(0.,1.),.PIECEWISE_BEZIER_KNOTS.);
#393=B_SPLINE_CURVE_WITH_KNOTS('',2,(#14541,#14542,#14543),
 .UNSPECIFIED.,.F.,.F.,(3,3),(0.,1.),.PIECEWISE_BEZIER_KNOTS.);
#394=B_SPLINE_CURVE_WITH_KNOTS('',2,(#14554,#14555,#14556),
 .UNSPECIFIED.,.F.,.F.,(3,3),(0.,1.),.PIECEWISE_BEZIER_KNOTS.);
#395=B_SPLINE_CURVE_WITH_KNOTS('',2,(#14567,#14568,#14569),
 .UNSPECIFIED.,.F.,.F.,(3,3),(0.,1.),.PIECEWISE_BEZIER_KNOTS.);
#396=B_SPLINE_CURVE_WITH_KNOTS('',2,(#14630,#14631,#14632),
 .UNSPECIFIED.,.F.,.F.,(3,3),(0.,1.),.PIECEWISE_BEZIER_KNOTS.);
#397=B_SPLINE_CURVE_WITH_KNOTS('',2,(#14643,#14644,#14645),
 .UNSPECIFIED.,.F.,.F.,(3,3),(0.,1.),.PIECEWISE_BEZIER_KNOTS.);
#398=B_SPLINE_CURVE_WITH_KNOTS('',2,(#14656,#14657,#14658),
 .UNSPECIFIED.,.F.,.F.,(3,3),(0.,1.),.PIECEWISE_BEZIER_KNOTS.);
#399=B_SPLINE_CURVE_WITH_KNOTS('',2,(#14669,#14670,#14671),
 .UNSPECIFIED.,.F.,.F.,(3,3),(0.,1.),.PIECEWISE_BEZIER_KNOTS.);
#400=B_SPLINE_CURVE_WITH_KNOTS('',2,(#14682,#14683,#14684),
 .UNSPECIFIED.,.F.,.F.,(3,3),(0.,1.),.PIECEWISE_BEZIER_KNOTS.);
#401=B_SPLINE_CURVE_WITH_KNOTS('',2,(#14703,#14704,#14705),
 .UNSPECIFIED.,.F.,.F.,(3,3),(0.,1.),.PIECEWISE_BEZIER_KNOTS.);
#402=B_SPLINE_CURVE_WITH_KNOTS('',2,(#14716,#14717,#14718),
 .UNSPECIFIED.,.F.,.F.,(3,3),(0.,1.),.PIECEWISE_BEZIER_KNOTS.);
#403=B_SPLINE_CURVE_WITH_KNOTS('',2,(#14729,#14730,#14731),
 .UNSPECIFIED.,.F.,.F.,(3,3),(0.,1.),.PIECEWISE_BEZIER_KNOTS.);
#404=B_SPLINE_CURVE_WITH_KNOTS('',2,(#14754,#14755,#14756),
 .UNSPECIFIED.,.F.,.F.,(3,3),(0.,1.),.PIECEWISE_BEZIER_KNOTS.);
#405=B_SPLINE_CURVE_WITH_KNOTS('',2,(#14767,#14768,#14769),
 .UNSPECIFIED.,.F.,.F.,(3,3),(0.,1.),.PIECEWISE_BEZIER_KNOTS.);
#406=B_SPLINE_CURVE_WITH_KNOTS('',2,(#14790,#14791,#14792),
 .UNSPECIFIED.,.F.,.F.,(3,3),(0.,1.),.PIECEWISE_BEZIER_KNOTS.);
#407=B_SPLINE_CURVE_WITH_KNOTS('',2,(#14803,#14804,#14805),
 .UNSPECIFIED.,.F.,.F.,(3,3),(0.,1.),.PIECEWISE_BEZIER_KNOTS.);
#408=B_SPLINE_CURVE_WITH_KNOTS('',2,(#14816,#14817,#14818),
 .UNSPECIFIED.,.F.,.F.,(3,3),(0.,1.),.PIECEWISE_BEZIER_KNOTS.);
#409=B_SPLINE_CURVE_WITH_KNOTS('',2,(#14829,#14830,#14831),
 .UNSPECIFIED.,.F.,.F.,(3,3),(0.,1.),.PIECEWISE_BEZIER_KNOTS.);
#410=B_SPLINE_CURVE_WITH_KNOTS('',2,(#14846,#14847,#14848),
 .UNSPECIFIED.,.F.,.F.,(3,3),(0.,1.),.PIECEWISE_BEZIER_KNOTS.);
#411=B_SPLINE_CURVE_WITH_KNOTS('',2,(#14859,#14860,#14861),
 .UNSPECIFIED.,.F.,.F.,(3,3),(0.,1.),.PIECEWISE_BEZIER_KNOTS.);
#412=B_SPLINE_CURVE_WITH_KNOTS('',2,(#14872,#14873,#14874),
 .UNSPECIFIED.,.F.,.F.,(3,3),(0.,1.),.PIECEWISE_BEZIER_KNOTS.);
#413=B_SPLINE_CURVE_WITH_KNOTS('',2,(#14901,#14902,#14903),
 .UNSPECIFIED.,.F.,.F.,(3,3),(0.,1.),.PIECEWISE_BEZIER_KNOTS.);
#414=B_SPLINE_CURVE_WITH_KNOTS('',2,(#14914,#14915,#14916),
 .UNSPECIFIED.,.F.,.F.,(3,3),(0.,1.),.PIECEWISE_BEZIER_KNOTS.);
#415=B_SPLINE_CURVE_WITH_KNOTS('',2,(#14927,#14928,#14929),
 .UNSPECIFIED.,.F.,.F.,(3,3),(0.,1.),.PIECEWISE_BEZIER_KNOTS.);
#416=B_SPLINE_CURVE_WITH_KNOTS('',2,(#14940,#14941,#14942),
 .UNSPECIFIED.,.F.,.F.,(3,3),(0.,1.),.PIECEWISE_BEZIER_KNOTS.);
#417=B_SPLINE_CURVE_WITH_KNOTS('',2,(#14953,#14954,#14955),
 .UNSPECIFIED.,.F.,.F.,(3,3),(0.,1.),.PIECEWISE_BEZIER_KNOTS.);
#418=B_SPLINE_CURVE_WITH_KNOTS('',2,(#14966,#14967,#14968),
 .UNSPECIFIED.,.F.,.F.,(3,3),(0.,1.),.PIECEWISE_BEZIER_KNOTS.);
#419=B_SPLINE_CURVE_WITH_KNOTS('',2,(#14989,#14990,#14991),
 .UNSPECIFIED.,.F.,.F.,(3,3),(0.,1.),.PIECEWISE_BEZIER_KNOTS.);
#420=B_SPLINE_CURVE_WITH_KNOTS('',2,(#15002,#15003,#15004),
 .UNSPECIFIED.,.F.,.F.,(3,3),(0.,1.),.PIECEWISE_BEZIER_KNOTS.);
#421=B_SPLINE_CURVE_WITH_KNOTS('',2,(#15015,#15016,#15017),
 .UNSPECIFIED.,.F.,.F.,(3,3),(0.,1.),.PIECEWISE_BEZIER_KNOTS.);
#422=B_SPLINE_CURVE_WITH_KNOTS('',2,(#15028,#15029,#15030),
 .UNSPECIFIED.,.F.,.F.,(3,3),(0.,1.),.PIECEWISE_BEZIER_KNOTS.);
#423=B_SPLINE_CURVE_WITH_KNOTS('',2,(#15041,#15042,#15043),
 .UNSPECIFIED.,.F.,.F.,(3,3),(0.,1.),.PIECEWISE_BEZIER_KNOTS.);
#424=B_SPLINE_CURVE_WITH_KNOTS('',2,(#15054,#15055,#15056),
 .UNSPECIFIED.,.F.,.F.,(3,3),(0.,1.),.PIECEWISE_BEZIER_KNOTS.);
#425=B_SPLINE_CURVE_WITH_KNOTS('',2,(#15107,#15108,#15109),
 .UNSPECIFIED.,.F.,.F.,(3,3),(0.,1.),.PIECEWISE_BEZIER_KNOTS.);
#426=B_SPLINE_CURVE_WITH_KNOTS('',2,(#15120,#15121,#15122),
 .UNSPECIFIED.,.F.,.F.,(3,3),(0.,1.),.PIECEWISE_BEZIER_KNOTS.);
#427=B_SPLINE_CURVE_WITH_KNOTS('',2,(#15141,#15142,#15143),
 .UNSPECIFIED.,.F.,.F.,(3,3),(0.,1.),.PIECEWISE_BEZIER_KNOTS.);
#428=B_SPLINE_CURVE_WITH_KNOTS('',2,(#15154,#15155,#15156),
 .UNSPECIFIED.,.F.,.F.,(3,3),(0.,1.),.PIECEWISE_BEZIER_KNOTS.);
#429=B_SPLINE_CURVE_WITH_KNOTS('',2,(#15195,#15196,#15197),
 .UNSPECIFIED.,.F.,.F.,(3,3),(0.,1.),.PIECEWISE_BEZIER_KNOTS.);
#430=B_SPLINE_CURVE_WITH_KNOTS('',2,(#15208,#15209,#15210),
 .UNSPECIFIED.,.F.,.F.,(3,3),(0.,1.),.PIECEWISE_BEZIER_KNOTS.);
#431=B_SPLINE_CURVE_WITH_KNOTS('',2,(#15221,#15222,#15223),
 .UNSPECIFIED.,.F.,.F.,(3,3),(0.,1.),.PIECEWISE_BEZIER_KNOTS.);
#432=B_SPLINE_CURVE_WITH_KNOTS('',2,(#15234,#15235,#15236),
 .UNSPECIFIED.,.F.,.F.,(3,3),(0.,1.),.PIECEWISE_BEZIER_KNOTS.);
#433=B_SPLINE_CURVE_WITH_KNOTS('',2,(#15275,#15276,#15277),
 .UNSPECIFIED.,.F.,.F.,(3,3),(0.,1.),.PIECEWISE_BEZIER_KNOTS.);
#434=B_SPLINE_CURVE_WITH_KNOTS('',2,(#15288,#15289,#15290),
 .UNSPECIFIED.,.F.,.F.,(3,3),(0.,1.),.PIECEWISE_BEZIER_KNOTS.);
#435=B_SPLINE_CURVE_WITH_KNOTS('',2,(#15301,#15302,#15303),
 .UNSPECIFIED.,.F.,.F.,(3,3),(0.,1.),.PIECEWISE_BEZIER_KNOTS.);
#436=B_SPLINE_CURVE_WITH_KNOTS('',2,(#15316,#15317,#15318),
 .UNSPECIFIED.,.F.,.F.,(3,3),(0.,1.),.PIECEWISE_BEZIER_KNOTS.);
#437=B_SPLINE_CURVE_WITH_KNOTS('',2,(#15329,#15330,#15331),
 .UNSPECIFIED.,.F.,.F.,(3,3),(0.,1.),.PIECEWISE_BEZIER_KNOTS.);
#438=B_SPLINE_CURVE_WITH_KNOTS('',2,(#15342,#15343,#15344),
 .UNSPECIFIED.,.F.,.F.,(3,3),(0.,1.),.PIECEWISE_BEZIER_KNOTS.);
#439=B_SPLINE_CURVE_WITH_KNOTS('',2,(#15355,#15356,#15357),
 .UNSPECIFIED.,.F.,.F.,(3,3),(0.,1.),.PIECEWISE_BEZIER_KNOTS.);
#440=B_SPLINE_CURVE_WITH_KNOTS('',2,(#15368,#15369,#15370),
 .UNSPECIFIED.,.F.,.F.,(3,3),(0.,1.),.PIECEWISE_BEZIER_KNOTS.);
#441=B_SPLINE_CURVE_WITH_KNOTS('',2,(#15381,#15382,#15383),
 .UNSPECIFIED.,.F.,.F.,(3,3),(0.,1.),.PIECEWISE_BEZIER_KNOTS.);
#442=B_SPLINE_CURVE_WITH_KNOTS('',2,(#15394,#15395,#15396),
 .UNSPECIFIED.,.F.,.F.,(3,3),(0.,1.),.PIECEWISE_BEZIER_KNOTS.);
#443=B_SPLINE_CURVE_WITH_KNOTS('',2,(#15415,#15416,#15417),
 .UNSPECIFIED.,.F.,.F.,(3,3),(0.,1.),.PIECEWISE_BEZIER_KNOTS.);
#444=B_SPLINE_CURVE_WITH_KNOTS('',2,(#15428,#15429,#15430),
 .UNSPECIFIED.,.F.,.F.,(3,3),(0.,1.),.PIECEWISE_BEZIER_KNOTS.);
#445=B_SPLINE_CURVE_WITH_KNOTS('',2,(#15455,#15456,#15457),
 .UNSPECIFIED.,.F.,.F.,(3,3),(0.,1.),.PIECEWISE_BEZIER_KNOTS.);
#446=B_SPLINE_CURVE_WITH_KNOTS('',2,(#15526,#15527,#15528),
 .UNSPECIFIED.,.F.,.F.,(3,3),(0.,1.),.PIECEWISE_BEZIER_KNOTS.);
#447=B_SPLINE_CURVE_WITH_KNOTS('',2,(#15539,#15540,#15541),
 .UNSPECIFIED.,.F.,.F.,(3,3),(0.,1.),.PIECEWISE_BEZIER_KNOTS.);
#448=B_SPLINE_CURVE_WITH_KNOTS('',2,(#15552,#15553,#15554),
 .UNSPECIFIED.,.F.,.F.,(3,3),(0.,1.),.PIECEWISE_BEZIER_KNOTS.);
#449=B_SPLINE_CURVE_WITH_KNOTS('',2,(#15565,#15566,#15567),
 .UNSPECIFIED.,.F.,.F.,(3,3),(0.,1.),.PIECEWISE_BEZIER_KNOTS.);
#450=B_SPLINE_CURVE_WITH_KNOTS('',2,(#15582,#15583,#15584),
 .UNSPECIFIED.,.F.,.F.,(3,3),(0.,1.),.PIECEWISE_BEZIER_KNOTS.);
#451=B_SPLINE_CURVE_WITH_KNOTS('',2,(#15595,#15596,#15597),
 .UNSPECIFIED.,.F.,.F.,(3,3),(0.,1.),.PIECEWISE_BEZIER_KNOTS.);
#452=B_SPLINE_CURVE_WITH_KNOTS('',2,(#15608,#15609,#15610),
 .UNSPECIFIED.,.F.,.F.,(3,3),(0.,1.),.PIECEWISE_BEZIER_KNOTS.);
#453=B_SPLINE_CURVE_WITH_KNOTS('',2,(#15623,#15624,#15625),
 .UNSPECIFIED.,.F.,.F.,(3,3),(0.,1.),.PIECEWISE_BEZIER_KNOTS.);
#454=B_SPLINE_CURVE_WITH_KNOTS('',2,(#15636,#15637,#15638),
 .UNSPECIFIED.,.F.,.F.,(3,3),(0.,1.),.PIECEWISE_BEZIER_KNOTS.);
#455=B_SPLINE_CURVE_WITH_KNOTS('',2,(#15649,#15650,#15651),
 .UNSPECIFIED.,.F.,.F.,(3,3),(0.,1.),.PIECEWISE_BEZIER_KNOTS.);
#456=B_SPLINE_CURVE_WITH_KNOTS('',2,(#15662,#15663,#15664),
 .UNSPECIFIED.,.F.,.F.,(3,3),(0.,1.),.PIECEWISE_BEZIER_KNOTS.);
#457=B_SPLINE_CURVE_WITH_KNOTS('',2,(#15687,#15688,#15689),
 .UNSPECIFIED.,.F.,.F.,(3,3),(0.,1.),.PIECEWISE_BEZIER_KNOTS.);
#458=B_SPLINE_CURVE_WITH_KNOTS('',2,(#15700,#15701,#15702),
 .UNSPECIFIED.,.F.,.F.,(3,3),(0.,1.),.PIECEWISE_BEZIER_KNOTS.);
#459=B_SPLINE_CURVE_WITH_KNOTS('',2,(#15713,#15714,#15715),
 .UNSPECIFIED.,.F.,.F.,(3,3),(0.,1.),.PIECEWISE_BEZIER_KNOTS.);
#460=B_SPLINE_CURVE_WITH_KNOTS('',2,(#15726,#15727,#15728),
 .UNSPECIFIED.,.F.,.F.,(3,3),(0.,1.),.PIECEWISE_BEZIER_KNOTS.);
#461=B_SPLINE_CURVE_WITH_KNOTS('',2,(#15739,#15740,#15741),
 .UNSPECIFIED.,.F.,.F.,(3,3),(0.,1.),.PIECEWISE_BEZIER_KNOTS.);
#462=B_SPLINE_CURVE_WITH_KNOTS('',2,(#15752,#15753,#15754),
 .UNSPECIFIED.,.F.,.F.,(3,3),(0.,1.),.PIECEWISE_BEZIER_KNOTS.);
#463=B_SPLINE_CURVE_WITH_KNOTS('',2,(#15765,#15766,#15767),
 .UNSPECIFIED.,.F.,.F.,(3,3),(0.,1.),.PIECEWISE_BEZIER_KNOTS.);
#464=B_SPLINE_CURVE_WITH_KNOTS('',2,(#15778,#15779,#15780),
 .UNSPECIFIED.,.F.,.F.,(3,3),(0.,1.),.PIECEWISE_BEZIER_KNOTS.);
#465=B_SPLINE_CURVE_WITH_KNOTS('',2,(#15791,#15792,#15793),
 .UNSPECIFIED.,.F.,.F.,(3,3),(0.,1.),.PIECEWISE_BEZIER_KNOTS.);
#466=B_SPLINE_CURVE_WITH_KNOTS('',2,(#15804,#15805,#15806),
 .UNSPECIFIED.,.F.,.F.,(3,3),(0.,1.),.PIECEWISE_BEZIER_KNOTS.);
#467=B_SPLINE_CURVE_WITH_KNOTS('',2,(#15821,#15822,#15823),
 .UNSPECIFIED.,.F.,.F.,(3,3),(0.,1.),.PIECEWISE_BEZIER_KNOTS.);
#468=B_SPLINE_CURVE_WITH_KNOTS('',2,(#15834,#15835,#15836),
 .UNSPECIFIED.,.F.,.F.,(3,3),(0.,1.),.PIECEWISE_BEZIER_KNOTS.);
#469=B_SPLINE_CURVE_WITH_KNOTS('',2,(#15847,#15848,#15849),
 .UNSPECIFIED.,.F.,.F.,(3,3),(0.,1.),.PIECEWISE_BEZIER_KNOTS.);
#470=B_SPLINE_CURVE_WITH_KNOTS('',2,(#15860,#15861,#15862),
 .UNSPECIFIED.,.F.,.F.,(3,3),(0.,1.),.PIECEWISE_BEZIER_KNOTS.);
#471=B_SPLINE_CURVE_WITH_KNOTS('',2,(#15873,#15874,#15875),
 .UNSPECIFIED.,.F.,.F.,(3,3),(0.,1.),.PIECEWISE_BEZIER_KNOTS.);
#472=B_SPLINE_CURVE_WITH_KNOTS('',2,(#15886,#15887,#15888),
 .UNSPECIFIED.,.F.,.F.,(3,3),(0.,1.),.PIECEWISE_BEZIER_KNOTS.);
#473=B_SPLINE_CURVE_WITH_KNOTS('',2,(#15917,#15918,#15919),
 .UNSPECIFIED.,.F.,.F.,(3,3),(0.,1.),.PIECEWISE_BEZIER_KNOTS.);
#474=B_SPLINE_CURVE_WITH_KNOTS('',2,(#15978,#15979,#15980),
 .UNSPECIFIED.,.F.,.F.,(3,3),(0.,1.),.PIECEWISE_BEZIER_KNOTS.);
#475=B_SPLINE_CURVE_WITH_KNOTS('',2,(#15997,#15998,#15999),
 .UNSPECIFIED.,.F.,.F.,(3,3),(0.,1.),.PIECEWISE_BEZIER_KNOTS.);
#476=B_SPLINE_CURVE_WITH_KNOTS('',2,(#16010,#16011,#16012),
 .UNSPECIFIED.,.F.,.F.,(3,3),(0.,1.),.PIECEWISE_BEZIER_KNOTS.);
#477=B_SPLINE_CURVE_WITH_KNOTS('',2,(#16023,#16024,#16025),
 .UNSPECIFIED.,.F.,.F.,(3,3),(0.,1.),.PIECEWISE_BEZIER_KNOTS.);
#478=B_SPLINE_CURVE_WITH_KNOTS('',2,(#16036,#16037,#16038),
 .UNSPECIFIED.,.F.,.F.,(3,3),(0.,1.),.PIECEWISE_BEZIER_KNOTS.);
#479=B_SPLINE_CURVE_WITH_KNOTS('',2,(#16061,#16062,#16063),
 .UNSPECIFIED.,.F.,.F.,(3,3),(0.,1.),.PIECEWISE_BEZIER_KNOTS.);
#480=B_SPLINE_CURVE_WITH_KNOTS('',2,(#16074,#16075,#16076),
 .UNSPECIFIED.,.F.,.F.,(3,3),(0.,1.),.PIECEWISE_BEZIER_KNOTS.);
#481=B_SPLINE_CURVE_WITH_KNOTS('',2,(#16087,#16088,#16089),
 .UNSPECIFIED.,.F.,.F.,(3,3),(0.,1.),.PIECEWISE_BEZIER_KNOTS.);
#482=B_SPLINE_CURVE_WITH_KNOTS('',2,(#16100,#16101,#16102),
 .UNSPECIFIED.,.F.,.F.,(3,3),(0.,1.),.PIECEWISE_BEZIER_KNOTS.);
#483=B_SPLINE_CURVE_WITH_KNOTS('',2,(#16113,#16114,#16115),
 .UNSPECIFIED.,.F.,.F.,(3,3),(0.,1.),.PIECEWISE_BEZIER_KNOTS.);
#484=B_SPLINE_CURVE_WITH_KNOTS('',2,(#16126,#16127,#16128),
 .UNSPECIFIED.,.F.,.F.,(3,3),(0.,1.),.PIECEWISE_BEZIER_KNOTS.);
#485=B_SPLINE_CURVE_WITH_KNOTS('',2,(#16139,#16140,#16141),
 .UNSPECIFIED.,.F.,.F.,(3,3),(0.,1.),.PIECEWISE_BEZIER_KNOTS.);
#486=B_SPLINE_CURVE_WITH_KNOTS('',2,(#16152,#16153,#16154),
 .UNSPECIFIED.,.F.,.F.,(3,3),(0.,1.),.PIECEWISE_BEZIER_KNOTS.);
#487=B_SPLINE_CURVE_WITH_KNOTS('',2,(#16165,#16166,#16167),
 .UNSPECIFIED.,.F.,.F.,(3,3),(0.,1.),.PIECEWISE_BEZIER_KNOTS.);
#488=B_SPLINE_CURVE_WITH_KNOTS('',2,(#16178,#16179,#16180),
 .UNSPECIFIED.,.F.,.F.,(3,3),(0.,1.),.PIECEWISE_BEZIER_KNOTS.);
#489=B_SPLINE_CURVE_WITH_KNOTS('',2,(#16195,#16196,#16197),
 .UNSPECIFIED.,.F.,.F.,(3,3),(0.,1.),.PIECEWISE_BEZIER_KNOTS.);
#490=B_SPLINE_CURVE_WITH_KNOTS('',2,(#16208,#16209,#16210),
 .UNSPECIFIED.,.F.,.F.,(3,3),(0.,1.),.PIECEWISE_BEZIER_KNOTS.);
#491=B_SPLINE_CURVE_WITH_KNOTS('',2,(#16221,#16222,#16223),
 .UNSPECIFIED.,.F.,.F.,(3,3),(0.,1.),.PIECEWISE_BEZIER_KNOTS.);
#492=B_SPLINE_CURVE_WITH_KNOTS('',2,(#16234,#16235,#16236),
 .UNSPECIFIED.,.F.,.F.,(3,3),(0.,1.),.PIECEWISE_BEZIER_KNOTS.);
#493=B_SPLINE_CURVE_WITH_KNOTS('',2,(#16247,#16248,#16249),
 .UNSPECIFIED.,.F.,.F.,(3,3),(0.,1.),.PIECEWISE_BEZIER_KNOTS.);
#494=B_SPLINE_CURVE_WITH_KNOTS('',2,(#16260,#16261,#16262),
 .UNSPECIFIED.,.F.,.F.,(3,3),(0.,1.),.PIECEWISE_BEZIER_KNOTS.);
#495=B_SPLINE_CURVE_WITH_KNOTS('',2,(#16321,#16322,#16323),
 .UNSPECIFIED.,.F.,.F.,(3,3),(0.,1.),.PIECEWISE_BEZIER_KNOTS.);
#496=B_SPLINE_CURVE_WITH_KNOTS('',2,(#16334,#16335,#16336),
 .UNSPECIFIED.,.F.,.F.,(3,3),(0.,1.),.PIECEWISE_BEZIER_KNOTS.);
#497=B_SPLINE_CURVE_WITH_KNOTS('',2,(#16347,#16348,#16349),
 .UNSPECIFIED.,.F.,.F.,(3,3),(0.,1.),.PIECEWISE_BEZIER_KNOTS.);
#498=B_SPLINE_CURVE_WITH_KNOTS('',2,(#16360,#16361,#16362),
 .UNSPECIFIED.,.F.,.F.,(3,3),(0.,1.),.PIECEWISE_BEZIER_KNOTS.);
#499=B_SPLINE_CURVE_WITH_KNOTS('',2,(#16373,#16374,#16375),
 .UNSPECIFIED.,.F.,.F.,(3,3),(0.,1.),.PIECEWISE_BEZIER_KNOTS.);
#500=B_SPLINE_CURVE_WITH_KNOTS('',2,(#16394,#16395,#16396),
 .UNSPECIFIED.,.F.,.F.,(3,3),(0.,1.),.PIECEWISE_BEZIER_KNOTS.);
#501=B_SPLINE_CURVE_WITH_KNOTS('',2,(#16407,#16408,#16409),
 .UNSPECIFIED.,.F.,.F.,(3,3),(0.,1.),.PIECEWISE_BEZIER_KNOTS.);
#502=B_SPLINE_CURVE_WITH_KNOTS('',2,(#16420,#16421,#16422),
 .UNSPECIFIED.,.F.,.F.,(3,3),(0.,1.),.PIECEWISE_BEZIER_KNOTS.);
#503=B_SPLINE_CURVE_WITH_KNOTS('',2,(#16445,#16446,#16447),
 .UNSPECIFIED.,.F.,.F.,(3,3),(0.,1.),.PIECEWISE_BEZIER_KNOTS.);
#504=B_SPLINE_CURVE_WITH_KNOTS('',2,(#16458,#16459,#16460),
 .UNSPECIFIED.,.F.,.F.,(3,3),(0.,1.),.PIECEWISE_BEZIER_KNOTS.);
#505=B_SPLINE_CURVE_WITH_KNOTS('',2,(#16597,#16598,#16599),
 .UNSPECIFIED.,.F.,.F.,(3,3),(0.,1.),.PIECEWISE_BEZIER_KNOTS.);
#506=B_SPLINE_CURVE_WITH_KNOTS('',2,(#16610,#16611,#16612),
 .UNSPECIFIED.,.F.,.F.,(3,3),(0.,1.),.PIECEWISE_BEZIER_KNOTS.);
#507=B_SPLINE_CURVE_WITH_KNOTS('',2,(#16623,#16624,#16625),
 .UNSPECIFIED.,.F.,.F.,(3,3),(0.,1.),.PIECEWISE_BEZIER_KNOTS.);
#508=B_SPLINE_CURVE_WITH_KNOTS('',2,(#16636,#16637,#16638),
 .UNSPECIFIED.,.F.,.F.,(3,3),(0.,1.),.PIECEWISE_BEZIER_KNOTS.);
#509=B_SPLINE_CURVE_WITH_KNOTS('',2,(#16661,#16662,#16663),
 .UNSPECIFIED.,.F.,.F.,(3,3),(0.,1.),.PIECEWISE_BEZIER_KNOTS.);
#510=B_SPLINE_CURVE_WITH_KNOTS('',2,(#16674,#16675,#16676),
 .UNSPECIFIED.,.F.,.F.,(3,3),(0.,1.),.PIECEWISE_BEZIER_KNOTS.);
#511=B_SPLINE_CURVE_WITH_KNOTS('',2,(#16687,#16688,#16689),
 .UNSPECIFIED.,.F.,.F.,(3,3),(0.,1.),.PIECEWISE_BEZIER_KNOTS.);
#512=B_SPLINE_CURVE_WITH_KNOTS('',2,(#16700,#16701,#16702),
 .UNSPECIFIED.,.F.,.F.,(3,3),(0.,1.),.PIECEWISE_BEZIER_KNOTS.);
#513=B_SPLINE_CURVE_WITH_KNOTS('',2,(#16867,#16868,#16869),
 .UNSPECIFIED.,.F.,.F.,(3,3),(0.,1.),.PIECEWISE_BEZIER_KNOTS.);
#514=B_SPLINE_CURVE_WITH_KNOTS('',2,(#16880,#16881,#16882),
 .UNSPECIFIED.,.F.,.F.,(3,3),(0.,1.),.PIECEWISE_BEZIER_KNOTS.);
#515=B_SPLINE_CURVE_WITH_KNOTS('',2,(#16893,#16894,#16895),
 .UNSPECIFIED.,.F.,.F.,(3,3),(0.,1.),.PIECEWISE_BEZIER_KNOTS.);
#516=B_SPLINE_CURVE_WITH_KNOTS('',2,(#16946,#16947,#16948),
 .UNSPECIFIED.,.F.,.F.,(3,3),(0.,1.),.PIECEWISE_BEZIER_KNOTS.);
#517=B_SPLINE_CURVE_WITH_KNOTS('',2,(#16959,#16960,#16961),
 .UNSPECIFIED.,.F.,.F.,(3,3),(0.,1.),.PIECEWISE_BEZIER_KNOTS.);
#518=B_SPLINE_CURVE_WITH_KNOTS('',2,(#16972,#16973,#16974),
 .UNSPECIFIED.,.F.,.F.,(3,3),(0.,1.),.PIECEWISE_BEZIER_KNOTS.);
#519=B_SPLINE_CURVE_WITH_KNOTS('',2,(#16985,#16986,#16987),
 .UNSPECIFIED.,.F.,.F.,(3,3),(0.,1.),.PIECEWISE_BEZIER_KNOTS.);
#520=B_SPLINE_CURVE_WITH_KNOTS('',2,(#16998,#16999,#17000),
 .UNSPECIFIED.,.F.,.F.,(3,3),(0.,1.),.PIECEWISE_BEZIER_KNOTS.);
#521=B_SPLINE_CURVE_WITH_KNOTS('',2,(#17011,#17012,#17013),
 .UNSPECIFIED.,.F.,.F.,(3,3),(0.,1.),.PIECEWISE_BEZIER_KNOTS.);
#522=B_SPLINE_CURVE_WITH_KNOTS('',2,(#17028,#17029,#17030),
 .UNSPECIFIED.,.F.,.F.,(3,3),(0.,1.),.PIECEWISE_BEZIER_KNOTS.);
#523=B_SPLINE_CURVE_WITH_KNOTS('',2,(#17041,#17042,#17043),
 .UNSPECIFIED.,.F.,.F.,(3,3),(0.,1.),.PIECEWISE_BEZIER_KNOTS.);
#524=B_SPLINE_CURVE_WITH_KNOTS('',2,(#17054,#17055,#17056),
 .UNSPECIFIED.,.F.,.F.,(3,3),(0.,1.),.PIECEWISE_BEZIER_KNOTS.);
#525=B_SPLINE_CURVE_WITH_KNOTS('',2,(#17067,#17068,#17069),
 .UNSPECIFIED.,.F.,.F.,(3,3),(0.,1.),.PIECEWISE_BEZIER_KNOTS.);
#526=B_SPLINE_CURVE_WITH_KNOTS('',2,(#17080,#17081,#17082),
 .UNSPECIFIED.,.F.,.F.,(3,3),(0.,1.),.PIECEWISE_BEZIER_KNOTS.);
#527=B_SPLINE_CURVE_WITH_KNOTS('',2,(#17093,#17094,#17095),
 .UNSPECIFIED.,.F.,.F.,(3,3),(0.,1.),.PIECEWISE_BEZIER_KNOTS.);
#528=B_SPLINE_CURVE_WITH_KNOTS('',2,(#17106,#17107,#17108),
 .UNSPECIFIED.,.F.,.F.,(3,3),(0.,1.),.PIECEWISE_BEZIER_KNOTS.);
#529=B_SPLINE_CURVE_WITH_KNOTS('',2,(#17170,#17171,#17172),
 .UNSPECIFIED.,.F.,.F.,(3,3),(0.,1.),.PIECEWISE_BEZIER_KNOTS.);
#530=B_SPLINE_CURVE_WITH_KNOTS('',2,(#17183,#17184,#17185),
 .UNSPECIFIED.,.F.,.F.,(3,3),(0.,1.),.PIECEWISE_BEZIER_KNOTS.);
#531=B_SPLINE_CURVE_WITH_KNOTS('',3,(#17226,#17227,#17228,#17229),
 .UNSPECIFIED.,.F.,.F.,(4,4),(0.,0.010040485539325),.UNSPECIFIED.);
#532=B_SPLINE_CURVE_WITH_KNOTS('',3,(#17230,#17231,#17232,#17233),
 .UNSPECIFIED.,.F.,.F.,(4,4),(0.,0.010040485539325),.UNSPECIFIED.);
#533=B_SPLINE_CURVE_WITH_KNOTS('',3,(#17235,#17236,#17237,#17238),
 .UNSPECIFIED.,.F.,.F.,(4,4),(0.,0.0100358757361833),.UNSPECIFIED.);
#534=B_SPLINE_CURVE_WITH_KNOTS('',3,(#17239,#17240,#17241,#17242),
 .UNSPECIFIED.,.F.,.F.,(4,4),(0.,0.010040485539325),.UNSPECIFIED.);
#535=B_SPLINE_CURVE_WITH_KNOTS('',3,(#17244,#17245,#17246,#17247),
 .UNSPECIFIED.,.F.,.F.,(4,4),(0.,0.0100358757361833),.UNSPECIFIED.);
#536=B_SPLINE_CURVE_WITH_KNOTS('',3,(#17248,#17249,#17250,#17251),
 .UNSPECIFIED.,.F.,.F.,(4,4),(0.,0.0100358757361833),.UNSPECIFIED.);
#537=CIRCLE('',#10095,0.008636);
#538=CIRCLE('',#10096,0.008636);
#539=CIRCLE('',#10100,0.008636);
#540=CIRCLE('',#10101,0.008636);
#541=CIRCLE('',#10103,0.008636);
#542=CIRCLE('',#10104,0.008636);
#543=CIRCLE('',#10106,0.0121309783003847);
#544=CIRCLE('',#10107,0.006636);
#545=CIRCLE('',#10108,0.0101309783003847);
#546=CIRCLE('',#10109,0.0121309783003847);
#547=CIRCLE('',#10110,0.006636);
#548=CIRCLE('',#10111,0.0121309783003847);
#549=CIRCLE('',#10112,0.006636);
#550=CIRCLE('',#10113,0.016827833509702);
#551=CIRCLE('',#10114,0.0195370918982292);
#552=CIRCLE('',#10115,0.00318627064064554);
#553=CIRCLE('',#10116,0.00313569383146889);
#554=CIRCLE('',#10117,0.00438329874392993);
#555=CIRCLE('',#10118,0.0041767541204422);
#556=CIRCLE('',#10119,0.0128766372893994);
#557=CIRCLE('',#10120,0.00930663641429463);
#558=CIRCLE('',#10121,0.0138349334371893);
#559=CIRCLE('',#10122,0.0100262120706919);
#560=CIRCLE('',#10123,0.0111641633901243);
#561=CIRCLE('',#10124,0.00438329874392954);
#562=CIRCLE('',#10125,0.00417675411365706);
#563=CIRCLE('',#10126,0.0117176821203106);
#564=CIRCLE('',#10127,0.00358831952782206);
#565=CIRCLE('',#10128,0.00366177554564174);
#566=CIRCLE('',#10129,0.00134284047451913);
#567=CIRCLE('',#10130,0.000398331516652304);
#568=CIRCLE('',#10131,0.000396108812840994);
#569=CIRCLE('',#10132,0.000392343155389431);
#570=CIRCLE('',#10133,0.000390448835446714);
#571=CIRCLE('',#10134,0.00318766017491214);
#572=CIRCLE('',#10135,0.00321431552677171);
#573=CIRCLE('',#10136,0.00321004361154085);
#574=CIRCLE('',#10137,0.000494498325136068);
#575=CIRCLE('',#10138,0.0031862706406429);
#576=CIRCLE('',#10139,0.00313569383146988);
#577=CIRCLE('',#10140,0.0019314796818885);
#578=CIRCLE('',#10141,0.00148808555541642);
#579=CIRCLE('',#10142,0.0118925872904411);
#580=CIRCLE('',#10143,0.00134284047451956);
#581=CIRCLE('',#10144,0.0117176821202638);
#582=CIRCLE('',#10145,0.00303027709615369);
#583=CIRCLE('',#10146,0.00313427809852695);
#584=CIRCLE('',#10147,0.00221051726751785);
#585=CIRCLE('',#10148,0.0191559119269995);
#586=CIRCLE('',#10149,0.0191559119269995);
#587=CIRCLE('',#10150,0.0191559119269995);
#588=CIRCLE('',#10152,0.007836);
#589=CIRCLE('',#10153,0.007836);
#590=CIRCLE('',#10154,0.007836);
#591=CIRCLE('',#10155,0.006636);
#592=CIRCLE('',#10156,0.0113309783003847);
#593=CIRCLE('',#10157,0.0113309783003847);
#594=CIRCLE('',#10158,0.006636);
#595=CIRCLE('',#10159,0.0101309783003847);
#596=CIRCLE('',#10160,0.0113309783003847);
#597=CIRCLE('',#10161,0.006636);
#598=CIRCLE('',#10169,0.0121309783003847);
#599=CIRCLE('',#10172,0.0121309783003847);
#600=CIRCLE('',#10178,0.0121309783003847);
#601=CIRCLE('',#10186,0.0191559119269995);
#602=CIRCLE('',#10189,0.0191559119269995);
#603=CIRCLE('',#10215,0.00303027709615369);
#604=CIRCLE('',#10218,0.00313427809852695);
#605=CIRCLE('',#10220,0.00221051726751785);
#606=CIRCLE('',#10247,0.00134284047451956);
#607=CIRCLE('',#10249,0.0019314796818885);
#608=CIRCLE('',#10251,0.00148808555541642);
#609=CIRCLE('',#10259,0.0118925872904411);
#610=CIRCLE('',#10267,0.0031862706406429);
#611=CIRCLE('',#10269,0.00313569383146988);
#612=CIRCLE('',#10288,0.000398331516652304);
#613=CIRCLE('',#10290,0.000396108812840994);
#614=CIRCLE('',#10292,0.000392343155389431);
#615=CIRCLE('',#10305,0.00134284047451913);
#616=CIRCLE('',#10309,0.00358831952782206);
#617=CIRCLE('',#10329,0.00438329874392954);
#618=CIRCLE('',#10331,0.00417675411365706);
#619=CIRCLE('',#10337,0.0128766372893994);
#620=CIRCLE('',#10339,0.00930663641429463);
#621=CIRCLE('',#10346,0.0138349334371893);
#622=CIRCLE('',#10348,0.0100262120706919);
#623=CIRCLE('',#10353,0.0111641633901243);
#624=CIRCLE('',#10357,0.00438329874392993);
#625=CIRCLE('',#10359,0.0041767541204422);
#626=CIRCLE('',#10376,0.00318627064064554);
#627=CIRCLE('',#10378,0.00313569383146889);
#628=CIRCLE('',#10394,0.016827833509702);
#629=CIRCLE('',#10407,0.0195370918982292);
#630=CIRCLE('',#10465,0.0117176821202638);
#631=CIRCLE('',#10474,0.000494498325136068);
#632=CIRCLE('',#10476,0.00321004361154085);
#633=CIRCLE('',#10478,0.00321431552677171);
#634=CIRCLE('',#10480,0.00318766017491214);
#635=CIRCLE('',#10484,0.000390448835446714);
#636=CIRCLE('',#10488,0.00366177554564174);
#637=CIRCLE('',#10490,0.0117176821203106);
#638=CIRCLE('',#10506,0.0191559119269995);
#639=CYLINDRICAL_SURFACE('',#10094,0.008636);
#640=CYLINDRICAL_SURFACE('',#10099,0.008636);
#641=CYLINDRICAL_SURFACE('',#10102,0.008636);
#642=CYLINDRICAL_SURFACE('',#10162,0.0101309783003847);
#643=CYLINDRICAL_SURFACE('',#10165,0.006636);
#644=CYLINDRICAL_SURFACE('',#10168,0.0121309783003847);
#645=CYLINDRICAL_SURFACE('',#10171,0.0121309783003847);
#646=CYLINDRICAL_SURFACE('',#10176,0.006636);
#647=CYLINDRICAL_SURFACE('',#10177,0.0121309783003847);
#648=CYLINDRICAL_SURFACE('',#10183,0.006636);
#649=CYLINDRICAL_SURFACE('',#10185,0.0191559119269995);
#650=CYLINDRICAL_SURFACE('',#10188,0.0191559119269995);
#651=CYLINDRICAL_SURFACE('',#10214,0.00303027709615369);
#652=CYLINDRICAL_SURFACE('',#10217,0.00313427809852695);
#653=CYLINDRICAL_SURFACE('',#10219,0.00221051726751785);
#654=CYLINDRICAL_SURFACE('',#10246,0.00134284047451956);
#655=CYLINDRICAL_SURFACE('',#10248,0.0019314796818885);
#656=CYLINDRICAL_SURFACE('',#10250,0.00148808555541642);
#657=CYLINDRICAL_SURFACE('',#10258,0.0118925872904411);
#658=CYLINDRICAL_SURFACE('',#10266,0.0031862706406429);
#659=CYLINDRICAL_SURFACE('',#10268,0.00313569383146988);
#660=CYLINDRICAL_SURFACE('',#10287,0.000398331516652304);
#661=CYLINDRICAL_SURFACE('',#10289,0.000396108812840994);
#662=CYLINDRICAL_SURFACE('',#10291,0.000392343155389431);
#663=CYLINDRICAL_SURFACE('',#10304,0.00134284047451913);
#664=CYLINDRICAL_SURFACE('',#10308,0.00358831952782206);
#665=CYLINDRICAL_SURFACE('',#10328,0.00438329874392954);
#666=CYLINDRICAL_SURFACE('',#10330,0.00417675411365706);
#667=CYLINDRICAL_SURFACE('',#10336,0.0128766372893994);
#668=CYLINDRICAL_SURFACE('',#10338,0.00930663641429463);
#669=CYLINDRICAL_SURFACE('',#10345,0.0138349334371893);
#670=CYLINDRICAL_SURFACE('',#10347,0.0100262120706919);
#671=CYLINDRICAL_SURFACE('',#10352,0.0111641633901243);
#672=CYLINDRICAL_SURFACE('',#10356,0.00438329874392993);
#673=CYLINDRICAL_SURFACE('',#10358,0.0041767541204422);
#674=CYLINDRICAL_SURFACE('',#10375,0.00318627064064554);
#675=CYLINDRICAL_SURFACE('',#10377,0.00313569383146889);
#676=CYLINDRICAL_SURFACE('',#10393,0.016827833509702);
#677=CYLINDRICAL_SURFACE('',#10406,0.0195370918982292);
#678=CYLINDRICAL_SURFACE('',#10464,0.0117176821202638);
#679=CYLINDRICAL_SURFACE('',#10473,0.000494498325136068);
#680=CYLINDRICAL_SURFACE('',#10475,0.00321004361154085);
#681=CYLINDRICAL_SURFACE('',#10477,0.00321431552677171);
#682=CYLINDRICAL_SURFACE('',#10479,0.00318766017491214);
#683=CYLINDRICAL_SURFACE('',#10483,0.000390448835446714);
#684=CYLINDRICAL_SURFACE('',#10487,0.00366177554564174);
#685=CYLINDRICAL_SURFACE('',#10489,0.0117176821203106);
#686=CYLINDRICAL_SURFACE('',#10505,0.0191559119269995);
#687=ORIENTED_EDGE('',*,*,#3631,.T.);
#688=ORIENTED_EDGE('',*,*,#3632,.T.);
#689=ORIENTED_EDGE('',*,*,#3633,.F.);
#690=ORIENTED_EDGE('',*,*,#3634,.F.);
#691=ORIENTED_EDGE('',*,*,#3633,.T.);
#692=ORIENTED_EDGE('',*,*,#3635,.T.);
#693=ORIENTED_EDGE('',*,*,#3636,.F.);
#694=ORIENTED_EDGE('',*,*,#3637,.F.);
#695=ORIENTED_EDGE('',*,*,#3636,.T.);
#696=ORIENTED_EDGE('',*,*,#3638,.T.);
#697=ORIENTED_EDGE('',*,*,#3639,.F.);
#698=ORIENTED_EDGE('',*,*,#3640,.F.);
#699=ORIENTED_EDGE('',*,*,#3641,.T.);
#700=ORIENTED_EDGE('',*,*,#3642,.T.);
#701=ORIENTED_EDGE('',*,*,#3643,.F.);
#702=ORIENTED_EDGE('',*,*,#3644,.F.);
#703=ORIENTED_EDGE('',*,*,#3643,.T.);
#704=ORIENTED_EDGE('',*,*,#3645,.T.);
#705=ORIENTED_EDGE('',*,*,#3631,.F.);
#706=ORIENTED_EDGE('',*,*,#3646,.F.);
#707=ORIENTED_EDGE('',*,*,#3639,.T.);
#708=ORIENTED_EDGE('',*,*,#3647,.T.);
#709=ORIENTED_EDGE('',*,*,#3641,.F.);
#710=ORIENTED_EDGE('',*,*,#3648,.F.);
#711=ORIENTED_EDGE('',*,*,#3649,.F.);
#712=ORIENTED_EDGE('',*,*,#3650,.T.);
#713=ORIENTED_EDGE('',*,*,#3651,.T.);
#714=ORIENTED_EDGE('',*,*,#3652,.F.);
#715=ORIENTED_EDGE('',*,*,#3653,.F.);
#716=ORIENTED_EDGE('',*,*,#3654,.F.);
#717=ORIENTED_EDGE('',*,*,#3655,.F.);
#718=ORIENTED_EDGE('',*,*,#3656,.T.);
#719=ORIENTED_EDGE('',*,*,#3657,.T.);
#720=ORIENTED_EDGE('',*,*,#3658,.F.);
#721=ORIENTED_EDGE('',*,*,#3659,.F.);
#722=ORIENTED_EDGE('',*,*,#3660,.F.);
#723=ORIENTED_EDGE('',*,*,#3661,.F.);
#724=ORIENTED_EDGE('',*,*,#3662,.F.);
#725=ORIENTED_EDGE('',*,*,#3663,.T.);
#726=ORIENTED_EDGE('',*,*,#3664,.T.);
#727=ORIENTED_EDGE('',*,*,#3665,.F.);
#728=ORIENTED_EDGE('',*,*,#3666,.F.);
#729=ORIENTED_EDGE('',*,*,#3667,.F.);
#730=ORIENTED_EDGE('',*,*,#3668,.T.);
#731=ORIENTED_EDGE('',*,*,#3669,.T.);
#732=ORIENTED_EDGE('',*,*,#3670,.T.);
#733=ORIENTED_EDGE('',*,*,#3671,.T.);
#734=ORIENTED_EDGE('',*,*,#3672,.T.);
#735=ORIENTED_EDGE('',*,*,#3673,.T.);
#736=ORIENTED_EDGE('',*,*,#3674,.T.);
#737=ORIENTED_EDGE('',*,*,#3675,.T.);
#738=ORIENTED_EDGE('',*,*,#3676,.T.);
#739=ORIENTED_EDGE('',*,*,#3677,.T.);
#740=ORIENTED_EDGE('',*,*,#3678,.T.);
#741=ORIENTED_EDGE('',*,*,#3679,.T.);
#742=ORIENTED_EDGE('',*,*,#3680,.T.);
#743=ORIENTED_EDGE('',*,*,#3681,.T.);
#744=ORIENTED_EDGE('',*,*,#3682,.T.);
#745=ORIENTED_EDGE('',*,*,#3683,.T.);
#746=ORIENTED_EDGE('',*,*,#3684,.T.);
#747=ORIENTED_EDGE('',*,*,#3685,.T.);
#748=ORIENTED_EDGE('',*,*,#3686,.T.);
#749=ORIENTED_EDGE('',*,*,#3687,.T.);
#750=ORIENTED_EDGE('',*,*,#3688,.T.);
#751=ORIENTED_EDGE('',*,*,#3689,.T.);
#752=ORIENTED_EDGE('',*,*,#3690,.T.);
#753=ORIENTED_EDGE('',*,*,#3691,.T.);
#754=ORIENTED_EDGE('',*,*,#3692,.T.);
#755=ORIENTED_EDGE('',*,*,#3693,.T.);
#756=ORIENTED_EDGE('',*,*,#3694,.T.);
#757=ORIENTED_EDGE('',*,*,#3695,.T.);
#758=ORIENTED_EDGE('',*,*,#3696,.T.);
#759=ORIENTED_EDGE('',*,*,#3697,.T.);
#760=ORIENTED_EDGE('',*,*,#3698,.T.);
#761=ORIENTED_EDGE('',*,*,#3699,.T.);
#762=ORIENTED_EDGE('',*,*,#3700,.T.);
#763=ORIENTED_EDGE('',*,*,#3701,.T.);
#764=ORIENTED_EDGE('',*,*,#3702,.T.);
#765=ORIENTED_EDGE('',*,*,#3703,.T.);
#766=ORIENTED_EDGE('',*,*,#3704,.T.);
#767=ORIENTED_EDGE('',*,*,#3705,.T.);
#768=ORIENTED_EDGE('',*,*,#3706,.T.);
#769=ORIENTED_EDGE('',*,*,#3707,.T.);
#770=ORIENTED_EDGE('',*,*,#3708,.T.);
#771=ORIENTED_EDGE('',*,*,#3709,.T.);
#772=ORIENTED_EDGE('',*,*,#3710,.T.);
#773=ORIENTED_EDGE('',*,*,#3711,.T.);
#774=ORIENTED_EDGE('',*,*,#3712,.T.);
#775=ORIENTED_EDGE('',*,*,#3713,.T.);
#776=ORIENTED_EDGE('',*,*,#3714,.T.);
#777=ORIENTED_EDGE('',*,*,#3715,.T.);
#778=ORIENTED_EDGE('',*,*,#3716,.T.);
#779=ORIENTED_EDGE('',*,*,#3717,.T.);
#780=ORIENTED_EDGE('',*,*,#3718,.T.);
#781=ORIENTED_EDGE('',*,*,#3719,.T.);
#782=ORIENTED_EDGE('',*,*,#3720,.T.);
#783=ORIENTED_EDGE('',*,*,#3721,.T.);
#784=ORIENTED_EDGE('',*,*,#3722,.T.);
#785=ORIENTED_EDGE('',*,*,#3723,.T.);
#786=ORIENTED_EDGE('',*,*,#3724,.T.);
#787=ORIENTED_EDGE('',*,*,#3725,.T.);
#788=ORIENTED_EDGE('',*,*,#3726,.T.);
#789=ORIENTED_EDGE('',*,*,#3727,.T.);
#790=ORIENTED_EDGE('',*,*,#3728,.T.);
#791=ORIENTED_EDGE('',*,*,#3729,.T.);
#792=ORIENTED_EDGE('',*,*,#3730,.T.);
#793=ORIENTED_EDGE('',*,*,#3731,.T.);
#794=ORIENTED_EDGE('',*,*,#3732,.T.);
#795=ORIENTED_EDGE('',*,*,#3733,.T.);
#796=ORIENTED_EDGE('',*,*,#3734,.T.);
#797=ORIENTED_EDGE('',*,*,#3735,.T.);
#798=ORIENTED_EDGE('',*,*,#3736,.T.);
#799=ORIENTED_EDGE('',*,*,#3737,.T.);
#800=ORIENTED_EDGE('',*,*,#3738,.T.);
#801=ORIENTED_EDGE('',*,*,#3739,.T.);
#802=ORIENTED_EDGE('',*,*,#3740,.T.);
#803=ORIENTED_EDGE('',*,*,#3741,.T.);
#804=ORIENTED_EDGE('',*,*,#3742,.T.);
#805=ORIENTED_EDGE('',*,*,#3743,.T.);
#806=ORIENTED_EDGE('',*,*,#3744,.T.);
#807=ORIENTED_EDGE('',*,*,#3745,.T.);
#808=ORIENTED_EDGE('',*,*,#3746,.T.);
#809=ORIENTED_EDGE('',*,*,#3747,.T.);
#810=ORIENTED_EDGE('',*,*,#3748,.T.);
#811=ORIENTED_EDGE('',*,*,#3749,.T.);
#812=ORIENTED_EDGE('',*,*,#3750,.T.);
#813=ORIENTED_EDGE('',*,*,#3751,.T.);
#814=ORIENTED_EDGE('',*,*,#3752,.T.);
#815=ORIENTED_EDGE('',*,*,#3753,.T.);
#816=ORIENTED_EDGE('',*,*,#3754,.T.);
#817=ORIENTED_EDGE('',*,*,#3755,.T.);
#818=ORIENTED_EDGE('',*,*,#3756,.T.);
#819=ORIENTED_EDGE('',*,*,#3757,.T.);
#820=ORIENTED_EDGE('',*,*,#3758,.T.);
#821=ORIENTED_EDGE('',*,*,#3759,.T.);
#822=ORIENTED_EDGE('',*,*,#3760,.T.);
#823=ORIENTED_EDGE('',*,*,#3761,.T.);
#824=ORIENTED_EDGE('',*,*,#3762,.T.);
#825=ORIENTED_EDGE('',*,*,#3763,.T.);
#826=ORIENTED_EDGE('',*,*,#3764,.T.);
#827=ORIENTED_EDGE('',*,*,#3765,.T.);
#828=ORIENTED_EDGE('',*,*,#3766,.T.);
#829=ORIENTED_EDGE('',*,*,#3767,.T.);
#830=ORIENTED_EDGE('',*,*,#3768,.T.);
#831=ORIENTED_EDGE('',*,*,#3769,.T.);
#832=ORIENTED_EDGE('',*,*,#3770,.T.);
#833=ORIENTED_EDGE('',*,*,#3771,.T.);
#834=ORIENTED_EDGE('',*,*,#3772,.T.);
#835=ORIENTED_EDGE('',*,*,#3773,.T.);
#836=ORIENTED_EDGE('',*,*,#3774,.T.);
#837=ORIENTED_EDGE('',*,*,#3775,.T.);
#838=ORIENTED_EDGE('',*,*,#3776,.T.);
#839=ORIENTED_EDGE('',*,*,#3777,.T.);
#840=ORIENTED_EDGE('',*,*,#3778,.T.);
#841=ORIENTED_EDGE('',*,*,#3779,.T.);
#842=ORIENTED_EDGE('',*,*,#3780,.T.);
#843=ORIENTED_EDGE('',*,*,#3781,.T.);
#844=ORIENTED_EDGE('',*,*,#3782,.T.);
#845=ORIENTED_EDGE('',*,*,#3783,.T.);
#846=ORIENTED_EDGE('',*,*,#3784,.T.);
#847=ORIENTED_EDGE('',*,*,#3785,.T.);
#848=ORIENTED_EDGE('',*,*,#3786,.T.);
#849=ORIENTED_EDGE('',*,*,#3787,.T.);
#850=ORIENTED_EDGE('',*,*,#3788,.T.);
#851=ORIENTED_EDGE('',*,*,#3789,.T.);
#852=ORIENTED_EDGE('',*,*,#3790,.T.);
#853=ORIENTED_EDGE('',*,*,#3791,.T.);
#854=ORIENTED_EDGE('',*,*,#3792,.T.);
#855=ORIENTED_EDGE('',*,*,#3793,.T.);
#856=ORIENTED_EDGE('',*,*,#3794,.T.);
#857=ORIENTED_EDGE('',*,*,#3795,.T.);
#858=ORIENTED_EDGE('',*,*,#3796,.T.);
#859=ORIENTED_EDGE('',*,*,#3797,.T.);
#860=ORIENTED_EDGE('',*,*,#3798,.T.);
#861=ORIENTED_EDGE('',*,*,#3799,.T.);
#862=ORIENTED_EDGE('',*,*,#3800,.T.);
#863=ORIENTED_EDGE('',*,*,#3801,.T.);
#864=ORIENTED_EDGE('',*,*,#3802,.T.);
#865=ORIENTED_EDGE('',*,*,#3803,.T.);
#866=ORIENTED_EDGE('',*,*,#3804,.T.);
#867=ORIENTED_EDGE('',*,*,#3805,.T.);
#868=ORIENTED_EDGE('',*,*,#3806,.T.);
#869=ORIENTED_EDGE('',*,*,#3807,.T.);
#870=ORIENTED_EDGE('',*,*,#3808,.T.);
#871=ORIENTED_EDGE('',*,*,#3809,.T.);
#872=ORIENTED_EDGE('',*,*,#3810,.T.);
#873=ORIENTED_EDGE('',*,*,#3811,.T.);
#874=ORIENTED_EDGE('',*,*,#3812,.T.);
#875=ORIENTED_EDGE('',*,*,#3813,.T.);
#876=ORIENTED_EDGE('',*,*,#3814,.T.);
#877=ORIENTED_EDGE('',*,*,#3815,.T.);
#878=ORIENTED_EDGE('',*,*,#3816,.T.);
#879=ORIENTED_EDGE('',*,*,#3817,.T.);
#880=ORIENTED_EDGE('',*,*,#3818,.T.);
#881=ORIENTED_EDGE('',*,*,#3819,.T.);
#882=ORIENTED_EDGE('',*,*,#3820,.T.);
#883=ORIENTED_EDGE('',*,*,#3821,.T.);
#884=ORIENTED_EDGE('',*,*,#3822,.T.);
#885=ORIENTED_EDGE('',*,*,#3823,.T.);
#886=ORIENTED_EDGE('',*,*,#3824,.T.);
#887=ORIENTED_EDGE('',*,*,#3825,.T.);
#888=ORIENTED_EDGE('',*,*,#3826,.T.);
#889=ORIENTED_EDGE('',*,*,#3827,.T.);
#890=ORIENTED_EDGE('',*,*,#3828,.T.);
#891=ORIENTED_EDGE('',*,*,#3829,.T.);
#892=ORIENTED_EDGE('',*,*,#3830,.T.);
#893=ORIENTED_EDGE('',*,*,#3831,.T.);
#894=ORIENTED_EDGE('',*,*,#3832,.T.);
#895=ORIENTED_EDGE('',*,*,#3833,.T.);
#896=ORIENTED_EDGE('',*,*,#3834,.T.);
#897=ORIENTED_EDGE('',*,*,#3835,.T.);
#898=ORIENTED_EDGE('',*,*,#3836,.T.);
#899=ORIENTED_EDGE('',*,*,#3837,.T.);
#900=ORIENTED_EDGE('',*,*,#3838,.T.);
#901=ORIENTED_EDGE('',*,*,#3839,.T.);
#902=ORIENTED_EDGE('',*,*,#3840,.T.);
#903=ORIENTED_EDGE('',*,*,#3841,.T.);
#904=ORIENTED_EDGE('',*,*,#3842,.T.);
#905=ORIENTED_EDGE('',*,*,#3843,.T.);
#906=ORIENTED_EDGE('',*,*,#3844,.T.);
#907=ORIENTED_EDGE('',*,*,#3845,.T.);
#908=ORIENTED_EDGE('',*,*,#3846,.T.);
#909=ORIENTED_EDGE('',*,*,#3847,.T.);
#910=ORIENTED_EDGE('',*,*,#3848,.T.);
#911=ORIENTED_EDGE('',*,*,#3849,.T.);
#912=ORIENTED_EDGE('',*,*,#3850,.T.);
#913=ORIENTED_EDGE('',*,*,#3851,.T.);
#914=ORIENTED_EDGE('',*,*,#3852,.T.);
#915=ORIENTED_EDGE('',*,*,#3853,.T.);
#916=ORIENTED_EDGE('',*,*,#3854,.T.);
#917=ORIENTED_EDGE('',*,*,#3855,.T.);
#918=ORIENTED_EDGE('',*,*,#3856,.T.);
#919=ORIENTED_EDGE('',*,*,#3857,.T.);
#920=ORIENTED_EDGE('',*,*,#3858,.T.);
#921=ORIENTED_EDGE('',*,*,#3859,.T.);
#922=ORIENTED_EDGE('',*,*,#3860,.T.);
#923=ORIENTED_EDGE('',*,*,#3861,.T.);
#924=ORIENTED_EDGE('',*,*,#3862,.T.);
#925=ORIENTED_EDGE('',*,*,#3863,.T.);
#926=ORIENTED_EDGE('',*,*,#3864,.T.);
#927=ORIENTED_EDGE('',*,*,#3865,.T.);
#928=ORIENTED_EDGE('',*,*,#3866,.T.);
#929=ORIENTED_EDGE('',*,*,#3867,.T.);
#930=ORIENTED_EDGE('',*,*,#3868,.T.);
#931=ORIENTED_EDGE('',*,*,#3869,.T.);
#932=ORIENTED_EDGE('',*,*,#3870,.T.);
#933=ORIENTED_EDGE('',*,*,#3871,.T.);
#934=ORIENTED_EDGE('',*,*,#3872,.T.);
#935=ORIENTED_EDGE('',*,*,#3873,.T.);
#936=ORIENTED_EDGE('',*,*,#3874,.T.);
#937=ORIENTED_EDGE('',*,*,#3875,.T.);
#938=ORIENTED_EDGE('',*,*,#3876,.T.);
#939=ORIENTED_EDGE('',*,*,#3877,.T.);
#940=ORIENTED_EDGE('',*,*,#3878,.T.);
#941=ORIENTED_EDGE('',*,*,#3879,.T.);
#942=ORIENTED_EDGE('',*,*,#3880,.T.);
#943=ORIENTED_EDGE('',*,*,#3881,.T.);
#944=ORIENTED_EDGE('',*,*,#3882,.T.);
#945=ORIENTED_EDGE('',*,*,#3883,.T.);
#946=ORIENTED_EDGE('',*,*,#3884,.T.);
#947=ORIENTED_EDGE('',*,*,#3885,.T.);
#948=ORIENTED_EDGE('',*,*,#3886,.T.);
#949=ORIENTED_EDGE('',*,*,#3887,.T.);
#950=ORIENTED_EDGE('',*,*,#3888,.T.);
#951=ORIENTED_EDGE('',*,*,#3889,.T.);
#952=ORIENTED_EDGE('',*,*,#3890,.T.);
#953=ORIENTED_EDGE('',*,*,#3891,.T.);
#954=ORIENTED_EDGE('',*,*,#3892,.T.);
#955=ORIENTED_EDGE('',*,*,#3893,.T.);
#956=ORIENTED_EDGE('',*,*,#3894,.T.);
#957=ORIENTED_EDGE('',*,*,#3895,.T.);
#958=ORIENTED_EDGE('',*,*,#3896,.T.);
#959=ORIENTED_EDGE('',*,*,#3897,.T.);
#960=ORIENTED_EDGE('',*,*,#3898,.T.);
#961=ORIENTED_EDGE('',*,*,#3899,.T.);
#962=ORIENTED_EDGE('',*,*,#3900,.T.);
#963=ORIENTED_EDGE('',*,*,#3901,.T.);
#964=ORIENTED_EDGE('',*,*,#3902,.T.);
#965=ORIENTED_EDGE('',*,*,#3903,.T.);
#966=ORIENTED_EDGE('',*,*,#3904,.T.);
#967=ORIENTED_EDGE('',*,*,#3905,.T.);
#968=ORIENTED_EDGE('',*,*,#3906,.T.);
#969=ORIENTED_EDGE('',*,*,#3907,.T.);
#970=ORIENTED_EDGE('',*,*,#3908,.T.);
#971=ORIENTED_EDGE('',*,*,#3909,.T.);
#972=ORIENTED_EDGE('',*,*,#3910,.T.);
#973=ORIENTED_EDGE('',*,*,#3911,.T.);
#974=ORIENTED_EDGE('',*,*,#3912,.T.);
#975=ORIENTED_EDGE('',*,*,#3913,.T.);
#976=ORIENTED_EDGE('',*,*,#3914,.T.);
#977=ORIENTED_EDGE('',*,*,#3915,.T.);
#978=ORIENTED_EDGE('',*,*,#3916,.T.);
#979=ORIENTED_EDGE('',*,*,#3917,.T.);
#980=ORIENTED_EDGE('',*,*,#3918,.T.);
#981=ORIENTED_EDGE('',*,*,#3919,.T.);
#982=ORIENTED_EDGE('',*,*,#3920,.T.);
#983=ORIENTED_EDGE('',*,*,#3921,.T.);
#984=ORIENTED_EDGE('',*,*,#3922,.T.);
#985=ORIENTED_EDGE('',*,*,#3923,.T.);
#986=ORIENTED_EDGE('',*,*,#3924,.T.);
#987=ORIENTED_EDGE('',*,*,#3925,.T.);
#988=ORIENTED_EDGE('',*,*,#3926,.T.);
#989=ORIENTED_EDGE('',*,*,#3927,.T.);
#990=ORIENTED_EDGE('',*,*,#3928,.T.);
#991=ORIENTED_EDGE('',*,*,#3929,.T.);
#992=ORIENTED_EDGE('',*,*,#3930,.T.);
#993=ORIENTED_EDGE('',*,*,#3931,.T.);
#994=ORIENTED_EDGE('',*,*,#3932,.T.);
#995=ORIENTED_EDGE('',*,*,#3933,.T.);
#996=ORIENTED_EDGE('',*,*,#3934,.T.);
#997=ORIENTED_EDGE('',*,*,#3935,.T.);
#998=ORIENTED_EDGE('',*,*,#3936,.T.);
#999=ORIENTED_EDGE('',*,*,#3937,.T.);
#1000=ORIENTED_EDGE('',*,*,#3938,.T.);
#1001=ORIENTED_EDGE('',*,*,#3939,.T.);
#1002=ORIENTED_EDGE('',*,*,#3940,.T.);
#1003=ORIENTED_EDGE('',*,*,#3941,.T.);
#1004=ORIENTED_EDGE('',*,*,#3942,.T.);
#1005=ORIENTED_EDGE('',*,*,#3943,.T.);
#1006=ORIENTED_EDGE('',*,*,#3944,.T.);
#1007=ORIENTED_EDGE('',*,*,#3945,.T.);
#1008=ORIENTED_EDGE('',*,*,#3946,.T.);
#1009=ORIENTED_EDGE('',*,*,#3947,.T.);
#1010=ORIENTED_EDGE('',*,*,#3948,.T.);
#1011=ORIENTED_EDGE('',*,*,#3949,.T.);
#1012=ORIENTED_EDGE('',*,*,#3950,.T.);
#1013=ORIENTED_EDGE('',*,*,#3951,.T.);
#1014=ORIENTED_EDGE('',*,*,#3952,.T.);
#1015=ORIENTED_EDGE('',*,*,#3953,.T.);
#1016=ORIENTED_EDGE('',*,*,#3954,.T.);
#1017=ORIENTED_EDGE('',*,*,#3955,.T.);
#1018=ORIENTED_EDGE('',*,*,#3956,.T.);
#1019=ORIENTED_EDGE('',*,*,#3957,.T.);
#1020=ORIENTED_EDGE('',*,*,#3958,.T.);
#1021=ORIENTED_EDGE('',*,*,#3959,.T.);
#1022=ORIENTED_EDGE('',*,*,#3960,.T.);
#1023=ORIENTED_EDGE('',*,*,#3961,.T.);
#1024=ORIENTED_EDGE('',*,*,#3962,.T.);
#1025=ORIENTED_EDGE('',*,*,#3963,.T.);
#1026=ORIENTED_EDGE('',*,*,#3964,.T.);
#1027=ORIENTED_EDGE('',*,*,#3965,.T.);
#1028=ORIENTED_EDGE('',*,*,#3966,.T.);
#1029=ORIENTED_EDGE('',*,*,#3967,.F.);
#1030=ORIENTED_EDGE('',*,*,#3968,.F.);
#1031=ORIENTED_EDGE('',*,*,#3969,.F.);
#1032=ORIENTED_EDGE('',*,*,#3970,.T.);
#1033=ORIENTED_EDGE('',*,*,#3971,.T.);
#1034=ORIENTED_EDGE('',*,*,#3972,.T.);
#1035=ORIENTED_EDGE('',*,*,#3973,.T.);
#1036=ORIENTED_EDGE('',*,*,#3974,.T.);
#1037=ORIENTED_EDGE('',*,*,#3975,.T.);
#1038=ORIENTED_EDGE('',*,*,#3976,.T.);
#1039=ORIENTED_EDGE('',*,*,#3977,.T.);
#1040=ORIENTED_EDGE('',*,*,#3978,.T.);
#1041=ORIENTED_EDGE('',*,*,#3979,.T.);
#1042=ORIENTED_EDGE('',*,*,#3980,.T.);
#1043=ORIENTED_EDGE('',*,*,#3981,.T.);
#1044=ORIENTED_EDGE('',*,*,#3982,.T.);
#1045=ORIENTED_EDGE('',*,*,#3983,.T.);
#1046=ORIENTED_EDGE('',*,*,#3984,.T.);
#1047=ORIENTED_EDGE('',*,*,#3985,.T.);
#1048=ORIENTED_EDGE('',*,*,#3986,.T.);
#1049=ORIENTED_EDGE('',*,*,#3987,.T.);
#1050=ORIENTED_EDGE('',*,*,#3988,.T.);
#1051=ORIENTED_EDGE('',*,*,#3989,.T.);
#1052=ORIENTED_EDGE('',*,*,#3990,.T.);
#1053=ORIENTED_EDGE('',*,*,#3991,.T.);
#1054=ORIENTED_EDGE('',*,*,#3992,.T.);
#1055=ORIENTED_EDGE('',*,*,#3993,.T.);
#1056=ORIENTED_EDGE('',*,*,#3994,.T.);
#1057=ORIENTED_EDGE('',*,*,#3995,.T.);
#1058=ORIENTED_EDGE('',*,*,#3996,.T.);
#1059=ORIENTED_EDGE('',*,*,#3997,.T.);
#1060=ORIENTED_EDGE('',*,*,#3998,.T.);
#1061=ORIENTED_EDGE('',*,*,#3999,.T.);
#1062=ORIENTED_EDGE('',*,*,#4000,.T.);
#1063=ORIENTED_EDGE('',*,*,#4001,.T.);
#1064=ORIENTED_EDGE('',*,*,#4002,.T.);
#1065=ORIENTED_EDGE('',*,*,#4003,.T.);
#1066=ORIENTED_EDGE('',*,*,#4004,.T.);
#1067=ORIENTED_EDGE('',*,*,#4005,.T.);
#1068=ORIENTED_EDGE('',*,*,#4006,.T.);
#1069=ORIENTED_EDGE('',*,*,#4007,.T.);
#1070=ORIENTED_EDGE('',*,*,#4008,.T.);
#1071=ORIENTED_EDGE('',*,*,#4009,.T.);
#1072=ORIENTED_EDGE('',*,*,#4010,.T.);
#1073=ORIENTED_EDGE('',*,*,#4011,.T.);
#1074=ORIENTED_EDGE('',*,*,#4012,.T.);
#1075=ORIENTED_EDGE('',*,*,#4013,.T.);
#1076=ORIENTED_EDGE('',*,*,#4014,.T.);
#1077=ORIENTED_EDGE('',*,*,#4015,.T.);
#1078=ORIENTED_EDGE('',*,*,#4016,.T.);
#1079=ORIENTED_EDGE('',*,*,#4017,.T.);
#1080=ORIENTED_EDGE('',*,*,#4018,.T.);
#1081=ORIENTED_EDGE('',*,*,#4019,.T.);
#1082=ORIENTED_EDGE('',*,*,#4020,.T.);
#1083=ORIENTED_EDGE('',*,*,#4021,.T.);
#1084=ORIENTED_EDGE('',*,*,#4022,.T.);
#1085=ORIENTED_EDGE('',*,*,#4023,.T.);
#1086=ORIENTED_EDGE('',*,*,#4024,.T.);
#1087=ORIENTED_EDGE('',*,*,#4025,.T.);
#1088=ORIENTED_EDGE('',*,*,#4026,.T.);
#1089=ORIENTED_EDGE('',*,*,#4027,.T.);
#1090=ORIENTED_EDGE('',*,*,#4028,.T.);
#1091=ORIENTED_EDGE('',*,*,#4029,.T.);
#1092=ORIENTED_EDGE('',*,*,#4030,.T.);
#1093=ORIENTED_EDGE('',*,*,#4031,.T.);
#1094=ORIENTED_EDGE('',*,*,#4032,.T.);
#1095=ORIENTED_EDGE('',*,*,#4033,.T.);
#1096=ORIENTED_EDGE('',*,*,#4034,.T.);
#1097=ORIENTED_EDGE('',*,*,#4035,.T.);
#1098=ORIENTED_EDGE('',*,*,#4036,.T.);
#1099=ORIENTED_EDGE('',*,*,#4037,.T.);
#1100=ORIENTED_EDGE('',*,*,#4038,.T.);
#1101=ORIENTED_EDGE('',*,*,#4039,.T.);
#1102=ORIENTED_EDGE('',*,*,#4040,.T.);
#1103=ORIENTED_EDGE('',*,*,#4041,.T.);
#1104=ORIENTED_EDGE('',*,*,#4042,.T.);
#1105=ORIENTED_EDGE('',*,*,#4043,.T.);
#1106=ORIENTED_EDGE('',*,*,#4044,.T.);
#1107=ORIENTED_EDGE('',*,*,#4045,.T.);
#1108=ORIENTED_EDGE('',*,*,#4046,.T.);
#1109=ORIENTED_EDGE('',*,*,#4047,.T.);
#1110=ORIENTED_EDGE('',*,*,#4048,.T.);
#1111=ORIENTED_EDGE('',*,*,#4049,.T.);
#1112=ORIENTED_EDGE('',*,*,#4050,.T.);
#1113=ORIENTED_EDGE('',*,*,#4051,.T.);
#1114=ORIENTED_EDGE('',*,*,#4052,.T.);
#1115=ORIENTED_EDGE('',*,*,#4053,.T.);
#1116=ORIENTED_EDGE('',*,*,#4054,.T.);
#1117=ORIENTED_EDGE('',*,*,#4055,.T.);
#1118=ORIENTED_EDGE('',*,*,#4056,.T.);
#1119=ORIENTED_EDGE('',*,*,#4057,.T.);
#1120=ORIENTED_EDGE('',*,*,#4058,.T.);
#1121=ORIENTED_EDGE('',*,*,#4059,.T.);
#1122=ORIENTED_EDGE('',*,*,#4060,.T.);
#1123=ORIENTED_EDGE('',*,*,#4061,.T.);
#1124=ORIENTED_EDGE('',*,*,#4062,.T.);
#1125=ORIENTED_EDGE('',*,*,#4063,.T.);
#1126=ORIENTED_EDGE('',*,*,#4064,.T.);
#1127=ORIENTED_EDGE('',*,*,#4065,.T.);
#1128=ORIENTED_EDGE('',*,*,#4066,.T.);
#1129=ORIENTED_EDGE('',*,*,#4067,.T.);
#1130=ORIENTED_EDGE('',*,*,#4068,.T.);
#1131=ORIENTED_EDGE('',*,*,#4069,.T.);
#1132=ORIENTED_EDGE('',*,*,#4070,.T.);
#1133=ORIENTED_EDGE('',*,*,#4071,.T.);
#1134=ORIENTED_EDGE('',*,*,#4072,.T.);
#1135=ORIENTED_EDGE('',*,*,#4073,.T.);
#1136=ORIENTED_EDGE('',*,*,#4074,.T.);
#1137=ORIENTED_EDGE('',*,*,#4075,.T.);
#1138=ORIENTED_EDGE('',*,*,#4076,.T.);
#1139=ORIENTED_EDGE('',*,*,#4077,.T.);
#1140=ORIENTED_EDGE('',*,*,#4078,.T.);
#1141=ORIENTED_EDGE('',*,*,#4079,.T.);
#1142=ORIENTED_EDGE('',*,*,#4080,.T.);
#1143=ORIENTED_EDGE('',*,*,#4081,.T.);
#1144=ORIENTED_EDGE('',*,*,#4082,.T.);
#1145=ORIENTED_EDGE('',*,*,#4083,.T.);
#1146=ORIENTED_EDGE('',*,*,#4084,.T.);
#1147=ORIENTED_EDGE('',*,*,#4085,.T.);
#1148=ORIENTED_EDGE('',*,*,#4086,.T.);
#1149=ORIENTED_EDGE('',*,*,#4087,.T.);
#1150=ORIENTED_EDGE('',*,*,#4088,.T.);
#1151=ORIENTED_EDGE('',*,*,#4089,.T.);
#1152=ORIENTED_EDGE('',*,*,#4090,.T.);
#1153=ORIENTED_EDGE('',*,*,#4091,.T.);
#1154=ORIENTED_EDGE('',*,*,#4092,.T.);
#1155=ORIENTED_EDGE('',*,*,#4093,.T.);
#1156=ORIENTED_EDGE('',*,*,#4094,.T.);
#1157=ORIENTED_EDGE('',*,*,#4095,.T.);
#1158=ORIENTED_EDGE('',*,*,#4096,.T.);
#1159=ORIENTED_EDGE('',*,*,#4097,.T.);
#1160=ORIENTED_EDGE('',*,*,#4098,.T.);
#1161=ORIENTED_EDGE('',*,*,#4099,.T.);
#1162=ORIENTED_EDGE('',*,*,#4100,.T.);
#1163=ORIENTED_EDGE('',*,*,#4101,.T.);
#1164=ORIENTED_EDGE('',*,*,#4102,.T.);
#1165=ORIENTED_EDGE('',*,*,#4103,.T.);
#1166=ORIENTED_EDGE('',*,*,#4104,.T.);
#1167=ORIENTED_EDGE('',*,*,#4105,.T.);
#1168=ORIENTED_EDGE('',*,*,#4106,.T.);
#1169=ORIENTED_EDGE('',*,*,#4107,.T.);
#1170=ORIENTED_EDGE('',*,*,#4108,.T.);
#1171=ORIENTED_EDGE('',*,*,#4109,.T.);
#1172=ORIENTED_EDGE('',*,*,#4110,.T.);
#1173=ORIENTED_EDGE('',*,*,#4111,.T.);
#1174=ORIENTED_EDGE('',*,*,#4112,.T.);
#1175=ORIENTED_EDGE('',*,*,#4113,.T.);
#1176=ORIENTED_EDGE('',*,*,#4114,.T.);
#1177=ORIENTED_EDGE('',*,*,#4115,.T.);
#1178=ORIENTED_EDGE('',*,*,#4116,.T.);
#1179=ORIENTED_EDGE('',*,*,#4117,.T.);
#1180=ORIENTED_EDGE('',*,*,#4118,.T.);
#1181=ORIENTED_EDGE('',*,*,#4119,.T.);
#1182=ORIENTED_EDGE('',*,*,#4120,.T.);
#1183=ORIENTED_EDGE('',*,*,#4121,.T.);
#1184=ORIENTED_EDGE('',*,*,#4122,.T.);
#1185=ORIENTED_EDGE('',*,*,#4123,.T.);
#1186=ORIENTED_EDGE('',*,*,#4124,.T.);
#1187=ORIENTED_EDGE('',*,*,#4125,.T.);
#1188=ORIENTED_EDGE('',*,*,#4126,.T.);
#1189=ORIENTED_EDGE('',*,*,#4127,.T.);
#1190=ORIENTED_EDGE('',*,*,#4128,.T.);
#1191=ORIENTED_EDGE('',*,*,#4129,.T.);
#1192=ORIENTED_EDGE('',*,*,#4130,.T.);
#1193=ORIENTED_EDGE('',*,*,#4131,.T.);
#1194=ORIENTED_EDGE('',*,*,#4132,.T.);
#1195=ORIENTED_EDGE('',*,*,#4133,.T.);
#1196=ORIENTED_EDGE('',*,*,#4134,.T.);
#1197=ORIENTED_EDGE('',*,*,#4135,.T.);
#1198=ORIENTED_EDGE('',*,*,#4136,.T.);
#1199=ORIENTED_EDGE('',*,*,#4137,.T.);
#1200=ORIENTED_EDGE('',*,*,#4138,.T.);
#1201=ORIENTED_EDGE('',*,*,#4139,.T.);
#1202=ORIENTED_EDGE('',*,*,#4140,.T.);
#1203=ORIENTED_EDGE('',*,*,#4141,.T.);
#1204=ORIENTED_EDGE('',*,*,#4142,.T.);
#1205=ORIENTED_EDGE('',*,*,#4143,.T.);
#1206=ORIENTED_EDGE('',*,*,#4144,.T.);
#1207=ORIENTED_EDGE('',*,*,#4145,.T.);
#1208=ORIENTED_EDGE('',*,*,#4146,.T.);
#1209=ORIENTED_EDGE('',*,*,#4147,.T.);
#1210=ORIENTED_EDGE('',*,*,#4148,.T.);
#1211=ORIENTED_EDGE('',*,*,#4142,.F.);
#1212=ORIENTED_EDGE('',*,*,#3655,.T.);
#1213=ORIENTED_EDGE('',*,*,#4149,.T.);
#1214=ORIENTED_EDGE('',*,*,#4150,.T.);
#1215=ORIENTED_EDGE('',*,*,#4151,.F.);
#1216=ORIENTED_EDGE('',*,*,#3649,.T.);
#1217=ORIENTED_EDGE('',*,*,#4140,.F.);
#1218=ORIENTED_EDGE('',*,*,#4152,.T.);
#1219=ORIENTED_EDGE('',*,*,#4149,.F.);
#1220=ORIENTED_EDGE('',*,*,#3654,.T.);
#1221=ORIENTED_EDGE('',*,*,#4153,.T.);
#1222=ORIENTED_EDGE('',*,*,#4141,.F.);
#1223=ORIENTED_EDGE('',*,*,#4153,.F.);
#1224=ORIENTED_EDGE('',*,*,#3653,.T.);
#1225=ORIENTED_EDGE('',*,*,#4154,.T.);
#1226=ORIENTED_EDGE('',*,*,#4136,.F.);
#1227=ORIENTED_EDGE('',*,*,#4154,.F.);
#1228=ORIENTED_EDGE('',*,*,#3652,.T.);
#1229=ORIENTED_EDGE('',*,*,#4155,.T.);
#1230=ORIENTED_EDGE('',*,*,#4156,.T.);
#1231=ORIENTED_EDGE('',*,*,#4157,.T.);
#1232=ORIENTED_EDGE('',*,*,#4158,.T.);
#1233=ORIENTED_EDGE('',*,*,#4155,.F.);
#1234=ORIENTED_EDGE('',*,*,#3651,.F.);
#1235=ORIENTED_EDGE('',*,*,#4151,.T.);
#1236=ORIENTED_EDGE('',*,*,#4159,.T.);
#1237=ORIENTED_EDGE('',*,*,#4157,.F.);
#1238=ORIENTED_EDGE('',*,*,#3650,.F.);
#1239=ORIENTED_EDGE('',*,*,#4133,.F.);
#1240=ORIENTED_EDGE('',*,*,#4160,.F.);
#1241=ORIENTED_EDGE('',*,*,#3658,.T.);
#1242=ORIENTED_EDGE('',*,*,#4161,.F.);
#1243=ORIENTED_EDGE('',*,*,#4162,.T.);
#1244=ORIENTED_EDGE('',*,*,#4163,.T.);
#1245=ORIENTED_EDGE('',*,*,#4164,.T.);
#1246=ORIENTED_EDGE('',*,*,#4165,.F.);
#1247=ORIENTED_EDGE('',*,*,#3656,.F.);
#1248=ORIENTED_EDGE('',*,*,#4165,.T.);
#1249=ORIENTED_EDGE('',*,*,#4166,.T.);
#1250=ORIENTED_EDGE('',*,*,#4161,.T.);
#1251=ORIENTED_EDGE('',*,*,#3657,.F.);
#1252=ORIENTED_EDGE('',*,*,#4167,.T.);
#1253=ORIENTED_EDGE('',*,*,#4168,.T.);
#1254=ORIENTED_EDGE('',*,*,#4163,.F.);
#1255=ORIENTED_EDGE('',*,*,#3661,.T.);
#1256=ORIENTED_EDGE('',*,*,#4131,.F.);
#1257=ORIENTED_EDGE('',*,*,#4169,.T.);
#1258=ORIENTED_EDGE('',*,*,#4167,.F.);
#1259=ORIENTED_EDGE('',*,*,#3660,.T.);
#1260=ORIENTED_EDGE('',*,*,#4170,.T.);
#1261=ORIENTED_EDGE('',*,*,#4132,.F.);
#1262=ORIENTED_EDGE('',*,*,#4170,.F.);
#1263=ORIENTED_EDGE('',*,*,#3659,.T.);
#1264=ORIENTED_EDGE('',*,*,#4160,.T.);
#1265=ORIENTED_EDGE('',*,*,#4171,.F.);
#1266=ORIENTED_EDGE('',*,*,#4172,.T.);
#1267=ORIENTED_EDGE('',*,*,#4173,.F.);
#1268=ORIENTED_EDGE('',*,*,#3663,.F.);
#1269=ORIENTED_EDGE('',*,*,#3667,.T.);
#1270=ORIENTED_EDGE('',*,*,#4174,.T.);
#1271=ORIENTED_EDGE('',*,*,#4147,.F.);
#1272=ORIENTED_EDGE('',*,*,#4175,.T.);
#1273=ORIENTED_EDGE('',*,*,#4176,.F.);
#1274=ORIENTED_EDGE('',*,*,#4176,.T.);
#1275=ORIENTED_EDGE('',*,*,#4177,.T.);
#1276=ORIENTED_EDGE('',*,*,#4171,.T.);
#1277=ORIENTED_EDGE('',*,*,#3662,.T.);
#1278=ORIENTED_EDGE('',*,*,#4143,.F.);
#1279=ORIENTED_EDGE('',*,*,#4178,.F.);
#1280=ORIENTED_EDGE('',*,*,#3665,.T.);
#1281=ORIENTED_EDGE('',*,*,#4179,.F.);
#1282=ORIENTED_EDGE('',*,*,#4180,.T.);
#1283=ORIENTED_EDGE('',*,*,#4173,.T.);
#1284=ORIENTED_EDGE('',*,*,#4181,.T.);
#1285=ORIENTED_EDGE('',*,*,#4179,.T.);
#1286=ORIENTED_EDGE('',*,*,#3664,.F.);
#1287=ORIENTED_EDGE('',*,*,#4148,.F.);
#1288=ORIENTED_EDGE('',*,*,#4174,.F.);
#1289=ORIENTED_EDGE('',*,*,#3666,.T.);
#1290=ORIENTED_EDGE('',*,*,#4178,.T.);
#1291=ORIENTED_EDGE('',*,*,#4118,.F.);
#1292=ORIENTED_EDGE('',*,*,#4182,.F.);
#1293=ORIENTED_EDGE('',*,*,#4183,.T.);
#1294=ORIENTED_EDGE('',*,*,#4184,.T.);
#1295=ORIENTED_EDGE('',*,*,#4119,.F.);
#1296=ORIENTED_EDGE('',*,*,#4184,.F.);
#1297=ORIENTED_EDGE('',*,*,#4185,.T.);
#1298=ORIENTED_EDGE('',*,*,#4186,.T.);
#1299=ORIENTED_EDGE('',*,*,#4120,.F.);
#1300=ORIENTED_EDGE('',*,*,#4186,.F.);
#1301=ORIENTED_EDGE('',*,*,#4187,.T.);
#1302=ORIENTED_EDGE('',*,*,#4188,.T.);
#1303=ORIENTED_EDGE('',*,*,#4121,.F.);
#1304=ORIENTED_EDGE('',*,*,#4188,.F.);
#1305=ORIENTED_EDGE('',*,*,#4189,.T.);
#1306=ORIENTED_EDGE('',*,*,#4190,.T.);
#1307=ORIENTED_EDGE('',*,*,#4122,.F.);
#1308=ORIENTED_EDGE('',*,*,#4190,.F.);
#1309=ORIENTED_EDGE('',*,*,#4191,.T.);
#1310=ORIENTED_EDGE('',*,*,#4192,.T.);
#1311=ORIENTED_EDGE('',*,*,#4112,.F.);
#1312=ORIENTED_EDGE('',*,*,#4193,.F.);
#1313=ORIENTED_EDGE('',*,*,#4194,.T.);
#1314=ORIENTED_EDGE('',*,*,#4195,.T.);
#1315=ORIENTED_EDGE('',*,*,#4113,.F.);
#1316=ORIENTED_EDGE('',*,*,#4195,.F.);
#1317=ORIENTED_EDGE('',*,*,#4196,.T.);
#1318=ORIENTED_EDGE('',*,*,#4197,.T.);
#1319=ORIENTED_EDGE('',*,*,#4114,.F.);
#1320=ORIENTED_EDGE('',*,*,#4197,.F.);
#1321=ORIENTED_EDGE('',*,*,#4198,.T.);
#1322=ORIENTED_EDGE('',*,*,#4199,.T.);
#1323=ORIENTED_EDGE('',*,*,#4115,.F.);
#1324=ORIENTED_EDGE('',*,*,#4199,.F.);
#1325=ORIENTED_EDGE('',*,*,#4200,.T.);
#1326=ORIENTED_EDGE('',*,*,#4201,.T.);
#1327=ORIENTED_EDGE('',*,*,#4116,.F.);
#1328=ORIENTED_EDGE('',*,*,#4201,.F.);
#1329=ORIENTED_EDGE('',*,*,#4202,.T.);
#1330=ORIENTED_EDGE('',*,*,#4203,.T.);
#1331=ORIENTED_EDGE('',*,*,#4100,.F.);
#1332=ORIENTED_EDGE('',*,*,#4204,.F.);
#1333=ORIENTED_EDGE('',*,*,#4205,.T.);
#1334=ORIENTED_EDGE('',*,*,#4206,.T.);
#1335=ORIENTED_EDGE('',*,*,#4101,.F.);
#1336=ORIENTED_EDGE('',*,*,#4206,.F.);
#1337=ORIENTED_EDGE('',*,*,#4207,.T.);
#1338=ORIENTED_EDGE('',*,*,#4208,.T.);
#1339=ORIENTED_EDGE('',*,*,#4102,.F.);
#1340=ORIENTED_EDGE('',*,*,#4208,.F.);
#1341=ORIENTED_EDGE('',*,*,#4209,.T.);
#1342=ORIENTED_EDGE('',*,*,#4210,.T.);
#1343=ORIENTED_EDGE('',*,*,#4103,.F.);
#1344=ORIENTED_EDGE('',*,*,#4210,.F.);
#1345=ORIENTED_EDGE('',*,*,#4211,.T.);
#1346=ORIENTED_EDGE('',*,*,#4212,.T.);
#1347=ORIENTED_EDGE('',*,*,#4104,.F.);
#1348=ORIENTED_EDGE('',*,*,#4212,.F.);
#1349=ORIENTED_EDGE('',*,*,#4213,.T.);
#1350=ORIENTED_EDGE('',*,*,#4214,.T.);
#1351=ORIENTED_EDGE('',*,*,#4105,.F.);
#1352=ORIENTED_EDGE('',*,*,#4214,.F.);
#1353=ORIENTED_EDGE('',*,*,#4215,.T.);
#1354=ORIENTED_EDGE('',*,*,#4216,.T.);
#1355=ORIENTED_EDGE('',*,*,#4106,.F.);
#1356=ORIENTED_EDGE('',*,*,#4216,.F.);
#1357=ORIENTED_EDGE('',*,*,#4217,.T.);
#1358=ORIENTED_EDGE('',*,*,#4218,.T.);
#1359=ORIENTED_EDGE('',*,*,#4107,.F.);
#1360=ORIENTED_EDGE('',*,*,#4218,.F.);
#1361=ORIENTED_EDGE('',*,*,#4219,.T.);
#1362=ORIENTED_EDGE('',*,*,#4220,.T.);
#1363=ORIENTED_EDGE('',*,*,#4108,.F.);
#1364=ORIENTED_EDGE('',*,*,#4220,.F.);
#1365=ORIENTED_EDGE('',*,*,#4221,.T.);
#1366=ORIENTED_EDGE('',*,*,#4222,.T.);
#1367=ORIENTED_EDGE('',*,*,#4109,.F.);
#1368=ORIENTED_EDGE('',*,*,#4222,.F.);
#1369=ORIENTED_EDGE('',*,*,#4223,.T.);
#1370=ORIENTED_EDGE('',*,*,#4224,.T.);
#1371=ORIENTED_EDGE('',*,*,#4110,.F.);
#1372=ORIENTED_EDGE('',*,*,#4224,.F.);
#1373=ORIENTED_EDGE('',*,*,#4225,.T.);
#1374=ORIENTED_EDGE('',*,*,#4226,.T.);
#1375=ORIENTED_EDGE('',*,*,#4092,.F.);
#1376=ORIENTED_EDGE('',*,*,#4227,.F.);
#1377=ORIENTED_EDGE('',*,*,#4228,.T.);
#1378=ORIENTED_EDGE('',*,*,#4229,.T.);
#1379=ORIENTED_EDGE('',*,*,#4093,.F.);
#1380=ORIENTED_EDGE('',*,*,#4229,.F.);
#1381=ORIENTED_EDGE('',*,*,#4230,.T.);
#1382=ORIENTED_EDGE('',*,*,#4231,.T.);
#1383=ORIENTED_EDGE('',*,*,#4094,.F.);
#1384=ORIENTED_EDGE('',*,*,#4231,.F.);
#1385=ORIENTED_EDGE('',*,*,#4232,.T.);
#1386=ORIENTED_EDGE('',*,*,#4233,.T.);
#1387=ORIENTED_EDGE('',*,*,#4095,.F.);
#1388=ORIENTED_EDGE('',*,*,#4233,.F.);
#1389=ORIENTED_EDGE('',*,*,#4234,.T.);
#1390=ORIENTED_EDGE('',*,*,#4235,.T.);
#1391=ORIENTED_EDGE('',*,*,#4096,.F.);
#1392=ORIENTED_EDGE('',*,*,#4235,.F.);
#1393=ORIENTED_EDGE('',*,*,#4236,.T.);
#1394=ORIENTED_EDGE('',*,*,#4237,.T.);
#1395=ORIENTED_EDGE('',*,*,#4097,.F.);
#1396=ORIENTED_EDGE('',*,*,#4237,.F.);
#1397=ORIENTED_EDGE('',*,*,#4238,.T.);
#1398=ORIENTED_EDGE('',*,*,#4239,.T.);
#1399=ORIENTED_EDGE('',*,*,#4098,.F.);
#1400=ORIENTED_EDGE('',*,*,#4239,.F.);
#1401=ORIENTED_EDGE('',*,*,#4240,.T.);
#1402=ORIENTED_EDGE('',*,*,#4241,.T.);
#1403=ORIENTED_EDGE('',*,*,#4077,.F.);
#1404=ORIENTED_EDGE('',*,*,#4242,.F.);
#1405=ORIENTED_EDGE('',*,*,#4243,.T.);
#1406=ORIENTED_EDGE('',*,*,#4244,.T.);
#1407=ORIENTED_EDGE('',*,*,#4078,.F.);
#1408=ORIENTED_EDGE('',*,*,#4244,.F.);
#1409=ORIENTED_EDGE('',*,*,#4245,.T.);
#1410=ORIENTED_EDGE('',*,*,#4246,.T.);
#1411=ORIENTED_EDGE('',*,*,#4079,.F.);
#1412=ORIENTED_EDGE('',*,*,#4246,.F.);
#1413=ORIENTED_EDGE('',*,*,#4247,.T.);
#1414=ORIENTED_EDGE('',*,*,#4248,.T.);
#1415=ORIENTED_EDGE('',*,*,#4080,.F.);
#1416=ORIENTED_EDGE('',*,*,#4248,.F.);
#1417=ORIENTED_EDGE('',*,*,#4249,.T.);
#1418=ORIENTED_EDGE('',*,*,#4250,.T.);
#1419=ORIENTED_EDGE('',*,*,#4081,.F.);
#1420=ORIENTED_EDGE('',*,*,#4250,.F.);
#1421=ORIENTED_EDGE('',*,*,#4251,.T.);
#1422=ORIENTED_EDGE('',*,*,#4252,.T.);
#1423=ORIENTED_EDGE('',*,*,#4082,.F.);
#1424=ORIENTED_EDGE('',*,*,#4252,.F.);
#1425=ORIENTED_EDGE('',*,*,#4253,.T.);
#1426=ORIENTED_EDGE('',*,*,#4254,.T.);
#1427=ORIENTED_EDGE('',*,*,#4083,.F.);
#1428=ORIENTED_EDGE('',*,*,#4254,.F.);
#1429=ORIENTED_EDGE('',*,*,#4255,.T.);
#1430=ORIENTED_EDGE('',*,*,#4256,.T.);
#1431=ORIENTED_EDGE('',*,*,#4084,.F.);
#1432=ORIENTED_EDGE('',*,*,#4256,.F.);
#1433=ORIENTED_EDGE('',*,*,#4257,.T.);
#1434=ORIENTED_EDGE('',*,*,#4258,.T.);
#1435=ORIENTED_EDGE('',*,*,#4085,.F.);
#1436=ORIENTED_EDGE('',*,*,#4258,.F.);
#1437=ORIENTED_EDGE('',*,*,#4259,.T.);
#1438=ORIENTED_EDGE('',*,*,#4260,.T.);
#1439=ORIENTED_EDGE('',*,*,#4086,.F.);
#1440=ORIENTED_EDGE('',*,*,#4260,.F.);
#1441=ORIENTED_EDGE('',*,*,#4261,.T.);
#1442=ORIENTED_EDGE('',*,*,#4262,.T.);
#1443=ORIENTED_EDGE('',*,*,#4087,.F.);
#1444=ORIENTED_EDGE('',*,*,#4262,.F.);
#1445=ORIENTED_EDGE('',*,*,#4263,.T.);
#1446=ORIENTED_EDGE('',*,*,#4264,.T.);
#1447=ORIENTED_EDGE('',*,*,#4088,.F.);
#1448=ORIENTED_EDGE('',*,*,#4264,.F.);
#1449=ORIENTED_EDGE('',*,*,#4265,.T.);
#1450=ORIENTED_EDGE('',*,*,#4266,.T.);
#1451=ORIENTED_EDGE('',*,*,#4089,.F.);
#1452=ORIENTED_EDGE('',*,*,#4266,.F.);
#1453=ORIENTED_EDGE('',*,*,#4267,.T.);
#1454=ORIENTED_EDGE('',*,*,#4268,.T.);
#1455=ORIENTED_EDGE('',*,*,#4090,.F.);
#1456=ORIENTED_EDGE('',*,*,#4268,.F.);
#1457=ORIENTED_EDGE('',*,*,#4269,.T.);
#1458=ORIENTED_EDGE('',*,*,#4270,.T.);
#1459=ORIENTED_EDGE('',*,*,#4062,.F.);
#1460=ORIENTED_EDGE('',*,*,#4271,.F.);
#1461=ORIENTED_EDGE('',*,*,#4272,.T.);
#1462=ORIENTED_EDGE('',*,*,#4273,.T.);
#1463=ORIENTED_EDGE('',*,*,#4063,.F.);
#1464=ORIENTED_EDGE('',*,*,#4273,.F.);
#1465=ORIENTED_EDGE('',*,*,#4274,.T.);
#1466=ORIENTED_EDGE('',*,*,#4275,.T.);
#1467=ORIENTED_EDGE('',*,*,#4064,.F.);
#1468=ORIENTED_EDGE('',*,*,#4275,.F.);
#1469=ORIENTED_EDGE('',*,*,#4276,.T.);
#1470=ORIENTED_EDGE('',*,*,#4277,.T.);
#1471=ORIENTED_EDGE('',*,*,#4065,.F.);
#1472=ORIENTED_EDGE('',*,*,#4277,.F.);
#1473=ORIENTED_EDGE('',*,*,#4278,.T.);
#1474=ORIENTED_EDGE('',*,*,#4279,.T.);
#1475=ORIENTED_EDGE('',*,*,#4066,.F.);
#1476=ORIENTED_EDGE('',*,*,#4279,.F.);
#1477=ORIENTED_EDGE('',*,*,#4280,.T.);
#1478=ORIENTED_EDGE('',*,*,#4281,.T.);
#1479=ORIENTED_EDGE('',*,*,#4067,.F.);
#1480=ORIENTED_EDGE('',*,*,#4281,.F.);
#1481=ORIENTED_EDGE('',*,*,#4282,.T.);
#1482=ORIENTED_EDGE('',*,*,#4283,.T.);
#1483=ORIENTED_EDGE('',*,*,#4068,.F.);
#1484=ORIENTED_EDGE('',*,*,#4283,.F.);
#1485=ORIENTED_EDGE('',*,*,#4284,.T.);
#1486=ORIENTED_EDGE('',*,*,#4285,.T.);
#1487=ORIENTED_EDGE('',*,*,#4069,.F.);
#1488=ORIENTED_EDGE('',*,*,#4285,.F.);
#1489=ORIENTED_EDGE('',*,*,#4286,.T.);
#1490=ORIENTED_EDGE('',*,*,#4287,.T.);
#1491=ORIENTED_EDGE('',*,*,#4070,.F.);
#1492=ORIENTED_EDGE('',*,*,#4287,.F.);
#1493=ORIENTED_EDGE('',*,*,#4288,.T.);
#1494=ORIENTED_EDGE('',*,*,#4289,.T.);
#1495=ORIENTED_EDGE('',*,*,#4071,.F.);
#1496=ORIENTED_EDGE('',*,*,#4289,.F.);
#1497=ORIENTED_EDGE('',*,*,#4290,.T.);
#1498=ORIENTED_EDGE('',*,*,#4291,.T.);
#1499=ORIENTED_EDGE('',*,*,#4072,.F.);
#1500=ORIENTED_EDGE('',*,*,#4291,.F.);
#1501=ORIENTED_EDGE('',*,*,#4292,.T.);
#1502=ORIENTED_EDGE('',*,*,#4293,.T.);
#1503=ORIENTED_EDGE('',*,*,#4073,.F.);
#1504=ORIENTED_EDGE('',*,*,#4293,.F.);
#1505=ORIENTED_EDGE('',*,*,#4294,.T.);
#1506=ORIENTED_EDGE('',*,*,#4295,.T.);
#1507=ORIENTED_EDGE('',*,*,#4074,.F.);
#1508=ORIENTED_EDGE('',*,*,#4295,.F.);
#1509=ORIENTED_EDGE('',*,*,#4296,.T.);
#1510=ORIENTED_EDGE('',*,*,#4297,.T.);
#1511=ORIENTED_EDGE('',*,*,#4075,.F.);
#1512=ORIENTED_EDGE('',*,*,#4297,.F.);
#1513=ORIENTED_EDGE('',*,*,#4298,.T.);
#1514=ORIENTED_EDGE('',*,*,#4299,.T.);
#1515=ORIENTED_EDGE('',*,*,#4047,.F.);
#1516=ORIENTED_EDGE('',*,*,#4300,.F.);
#1517=ORIENTED_EDGE('',*,*,#4301,.T.);
#1518=ORIENTED_EDGE('',*,*,#4302,.T.);
#1519=ORIENTED_EDGE('',*,*,#4048,.F.);
#1520=ORIENTED_EDGE('',*,*,#4302,.F.);
#1521=ORIENTED_EDGE('',*,*,#4303,.T.);
#1522=ORIENTED_EDGE('',*,*,#4304,.T.);
#1523=ORIENTED_EDGE('',*,*,#4049,.F.);
#1524=ORIENTED_EDGE('',*,*,#4304,.F.);
#1525=ORIENTED_EDGE('',*,*,#4305,.T.);
#1526=ORIENTED_EDGE('',*,*,#4306,.T.);
#1527=ORIENTED_EDGE('',*,*,#4050,.F.);
#1528=ORIENTED_EDGE('',*,*,#4306,.F.);
#1529=ORIENTED_EDGE('',*,*,#4307,.T.);
#1530=ORIENTED_EDGE('',*,*,#4308,.T.);
#1531=ORIENTED_EDGE('',*,*,#4051,.F.);
#1532=ORIENTED_EDGE('',*,*,#4308,.F.);
#1533=ORIENTED_EDGE('',*,*,#4309,.T.);
#1534=ORIENTED_EDGE('',*,*,#4310,.T.);
#1535=ORIENTED_EDGE('',*,*,#4052,.F.);
#1536=ORIENTED_EDGE('',*,*,#4310,.F.);
#1537=ORIENTED_EDGE('',*,*,#4311,.T.);
#1538=ORIENTED_EDGE('',*,*,#4312,.T.);
#1539=ORIENTED_EDGE('',*,*,#4053,.F.);
#1540=ORIENTED_EDGE('',*,*,#4312,.F.);
#1541=ORIENTED_EDGE('',*,*,#4313,.T.);
#1542=ORIENTED_EDGE('',*,*,#4314,.T.);
#1543=ORIENTED_EDGE('',*,*,#4054,.F.);
#1544=ORIENTED_EDGE('',*,*,#4314,.F.);
#1545=ORIENTED_EDGE('',*,*,#4315,.T.);
#1546=ORIENTED_EDGE('',*,*,#4316,.T.);
#1547=ORIENTED_EDGE('',*,*,#4055,.F.);
#1548=ORIENTED_EDGE('',*,*,#4316,.F.);
#1549=ORIENTED_EDGE('',*,*,#4317,.T.);
#1550=ORIENTED_EDGE('',*,*,#4318,.T.);
#1551=ORIENTED_EDGE('',*,*,#4056,.F.);
#1552=ORIENTED_EDGE('',*,*,#4318,.F.);
#1553=ORIENTED_EDGE('',*,*,#4319,.T.);
#1554=ORIENTED_EDGE('',*,*,#4320,.T.);
#1555=ORIENTED_EDGE('',*,*,#4057,.F.);
#1556=ORIENTED_EDGE('',*,*,#4320,.F.);
#1557=ORIENTED_EDGE('',*,*,#4321,.T.);
#1558=ORIENTED_EDGE('',*,*,#4322,.T.);
#1559=ORIENTED_EDGE('',*,*,#4058,.F.);
#1560=ORIENTED_EDGE('',*,*,#4322,.F.);
#1561=ORIENTED_EDGE('',*,*,#4323,.T.);
#1562=ORIENTED_EDGE('',*,*,#4324,.T.);
#1563=ORIENTED_EDGE('',*,*,#4059,.F.);
#1564=ORIENTED_EDGE('',*,*,#4324,.F.);
#1565=ORIENTED_EDGE('',*,*,#4325,.T.);
#1566=ORIENTED_EDGE('',*,*,#4326,.T.);
#1567=ORIENTED_EDGE('',*,*,#4060,.F.);
#1568=ORIENTED_EDGE('',*,*,#4326,.F.);
#1569=ORIENTED_EDGE('',*,*,#4327,.T.);
#1570=ORIENTED_EDGE('',*,*,#4328,.T.);
#1571=ORIENTED_EDGE('',*,*,#4043,.F.);
#1572=ORIENTED_EDGE('',*,*,#4329,.F.);
#1573=ORIENTED_EDGE('',*,*,#4330,.T.);
#1574=ORIENTED_EDGE('',*,*,#4331,.T.);
#1575=ORIENTED_EDGE('',*,*,#4044,.F.);
#1576=ORIENTED_EDGE('',*,*,#4331,.F.);
#1577=ORIENTED_EDGE('',*,*,#4332,.T.);
#1578=ORIENTED_EDGE('',*,*,#4333,.T.);
#1579=ORIENTED_EDGE('',*,*,#4045,.F.);
#1580=ORIENTED_EDGE('',*,*,#4333,.F.);
#1581=ORIENTED_EDGE('',*,*,#4334,.T.);
#1582=ORIENTED_EDGE('',*,*,#4335,.T.);
#1583=ORIENTED_EDGE('',*,*,#4026,.F.);
#1584=ORIENTED_EDGE('',*,*,#4336,.F.);
#1585=ORIENTED_EDGE('',*,*,#4337,.T.);
#1586=ORIENTED_EDGE('',*,*,#4338,.T.);
#1587=ORIENTED_EDGE('',*,*,#4027,.F.);
#1588=ORIENTED_EDGE('',*,*,#4338,.F.);
#1589=ORIENTED_EDGE('',*,*,#4339,.T.);
#1590=ORIENTED_EDGE('',*,*,#4340,.T.);
#1591=ORIENTED_EDGE('',*,*,#4028,.F.);
#1592=ORIENTED_EDGE('',*,*,#4340,.F.);
#1593=ORIENTED_EDGE('',*,*,#4341,.T.);
#1594=ORIENTED_EDGE('',*,*,#4342,.T.);
#1595=ORIENTED_EDGE('',*,*,#4029,.F.);
#1596=ORIENTED_EDGE('',*,*,#4342,.F.);
#1597=ORIENTED_EDGE('',*,*,#4343,.T.);
#1598=ORIENTED_EDGE('',*,*,#4344,.T.);
#1599=ORIENTED_EDGE('',*,*,#4030,.F.);
#1600=ORIENTED_EDGE('',*,*,#4344,.F.);
#1601=ORIENTED_EDGE('',*,*,#4345,.T.);
#1602=ORIENTED_EDGE('',*,*,#4346,.T.);
#1603=ORIENTED_EDGE('',*,*,#4031,.F.);
#1604=ORIENTED_EDGE('',*,*,#4346,.F.);
#1605=ORIENTED_EDGE('',*,*,#4347,.T.);
#1606=ORIENTED_EDGE('',*,*,#4348,.T.);
#1607=ORIENTED_EDGE('',*,*,#4032,.F.);
#1608=ORIENTED_EDGE('',*,*,#4348,.F.);
#1609=ORIENTED_EDGE('',*,*,#4349,.T.);
#1610=ORIENTED_EDGE('',*,*,#4350,.T.);
#1611=ORIENTED_EDGE('',*,*,#4033,.F.);
#1612=ORIENTED_EDGE('',*,*,#4350,.F.);
#1613=ORIENTED_EDGE('',*,*,#4351,.T.);
#1614=ORIENTED_EDGE('',*,*,#4352,.T.);
#1615=ORIENTED_EDGE('',*,*,#4034,.F.);
#1616=ORIENTED_EDGE('',*,*,#4352,.F.);
#1617=ORIENTED_EDGE('',*,*,#4353,.T.);
#1618=ORIENTED_EDGE('',*,*,#4354,.T.);
#1619=ORIENTED_EDGE('',*,*,#4035,.F.);
#1620=ORIENTED_EDGE('',*,*,#4354,.F.);
#1621=ORIENTED_EDGE('',*,*,#4355,.T.);
#1622=ORIENTED_EDGE('',*,*,#4356,.T.);
#1623=ORIENTED_EDGE('',*,*,#4036,.F.);
#1624=ORIENTED_EDGE('',*,*,#4356,.F.);
#1625=ORIENTED_EDGE('',*,*,#4357,.T.);
#1626=ORIENTED_EDGE('',*,*,#4358,.T.);
#1627=ORIENTED_EDGE('',*,*,#4037,.F.);
#1628=ORIENTED_EDGE('',*,*,#4358,.F.);
#1629=ORIENTED_EDGE('',*,*,#4359,.T.);
#1630=ORIENTED_EDGE('',*,*,#4360,.T.);
#1631=ORIENTED_EDGE('',*,*,#4038,.F.);
#1632=ORIENTED_EDGE('',*,*,#4360,.F.);
#1633=ORIENTED_EDGE('',*,*,#4361,.T.);
#1634=ORIENTED_EDGE('',*,*,#4362,.T.);
#1635=ORIENTED_EDGE('',*,*,#4039,.F.);
#1636=ORIENTED_EDGE('',*,*,#4362,.F.);
#1637=ORIENTED_EDGE('',*,*,#4363,.T.);
#1638=ORIENTED_EDGE('',*,*,#4364,.T.);
#1639=ORIENTED_EDGE('',*,*,#4040,.F.);
#1640=ORIENTED_EDGE('',*,*,#4364,.F.);
#1641=ORIENTED_EDGE('',*,*,#4365,.T.);
#1642=ORIENTED_EDGE('',*,*,#4366,.T.);
#1643=ORIENTED_EDGE('',*,*,#4041,.F.);
#1644=ORIENTED_EDGE('',*,*,#4366,.F.);
#1645=ORIENTED_EDGE('',*,*,#4367,.T.);
#1646=ORIENTED_EDGE('',*,*,#4368,.T.);
#1647=ORIENTED_EDGE('',*,*,#4011,.F.);
#1648=ORIENTED_EDGE('',*,*,#4369,.F.);
#1649=ORIENTED_EDGE('',*,*,#4370,.T.);
#1650=ORIENTED_EDGE('',*,*,#4371,.T.);
#1651=ORIENTED_EDGE('',*,*,#4012,.F.);
#1652=ORIENTED_EDGE('',*,*,#4371,.F.);
#1653=ORIENTED_EDGE('',*,*,#4372,.T.);
#1654=ORIENTED_EDGE('',*,*,#4373,.T.);
#1655=ORIENTED_EDGE('',*,*,#4013,.F.);
#1656=ORIENTED_EDGE('',*,*,#4373,.F.);
#1657=ORIENTED_EDGE('',*,*,#4374,.T.);
#1658=ORIENTED_EDGE('',*,*,#4375,.T.);
#1659=ORIENTED_EDGE('',*,*,#4014,.F.);
#1660=ORIENTED_EDGE('',*,*,#4375,.F.);
#1661=ORIENTED_EDGE('',*,*,#4376,.T.);
#1662=ORIENTED_EDGE('',*,*,#4377,.T.);
#1663=ORIENTED_EDGE('',*,*,#4015,.F.);
#1664=ORIENTED_EDGE('',*,*,#4377,.F.);
#1665=ORIENTED_EDGE('',*,*,#4378,.T.);
#1666=ORIENTED_EDGE('',*,*,#4379,.T.);
#1667=ORIENTED_EDGE('',*,*,#4016,.F.);
#1668=ORIENTED_EDGE('',*,*,#4379,.F.);
#1669=ORIENTED_EDGE('',*,*,#4380,.T.);
#1670=ORIENTED_EDGE('',*,*,#4381,.T.);
#1671=ORIENTED_EDGE('',*,*,#4017,.F.);
#1672=ORIENTED_EDGE('',*,*,#4381,.F.);
#1673=ORIENTED_EDGE('',*,*,#4382,.T.);
#1674=ORIENTED_EDGE('',*,*,#4383,.T.);
#1675=ORIENTED_EDGE('',*,*,#4018,.F.);
#1676=ORIENTED_EDGE('',*,*,#4383,.F.);
#1677=ORIENTED_EDGE('',*,*,#4384,.T.);
#1678=ORIENTED_EDGE('',*,*,#4385,.T.);
#1679=ORIENTED_EDGE('',*,*,#4019,.F.);
#1680=ORIENTED_EDGE('',*,*,#4385,.F.);
#1681=ORIENTED_EDGE('',*,*,#4386,.T.);
#1682=ORIENTED_EDGE('',*,*,#4387,.T.);
#1683=ORIENTED_EDGE('',*,*,#4020,.F.);
#1684=ORIENTED_EDGE('',*,*,#4387,.F.);
#1685=ORIENTED_EDGE('',*,*,#4388,.T.);
#1686=ORIENTED_EDGE('',*,*,#4389,.T.);
#1687=ORIENTED_EDGE('',*,*,#4021,.F.);
#1688=ORIENTED_EDGE('',*,*,#4389,.F.);
#1689=ORIENTED_EDGE('',*,*,#4390,.T.);
#1690=ORIENTED_EDGE('',*,*,#4391,.T.);
#1691=ORIENTED_EDGE('',*,*,#4022,.F.);
#1692=ORIENTED_EDGE('',*,*,#4391,.F.);
#1693=ORIENTED_EDGE('',*,*,#4392,.T.);
#1694=ORIENTED_EDGE('',*,*,#4393,.T.);
#1695=ORIENTED_EDGE('',*,*,#4023,.F.);
#1696=ORIENTED_EDGE('',*,*,#4393,.F.);
#1697=ORIENTED_EDGE('',*,*,#4394,.T.);
#1698=ORIENTED_EDGE('',*,*,#4395,.T.);
#1699=ORIENTED_EDGE('',*,*,#4024,.F.);
#1700=ORIENTED_EDGE('',*,*,#4395,.F.);
#1701=ORIENTED_EDGE('',*,*,#4396,.T.);
#1702=ORIENTED_EDGE('',*,*,#4397,.T.);
#1703=ORIENTED_EDGE('',*,*,#3992,.F.);
#1704=ORIENTED_EDGE('',*,*,#4398,.F.);
#1705=ORIENTED_EDGE('',*,*,#4399,.T.);
#1706=ORIENTED_EDGE('',*,*,#4400,.T.);
#1707=ORIENTED_EDGE('',*,*,#3993,.F.);
#1708=ORIENTED_EDGE('',*,*,#4400,.F.);
#1709=ORIENTED_EDGE('',*,*,#4401,.T.);
#1710=ORIENTED_EDGE('',*,*,#4402,.T.);
#1711=ORIENTED_EDGE('',*,*,#3994,.F.);
#1712=ORIENTED_EDGE('',*,*,#4402,.F.);
#1713=ORIENTED_EDGE('',*,*,#4403,.T.);
#1714=ORIENTED_EDGE('',*,*,#4404,.T.);
#1715=ORIENTED_EDGE('',*,*,#3995,.F.);
#1716=ORIENTED_EDGE('',*,*,#4404,.F.);
#1717=ORIENTED_EDGE('',*,*,#4405,.T.);
#1718=ORIENTED_EDGE('',*,*,#4406,.T.);
#1719=ORIENTED_EDGE('',*,*,#3996,.F.);
#1720=ORIENTED_EDGE('',*,*,#4406,.F.);
#1721=ORIENTED_EDGE('',*,*,#4407,.T.);
#1722=ORIENTED_EDGE('',*,*,#4408,.T.);
#1723=ORIENTED_EDGE('',*,*,#3997,.F.);
#1724=ORIENTED_EDGE('',*,*,#4408,.F.);
#1725=ORIENTED_EDGE('',*,*,#4409,.T.);
#1726=ORIENTED_EDGE('',*,*,#4410,.T.);
#1727=ORIENTED_EDGE('',*,*,#3998,.F.);
#1728=ORIENTED_EDGE('',*,*,#4410,.F.);
#1729=ORIENTED_EDGE('',*,*,#4411,.T.);
#1730=ORIENTED_EDGE('',*,*,#4412,.T.);
#1731=ORIENTED_EDGE('',*,*,#3999,.F.);
#1732=ORIENTED_EDGE('',*,*,#4412,.F.);
#1733=ORIENTED_EDGE('',*,*,#4413,.T.);
#1734=ORIENTED_EDGE('',*,*,#4414,.T.);
#1735=ORIENTED_EDGE('',*,*,#4000,.F.);
#1736=ORIENTED_EDGE('',*,*,#4414,.F.);
#1737=ORIENTED_EDGE('',*,*,#4415,.T.);
#1738=ORIENTED_EDGE('',*,*,#4416,.T.);
#1739=ORIENTED_EDGE('',*,*,#4001,.F.);
#1740=ORIENTED_EDGE('',*,*,#4416,.F.);
#1741=ORIENTED_EDGE('',*,*,#4417,.T.);
#1742=ORIENTED_EDGE('',*,*,#4418,.T.);
#1743=ORIENTED_EDGE('',*,*,#4002,.F.);
#1744=ORIENTED_EDGE('',*,*,#4418,.F.);
#1745=ORIENTED_EDGE('',*,*,#4419,.T.);
#1746=ORIENTED_EDGE('',*,*,#4420,.T.);
#1747=ORIENTED_EDGE('',*,*,#4003,.F.);
#1748=ORIENTED_EDGE('',*,*,#4420,.F.);
#1749=ORIENTED_EDGE('',*,*,#4421,.T.);
#1750=ORIENTED_EDGE('',*,*,#4422,.T.);
#1751=ORIENTED_EDGE('',*,*,#4004,.F.);
#1752=ORIENTED_EDGE('',*,*,#4422,.F.);
#1753=ORIENTED_EDGE('',*,*,#4423,.T.);
#1754=ORIENTED_EDGE('',*,*,#4424,.T.);
#1755=ORIENTED_EDGE('',*,*,#4005,.F.);
#1756=ORIENTED_EDGE('',*,*,#4424,.F.);
#1757=ORIENTED_EDGE('',*,*,#4425,.T.);
#1758=ORIENTED_EDGE('',*,*,#4426,.T.);
#1759=ORIENTED_EDGE('',*,*,#4006,.F.);
#1760=ORIENTED_EDGE('',*,*,#4426,.F.);
#1761=ORIENTED_EDGE('',*,*,#4427,.T.);
#1762=ORIENTED_EDGE('',*,*,#4428,.T.);
#1763=ORIENTED_EDGE('',*,*,#4007,.F.);
#1764=ORIENTED_EDGE('',*,*,#4428,.F.);
#1765=ORIENTED_EDGE('',*,*,#4429,.T.);
#1766=ORIENTED_EDGE('',*,*,#4430,.T.);
#1767=ORIENTED_EDGE('',*,*,#4008,.F.);
#1768=ORIENTED_EDGE('',*,*,#4430,.F.);
#1769=ORIENTED_EDGE('',*,*,#4431,.T.);
#1770=ORIENTED_EDGE('',*,*,#4432,.T.);
#1771=ORIENTED_EDGE('',*,*,#4009,.F.);
#1772=ORIENTED_EDGE('',*,*,#4432,.F.);
#1773=ORIENTED_EDGE('',*,*,#4433,.T.);
#1774=ORIENTED_EDGE('',*,*,#4434,.T.);
#1775=ORIENTED_EDGE('',*,*,#3981,.F.);
#1776=ORIENTED_EDGE('',*,*,#4435,.F.);
#1777=ORIENTED_EDGE('',*,*,#4436,.T.);
#1778=ORIENTED_EDGE('',*,*,#4437,.T.);
#1779=ORIENTED_EDGE('',*,*,#3982,.F.);
#1780=ORIENTED_EDGE('',*,*,#4437,.F.);
#1781=ORIENTED_EDGE('',*,*,#4438,.T.);
#1782=ORIENTED_EDGE('',*,*,#4439,.T.);
#1783=ORIENTED_EDGE('',*,*,#3983,.F.);
#1784=ORIENTED_EDGE('',*,*,#4439,.F.);
#1785=ORIENTED_EDGE('',*,*,#4440,.T.);
#1786=ORIENTED_EDGE('',*,*,#4441,.T.);
#1787=ORIENTED_EDGE('',*,*,#3984,.F.);
#1788=ORIENTED_EDGE('',*,*,#4441,.F.);
#1789=ORIENTED_EDGE('',*,*,#4442,.T.);
#1790=ORIENTED_EDGE('',*,*,#4443,.T.);
#1791=ORIENTED_EDGE('',*,*,#3985,.F.);
#1792=ORIENTED_EDGE('',*,*,#4443,.F.);
#1793=ORIENTED_EDGE('',*,*,#4444,.T.);
#1794=ORIENTED_EDGE('',*,*,#4445,.T.);
#1795=ORIENTED_EDGE('',*,*,#3986,.F.);
#1796=ORIENTED_EDGE('',*,*,#4445,.F.);
#1797=ORIENTED_EDGE('',*,*,#4446,.T.);
#1798=ORIENTED_EDGE('',*,*,#4447,.T.);
#1799=ORIENTED_EDGE('',*,*,#3987,.F.);
#1800=ORIENTED_EDGE('',*,*,#4447,.F.);
#1801=ORIENTED_EDGE('',*,*,#4448,.T.);
#1802=ORIENTED_EDGE('',*,*,#4449,.T.);
#1803=ORIENTED_EDGE('',*,*,#3988,.F.);
#1804=ORIENTED_EDGE('',*,*,#4449,.F.);
#1805=ORIENTED_EDGE('',*,*,#4450,.T.);
#1806=ORIENTED_EDGE('',*,*,#4451,.T.);
#1807=ORIENTED_EDGE('',*,*,#3989,.F.);
#1808=ORIENTED_EDGE('',*,*,#4451,.F.);
#1809=ORIENTED_EDGE('',*,*,#4452,.T.);
#1810=ORIENTED_EDGE('',*,*,#4453,.T.);
#1811=ORIENTED_EDGE('',*,*,#3990,.F.);
#1812=ORIENTED_EDGE('',*,*,#4453,.F.);
#1813=ORIENTED_EDGE('',*,*,#4454,.T.);
#1814=ORIENTED_EDGE('',*,*,#4455,.T.);
#1815=ORIENTED_EDGE('',*,*,#3977,.F.);
#1816=ORIENTED_EDGE('',*,*,#4456,.F.);
#1817=ORIENTED_EDGE('',*,*,#4457,.T.);
#1818=ORIENTED_EDGE('',*,*,#4458,.T.);
#1819=ORIENTED_EDGE('',*,*,#3978,.F.);
#1820=ORIENTED_EDGE('',*,*,#4458,.F.);
#1821=ORIENTED_EDGE('',*,*,#4459,.T.);
#1822=ORIENTED_EDGE('',*,*,#4460,.T.);
#1823=ORIENTED_EDGE('',*,*,#3979,.F.);
#1824=ORIENTED_EDGE('',*,*,#4460,.F.);
#1825=ORIENTED_EDGE('',*,*,#4461,.T.);
#1826=ORIENTED_EDGE('',*,*,#4462,.T.);
#1827=ORIENTED_EDGE('',*,*,#3970,.F.);
#1828=ORIENTED_EDGE('',*,*,#4463,.F.);
#1829=ORIENTED_EDGE('',*,*,#4464,.T.);
#1830=ORIENTED_EDGE('',*,*,#4465,.T.);
#1831=ORIENTED_EDGE('',*,*,#3971,.F.);
#1832=ORIENTED_EDGE('',*,*,#4465,.F.);
#1833=ORIENTED_EDGE('',*,*,#4466,.T.);
#1834=ORIENTED_EDGE('',*,*,#4467,.T.);
#1835=ORIENTED_EDGE('',*,*,#3972,.F.);
#1836=ORIENTED_EDGE('',*,*,#4467,.F.);
#1837=ORIENTED_EDGE('',*,*,#4468,.T.);
#1838=ORIENTED_EDGE('',*,*,#4469,.T.);
#1839=ORIENTED_EDGE('',*,*,#3973,.F.);
#1840=ORIENTED_EDGE('',*,*,#4469,.F.);
#1841=ORIENTED_EDGE('',*,*,#4470,.T.);
#1842=ORIENTED_EDGE('',*,*,#4471,.T.);
#1843=ORIENTED_EDGE('',*,*,#3974,.F.);
#1844=ORIENTED_EDGE('',*,*,#4471,.F.);
#1845=ORIENTED_EDGE('',*,*,#4472,.T.);
#1846=ORIENTED_EDGE('',*,*,#4473,.T.);
#1847=ORIENTED_EDGE('',*,*,#3975,.F.);
#1848=ORIENTED_EDGE('',*,*,#4473,.F.);
#1849=ORIENTED_EDGE('',*,*,#4474,.T.);
#1850=ORIENTED_EDGE('',*,*,#4475,.T.);
#1851=ORIENTED_EDGE('',*,*,#3952,.F.);
#1852=ORIENTED_EDGE('',*,*,#4476,.F.);
#1853=ORIENTED_EDGE('',*,*,#4477,.T.);
#1854=ORIENTED_EDGE('',*,*,#4478,.T.);
#1855=ORIENTED_EDGE('',*,*,#3953,.F.);
#1856=ORIENTED_EDGE('',*,*,#4478,.F.);
#1857=ORIENTED_EDGE('',*,*,#4479,.T.);
#1858=ORIENTED_EDGE('',*,*,#4480,.T.);
#1859=ORIENTED_EDGE('',*,*,#3954,.F.);
#1860=ORIENTED_EDGE('',*,*,#4480,.F.);
#1861=ORIENTED_EDGE('',*,*,#4481,.T.);
#1862=ORIENTED_EDGE('',*,*,#4482,.T.);
#1863=ORIENTED_EDGE('',*,*,#3955,.F.);
#1864=ORIENTED_EDGE('',*,*,#4482,.F.);
#1865=ORIENTED_EDGE('',*,*,#4483,.T.);
#1866=ORIENTED_EDGE('',*,*,#4484,.T.);
#1867=ORIENTED_EDGE('',*,*,#3956,.F.);
#1868=ORIENTED_EDGE('',*,*,#4484,.F.);
#1869=ORIENTED_EDGE('',*,*,#4485,.T.);
#1870=ORIENTED_EDGE('',*,*,#4486,.T.);
#1871=ORIENTED_EDGE('',*,*,#3957,.F.);
#1872=ORIENTED_EDGE('',*,*,#4486,.F.);
#1873=ORIENTED_EDGE('',*,*,#4487,.T.);
#1874=ORIENTED_EDGE('',*,*,#4488,.T.);
#1875=ORIENTED_EDGE('',*,*,#3958,.F.);
#1876=ORIENTED_EDGE('',*,*,#4488,.F.);
#1877=ORIENTED_EDGE('',*,*,#4489,.T.);
#1878=ORIENTED_EDGE('',*,*,#4490,.T.);
#1879=ORIENTED_EDGE('',*,*,#3959,.F.);
#1880=ORIENTED_EDGE('',*,*,#4490,.F.);
#1881=ORIENTED_EDGE('',*,*,#4491,.T.);
#1882=ORIENTED_EDGE('',*,*,#4492,.T.);
#1883=ORIENTED_EDGE('',*,*,#3960,.F.);
#1884=ORIENTED_EDGE('',*,*,#4492,.F.);
#1885=ORIENTED_EDGE('',*,*,#4493,.T.);
#1886=ORIENTED_EDGE('',*,*,#4494,.T.);
#1887=ORIENTED_EDGE('',*,*,#3961,.F.);
#1888=ORIENTED_EDGE('',*,*,#4494,.F.);
#1889=ORIENTED_EDGE('',*,*,#4495,.T.);
#1890=ORIENTED_EDGE('',*,*,#4496,.T.);
#1891=ORIENTED_EDGE('',*,*,#3962,.F.);
#1892=ORIENTED_EDGE('',*,*,#4496,.F.);
#1893=ORIENTED_EDGE('',*,*,#4497,.T.);
#1894=ORIENTED_EDGE('',*,*,#4498,.T.);
#1895=ORIENTED_EDGE('',*,*,#3963,.F.);
#1896=ORIENTED_EDGE('',*,*,#4498,.F.);
#1897=ORIENTED_EDGE('',*,*,#4499,.T.);
#1898=ORIENTED_EDGE('',*,*,#4500,.T.);
#1899=ORIENTED_EDGE('',*,*,#3964,.F.);
#1900=ORIENTED_EDGE('',*,*,#4500,.F.);
#1901=ORIENTED_EDGE('',*,*,#4501,.T.);
#1902=ORIENTED_EDGE('',*,*,#4502,.T.);
#1903=ORIENTED_EDGE('',*,*,#3965,.F.);
#1904=ORIENTED_EDGE('',*,*,#4502,.F.);
#1905=ORIENTED_EDGE('',*,*,#4503,.T.);
#1906=ORIENTED_EDGE('',*,*,#4504,.T.);
#1907=ORIENTED_EDGE('',*,*,#3948,.F.);
#1908=ORIENTED_EDGE('',*,*,#4505,.F.);
#1909=ORIENTED_EDGE('',*,*,#4506,.T.);
#1910=ORIENTED_EDGE('',*,*,#4507,.T.);
#1911=ORIENTED_EDGE('',*,*,#3949,.F.);
#1912=ORIENTED_EDGE('',*,*,#4507,.F.);
#1913=ORIENTED_EDGE('',*,*,#4508,.T.);
#1914=ORIENTED_EDGE('',*,*,#4509,.T.);
#1915=ORIENTED_EDGE('',*,*,#3950,.F.);
#1916=ORIENTED_EDGE('',*,*,#4509,.F.);
#1917=ORIENTED_EDGE('',*,*,#4510,.T.);
#1918=ORIENTED_EDGE('',*,*,#4511,.T.);
#1919=ORIENTED_EDGE('',*,*,#3940,.F.);
#1920=ORIENTED_EDGE('',*,*,#4512,.F.);
#1921=ORIENTED_EDGE('',*,*,#4513,.T.);
#1922=ORIENTED_EDGE('',*,*,#4514,.T.);
#1923=ORIENTED_EDGE('',*,*,#3941,.F.);
#1924=ORIENTED_EDGE('',*,*,#4514,.F.);
#1925=ORIENTED_EDGE('',*,*,#4515,.T.);
#1926=ORIENTED_EDGE('',*,*,#4516,.T.);
#1927=ORIENTED_EDGE('',*,*,#3942,.F.);
#1928=ORIENTED_EDGE('',*,*,#4516,.F.);
#1929=ORIENTED_EDGE('',*,*,#4517,.T.);
#1930=ORIENTED_EDGE('',*,*,#4518,.T.);
#1931=ORIENTED_EDGE('',*,*,#3943,.F.);
#1932=ORIENTED_EDGE('',*,*,#4518,.F.);
#1933=ORIENTED_EDGE('',*,*,#4519,.T.);
#1934=ORIENTED_EDGE('',*,*,#4520,.T.);
#1935=ORIENTED_EDGE('',*,*,#3944,.F.);
#1936=ORIENTED_EDGE('',*,*,#4520,.F.);
#1937=ORIENTED_EDGE('',*,*,#4521,.T.);
#1938=ORIENTED_EDGE('',*,*,#4522,.T.);
#1939=ORIENTED_EDGE('',*,*,#3945,.F.);
#1940=ORIENTED_EDGE('',*,*,#4522,.F.);
#1941=ORIENTED_EDGE('',*,*,#4523,.T.);
#1942=ORIENTED_EDGE('',*,*,#4524,.T.);
#1943=ORIENTED_EDGE('',*,*,#3946,.F.);
#1944=ORIENTED_EDGE('',*,*,#4524,.F.);
#1945=ORIENTED_EDGE('',*,*,#4525,.T.);
#1946=ORIENTED_EDGE('',*,*,#4526,.T.);
#1947=ORIENTED_EDGE('',*,*,#3936,.F.);
#1948=ORIENTED_EDGE('',*,*,#4527,.F.);
#1949=ORIENTED_EDGE('',*,*,#4528,.T.);
#1950=ORIENTED_EDGE('',*,*,#4529,.T.);
#1951=ORIENTED_EDGE('',*,*,#3937,.F.);
#1952=ORIENTED_EDGE('',*,*,#4529,.F.);
#1953=ORIENTED_EDGE('',*,*,#4530,.T.);
#1954=ORIENTED_EDGE('',*,*,#4531,.T.);
#1955=ORIENTED_EDGE('',*,*,#3938,.F.);
#1956=ORIENTED_EDGE('',*,*,#4531,.F.);
#1957=ORIENTED_EDGE('',*,*,#4532,.T.);
#1958=ORIENTED_EDGE('',*,*,#4533,.T.);
#1959=ORIENTED_EDGE('',*,*,#3919,.F.);
#1960=ORIENTED_EDGE('',*,*,#4534,.F.);
#1961=ORIENTED_EDGE('',*,*,#4535,.T.);
#1962=ORIENTED_EDGE('',*,*,#4536,.T.);
#1963=ORIENTED_EDGE('',*,*,#3920,.F.);
#1964=ORIENTED_EDGE('',*,*,#4536,.F.);
#1965=ORIENTED_EDGE('',*,*,#4537,.T.);
#1966=ORIENTED_EDGE('',*,*,#4538,.T.);
#1967=ORIENTED_EDGE('',*,*,#3921,.F.);
#1968=ORIENTED_EDGE('',*,*,#4538,.F.);
#1969=ORIENTED_EDGE('',*,*,#4539,.T.);
#1970=ORIENTED_EDGE('',*,*,#4540,.T.);
#1971=ORIENTED_EDGE('',*,*,#3922,.F.);
#1972=ORIENTED_EDGE('',*,*,#4540,.F.);
#1973=ORIENTED_EDGE('',*,*,#4541,.T.);
#1974=ORIENTED_EDGE('',*,*,#4542,.T.);
#1975=ORIENTED_EDGE('',*,*,#3923,.F.);
#1976=ORIENTED_EDGE('',*,*,#4542,.F.);
#1977=ORIENTED_EDGE('',*,*,#4543,.T.);
#1978=ORIENTED_EDGE('',*,*,#4544,.T.);
#1979=ORIENTED_EDGE('',*,*,#3924,.F.);
#1980=ORIENTED_EDGE('',*,*,#4544,.F.);
#1981=ORIENTED_EDGE('',*,*,#4545,.T.);
#1982=ORIENTED_EDGE('',*,*,#4546,.T.);
#1983=ORIENTED_EDGE('',*,*,#3925,.F.);
#1984=ORIENTED_EDGE('',*,*,#4546,.F.);
#1985=ORIENTED_EDGE('',*,*,#4547,.T.);
#1986=ORIENTED_EDGE('',*,*,#4548,.T.);
#1987=ORIENTED_EDGE('',*,*,#3926,.F.);
#1988=ORIENTED_EDGE('',*,*,#4548,.F.);
#1989=ORIENTED_EDGE('',*,*,#4549,.T.);
#1990=ORIENTED_EDGE('',*,*,#4550,.T.);
#1991=ORIENTED_EDGE('',*,*,#3927,.F.);
#1992=ORIENTED_EDGE('',*,*,#4550,.F.);
#1993=ORIENTED_EDGE('',*,*,#4551,.T.);
#1994=ORIENTED_EDGE('',*,*,#4552,.T.);
#1995=ORIENTED_EDGE('',*,*,#3928,.F.);
#1996=ORIENTED_EDGE('',*,*,#4552,.F.);
#1997=ORIENTED_EDGE('',*,*,#4553,.T.);
#1998=ORIENTED_EDGE('',*,*,#4554,.T.);
#1999=ORIENTED_EDGE('',*,*,#3929,.F.);
#2000=ORIENTED_EDGE('',*,*,#4554,.F.);
#2001=ORIENTED_EDGE('',*,*,#4555,.T.);
#2002=ORIENTED_EDGE('',*,*,#4556,.T.);
#2003=ORIENTED_EDGE('',*,*,#3930,.F.);
#2004=ORIENTED_EDGE('',*,*,#4556,.F.);
#2005=ORIENTED_EDGE('',*,*,#4557,.T.);
#2006=ORIENTED_EDGE('',*,*,#4558,.T.);
#2007=ORIENTED_EDGE('',*,*,#3931,.F.);
#2008=ORIENTED_EDGE('',*,*,#4558,.F.);
#2009=ORIENTED_EDGE('',*,*,#4559,.T.);
#2010=ORIENTED_EDGE('',*,*,#4560,.T.);
#2011=ORIENTED_EDGE('',*,*,#3932,.F.);
#2012=ORIENTED_EDGE('',*,*,#4560,.F.);
#2013=ORIENTED_EDGE('',*,*,#4561,.T.);
#2014=ORIENTED_EDGE('',*,*,#4562,.T.);
#2015=ORIENTED_EDGE('',*,*,#3933,.F.);
#2016=ORIENTED_EDGE('',*,*,#4562,.F.);
#2017=ORIENTED_EDGE('',*,*,#4563,.T.);
#2018=ORIENTED_EDGE('',*,*,#4564,.T.);
#2019=ORIENTED_EDGE('',*,*,#3934,.F.);
#2020=ORIENTED_EDGE('',*,*,#4564,.F.);
#2021=ORIENTED_EDGE('',*,*,#4565,.T.);
#2022=ORIENTED_EDGE('',*,*,#4566,.T.);
#2023=ORIENTED_EDGE('',*,*,#3905,.F.);
#2024=ORIENTED_EDGE('',*,*,#4567,.F.);
#2025=ORIENTED_EDGE('',*,*,#4568,.T.);
#2026=ORIENTED_EDGE('',*,*,#4569,.T.);
#2027=ORIENTED_EDGE('',*,*,#3906,.F.);
#2028=ORIENTED_EDGE('',*,*,#4569,.F.);
#2029=ORIENTED_EDGE('',*,*,#4570,.T.);
#2030=ORIENTED_EDGE('',*,*,#4571,.T.);
#2031=ORIENTED_EDGE('',*,*,#3907,.F.);
#2032=ORIENTED_EDGE('',*,*,#4571,.F.);
#2033=ORIENTED_EDGE('',*,*,#4572,.T.);
#2034=ORIENTED_EDGE('',*,*,#4573,.T.);
#2035=ORIENTED_EDGE('',*,*,#3908,.F.);
#2036=ORIENTED_EDGE('',*,*,#4573,.F.);
#2037=ORIENTED_EDGE('',*,*,#4574,.T.);
#2038=ORIENTED_EDGE('',*,*,#4575,.T.);
#2039=ORIENTED_EDGE('',*,*,#3909,.F.);
#2040=ORIENTED_EDGE('',*,*,#4575,.F.);
#2041=ORIENTED_EDGE('',*,*,#4576,.T.);
#2042=ORIENTED_EDGE('',*,*,#4577,.T.);
#2043=ORIENTED_EDGE('',*,*,#3910,.F.);
#2044=ORIENTED_EDGE('',*,*,#4577,.F.);
#2045=ORIENTED_EDGE('',*,*,#4578,.T.);
#2046=ORIENTED_EDGE('',*,*,#4579,.T.);
#2047=ORIENTED_EDGE('',*,*,#3911,.F.);
#2048=ORIENTED_EDGE('',*,*,#4579,.F.);
#2049=ORIENTED_EDGE('',*,*,#4580,.T.);
#2050=ORIENTED_EDGE('',*,*,#4581,.T.);
#2051=ORIENTED_EDGE('',*,*,#3912,.F.);
#2052=ORIENTED_EDGE('',*,*,#4581,.F.);
#2053=ORIENTED_EDGE('',*,*,#4582,.T.);
#2054=ORIENTED_EDGE('',*,*,#4583,.T.);
#2055=ORIENTED_EDGE('',*,*,#3913,.F.);
#2056=ORIENTED_EDGE('',*,*,#4583,.F.);
#2057=ORIENTED_EDGE('',*,*,#4584,.T.);
#2058=ORIENTED_EDGE('',*,*,#4585,.T.);
#2059=ORIENTED_EDGE('',*,*,#3914,.F.);
#2060=ORIENTED_EDGE('',*,*,#4585,.F.);
#2061=ORIENTED_EDGE('',*,*,#4586,.T.);
#2062=ORIENTED_EDGE('',*,*,#4587,.T.);
#2063=ORIENTED_EDGE('',*,*,#3915,.F.);
#2064=ORIENTED_EDGE('',*,*,#4587,.F.);
#2065=ORIENTED_EDGE('',*,*,#4588,.T.);
#2066=ORIENTED_EDGE('',*,*,#4589,.T.);
#2067=ORIENTED_EDGE('',*,*,#3916,.F.);
#2068=ORIENTED_EDGE('',*,*,#4589,.F.);
#2069=ORIENTED_EDGE('',*,*,#4590,.T.);
#2070=ORIENTED_EDGE('',*,*,#4591,.T.);
#2071=ORIENTED_EDGE('',*,*,#3917,.F.);
#2072=ORIENTED_EDGE('',*,*,#4591,.F.);
#2073=ORIENTED_EDGE('',*,*,#4592,.T.);
#2074=ORIENTED_EDGE('',*,*,#4593,.T.);
#2075=ORIENTED_EDGE('',*,*,#3890,.F.);
#2076=ORIENTED_EDGE('',*,*,#4594,.F.);
#2077=ORIENTED_EDGE('',*,*,#4595,.T.);
#2078=ORIENTED_EDGE('',*,*,#4596,.T.);
#2079=ORIENTED_EDGE('',*,*,#3891,.F.);
#2080=ORIENTED_EDGE('',*,*,#4596,.F.);
#2081=ORIENTED_EDGE('',*,*,#4597,.T.);
#2082=ORIENTED_EDGE('',*,*,#4598,.T.);
#2083=ORIENTED_EDGE('',*,*,#3892,.F.);
#2084=ORIENTED_EDGE('',*,*,#4598,.F.);
#2085=ORIENTED_EDGE('',*,*,#4599,.T.);
#2086=ORIENTED_EDGE('',*,*,#4600,.T.);
#2087=ORIENTED_EDGE('',*,*,#3893,.F.);
#2088=ORIENTED_EDGE('',*,*,#4600,.F.);
#2089=ORIENTED_EDGE('',*,*,#4601,.T.);
#2090=ORIENTED_EDGE('',*,*,#4602,.T.);
#2091=ORIENTED_EDGE('',*,*,#3894,.F.);
#2092=ORIENTED_EDGE('',*,*,#4602,.F.);
#2093=ORIENTED_EDGE('',*,*,#4603,.T.);
#2094=ORIENTED_EDGE('',*,*,#4604,.T.);
#2095=ORIENTED_EDGE('',*,*,#3895,.F.);
#2096=ORIENTED_EDGE('',*,*,#4604,.F.);
#2097=ORIENTED_EDGE('',*,*,#4605,.T.);
#2098=ORIENTED_EDGE('',*,*,#4606,.T.);
#2099=ORIENTED_EDGE('',*,*,#3896,.F.);
#2100=ORIENTED_EDGE('',*,*,#4606,.F.);
#2101=ORIENTED_EDGE('',*,*,#4607,.T.);
#2102=ORIENTED_EDGE('',*,*,#4608,.T.);
#2103=ORIENTED_EDGE('',*,*,#3897,.F.);
#2104=ORIENTED_EDGE('',*,*,#4608,.F.);
#2105=ORIENTED_EDGE('',*,*,#4609,.T.);
#2106=ORIENTED_EDGE('',*,*,#4610,.T.);
#2107=ORIENTED_EDGE('',*,*,#3898,.F.);
#2108=ORIENTED_EDGE('',*,*,#4610,.F.);
#2109=ORIENTED_EDGE('',*,*,#4611,.T.);
#2110=ORIENTED_EDGE('',*,*,#4612,.T.);
#2111=ORIENTED_EDGE('',*,*,#3899,.F.);
#2112=ORIENTED_EDGE('',*,*,#4612,.F.);
#2113=ORIENTED_EDGE('',*,*,#4613,.T.);
#2114=ORIENTED_EDGE('',*,*,#4614,.T.);
#2115=ORIENTED_EDGE('',*,*,#3900,.F.);
#2116=ORIENTED_EDGE('',*,*,#4614,.F.);
#2117=ORIENTED_EDGE('',*,*,#4615,.T.);
#2118=ORIENTED_EDGE('',*,*,#4616,.T.);
#2119=ORIENTED_EDGE('',*,*,#3901,.F.);
#2120=ORIENTED_EDGE('',*,*,#4616,.F.);
#2121=ORIENTED_EDGE('',*,*,#4617,.T.);
#2122=ORIENTED_EDGE('',*,*,#4618,.T.);
#2123=ORIENTED_EDGE('',*,*,#3902,.F.);
#2124=ORIENTED_EDGE('',*,*,#4618,.F.);
#2125=ORIENTED_EDGE('',*,*,#4619,.T.);
#2126=ORIENTED_EDGE('',*,*,#4620,.T.);
#2127=ORIENTED_EDGE('',*,*,#3903,.F.);
#2128=ORIENTED_EDGE('',*,*,#4620,.F.);
#2129=ORIENTED_EDGE('',*,*,#4621,.T.);
#2130=ORIENTED_EDGE('',*,*,#4622,.T.);
#2131=ORIENTED_EDGE('',*,*,#3879,.F.);
#2132=ORIENTED_EDGE('',*,*,#4623,.F.);
#2133=ORIENTED_EDGE('',*,*,#4624,.T.);
#2134=ORIENTED_EDGE('',*,*,#4625,.T.);
#2135=ORIENTED_EDGE('',*,*,#3880,.F.);
#2136=ORIENTED_EDGE('',*,*,#4625,.F.);
#2137=ORIENTED_EDGE('',*,*,#4626,.T.);
#2138=ORIENTED_EDGE('',*,*,#4627,.T.);
#2139=ORIENTED_EDGE('',*,*,#3881,.F.);
#2140=ORIENTED_EDGE('',*,*,#4627,.F.);
#2141=ORIENTED_EDGE('',*,*,#4628,.T.);
#2142=ORIENTED_EDGE('',*,*,#4629,.T.);
#2143=ORIENTED_EDGE('',*,*,#3882,.F.);
#2144=ORIENTED_EDGE('',*,*,#4629,.F.);
#2145=ORIENTED_EDGE('',*,*,#4630,.T.);
#2146=ORIENTED_EDGE('',*,*,#4631,.T.);
#2147=ORIENTED_EDGE('',*,*,#3883,.F.);
#2148=ORIENTED_EDGE('',*,*,#4631,.F.);
#2149=ORIENTED_EDGE('',*,*,#4632,.T.);
#2150=ORIENTED_EDGE('',*,*,#4633,.T.);
#2151=ORIENTED_EDGE('',*,*,#3884,.F.);
#2152=ORIENTED_EDGE('',*,*,#4633,.F.);
#2153=ORIENTED_EDGE('',*,*,#4634,.T.);
#2154=ORIENTED_EDGE('',*,*,#4635,.T.);
#2155=ORIENTED_EDGE('',*,*,#3885,.F.);
#2156=ORIENTED_EDGE('',*,*,#4635,.F.);
#2157=ORIENTED_EDGE('',*,*,#4636,.T.);
#2158=ORIENTED_EDGE('',*,*,#4637,.T.);
#2159=ORIENTED_EDGE('',*,*,#3886,.F.);
#2160=ORIENTED_EDGE('',*,*,#4637,.F.);
#2161=ORIENTED_EDGE('',*,*,#4638,.T.);
#2162=ORIENTED_EDGE('',*,*,#4639,.T.);
#2163=ORIENTED_EDGE('',*,*,#3887,.F.);
#2164=ORIENTED_EDGE('',*,*,#4639,.F.);
#2165=ORIENTED_EDGE('',*,*,#4640,.T.);
#2166=ORIENTED_EDGE('',*,*,#4641,.T.);
#2167=ORIENTED_EDGE('',*,*,#3888,.F.);
#2168=ORIENTED_EDGE('',*,*,#4641,.F.);
#2169=ORIENTED_EDGE('',*,*,#4642,.T.);
#2170=ORIENTED_EDGE('',*,*,#4643,.T.);
#2171=ORIENTED_EDGE('',*,*,#3854,.F.);
#2172=ORIENTED_EDGE('',*,*,#4644,.F.);
#2173=ORIENTED_EDGE('',*,*,#4645,.T.);
#2174=ORIENTED_EDGE('',*,*,#4646,.T.);
#2175=ORIENTED_EDGE('',*,*,#3855,.F.);
#2176=ORIENTED_EDGE('',*,*,#4646,.F.);
#2177=ORIENTED_EDGE('',*,*,#4647,.T.);
#2178=ORIENTED_EDGE('',*,*,#4648,.T.);
#2179=ORIENTED_EDGE('',*,*,#3856,.F.);
#2180=ORIENTED_EDGE('',*,*,#4648,.F.);
#2181=ORIENTED_EDGE('',*,*,#4649,.T.);
#2182=ORIENTED_EDGE('',*,*,#4650,.T.);
#2183=ORIENTED_EDGE('',*,*,#3857,.F.);
#2184=ORIENTED_EDGE('',*,*,#4650,.F.);
#2185=ORIENTED_EDGE('',*,*,#4651,.T.);
#2186=ORIENTED_EDGE('',*,*,#4652,.T.);
#2187=ORIENTED_EDGE('',*,*,#3858,.F.);
#2188=ORIENTED_EDGE('',*,*,#4652,.F.);
#2189=ORIENTED_EDGE('',*,*,#4653,.T.);
#2190=ORIENTED_EDGE('',*,*,#4654,.T.);
#2191=ORIENTED_EDGE('',*,*,#3859,.F.);
#2192=ORIENTED_EDGE('',*,*,#4654,.F.);
#2193=ORIENTED_EDGE('',*,*,#4655,.T.);
#2194=ORIENTED_EDGE('',*,*,#4656,.T.);
#2195=ORIENTED_EDGE('',*,*,#3860,.F.);
#2196=ORIENTED_EDGE('',*,*,#4656,.F.);
#2197=ORIENTED_EDGE('',*,*,#4657,.T.);
#2198=ORIENTED_EDGE('',*,*,#4658,.T.);
#2199=ORIENTED_EDGE('',*,*,#3861,.F.);
#2200=ORIENTED_EDGE('',*,*,#4658,.F.);
#2201=ORIENTED_EDGE('',*,*,#4659,.T.);
#2202=ORIENTED_EDGE('',*,*,#4660,.T.);
#2203=ORIENTED_EDGE('',*,*,#3862,.F.);
#2204=ORIENTED_EDGE('',*,*,#4660,.F.);
#2205=ORIENTED_EDGE('',*,*,#4661,.T.);
#2206=ORIENTED_EDGE('',*,*,#4662,.T.);
#2207=ORIENTED_EDGE('',*,*,#3863,.F.);
#2208=ORIENTED_EDGE('',*,*,#4662,.F.);
#2209=ORIENTED_EDGE('',*,*,#4663,.T.);
#2210=ORIENTED_EDGE('',*,*,#4664,.T.);
#2211=ORIENTED_EDGE('',*,*,#3864,.F.);
#2212=ORIENTED_EDGE('',*,*,#4664,.F.);
#2213=ORIENTED_EDGE('',*,*,#4665,.T.);
#2214=ORIENTED_EDGE('',*,*,#4666,.T.);
#2215=ORIENTED_EDGE('',*,*,#3865,.F.);
#2216=ORIENTED_EDGE('',*,*,#4666,.F.);
#2217=ORIENTED_EDGE('',*,*,#4667,.T.);
#2218=ORIENTED_EDGE('',*,*,#4668,.T.);
#2219=ORIENTED_EDGE('',*,*,#3866,.F.);
#2220=ORIENTED_EDGE('',*,*,#4668,.F.);
#2221=ORIENTED_EDGE('',*,*,#4669,.T.);
#2222=ORIENTED_EDGE('',*,*,#4670,.T.);
#2223=ORIENTED_EDGE('',*,*,#3867,.F.);
#2224=ORIENTED_EDGE('',*,*,#4670,.F.);
#2225=ORIENTED_EDGE('',*,*,#4671,.T.);
#2226=ORIENTED_EDGE('',*,*,#4672,.T.);
#2227=ORIENTED_EDGE('',*,*,#3868,.F.);
#2228=ORIENTED_EDGE('',*,*,#4672,.F.);
#2229=ORIENTED_EDGE('',*,*,#4673,.T.);
#2230=ORIENTED_EDGE('',*,*,#4674,.T.);
#2231=ORIENTED_EDGE('',*,*,#3869,.F.);
#2232=ORIENTED_EDGE('',*,*,#4674,.F.);
#2233=ORIENTED_EDGE('',*,*,#4675,.T.);
#2234=ORIENTED_EDGE('',*,*,#4676,.T.);
#2235=ORIENTED_EDGE('',*,*,#3870,.F.);
#2236=ORIENTED_EDGE('',*,*,#4676,.F.);
#2237=ORIENTED_EDGE('',*,*,#4677,.T.);
#2238=ORIENTED_EDGE('',*,*,#4678,.T.);
#2239=ORIENTED_EDGE('',*,*,#3871,.F.);
#2240=ORIENTED_EDGE('',*,*,#4678,.F.);
#2241=ORIENTED_EDGE('',*,*,#4679,.T.);
#2242=ORIENTED_EDGE('',*,*,#4680,.T.);
#2243=ORIENTED_EDGE('',*,*,#3872,.F.);
#2244=ORIENTED_EDGE('',*,*,#4680,.F.);
#2245=ORIENTED_EDGE('',*,*,#4681,.T.);
#2246=ORIENTED_EDGE('',*,*,#4682,.T.);
#2247=ORIENTED_EDGE('',*,*,#3873,.F.);
#2248=ORIENTED_EDGE('',*,*,#4682,.F.);
#2249=ORIENTED_EDGE('',*,*,#4683,.T.);
#2250=ORIENTED_EDGE('',*,*,#4684,.T.);
#2251=ORIENTED_EDGE('',*,*,#3874,.F.);
#2252=ORIENTED_EDGE('',*,*,#4684,.F.);
#2253=ORIENTED_EDGE('',*,*,#4685,.T.);
#2254=ORIENTED_EDGE('',*,*,#4686,.T.);
#2255=ORIENTED_EDGE('',*,*,#3875,.F.);
#2256=ORIENTED_EDGE('',*,*,#4686,.F.);
#2257=ORIENTED_EDGE('',*,*,#4687,.T.);
#2258=ORIENTED_EDGE('',*,*,#4688,.T.);
#2259=ORIENTED_EDGE('',*,*,#3876,.F.);
#2260=ORIENTED_EDGE('',*,*,#4688,.F.);
#2261=ORIENTED_EDGE('',*,*,#4689,.T.);
#2262=ORIENTED_EDGE('',*,*,#4690,.T.);
#2263=ORIENTED_EDGE('',*,*,#3877,.F.);
#2264=ORIENTED_EDGE('',*,*,#4690,.F.);
#2265=ORIENTED_EDGE('',*,*,#4691,.T.);
#2266=ORIENTED_EDGE('',*,*,#4692,.T.);
#2267=ORIENTED_EDGE('',*,*,#3834,.F.);
#2268=ORIENTED_EDGE('',*,*,#4693,.F.);
#2269=ORIENTED_EDGE('',*,*,#4694,.T.);
#2270=ORIENTED_EDGE('',*,*,#4695,.T.);
#2271=ORIENTED_EDGE('',*,*,#3835,.F.);
#2272=ORIENTED_EDGE('',*,*,#4695,.F.);
#2273=ORIENTED_EDGE('',*,*,#4696,.T.);
#2274=ORIENTED_EDGE('',*,*,#4697,.T.);
#2275=ORIENTED_EDGE('',*,*,#3836,.F.);
#2276=ORIENTED_EDGE('',*,*,#4697,.F.);
#2277=ORIENTED_EDGE('',*,*,#4698,.T.);
#2278=ORIENTED_EDGE('',*,*,#4699,.T.);
#2279=ORIENTED_EDGE('',*,*,#3837,.F.);
#2280=ORIENTED_EDGE('',*,*,#4699,.F.);
#2281=ORIENTED_EDGE('',*,*,#4700,.T.);
#2282=ORIENTED_EDGE('',*,*,#4701,.T.);
#2283=ORIENTED_EDGE('',*,*,#3838,.F.);
#2284=ORIENTED_EDGE('',*,*,#4701,.F.);
#2285=ORIENTED_EDGE('',*,*,#4702,.T.);
#2286=ORIENTED_EDGE('',*,*,#4703,.T.);
#2287=ORIENTED_EDGE('',*,*,#3839,.F.);
#2288=ORIENTED_EDGE('',*,*,#4703,.F.);
#2289=ORIENTED_EDGE('',*,*,#4704,.T.);
#2290=ORIENTED_EDGE('',*,*,#4705,.T.);
#2291=ORIENTED_EDGE('',*,*,#3840,.F.);
#2292=ORIENTED_EDGE('',*,*,#4705,.F.);
#2293=ORIENTED_EDGE('',*,*,#4706,.T.);
#2294=ORIENTED_EDGE('',*,*,#4707,.T.);
#2295=ORIENTED_EDGE('',*,*,#3841,.F.);
#2296=ORIENTED_EDGE('',*,*,#4707,.F.);
#2297=ORIENTED_EDGE('',*,*,#4708,.T.);
#2298=ORIENTED_EDGE('',*,*,#4709,.T.);
#2299=ORIENTED_EDGE('',*,*,#3842,.F.);
#2300=ORIENTED_EDGE('',*,*,#4709,.F.);
#2301=ORIENTED_EDGE('',*,*,#4710,.T.);
#2302=ORIENTED_EDGE('',*,*,#4711,.T.);
#2303=ORIENTED_EDGE('',*,*,#3843,.F.);
#2304=ORIENTED_EDGE('',*,*,#4711,.F.);
#2305=ORIENTED_EDGE('',*,*,#4712,.T.);
#2306=ORIENTED_EDGE('',*,*,#4713,.T.);
#2307=ORIENTED_EDGE('',*,*,#3844,.F.);
#2308=ORIENTED_EDGE('',*,*,#4713,.F.);
#2309=ORIENTED_EDGE('',*,*,#4714,.T.);
#2310=ORIENTED_EDGE('',*,*,#4715,.T.);
#2311=ORIENTED_EDGE('',*,*,#3845,.F.);
#2312=ORIENTED_EDGE('',*,*,#4715,.F.);
#2313=ORIENTED_EDGE('',*,*,#4716,.T.);
#2314=ORIENTED_EDGE('',*,*,#4717,.T.);
#2315=ORIENTED_EDGE('',*,*,#3846,.F.);
#2316=ORIENTED_EDGE('',*,*,#4717,.F.);
#2317=ORIENTED_EDGE('',*,*,#4718,.T.);
#2318=ORIENTED_EDGE('',*,*,#4719,.T.);
#2319=ORIENTED_EDGE('',*,*,#3847,.F.);
#2320=ORIENTED_EDGE('',*,*,#4719,.F.);
#2321=ORIENTED_EDGE('',*,*,#4720,.T.);
#2322=ORIENTED_EDGE('',*,*,#4721,.T.);
#2323=ORIENTED_EDGE('',*,*,#3848,.F.);
#2324=ORIENTED_EDGE('',*,*,#4721,.F.);
#2325=ORIENTED_EDGE('',*,*,#4722,.T.);
#2326=ORIENTED_EDGE('',*,*,#4723,.T.);
#2327=ORIENTED_EDGE('',*,*,#3849,.F.);
#2328=ORIENTED_EDGE('',*,*,#4723,.F.);
#2329=ORIENTED_EDGE('',*,*,#4724,.T.);
#2330=ORIENTED_EDGE('',*,*,#4725,.T.);
#2331=ORIENTED_EDGE('',*,*,#3850,.F.);
#2332=ORIENTED_EDGE('',*,*,#4725,.F.);
#2333=ORIENTED_EDGE('',*,*,#4726,.T.);
#2334=ORIENTED_EDGE('',*,*,#4727,.T.);
#2335=ORIENTED_EDGE('',*,*,#3851,.F.);
#2336=ORIENTED_EDGE('',*,*,#4727,.F.);
#2337=ORIENTED_EDGE('',*,*,#4728,.T.);
#2338=ORIENTED_EDGE('',*,*,#4729,.T.);
#2339=ORIENTED_EDGE('',*,*,#3852,.F.);
#2340=ORIENTED_EDGE('',*,*,#4729,.F.);
#2341=ORIENTED_EDGE('',*,*,#4730,.T.);
#2342=ORIENTED_EDGE('',*,*,#4731,.T.);
#2343=ORIENTED_EDGE('',*,*,#3809,.F.);
#2344=ORIENTED_EDGE('',*,*,#4732,.F.);
#2345=ORIENTED_EDGE('',*,*,#4733,.T.);
#2346=ORIENTED_EDGE('',*,*,#4734,.T.);
#2347=ORIENTED_EDGE('',*,*,#3810,.F.);
#2348=ORIENTED_EDGE('',*,*,#4734,.F.);
#2349=ORIENTED_EDGE('',*,*,#4735,.T.);
#2350=ORIENTED_EDGE('',*,*,#4736,.T.);
#2351=ORIENTED_EDGE('',*,*,#3811,.F.);
#2352=ORIENTED_EDGE('',*,*,#4736,.F.);
#2353=ORIENTED_EDGE('',*,*,#4737,.T.);
#2354=ORIENTED_EDGE('',*,*,#4738,.T.);
#2355=ORIENTED_EDGE('',*,*,#3812,.F.);
#2356=ORIENTED_EDGE('',*,*,#4738,.F.);
#2357=ORIENTED_EDGE('',*,*,#4739,.T.);
#2358=ORIENTED_EDGE('',*,*,#4740,.T.);
#2359=ORIENTED_EDGE('',*,*,#3813,.F.);
#2360=ORIENTED_EDGE('',*,*,#4740,.F.);
#2361=ORIENTED_EDGE('',*,*,#4741,.T.);
#2362=ORIENTED_EDGE('',*,*,#4742,.T.);
#2363=ORIENTED_EDGE('',*,*,#3814,.F.);
#2364=ORIENTED_EDGE('',*,*,#4742,.F.);
#2365=ORIENTED_EDGE('',*,*,#4743,.T.);
#2366=ORIENTED_EDGE('',*,*,#4744,.T.);
#2367=ORIENTED_EDGE('',*,*,#3815,.F.);
#2368=ORIENTED_EDGE('',*,*,#4744,.F.);
#2369=ORIENTED_EDGE('',*,*,#4745,.T.);
#2370=ORIENTED_EDGE('',*,*,#4746,.T.);
#2371=ORIENTED_EDGE('',*,*,#3816,.F.);
#2372=ORIENTED_EDGE('',*,*,#4746,.F.);
#2373=ORIENTED_EDGE('',*,*,#4747,.T.);
#2374=ORIENTED_EDGE('',*,*,#4748,.T.);
#2375=ORIENTED_EDGE('',*,*,#3817,.F.);
#2376=ORIENTED_EDGE('',*,*,#4748,.F.);
#2377=ORIENTED_EDGE('',*,*,#4749,.T.);
#2378=ORIENTED_EDGE('',*,*,#4750,.T.);
#2379=ORIENTED_EDGE('',*,*,#3818,.F.);
#2380=ORIENTED_EDGE('',*,*,#4750,.F.);
#2381=ORIENTED_EDGE('',*,*,#4751,.T.);
#2382=ORIENTED_EDGE('',*,*,#4752,.T.);
#2383=ORIENTED_EDGE('',*,*,#3819,.F.);
#2384=ORIENTED_EDGE('',*,*,#4752,.F.);
#2385=ORIENTED_EDGE('',*,*,#4753,.T.);
#2386=ORIENTED_EDGE('',*,*,#4754,.T.);
#2387=ORIENTED_EDGE('',*,*,#3820,.F.);
#2388=ORIENTED_EDGE('',*,*,#4754,.F.);
#2389=ORIENTED_EDGE('',*,*,#4755,.T.);
#2390=ORIENTED_EDGE('',*,*,#4756,.T.);
#2391=ORIENTED_EDGE('',*,*,#3821,.F.);
#2392=ORIENTED_EDGE('',*,*,#4756,.F.);
#2393=ORIENTED_EDGE('',*,*,#4757,.T.);
#2394=ORIENTED_EDGE('',*,*,#4758,.T.);
#2395=ORIENTED_EDGE('',*,*,#3822,.F.);
#2396=ORIENTED_EDGE('',*,*,#4758,.F.);
#2397=ORIENTED_EDGE('',*,*,#4759,.T.);
#2398=ORIENTED_EDGE('',*,*,#4760,.T.);
#2399=ORIENTED_EDGE('',*,*,#3823,.F.);
#2400=ORIENTED_EDGE('',*,*,#4760,.F.);
#2401=ORIENTED_EDGE('',*,*,#4761,.T.);
#2402=ORIENTED_EDGE('',*,*,#4762,.T.);
#2403=ORIENTED_EDGE('',*,*,#3824,.F.);
#2404=ORIENTED_EDGE('',*,*,#4762,.F.);
#2405=ORIENTED_EDGE('',*,*,#4763,.T.);
#2406=ORIENTED_EDGE('',*,*,#4764,.T.);
#2407=ORIENTED_EDGE('',*,*,#3825,.F.);
#2408=ORIENTED_EDGE('',*,*,#4764,.F.);
#2409=ORIENTED_EDGE('',*,*,#4765,.T.);
#2410=ORIENTED_EDGE('',*,*,#4766,.T.);
#2411=ORIENTED_EDGE('',*,*,#3826,.F.);
#2412=ORIENTED_EDGE('',*,*,#4766,.F.);
#2413=ORIENTED_EDGE('',*,*,#4767,.T.);
#2414=ORIENTED_EDGE('',*,*,#4768,.T.);
#2415=ORIENTED_EDGE('',*,*,#3827,.F.);
#2416=ORIENTED_EDGE('',*,*,#4768,.F.);
#2417=ORIENTED_EDGE('',*,*,#4769,.T.);
#2418=ORIENTED_EDGE('',*,*,#4770,.T.);
#2419=ORIENTED_EDGE('',*,*,#3828,.F.);
#2420=ORIENTED_EDGE('',*,*,#4770,.F.);
#2421=ORIENTED_EDGE('',*,*,#4771,.T.);
#2422=ORIENTED_EDGE('',*,*,#4772,.T.);
#2423=ORIENTED_EDGE('',*,*,#3829,.F.);
#2424=ORIENTED_EDGE('',*,*,#4772,.F.);
#2425=ORIENTED_EDGE('',*,*,#4773,.T.);
#2426=ORIENTED_EDGE('',*,*,#4774,.T.);
#2427=ORIENTED_EDGE('',*,*,#3830,.F.);
#2428=ORIENTED_EDGE('',*,*,#4774,.F.);
#2429=ORIENTED_EDGE('',*,*,#4775,.T.);
#2430=ORIENTED_EDGE('',*,*,#4776,.T.);
#2431=ORIENTED_EDGE('',*,*,#3831,.F.);
#2432=ORIENTED_EDGE('',*,*,#4776,.F.);
#2433=ORIENTED_EDGE('',*,*,#4777,.T.);
#2434=ORIENTED_EDGE('',*,*,#4778,.T.);
#2435=ORIENTED_EDGE('',*,*,#3832,.F.);
#2436=ORIENTED_EDGE('',*,*,#4778,.F.);
#2437=ORIENTED_EDGE('',*,*,#4779,.T.);
#2438=ORIENTED_EDGE('',*,*,#4780,.T.);
#2439=ORIENTED_EDGE('',*,*,#3800,.F.);
#2440=ORIENTED_EDGE('',*,*,#4781,.F.);
#2441=ORIENTED_EDGE('',*,*,#4782,.T.);
#2442=ORIENTED_EDGE('',*,*,#4783,.T.);
#2443=ORIENTED_EDGE('',*,*,#3801,.F.);
#2444=ORIENTED_EDGE('',*,*,#4783,.F.);
#2445=ORIENTED_EDGE('',*,*,#4784,.T.);
#2446=ORIENTED_EDGE('',*,*,#4785,.T.);
#2447=ORIENTED_EDGE('',*,*,#3802,.F.);
#2448=ORIENTED_EDGE('',*,*,#4785,.F.);
#2449=ORIENTED_EDGE('',*,*,#4786,.T.);
#2450=ORIENTED_EDGE('',*,*,#4787,.T.);
#2451=ORIENTED_EDGE('',*,*,#3803,.F.);
#2452=ORIENTED_EDGE('',*,*,#4787,.F.);
#2453=ORIENTED_EDGE('',*,*,#4788,.T.);
#2454=ORIENTED_EDGE('',*,*,#4789,.T.);
#2455=ORIENTED_EDGE('',*,*,#3804,.F.);
#2456=ORIENTED_EDGE('',*,*,#4789,.F.);
#2457=ORIENTED_EDGE('',*,*,#4790,.T.);
#2458=ORIENTED_EDGE('',*,*,#4791,.T.);
#2459=ORIENTED_EDGE('',*,*,#3805,.F.);
#2460=ORIENTED_EDGE('',*,*,#4791,.F.);
#2461=ORIENTED_EDGE('',*,*,#4792,.T.);
#2462=ORIENTED_EDGE('',*,*,#4793,.T.);
#2463=ORIENTED_EDGE('',*,*,#3806,.F.);
#2464=ORIENTED_EDGE('',*,*,#4793,.F.);
#2465=ORIENTED_EDGE('',*,*,#4794,.T.);
#2466=ORIENTED_EDGE('',*,*,#4795,.T.);
#2467=ORIENTED_EDGE('',*,*,#3807,.F.);
#2468=ORIENTED_EDGE('',*,*,#4795,.F.);
#2469=ORIENTED_EDGE('',*,*,#4796,.T.);
#2470=ORIENTED_EDGE('',*,*,#4797,.T.);
#2471=ORIENTED_EDGE('',*,*,#3781,.F.);
#2472=ORIENTED_EDGE('',*,*,#4798,.F.);
#2473=ORIENTED_EDGE('',*,*,#4799,.T.);
#2474=ORIENTED_EDGE('',*,*,#4800,.T.);
#2475=ORIENTED_EDGE('',*,*,#3782,.F.);
#2476=ORIENTED_EDGE('',*,*,#4800,.F.);
#2477=ORIENTED_EDGE('',*,*,#4801,.T.);
#2478=ORIENTED_EDGE('',*,*,#4802,.T.);
#2479=ORIENTED_EDGE('',*,*,#3783,.F.);
#2480=ORIENTED_EDGE('',*,*,#4802,.F.);
#2481=ORIENTED_EDGE('',*,*,#4803,.T.);
#2482=ORIENTED_EDGE('',*,*,#4804,.T.);
#2483=ORIENTED_EDGE('',*,*,#3784,.F.);
#2484=ORIENTED_EDGE('',*,*,#4804,.F.);
#2485=ORIENTED_EDGE('',*,*,#4805,.T.);
#2486=ORIENTED_EDGE('',*,*,#4806,.T.);
#2487=ORIENTED_EDGE('',*,*,#3785,.F.);
#2488=ORIENTED_EDGE('',*,*,#4806,.F.);
#2489=ORIENTED_EDGE('',*,*,#4807,.T.);
#2490=ORIENTED_EDGE('',*,*,#4808,.T.);
#2491=ORIENTED_EDGE('',*,*,#3786,.F.);
#2492=ORIENTED_EDGE('',*,*,#4808,.F.);
#2493=ORIENTED_EDGE('',*,*,#4809,.T.);
#2494=ORIENTED_EDGE('',*,*,#4810,.T.);
#2495=ORIENTED_EDGE('',*,*,#3787,.F.);
#2496=ORIENTED_EDGE('',*,*,#4810,.F.);
#2497=ORIENTED_EDGE('',*,*,#4811,.T.);
#2498=ORIENTED_EDGE('',*,*,#4812,.T.);
#2499=ORIENTED_EDGE('',*,*,#3788,.F.);
#2500=ORIENTED_EDGE('',*,*,#4812,.F.);
#2501=ORIENTED_EDGE('',*,*,#4813,.T.);
#2502=ORIENTED_EDGE('',*,*,#4814,.T.);
#2503=ORIENTED_EDGE('',*,*,#3789,.F.);
#2504=ORIENTED_EDGE('',*,*,#4814,.F.);
#2505=ORIENTED_EDGE('',*,*,#4815,.T.);
#2506=ORIENTED_EDGE('',*,*,#4816,.T.);
#2507=ORIENTED_EDGE('',*,*,#3790,.F.);
#2508=ORIENTED_EDGE('',*,*,#4816,.F.);
#2509=ORIENTED_EDGE('',*,*,#4817,.T.);
#2510=ORIENTED_EDGE('',*,*,#4818,.T.);
#2511=ORIENTED_EDGE('',*,*,#3791,.F.);
#2512=ORIENTED_EDGE('',*,*,#4818,.F.);
#2513=ORIENTED_EDGE('',*,*,#4819,.T.);
#2514=ORIENTED_EDGE('',*,*,#4820,.T.);
#2515=ORIENTED_EDGE('',*,*,#3792,.F.);
#2516=ORIENTED_EDGE('',*,*,#4820,.F.);
#2517=ORIENTED_EDGE('',*,*,#4821,.T.);
#2518=ORIENTED_EDGE('',*,*,#4822,.T.);
#2519=ORIENTED_EDGE('',*,*,#3793,.F.);
#2520=ORIENTED_EDGE('',*,*,#4822,.F.);
#2521=ORIENTED_EDGE('',*,*,#4823,.T.);
#2522=ORIENTED_EDGE('',*,*,#4824,.T.);
#2523=ORIENTED_EDGE('',*,*,#3794,.F.);
#2524=ORIENTED_EDGE('',*,*,#4824,.F.);
#2525=ORIENTED_EDGE('',*,*,#4825,.T.);
#2526=ORIENTED_EDGE('',*,*,#4826,.T.);
#2527=ORIENTED_EDGE('',*,*,#3795,.F.);
#2528=ORIENTED_EDGE('',*,*,#4826,.F.);
#2529=ORIENTED_EDGE('',*,*,#4827,.T.);
#2530=ORIENTED_EDGE('',*,*,#4828,.T.);
#2531=ORIENTED_EDGE('',*,*,#3796,.F.);
#2532=ORIENTED_EDGE('',*,*,#4828,.F.);
#2533=ORIENTED_EDGE('',*,*,#4829,.T.);
#2534=ORIENTED_EDGE('',*,*,#4830,.T.);
#2535=ORIENTED_EDGE('',*,*,#3797,.F.);
#2536=ORIENTED_EDGE('',*,*,#4830,.F.);
#2537=ORIENTED_EDGE('',*,*,#4831,.T.);
#2538=ORIENTED_EDGE('',*,*,#4832,.T.);
#2539=ORIENTED_EDGE('',*,*,#3798,.F.);
#2540=ORIENTED_EDGE('',*,*,#4832,.F.);
#2541=ORIENTED_EDGE('',*,*,#4833,.T.);
#2542=ORIENTED_EDGE('',*,*,#4834,.T.);
#2543=ORIENTED_EDGE('',*,*,#3769,.F.);
#2544=ORIENTED_EDGE('',*,*,#4835,.F.);
#2545=ORIENTED_EDGE('',*,*,#4836,.T.);
#2546=ORIENTED_EDGE('',*,*,#4837,.T.);
#2547=ORIENTED_EDGE('',*,*,#3770,.F.);
#2548=ORIENTED_EDGE('',*,*,#4837,.F.);
#2549=ORIENTED_EDGE('',*,*,#4838,.T.);
#2550=ORIENTED_EDGE('',*,*,#4839,.T.);
#2551=ORIENTED_EDGE('',*,*,#3771,.F.);
#2552=ORIENTED_EDGE('',*,*,#4839,.F.);
#2553=ORIENTED_EDGE('',*,*,#4840,.T.);
#2554=ORIENTED_EDGE('',*,*,#4841,.T.);
#2555=ORIENTED_EDGE('',*,*,#3772,.F.);
#2556=ORIENTED_EDGE('',*,*,#4841,.F.);
#2557=ORIENTED_EDGE('',*,*,#4842,.T.);
#2558=ORIENTED_EDGE('',*,*,#4843,.T.);
#2559=ORIENTED_EDGE('',*,*,#3773,.F.);
#2560=ORIENTED_EDGE('',*,*,#4843,.F.);
#2561=ORIENTED_EDGE('',*,*,#4844,.T.);
#2562=ORIENTED_EDGE('',*,*,#4845,.T.);
#2563=ORIENTED_EDGE('',*,*,#3774,.F.);
#2564=ORIENTED_EDGE('',*,*,#4845,.F.);
#2565=ORIENTED_EDGE('',*,*,#4846,.T.);
#2566=ORIENTED_EDGE('',*,*,#4847,.T.);
#2567=ORIENTED_EDGE('',*,*,#3775,.F.);
#2568=ORIENTED_EDGE('',*,*,#4847,.F.);
#2569=ORIENTED_EDGE('',*,*,#4848,.T.);
#2570=ORIENTED_EDGE('',*,*,#4849,.T.);
#2571=ORIENTED_EDGE('',*,*,#3776,.F.);
#2572=ORIENTED_EDGE('',*,*,#4849,.F.);
#2573=ORIENTED_EDGE('',*,*,#4850,.T.);
#2574=ORIENTED_EDGE('',*,*,#4851,.T.);
#2575=ORIENTED_EDGE('',*,*,#3777,.F.);
#2576=ORIENTED_EDGE('',*,*,#4851,.F.);
#2577=ORIENTED_EDGE('',*,*,#4852,.T.);
#2578=ORIENTED_EDGE('',*,*,#4853,.T.);
#2579=ORIENTED_EDGE('',*,*,#3778,.F.);
#2580=ORIENTED_EDGE('',*,*,#4853,.F.);
#2581=ORIENTED_EDGE('',*,*,#4854,.T.);
#2582=ORIENTED_EDGE('',*,*,#4855,.T.);
#2583=ORIENTED_EDGE('',*,*,#3779,.F.);
#2584=ORIENTED_EDGE('',*,*,#4855,.F.);
#2585=ORIENTED_EDGE('',*,*,#4856,.T.);
#2586=ORIENTED_EDGE('',*,*,#4857,.T.);
#2587=ORIENTED_EDGE('',*,*,#3751,.F.);
#2588=ORIENTED_EDGE('',*,*,#4858,.F.);
#2589=ORIENTED_EDGE('',*,*,#4859,.T.);
#2590=ORIENTED_EDGE('',*,*,#4860,.T.);
#2591=ORIENTED_EDGE('',*,*,#3752,.F.);
#2592=ORIENTED_EDGE('',*,*,#4860,.F.);
#2593=ORIENTED_EDGE('',*,*,#4861,.T.);
#2594=ORIENTED_EDGE('',*,*,#4862,.T.);
#2595=ORIENTED_EDGE('',*,*,#3753,.F.);
#2596=ORIENTED_EDGE('',*,*,#4862,.F.);
#2597=ORIENTED_EDGE('',*,*,#4863,.T.);
#2598=ORIENTED_EDGE('',*,*,#4864,.T.);
#2599=ORIENTED_EDGE('',*,*,#3754,.F.);
#2600=ORIENTED_EDGE('',*,*,#4864,.F.);
#2601=ORIENTED_EDGE('',*,*,#4865,.T.);
#2602=ORIENTED_EDGE('',*,*,#4866,.T.);
#2603=ORIENTED_EDGE('',*,*,#3755,.F.);
#2604=ORIENTED_EDGE('',*,*,#4866,.F.);
#2605=ORIENTED_EDGE('',*,*,#4867,.T.);
#2606=ORIENTED_EDGE('',*,*,#4868,.T.);
#2607=ORIENTED_EDGE('',*,*,#3756,.F.);
#2608=ORIENTED_EDGE('',*,*,#4868,.F.);
#2609=ORIENTED_EDGE('',*,*,#4869,.T.);
#2610=ORIENTED_EDGE('',*,*,#4870,.T.);
#2611=ORIENTED_EDGE('',*,*,#3757,.F.);
#2612=ORIENTED_EDGE('',*,*,#4870,.F.);
#2613=ORIENTED_EDGE('',*,*,#4871,.T.);
#2614=ORIENTED_EDGE('',*,*,#4872,.T.);
#2615=ORIENTED_EDGE('',*,*,#3758,.F.);
#2616=ORIENTED_EDGE('',*,*,#4872,.F.);
#2617=ORIENTED_EDGE('',*,*,#4873,.T.);
#2618=ORIENTED_EDGE('',*,*,#4874,.T.);
#2619=ORIENTED_EDGE('',*,*,#3759,.F.);
#2620=ORIENTED_EDGE('',*,*,#4874,.F.);
#2621=ORIENTED_EDGE('',*,*,#4875,.T.);
#2622=ORIENTED_EDGE('',*,*,#4876,.T.);
#2623=ORIENTED_EDGE('',*,*,#3760,.F.);
#2624=ORIENTED_EDGE('',*,*,#4876,.F.);
#2625=ORIENTED_EDGE('',*,*,#4877,.T.);
#2626=ORIENTED_EDGE('',*,*,#4878,.T.);
#2627=ORIENTED_EDGE('',*,*,#3761,.F.);
#2628=ORIENTED_EDGE('',*,*,#4878,.F.);
#2629=ORIENTED_EDGE('',*,*,#4879,.T.);
#2630=ORIENTED_EDGE('',*,*,#4880,.T.);
#2631=ORIENTED_EDGE('',*,*,#3762,.F.);
#2632=ORIENTED_EDGE('',*,*,#4880,.F.);
#2633=ORIENTED_EDGE('',*,*,#4881,.T.);
#2634=ORIENTED_EDGE('',*,*,#4882,.T.);
#2635=ORIENTED_EDGE('',*,*,#3763,.F.);
#2636=ORIENTED_EDGE('',*,*,#4882,.F.);
#2637=ORIENTED_EDGE('',*,*,#4883,.T.);
#2638=ORIENTED_EDGE('',*,*,#4884,.T.);
#2639=ORIENTED_EDGE('',*,*,#3764,.F.);
#2640=ORIENTED_EDGE('',*,*,#4884,.F.);
#2641=ORIENTED_EDGE('',*,*,#4885,.T.);
#2642=ORIENTED_EDGE('',*,*,#4886,.T.);
#2643=ORIENTED_EDGE('',*,*,#3765,.F.);
#2644=ORIENTED_EDGE('',*,*,#4886,.F.);
#2645=ORIENTED_EDGE('',*,*,#4887,.T.);
#2646=ORIENTED_EDGE('',*,*,#4888,.T.);
#2647=ORIENTED_EDGE('',*,*,#3766,.F.);
#2648=ORIENTED_EDGE('',*,*,#4888,.F.);
#2649=ORIENTED_EDGE('',*,*,#4889,.T.);
#2650=ORIENTED_EDGE('',*,*,#4890,.T.);
#2651=ORIENTED_EDGE('',*,*,#3767,.F.);
#2652=ORIENTED_EDGE('',*,*,#4890,.F.);
#2653=ORIENTED_EDGE('',*,*,#4891,.T.);
#2654=ORIENTED_EDGE('',*,*,#4892,.T.);
#2655=ORIENTED_EDGE('',*,*,#3737,.F.);
#2656=ORIENTED_EDGE('',*,*,#4893,.F.);
#2657=ORIENTED_EDGE('',*,*,#4894,.T.);
#2658=ORIENTED_EDGE('',*,*,#4895,.T.);
#2659=ORIENTED_EDGE('',*,*,#3738,.F.);
#2660=ORIENTED_EDGE('',*,*,#4895,.F.);
#2661=ORIENTED_EDGE('',*,*,#4896,.T.);
#2662=ORIENTED_EDGE('',*,*,#4897,.T.);
#2663=ORIENTED_EDGE('',*,*,#3739,.F.);
#2664=ORIENTED_EDGE('',*,*,#4897,.F.);
#2665=ORIENTED_EDGE('',*,*,#4898,.T.);
#2666=ORIENTED_EDGE('',*,*,#4899,.T.);
#2667=ORIENTED_EDGE('',*,*,#3740,.F.);
#2668=ORIENTED_EDGE('',*,*,#4899,.F.);
#2669=ORIENTED_EDGE('',*,*,#4900,.T.);
#2670=ORIENTED_EDGE('',*,*,#4901,.T.);
#2671=ORIENTED_EDGE('',*,*,#3741,.F.);
#2672=ORIENTED_EDGE('',*,*,#4901,.F.);
#2673=ORIENTED_EDGE('',*,*,#4902,.T.);
#2674=ORIENTED_EDGE('',*,*,#4903,.T.);
#2675=ORIENTED_EDGE('',*,*,#3742,.F.);
#2676=ORIENTED_EDGE('',*,*,#4903,.F.);
#2677=ORIENTED_EDGE('',*,*,#4904,.T.);
#2678=ORIENTED_EDGE('',*,*,#4905,.T.);
#2679=ORIENTED_EDGE('',*,*,#3743,.F.);
#2680=ORIENTED_EDGE('',*,*,#4905,.F.);
#2681=ORIENTED_EDGE('',*,*,#4906,.T.);
#2682=ORIENTED_EDGE('',*,*,#4907,.T.);
#2683=ORIENTED_EDGE('',*,*,#3744,.F.);
#2684=ORIENTED_EDGE('',*,*,#4907,.F.);
#2685=ORIENTED_EDGE('',*,*,#4908,.T.);
#2686=ORIENTED_EDGE('',*,*,#4909,.T.);
#2687=ORIENTED_EDGE('',*,*,#3745,.F.);
#2688=ORIENTED_EDGE('',*,*,#4909,.F.);
#2689=ORIENTED_EDGE('',*,*,#4910,.T.);
#2690=ORIENTED_EDGE('',*,*,#4911,.T.);
#2691=ORIENTED_EDGE('',*,*,#3746,.F.);
#2692=ORIENTED_EDGE('',*,*,#4911,.F.);
#2693=ORIENTED_EDGE('',*,*,#4912,.T.);
#2694=ORIENTED_EDGE('',*,*,#4913,.T.);
#2695=ORIENTED_EDGE('',*,*,#3747,.F.);
#2696=ORIENTED_EDGE('',*,*,#4913,.F.);
#2697=ORIENTED_EDGE('',*,*,#4914,.T.);
#2698=ORIENTED_EDGE('',*,*,#4915,.T.);
#2699=ORIENTED_EDGE('',*,*,#3748,.F.);
#2700=ORIENTED_EDGE('',*,*,#4915,.F.);
#2701=ORIENTED_EDGE('',*,*,#4916,.T.);
#2702=ORIENTED_EDGE('',*,*,#4917,.T.);
#2703=ORIENTED_EDGE('',*,*,#3749,.F.);
#2704=ORIENTED_EDGE('',*,*,#4917,.F.);
#2705=ORIENTED_EDGE('',*,*,#4918,.T.);
#2706=ORIENTED_EDGE('',*,*,#4919,.T.);
#2707=ORIENTED_EDGE('',*,*,#3728,.F.);
#2708=ORIENTED_EDGE('',*,*,#4920,.F.);
#2709=ORIENTED_EDGE('',*,*,#4921,.T.);
#2710=ORIENTED_EDGE('',*,*,#4922,.T.);
#2711=ORIENTED_EDGE('',*,*,#3729,.F.);
#2712=ORIENTED_EDGE('',*,*,#4922,.F.);
#2713=ORIENTED_EDGE('',*,*,#4923,.T.);
#2714=ORIENTED_EDGE('',*,*,#4924,.T.);
#2715=ORIENTED_EDGE('',*,*,#3730,.F.);
#2716=ORIENTED_EDGE('',*,*,#4924,.F.);
#2717=ORIENTED_EDGE('',*,*,#4925,.T.);
#2718=ORIENTED_EDGE('',*,*,#4926,.T.);
#2719=ORIENTED_EDGE('',*,*,#3731,.F.);
#2720=ORIENTED_EDGE('',*,*,#4926,.F.);
#2721=ORIENTED_EDGE('',*,*,#4927,.T.);
#2722=ORIENTED_EDGE('',*,*,#4928,.T.);
#2723=ORIENTED_EDGE('',*,*,#3732,.F.);
#2724=ORIENTED_EDGE('',*,*,#4928,.F.);
#2725=ORIENTED_EDGE('',*,*,#4929,.T.);
#2726=ORIENTED_EDGE('',*,*,#4930,.T.);
#2727=ORIENTED_EDGE('',*,*,#3733,.F.);
#2728=ORIENTED_EDGE('',*,*,#4930,.F.);
#2729=ORIENTED_EDGE('',*,*,#4931,.T.);
#2730=ORIENTED_EDGE('',*,*,#4932,.T.);
#2731=ORIENTED_EDGE('',*,*,#3734,.F.);
#2732=ORIENTED_EDGE('',*,*,#4932,.F.);
#2733=ORIENTED_EDGE('',*,*,#4933,.T.);
#2734=ORIENTED_EDGE('',*,*,#4934,.T.);
#2735=ORIENTED_EDGE('',*,*,#3735,.F.);
#2736=ORIENTED_EDGE('',*,*,#4934,.F.);
#2737=ORIENTED_EDGE('',*,*,#4935,.T.);
#2738=ORIENTED_EDGE('',*,*,#4936,.T.);
#2739=ORIENTED_EDGE('',*,*,#3716,.F.);
#2740=ORIENTED_EDGE('',*,*,#4937,.F.);
#2741=ORIENTED_EDGE('',*,*,#4938,.T.);
#2742=ORIENTED_EDGE('',*,*,#4939,.T.);
#2743=ORIENTED_EDGE('',*,*,#3717,.F.);
#2744=ORIENTED_EDGE('',*,*,#4939,.F.);
#2745=ORIENTED_EDGE('',*,*,#4940,.T.);
#2746=ORIENTED_EDGE('',*,*,#4941,.T.);
#2747=ORIENTED_EDGE('',*,*,#3718,.F.);
#2748=ORIENTED_EDGE('',*,*,#4941,.F.);
#2749=ORIENTED_EDGE('',*,*,#4942,.T.);
#2750=ORIENTED_EDGE('',*,*,#4943,.T.);
#2751=ORIENTED_EDGE('',*,*,#3719,.F.);
#2752=ORIENTED_EDGE('',*,*,#4943,.F.);
#2753=ORIENTED_EDGE('',*,*,#4944,.T.);
#2754=ORIENTED_EDGE('',*,*,#4945,.T.);
#2755=ORIENTED_EDGE('',*,*,#3720,.F.);
#2756=ORIENTED_EDGE('',*,*,#4945,.F.);
#2757=ORIENTED_EDGE('',*,*,#4946,.T.);
#2758=ORIENTED_EDGE('',*,*,#4947,.T.);
#2759=ORIENTED_EDGE('',*,*,#3721,.F.);
#2760=ORIENTED_EDGE('',*,*,#4947,.F.);
#2761=ORIENTED_EDGE('',*,*,#4948,.T.);
#2762=ORIENTED_EDGE('',*,*,#4949,.T.);
#2763=ORIENTED_EDGE('',*,*,#3722,.F.);
#2764=ORIENTED_EDGE('',*,*,#4949,.F.);
#2765=ORIENTED_EDGE('',*,*,#4950,.T.);
#2766=ORIENTED_EDGE('',*,*,#4951,.T.);
#2767=ORIENTED_EDGE('',*,*,#3723,.F.);
#2768=ORIENTED_EDGE('',*,*,#4951,.F.);
#2769=ORIENTED_EDGE('',*,*,#4952,.T.);
#2770=ORIENTED_EDGE('',*,*,#4953,.T.);
#2771=ORIENTED_EDGE('',*,*,#3724,.F.);
#2772=ORIENTED_EDGE('',*,*,#4953,.F.);
#2773=ORIENTED_EDGE('',*,*,#4954,.T.);
#2774=ORIENTED_EDGE('',*,*,#4955,.T.);
#2775=ORIENTED_EDGE('',*,*,#3725,.F.);
#2776=ORIENTED_EDGE('',*,*,#4955,.F.);
#2777=ORIENTED_EDGE('',*,*,#4956,.T.);
#2778=ORIENTED_EDGE('',*,*,#4957,.T.);
#2779=ORIENTED_EDGE('',*,*,#3726,.F.);
#2780=ORIENTED_EDGE('',*,*,#4957,.F.);
#2781=ORIENTED_EDGE('',*,*,#4958,.T.);
#2782=ORIENTED_EDGE('',*,*,#4959,.T.);
#2783=ORIENTED_EDGE('',*,*,#3708,.F.);
#2784=ORIENTED_EDGE('',*,*,#4960,.F.);
#2785=ORIENTED_EDGE('',*,*,#4961,.T.);
#2786=ORIENTED_EDGE('',*,*,#4962,.T.);
#2787=ORIENTED_EDGE('',*,*,#3709,.F.);
#2788=ORIENTED_EDGE('',*,*,#4962,.F.);
#2789=ORIENTED_EDGE('',*,*,#4963,.T.);
#2790=ORIENTED_EDGE('',*,*,#4964,.T.);
#2791=ORIENTED_EDGE('',*,*,#3710,.F.);
#2792=ORIENTED_EDGE('',*,*,#4964,.F.);
#2793=ORIENTED_EDGE('',*,*,#4965,.T.);
#2794=ORIENTED_EDGE('',*,*,#4966,.T.);
#2795=ORIENTED_EDGE('',*,*,#3711,.F.);
#2796=ORIENTED_EDGE('',*,*,#4966,.F.);
#2797=ORIENTED_EDGE('',*,*,#4967,.T.);
#2798=ORIENTED_EDGE('',*,*,#4968,.T.);
#2799=ORIENTED_EDGE('',*,*,#3712,.F.);
#2800=ORIENTED_EDGE('',*,*,#4968,.F.);
#2801=ORIENTED_EDGE('',*,*,#4969,.T.);
#2802=ORIENTED_EDGE('',*,*,#4970,.T.);
#2803=ORIENTED_EDGE('',*,*,#3713,.F.);
#2804=ORIENTED_EDGE('',*,*,#4970,.F.);
#2805=ORIENTED_EDGE('',*,*,#4971,.T.);
#2806=ORIENTED_EDGE('',*,*,#4972,.T.);
#2807=ORIENTED_EDGE('',*,*,#3714,.F.);
#2808=ORIENTED_EDGE('',*,*,#4972,.F.);
#2809=ORIENTED_EDGE('',*,*,#4973,.T.);
#2810=ORIENTED_EDGE('',*,*,#4974,.T.);
#2811=ORIENTED_EDGE('',*,*,#3702,.F.);
#2812=ORIENTED_EDGE('',*,*,#4975,.F.);
#2813=ORIENTED_EDGE('',*,*,#4976,.T.);
#2814=ORIENTED_EDGE('',*,*,#4977,.T.);
#2815=ORIENTED_EDGE('',*,*,#3703,.F.);
#2816=ORIENTED_EDGE('',*,*,#4977,.F.);
#2817=ORIENTED_EDGE('',*,*,#4978,.T.);
#2818=ORIENTED_EDGE('',*,*,#4979,.T.);
#2819=ORIENTED_EDGE('',*,*,#3704,.F.);
#2820=ORIENTED_EDGE('',*,*,#4979,.F.);
#2821=ORIENTED_EDGE('',*,*,#4980,.T.);
#2822=ORIENTED_EDGE('',*,*,#4981,.T.);
#2823=ORIENTED_EDGE('',*,*,#3705,.F.);
#2824=ORIENTED_EDGE('',*,*,#4981,.F.);
#2825=ORIENTED_EDGE('',*,*,#4982,.T.);
#2826=ORIENTED_EDGE('',*,*,#4983,.T.);
#2827=ORIENTED_EDGE('',*,*,#3706,.F.);
#2828=ORIENTED_EDGE('',*,*,#4983,.F.);
#2829=ORIENTED_EDGE('',*,*,#4984,.T.);
#2830=ORIENTED_EDGE('',*,*,#4985,.T.);
#2831=ORIENTED_EDGE('',*,*,#3691,.F.);
#2832=ORIENTED_EDGE('',*,*,#4986,.F.);
#2833=ORIENTED_EDGE('',*,*,#4987,.T.);
#2834=ORIENTED_EDGE('',*,*,#4988,.T.);
#2835=ORIENTED_EDGE('',*,*,#3692,.F.);
#2836=ORIENTED_EDGE('',*,*,#4988,.F.);
#2837=ORIENTED_EDGE('',*,*,#4989,.T.);
#2838=ORIENTED_EDGE('',*,*,#4990,.T.);
#2839=ORIENTED_EDGE('',*,*,#3693,.F.);
#2840=ORIENTED_EDGE('',*,*,#4990,.F.);
#2841=ORIENTED_EDGE('',*,*,#4991,.T.);
#2842=ORIENTED_EDGE('',*,*,#4992,.T.);
#2843=ORIENTED_EDGE('',*,*,#3694,.F.);
#2844=ORIENTED_EDGE('',*,*,#4992,.F.);
#2845=ORIENTED_EDGE('',*,*,#4993,.T.);
#2846=ORIENTED_EDGE('',*,*,#4994,.T.);
#2847=ORIENTED_EDGE('',*,*,#3695,.F.);
#2848=ORIENTED_EDGE('',*,*,#4994,.F.);
#2849=ORIENTED_EDGE('',*,*,#4995,.T.);
#2850=ORIENTED_EDGE('',*,*,#4996,.T.);
#2851=ORIENTED_EDGE('',*,*,#3696,.F.);
#2852=ORIENTED_EDGE('',*,*,#4996,.F.);
#2853=ORIENTED_EDGE('',*,*,#4997,.T.);
#2854=ORIENTED_EDGE('',*,*,#4998,.T.);
#2855=ORIENTED_EDGE('',*,*,#3697,.F.);
#2856=ORIENTED_EDGE('',*,*,#4998,.F.);
#2857=ORIENTED_EDGE('',*,*,#4999,.T.);
#2858=ORIENTED_EDGE('',*,*,#5000,.T.);
#2859=ORIENTED_EDGE('',*,*,#3698,.F.);
#2860=ORIENTED_EDGE('',*,*,#5000,.F.);
#2861=ORIENTED_EDGE('',*,*,#5001,.T.);
#2862=ORIENTED_EDGE('',*,*,#5002,.T.);
#2863=ORIENTED_EDGE('',*,*,#3699,.F.);
#2864=ORIENTED_EDGE('',*,*,#5002,.F.);
#2865=ORIENTED_EDGE('',*,*,#5003,.T.);
#2866=ORIENTED_EDGE('',*,*,#5004,.T.);
#2867=ORIENTED_EDGE('',*,*,#3700,.F.);
#2868=ORIENTED_EDGE('',*,*,#5004,.F.);
#2869=ORIENTED_EDGE('',*,*,#5005,.T.);
#2870=ORIENTED_EDGE('',*,*,#5006,.T.);
#2871=ORIENTED_EDGE('',*,*,#3683,.F.);
#2872=ORIENTED_EDGE('',*,*,#5007,.F.);
#2873=ORIENTED_EDGE('',*,*,#5008,.T.);
#2874=ORIENTED_EDGE('',*,*,#5009,.T.);
#2875=ORIENTED_EDGE('',*,*,#3684,.F.);
#2876=ORIENTED_EDGE('',*,*,#5009,.F.);
#2877=ORIENTED_EDGE('',*,*,#5010,.T.);
#2878=ORIENTED_EDGE('',*,*,#5011,.T.);
#2879=ORIENTED_EDGE('',*,*,#3685,.F.);
#2880=ORIENTED_EDGE('',*,*,#5011,.F.);
#2881=ORIENTED_EDGE('',*,*,#5012,.T.);
#2882=ORIENTED_EDGE('',*,*,#5013,.T.);
#2883=ORIENTED_EDGE('',*,*,#3686,.F.);
#2884=ORIENTED_EDGE('',*,*,#5013,.F.);
#2885=ORIENTED_EDGE('',*,*,#5014,.T.);
#2886=ORIENTED_EDGE('',*,*,#5015,.T.);
#2887=ORIENTED_EDGE('',*,*,#3687,.F.);
#2888=ORIENTED_EDGE('',*,*,#5015,.F.);
#2889=ORIENTED_EDGE('',*,*,#5016,.T.);
#2890=ORIENTED_EDGE('',*,*,#5017,.T.);
#2891=ORIENTED_EDGE('',*,*,#3688,.F.);
#2892=ORIENTED_EDGE('',*,*,#5017,.F.);
#2893=ORIENTED_EDGE('',*,*,#5018,.T.);
#2894=ORIENTED_EDGE('',*,*,#5019,.T.);
#2895=ORIENTED_EDGE('',*,*,#3689,.F.);
#2896=ORIENTED_EDGE('',*,*,#5019,.F.);
#2897=ORIENTED_EDGE('',*,*,#5020,.T.);
#2898=ORIENTED_EDGE('',*,*,#5021,.T.);
#2899=ORIENTED_EDGE('',*,*,#3668,.F.);
#2900=ORIENTED_EDGE('',*,*,#5022,.F.);
#2901=ORIENTED_EDGE('',*,*,#5023,.T.);
#2902=ORIENTED_EDGE('',*,*,#5024,.T.);
#2903=ORIENTED_EDGE('',*,*,#3669,.F.);
#2904=ORIENTED_EDGE('',*,*,#5024,.F.);
#2905=ORIENTED_EDGE('',*,*,#5025,.T.);
#2906=ORIENTED_EDGE('',*,*,#5026,.T.);
#2907=ORIENTED_EDGE('',*,*,#3670,.F.);
#2908=ORIENTED_EDGE('',*,*,#5026,.F.);
#2909=ORIENTED_EDGE('',*,*,#5027,.T.);
#2910=ORIENTED_EDGE('',*,*,#5028,.T.);
#2911=ORIENTED_EDGE('',*,*,#3671,.F.);
#2912=ORIENTED_EDGE('',*,*,#5028,.F.);
#2913=ORIENTED_EDGE('',*,*,#5029,.T.);
#2914=ORIENTED_EDGE('',*,*,#5030,.T.);
#2915=ORIENTED_EDGE('',*,*,#3672,.F.);
#2916=ORIENTED_EDGE('',*,*,#5030,.F.);
#2917=ORIENTED_EDGE('',*,*,#5031,.T.);
#2918=ORIENTED_EDGE('',*,*,#5032,.T.);
#2919=ORIENTED_EDGE('',*,*,#3673,.F.);
#2920=ORIENTED_EDGE('',*,*,#5032,.F.);
#2921=ORIENTED_EDGE('',*,*,#5033,.T.);
#2922=ORIENTED_EDGE('',*,*,#5034,.T.);
#2923=ORIENTED_EDGE('',*,*,#3674,.F.);
#2924=ORIENTED_EDGE('',*,*,#5034,.F.);
#2925=ORIENTED_EDGE('',*,*,#5035,.T.);
#2926=ORIENTED_EDGE('',*,*,#5036,.T.);
#2927=ORIENTED_EDGE('',*,*,#3675,.F.);
#2928=ORIENTED_EDGE('',*,*,#5036,.F.);
#2929=ORIENTED_EDGE('',*,*,#5037,.T.);
#2930=ORIENTED_EDGE('',*,*,#5038,.T.);
#2931=ORIENTED_EDGE('',*,*,#3676,.F.);
#2932=ORIENTED_EDGE('',*,*,#5038,.F.);
#2933=ORIENTED_EDGE('',*,*,#5039,.T.);
#2934=ORIENTED_EDGE('',*,*,#5040,.T.);
#2935=ORIENTED_EDGE('',*,*,#3677,.F.);
#2936=ORIENTED_EDGE('',*,*,#5040,.F.);
#2937=ORIENTED_EDGE('',*,*,#5041,.T.);
#2938=ORIENTED_EDGE('',*,*,#5042,.T.);
#2939=ORIENTED_EDGE('',*,*,#3678,.F.);
#2940=ORIENTED_EDGE('',*,*,#5042,.F.);
#2941=ORIENTED_EDGE('',*,*,#5043,.T.);
#2942=ORIENTED_EDGE('',*,*,#5044,.T.);
#2943=ORIENTED_EDGE('',*,*,#3679,.F.);
#2944=ORIENTED_EDGE('',*,*,#5044,.F.);
#2945=ORIENTED_EDGE('',*,*,#5045,.T.);
#2946=ORIENTED_EDGE('',*,*,#5046,.T.);
#2947=ORIENTED_EDGE('',*,*,#3680,.F.);
#2948=ORIENTED_EDGE('',*,*,#5046,.F.);
#2949=ORIENTED_EDGE('',*,*,#5047,.T.);
#2950=ORIENTED_EDGE('',*,*,#5048,.T.);
#2951=ORIENTED_EDGE('',*,*,#3681,.F.);
#2952=ORIENTED_EDGE('',*,*,#5048,.F.);
#2953=ORIENTED_EDGE('',*,*,#5049,.T.);
#2954=ORIENTED_EDGE('',*,*,#5050,.T.);
#2955=ORIENTED_EDGE('',*,*,#4117,.F.);
#2956=ORIENTED_EDGE('',*,*,#4203,.F.);
#2957=ORIENTED_EDGE('',*,*,#5051,.T.);
#2958=ORIENTED_EDGE('',*,*,#4193,.T.);
#2959=ORIENTED_EDGE('',*,*,#4111,.F.);
#2960=ORIENTED_EDGE('',*,*,#4226,.F.);
#2961=ORIENTED_EDGE('',*,*,#5052,.T.);
#2962=ORIENTED_EDGE('',*,*,#4204,.T.);
#2963=ORIENTED_EDGE('',*,*,#4099,.F.);
#2964=ORIENTED_EDGE('',*,*,#4241,.F.);
#2965=ORIENTED_EDGE('',*,*,#5053,.T.);
#2966=ORIENTED_EDGE('',*,*,#4227,.T.);
#2967=ORIENTED_EDGE('',*,*,#4091,.F.);
#2968=ORIENTED_EDGE('',*,*,#4270,.F.);
#2969=ORIENTED_EDGE('',*,*,#5054,.T.);
#2970=ORIENTED_EDGE('',*,*,#4242,.T.);
#2971=ORIENTED_EDGE('',*,*,#4076,.F.);
#2972=ORIENTED_EDGE('',*,*,#4299,.F.);
#2973=ORIENTED_EDGE('',*,*,#5055,.T.);
#2974=ORIENTED_EDGE('',*,*,#4271,.T.);
#2975=ORIENTED_EDGE('',*,*,#4061,.F.);
#2976=ORIENTED_EDGE('',*,*,#4328,.F.);
#2977=ORIENTED_EDGE('',*,*,#5056,.T.);
#2978=ORIENTED_EDGE('',*,*,#4300,.T.);
#2979=ORIENTED_EDGE('',*,*,#4046,.F.);
#2980=ORIENTED_EDGE('',*,*,#4335,.F.);
#2981=ORIENTED_EDGE('',*,*,#5057,.T.);
#2982=ORIENTED_EDGE('',*,*,#4329,.T.);
#2983=ORIENTED_EDGE('',*,*,#4042,.F.);
#2984=ORIENTED_EDGE('',*,*,#4368,.F.);
#2985=ORIENTED_EDGE('',*,*,#5058,.T.);
#2986=ORIENTED_EDGE('',*,*,#4336,.T.);
#2987=ORIENTED_EDGE('',*,*,#4025,.F.);
#2988=ORIENTED_EDGE('',*,*,#4397,.F.);
#2989=ORIENTED_EDGE('',*,*,#5059,.T.);
#2990=ORIENTED_EDGE('',*,*,#4369,.T.);
#2991=ORIENTED_EDGE('',*,*,#4010,.F.);
#2992=ORIENTED_EDGE('',*,*,#4434,.F.);
#2993=ORIENTED_EDGE('',*,*,#5060,.T.);
#2994=ORIENTED_EDGE('',*,*,#4398,.T.);
#2995=ORIENTED_EDGE('',*,*,#3991,.F.);
#2996=ORIENTED_EDGE('',*,*,#4455,.F.);
#2997=ORIENTED_EDGE('',*,*,#5061,.T.);
#2998=ORIENTED_EDGE('',*,*,#4435,.T.);
#2999=ORIENTED_EDGE('',*,*,#3980,.F.);
#3000=ORIENTED_EDGE('',*,*,#4462,.F.);
#3001=ORIENTED_EDGE('',*,*,#5062,.T.);
#3002=ORIENTED_EDGE('',*,*,#4456,.T.);
#3003=ORIENTED_EDGE('',*,*,#3976,.F.);
#3004=ORIENTED_EDGE('',*,*,#4475,.F.);
#3005=ORIENTED_EDGE('',*,*,#5063,.T.);
#3006=ORIENTED_EDGE('',*,*,#4463,.T.);
#3007=ORIENTED_EDGE('',*,*,#5064,.F.);
#3008=ORIENTED_EDGE('',*,*,#3969,.T.);
#3009=ORIENTED_EDGE('',*,*,#5065,.F.);
#3010=ORIENTED_EDGE('',*,*,#3968,.T.);
#3011=ORIENTED_EDGE('',*,*,#5066,.F.);
#3012=ORIENTED_EDGE('',*,*,#3967,.T.);
#3013=ORIENTED_EDGE('',*,*,#3966,.F.);
#3014=ORIENTED_EDGE('',*,*,#4504,.F.);
#3015=ORIENTED_EDGE('',*,*,#5067,.T.);
#3016=ORIENTED_EDGE('',*,*,#4476,.T.);
#3017=ORIENTED_EDGE('',*,*,#3951,.F.);
#3018=ORIENTED_EDGE('',*,*,#4511,.F.);
#3019=ORIENTED_EDGE('',*,*,#5068,.T.);
#3020=ORIENTED_EDGE('',*,*,#4505,.T.);
#3021=ORIENTED_EDGE('',*,*,#3947,.F.);
#3022=ORIENTED_EDGE('',*,*,#4526,.F.);
#3023=ORIENTED_EDGE('',*,*,#5069,.T.);
#3024=ORIENTED_EDGE('',*,*,#4512,.T.);
#3025=ORIENTED_EDGE('',*,*,#3939,.F.);
#3026=ORIENTED_EDGE('',*,*,#4533,.F.);
#3027=ORIENTED_EDGE('',*,*,#5070,.T.);
#3028=ORIENTED_EDGE('',*,*,#4527,.T.);
#3029=ORIENTED_EDGE('',*,*,#3935,.F.);
#3030=ORIENTED_EDGE('',*,*,#4566,.F.);
#3031=ORIENTED_EDGE('',*,*,#5071,.T.);
#3032=ORIENTED_EDGE('',*,*,#4534,.T.);
#3033=ORIENTED_EDGE('',*,*,#3918,.F.);
#3034=ORIENTED_EDGE('',*,*,#4593,.F.);
#3035=ORIENTED_EDGE('',*,*,#5072,.T.);
#3036=ORIENTED_EDGE('',*,*,#4567,.T.);
#3037=ORIENTED_EDGE('',*,*,#3904,.F.);
#3038=ORIENTED_EDGE('',*,*,#4622,.F.);
#3039=ORIENTED_EDGE('',*,*,#5073,.T.);
#3040=ORIENTED_EDGE('',*,*,#4594,.T.);
#3041=ORIENTED_EDGE('',*,*,#3889,.F.);
#3042=ORIENTED_EDGE('',*,*,#4643,.F.);
#3043=ORIENTED_EDGE('',*,*,#5074,.T.);
#3044=ORIENTED_EDGE('',*,*,#4623,.T.);
#3045=ORIENTED_EDGE('',*,*,#3878,.F.);
#3046=ORIENTED_EDGE('',*,*,#4692,.F.);
#3047=ORIENTED_EDGE('',*,*,#5075,.T.);
#3048=ORIENTED_EDGE('',*,*,#4644,.T.);
#3049=ORIENTED_EDGE('',*,*,#3853,.F.);
#3050=ORIENTED_EDGE('',*,*,#4731,.F.);
#3051=ORIENTED_EDGE('',*,*,#5076,.T.);
#3052=ORIENTED_EDGE('',*,*,#4693,.T.);
#3053=ORIENTED_EDGE('',*,*,#3833,.F.);
#3054=ORIENTED_EDGE('',*,*,#4780,.F.);
#3055=ORIENTED_EDGE('',*,*,#5077,.T.);
#3056=ORIENTED_EDGE('',*,*,#4732,.T.);
#3057=ORIENTED_EDGE('',*,*,#3808,.F.);
#3058=ORIENTED_EDGE('',*,*,#4797,.F.);
#3059=ORIENTED_EDGE('',*,*,#5078,.T.);
#3060=ORIENTED_EDGE('',*,*,#4781,.T.);
#3061=ORIENTED_EDGE('',*,*,#3799,.F.);
#3062=ORIENTED_EDGE('',*,*,#4834,.F.);
#3063=ORIENTED_EDGE('',*,*,#5079,.T.);
#3064=ORIENTED_EDGE('',*,*,#4798,.T.);
#3065=ORIENTED_EDGE('',*,*,#3780,.F.);
#3066=ORIENTED_EDGE('',*,*,#4857,.F.);
#3067=ORIENTED_EDGE('',*,*,#5080,.T.);
#3068=ORIENTED_EDGE('',*,*,#4835,.T.);
#3069=ORIENTED_EDGE('',*,*,#3768,.F.);
#3070=ORIENTED_EDGE('',*,*,#4892,.F.);
#3071=ORIENTED_EDGE('',*,*,#5081,.T.);
#3072=ORIENTED_EDGE('',*,*,#4858,.T.);
#3073=ORIENTED_EDGE('',*,*,#3750,.F.);
#3074=ORIENTED_EDGE('',*,*,#4919,.F.);
#3075=ORIENTED_EDGE('',*,*,#5082,.T.);
#3076=ORIENTED_EDGE('',*,*,#4893,.T.);
#3077=ORIENTED_EDGE('',*,*,#3736,.F.);
#3078=ORIENTED_EDGE('',*,*,#4936,.F.);
#3079=ORIENTED_EDGE('',*,*,#5083,.T.);
#3080=ORIENTED_EDGE('',*,*,#4920,.T.);
#3081=ORIENTED_EDGE('',*,*,#3727,.F.);
#3082=ORIENTED_EDGE('',*,*,#4959,.F.);
#3083=ORIENTED_EDGE('',*,*,#5084,.T.);
#3084=ORIENTED_EDGE('',*,*,#4937,.T.);
#3085=ORIENTED_EDGE('',*,*,#3715,.F.);
#3086=ORIENTED_EDGE('',*,*,#4974,.F.);
#3087=ORIENTED_EDGE('',*,*,#5085,.T.);
#3088=ORIENTED_EDGE('',*,*,#4960,.T.);
#3089=ORIENTED_EDGE('',*,*,#3707,.F.);
#3090=ORIENTED_EDGE('',*,*,#4985,.F.);
#3091=ORIENTED_EDGE('',*,*,#5086,.T.);
#3092=ORIENTED_EDGE('',*,*,#4975,.T.);
#3093=ORIENTED_EDGE('',*,*,#3701,.F.);
#3094=ORIENTED_EDGE('',*,*,#5006,.F.);
#3095=ORIENTED_EDGE('',*,*,#5087,.T.);
#3096=ORIENTED_EDGE('',*,*,#4986,.T.);
#3097=ORIENTED_EDGE('',*,*,#3690,.F.);
#3098=ORIENTED_EDGE('',*,*,#5021,.F.);
#3099=ORIENTED_EDGE('',*,*,#5088,.T.);
#3100=ORIENTED_EDGE('',*,*,#5007,.T.);
#3101=ORIENTED_EDGE('',*,*,#3682,.F.);
#3102=ORIENTED_EDGE('',*,*,#5050,.F.);
#3103=ORIENTED_EDGE('',*,*,#5089,.T.);
#3104=ORIENTED_EDGE('',*,*,#5022,.T.);
#3105=ORIENTED_EDGE('',*,*,#4123,.F.);
#3106=ORIENTED_EDGE('',*,*,#4192,.F.);
#3107=ORIENTED_EDGE('',*,*,#5090,.T.);
#3108=ORIENTED_EDGE('',*,*,#4182,.T.);
#3109=ORIENTED_EDGE('',*,*,#5023,.F.);
#3110=ORIENTED_EDGE('',*,*,#5089,.F.);
#3111=ORIENTED_EDGE('',*,*,#5049,.F.);
#3112=ORIENTED_EDGE('',*,*,#5047,.F.);
#3113=ORIENTED_EDGE('',*,*,#5045,.F.);
#3114=ORIENTED_EDGE('',*,*,#5043,.F.);
#3115=ORIENTED_EDGE('',*,*,#5041,.F.);
#3116=ORIENTED_EDGE('',*,*,#5039,.F.);
#3117=ORIENTED_EDGE('',*,*,#5037,.F.);
#3118=ORIENTED_EDGE('',*,*,#5035,.F.);
#3119=ORIENTED_EDGE('',*,*,#5033,.F.);
#3120=ORIENTED_EDGE('',*,*,#5031,.F.);
#3121=ORIENTED_EDGE('',*,*,#5029,.F.);
#3122=ORIENTED_EDGE('',*,*,#5027,.F.);
#3123=ORIENTED_EDGE('',*,*,#5025,.F.);
#3124=ORIENTED_EDGE('',*,*,#5008,.F.);
#3125=ORIENTED_EDGE('',*,*,#5088,.F.);
#3126=ORIENTED_EDGE('',*,*,#5020,.F.);
#3127=ORIENTED_EDGE('',*,*,#5018,.F.);
#3128=ORIENTED_EDGE('',*,*,#5016,.F.);
#3129=ORIENTED_EDGE('',*,*,#5014,.F.);
#3130=ORIENTED_EDGE('',*,*,#5012,.F.);
#3131=ORIENTED_EDGE('',*,*,#5010,.F.);
#3132=ORIENTED_EDGE('',*,*,#4987,.F.);
#3133=ORIENTED_EDGE('',*,*,#5087,.F.);
#3134=ORIENTED_EDGE('',*,*,#5005,.F.);
#3135=ORIENTED_EDGE('',*,*,#5003,.F.);
#3136=ORIENTED_EDGE('',*,*,#5001,.F.);
#3137=ORIENTED_EDGE('',*,*,#4999,.F.);
#3138=ORIENTED_EDGE('',*,*,#4997,.F.);
#3139=ORIENTED_EDGE('',*,*,#4995,.F.);
#3140=ORIENTED_EDGE('',*,*,#4993,.F.);
#3141=ORIENTED_EDGE('',*,*,#4991,.F.);
#3142=ORIENTED_EDGE('',*,*,#4989,.F.);
#3143=ORIENTED_EDGE('',*,*,#4976,.F.);
#3144=ORIENTED_EDGE('',*,*,#5086,.F.);
#3145=ORIENTED_EDGE('',*,*,#4984,.F.);
#3146=ORIENTED_EDGE('',*,*,#4982,.F.);
#3147=ORIENTED_EDGE('',*,*,#4980,.F.);
#3148=ORIENTED_EDGE('',*,*,#4978,.F.);
#3149=ORIENTED_EDGE('',*,*,#4961,.F.);
#3150=ORIENTED_EDGE('',*,*,#5085,.F.);
#3151=ORIENTED_EDGE('',*,*,#4973,.F.);
#3152=ORIENTED_EDGE('',*,*,#4971,.F.);
#3153=ORIENTED_EDGE('',*,*,#4969,.F.);
#3154=ORIENTED_EDGE('',*,*,#4967,.F.);
#3155=ORIENTED_EDGE('',*,*,#4965,.F.);
#3156=ORIENTED_EDGE('',*,*,#4963,.F.);
#3157=ORIENTED_EDGE('',*,*,#4938,.F.);
#3158=ORIENTED_EDGE('',*,*,#5084,.F.);
#3159=ORIENTED_EDGE('',*,*,#4958,.F.);
#3160=ORIENTED_EDGE('',*,*,#4956,.F.);
#3161=ORIENTED_EDGE('',*,*,#4954,.F.);
#3162=ORIENTED_EDGE('',*,*,#4952,.F.);
#3163=ORIENTED_EDGE('',*,*,#4950,.F.);
#3164=ORIENTED_EDGE('',*,*,#4948,.F.);
#3165=ORIENTED_EDGE('',*,*,#4946,.F.);
#3166=ORIENTED_EDGE('',*,*,#4944,.F.);
#3167=ORIENTED_EDGE('',*,*,#4942,.F.);
#3168=ORIENTED_EDGE('',*,*,#4940,.F.);
#3169=ORIENTED_EDGE('',*,*,#4921,.F.);
#3170=ORIENTED_EDGE('',*,*,#5083,.F.);
#3171=ORIENTED_EDGE('',*,*,#4935,.F.);
#3172=ORIENTED_EDGE('',*,*,#4933,.F.);
#3173=ORIENTED_EDGE('',*,*,#4931,.F.);
#3174=ORIENTED_EDGE('',*,*,#4929,.F.);
#3175=ORIENTED_EDGE('',*,*,#4927,.F.);
#3176=ORIENTED_EDGE('',*,*,#4925,.F.);
#3177=ORIENTED_EDGE('',*,*,#4923,.F.);
#3178=ORIENTED_EDGE('',*,*,#4894,.F.);
#3179=ORIENTED_EDGE('',*,*,#5082,.F.);
#3180=ORIENTED_EDGE('',*,*,#4918,.F.);
#3181=ORIENTED_EDGE('',*,*,#4916,.F.);
#3182=ORIENTED_EDGE('',*,*,#4914,.F.);
#3183=ORIENTED_EDGE('',*,*,#4912,.F.);
#3184=ORIENTED_EDGE('',*,*,#4910,.F.);
#3185=ORIENTED_EDGE('',*,*,#4908,.F.);
#3186=ORIENTED_EDGE('',*,*,#4906,.F.);
#3187=ORIENTED_EDGE('',*,*,#4904,.F.);
#3188=ORIENTED_EDGE('',*,*,#4902,.F.);
#3189=ORIENTED_EDGE('',*,*,#4900,.F.);
#3190=ORIENTED_EDGE('',*,*,#4898,.F.);
#3191=ORIENTED_EDGE('',*,*,#4896,.F.);
#3192=ORIENTED_EDGE('',*,*,#4859,.F.);
#3193=ORIENTED_EDGE('',*,*,#5081,.F.);
#3194=ORIENTED_EDGE('',*,*,#4891,.F.);
#3195=ORIENTED_EDGE('',*,*,#4889,.F.);
#3196=ORIENTED_EDGE('',*,*,#4887,.F.);
#3197=ORIENTED_EDGE('',*,*,#4885,.F.);
#3198=ORIENTED_EDGE('',*,*,#4883,.F.);
#3199=ORIENTED_EDGE('',*,*,#4881,.F.);
#3200=ORIENTED_EDGE('',*,*,#4879,.F.);
#3201=ORIENTED_EDGE('',*,*,#4877,.F.);
#3202=ORIENTED_EDGE('',*,*,#4875,.F.);
#3203=ORIENTED_EDGE('',*,*,#4873,.F.);
#3204=ORIENTED_EDGE('',*,*,#4871,.F.);
#3205=ORIENTED_EDGE('',*,*,#4869,.F.);
#3206=ORIENTED_EDGE('',*,*,#4867,.F.);
#3207=ORIENTED_EDGE('',*,*,#4865,.F.);
#3208=ORIENTED_EDGE('',*,*,#4863,.F.);
#3209=ORIENTED_EDGE('',*,*,#4861,.F.);
#3210=ORIENTED_EDGE('',*,*,#4836,.F.);
#3211=ORIENTED_EDGE('',*,*,#5080,.F.);
#3212=ORIENTED_EDGE('',*,*,#4856,.F.);
#3213=ORIENTED_EDGE('',*,*,#4854,.F.);
#3214=ORIENTED_EDGE('',*,*,#4852,.F.);
#3215=ORIENTED_EDGE('',*,*,#4850,.F.);
#3216=ORIENTED_EDGE('',*,*,#4848,.F.);
#3217=ORIENTED_EDGE('',*,*,#4846,.F.);
#3218=ORIENTED_EDGE('',*,*,#4844,.F.);
#3219=ORIENTED_EDGE('',*,*,#4842,.F.);
#3220=ORIENTED_EDGE('',*,*,#4840,.F.);
#3221=ORIENTED_EDGE('',*,*,#4838,.F.);
#3222=ORIENTED_EDGE('',*,*,#4799,.F.);
#3223=ORIENTED_EDGE('',*,*,#5079,.F.);
#3224=ORIENTED_EDGE('',*,*,#4833,.F.);
#3225=ORIENTED_EDGE('',*,*,#4831,.F.);
#3226=ORIENTED_EDGE('',*,*,#4829,.F.);
#3227=ORIENTED_EDGE('',*,*,#4827,.F.);
#3228=ORIENTED_EDGE('',*,*,#4825,.F.);
#3229=ORIENTED_EDGE('',*,*,#4823,.F.);
#3230=ORIENTED_EDGE('',*,*,#4821,.F.);
#3231=ORIENTED_EDGE('',*,*,#4819,.F.);
#3232=ORIENTED_EDGE('',*,*,#4817,.F.);
#3233=ORIENTED_EDGE('',*,*,#4815,.F.);
#3234=ORIENTED_EDGE('',*,*,#4813,.F.);
#3235=ORIENTED_EDGE('',*,*,#4811,.F.);
#3236=ORIENTED_EDGE('',*,*,#4809,.F.);
#3237=ORIENTED_EDGE('',*,*,#4807,.F.);
#3238=ORIENTED_EDGE('',*,*,#4805,.F.);
#3239=ORIENTED_EDGE('',*,*,#4803,.F.);
#3240=ORIENTED_EDGE('',*,*,#4801,.F.);
#3241=ORIENTED_EDGE('',*,*,#4782,.F.);
#3242=ORIENTED_EDGE('',*,*,#5078,.F.);
#3243=ORIENTED_EDGE('',*,*,#4796,.F.);
#3244=ORIENTED_EDGE('',*,*,#4794,.F.);
#3245=ORIENTED_EDGE('',*,*,#4792,.F.);
#3246=ORIENTED_EDGE('',*,*,#4790,.F.);
#3247=ORIENTED_EDGE('',*,*,#4788,.F.);
#3248=ORIENTED_EDGE('',*,*,#4786,.F.);
#3249=ORIENTED_EDGE('',*,*,#4784,.F.);
#3250=ORIENTED_EDGE('',*,*,#4733,.F.);
#3251=ORIENTED_EDGE('',*,*,#5077,.F.);
#3252=ORIENTED_EDGE('',*,*,#4779,.F.);
#3253=ORIENTED_EDGE('',*,*,#4777,.F.);
#3254=ORIENTED_EDGE('',*,*,#4775,.F.);
#3255=ORIENTED_EDGE('',*,*,#4773,.F.);
#3256=ORIENTED_EDGE('',*,*,#4771,.F.);
#3257=ORIENTED_EDGE('',*,*,#4769,.F.);
#3258=ORIENTED_EDGE('',*,*,#4767,.F.);
#3259=ORIENTED_EDGE('',*,*,#4765,.F.);
#3260=ORIENTED_EDGE('',*,*,#4763,.F.);
#3261=ORIENTED_EDGE('',*,*,#4761,.F.);
#3262=ORIENTED_EDGE('',*,*,#4759,.F.);
#3263=ORIENTED_EDGE('',*,*,#4757,.F.);
#3264=ORIENTED_EDGE('',*,*,#4755,.F.);
#3265=ORIENTED_EDGE('',*,*,#4753,.F.);
#3266=ORIENTED_EDGE('',*,*,#4751,.F.);
#3267=ORIENTED_EDGE('',*,*,#4749,.F.);
#3268=ORIENTED_EDGE('',*,*,#4747,.F.);
#3269=ORIENTED_EDGE('',*,*,#4745,.F.);
#3270=ORIENTED_EDGE('',*,*,#4743,.F.);
#3271=ORIENTED_EDGE('',*,*,#4741,.F.);
#3272=ORIENTED_EDGE('',*,*,#4739,.F.);
#3273=ORIENTED_EDGE('',*,*,#4737,.F.);
#3274=ORIENTED_EDGE('',*,*,#4735,.F.);
#3275=ORIENTED_EDGE('',*,*,#4694,.F.);
#3276=ORIENTED_EDGE('',*,*,#5076,.F.);
#3277=ORIENTED_EDGE('',*,*,#4730,.F.);
#3278=ORIENTED_EDGE('',*,*,#4728,.F.);
#3279=ORIENTED_EDGE('',*,*,#4726,.F.);
#3280=ORIENTED_EDGE('',*,*,#4724,.F.);
#3281=ORIENTED_EDGE('',*,*,#4722,.F.);
#3282=ORIENTED_EDGE('',*,*,#4720,.F.);
#3283=ORIENTED_EDGE('',*,*,#4718,.F.);
#3284=ORIENTED_EDGE('',*,*,#4716,.F.);
#3285=ORIENTED_EDGE('',*,*,#4714,.F.);
#3286=ORIENTED_EDGE('',*,*,#4712,.F.);
#3287=ORIENTED_EDGE('',*,*,#4710,.F.);
#3288=ORIENTED_EDGE('',*,*,#4708,.F.);
#3289=ORIENTED_EDGE('',*,*,#4706,.F.);
#3290=ORIENTED_EDGE('',*,*,#4704,.F.);
#3291=ORIENTED_EDGE('',*,*,#4702,.F.);
#3292=ORIENTED_EDGE('',*,*,#4700,.F.);
#3293=ORIENTED_EDGE('',*,*,#4698,.F.);
#3294=ORIENTED_EDGE('',*,*,#4696,.F.);
#3295=ORIENTED_EDGE('',*,*,#4645,.F.);
#3296=ORIENTED_EDGE('',*,*,#5075,.F.);
#3297=ORIENTED_EDGE('',*,*,#4691,.F.);
#3298=ORIENTED_EDGE('',*,*,#4689,.F.);
#3299=ORIENTED_EDGE('',*,*,#4687,.F.);
#3300=ORIENTED_EDGE('',*,*,#4685,.F.);
#3301=ORIENTED_EDGE('',*,*,#4683,.F.);
#3302=ORIENTED_EDGE('',*,*,#4681,.F.);
#3303=ORIENTED_EDGE('',*,*,#4679,.F.);
#3304=ORIENTED_EDGE('',*,*,#4677,.F.);
#3305=ORIENTED_EDGE('',*,*,#4675,.F.);
#3306=ORIENTED_EDGE('',*,*,#4673,.F.);
#3307=ORIENTED_EDGE('',*,*,#4671,.F.);
#3308=ORIENTED_EDGE('',*,*,#4669,.F.);
#3309=ORIENTED_EDGE('',*,*,#4667,.F.);
#3310=ORIENTED_EDGE('',*,*,#4665,.F.);
#3311=ORIENTED_EDGE('',*,*,#4663,.F.);
#3312=ORIENTED_EDGE('',*,*,#4661,.F.);
#3313=ORIENTED_EDGE('',*,*,#4659,.F.);
#3314=ORIENTED_EDGE('',*,*,#4657,.F.);
#3315=ORIENTED_EDGE('',*,*,#4655,.F.);
#3316=ORIENTED_EDGE('',*,*,#4653,.F.);
#3317=ORIENTED_EDGE('',*,*,#4651,.F.);
#3318=ORIENTED_EDGE('',*,*,#4649,.F.);
#3319=ORIENTED_EDGE('',*,*,#4647,.F.);
#3320=ORIENTED_EDGE('',*,*,#4624,.F.);
#3321=ORIENTED_EDGE('',*,*,#5074,.F.);
#3322=ORIENTED_EDGE('',*,*,#4642,.F.);
#3323=ORIENTED_EDGE('',*,*,#4640,.F.);
#3324=ORIENTED_EDGE('',*,*,#4638,.F.);
#3325=ORIENTED_EDGE('',*,*,#4636,.F.);
#3326=ORIENTED_EDGE('',*,*,#4634,.F.);
#3327=ORIENTED_EDGE('',*,*,#4632,.F.);
#3328=ORIENTED_EDGE('',*,*,#4630,.F.);
#3329=ORIENTED_EDGE('',*,*,#4628,.F.);
#3330=ORIENTED_EDGE('',*,*,#4626,.F.);
#3331=ORIENTED_EDGE('',*,*,#4595,.F.);
#3332=ORIENTED_EDGE('',*,*,#5073,.F.);
#3333=ORIENTED_EDGE('',*,*,#4621,.F.);
#3334=ORIENTED_EDGE('',*,*,#4619,.F.);
#3335=ORIENTED_EDGE('',*,*,#4617,.F.);
#3336=ORIENTED_EDGE('',*,*,#4615,.F.);
#3337=ORIENTED_EDGE('',*,*,#4613,.F.);
#3338=ORIENTED_EDGE('',*,*,#4611,.F.);
#3339=ORIENTED_EDGE('',*,*,#4609,.F.);
#3340=ORIENTED_EDGE('',*,*,#4607,.F.);
#3341=ORIENTED_EDGE('',*,*,#4605,.F.);
#3342=ORIENTED_EDGE('',*,*,#4603,.F.);
#3343=ORIENTED_EDGE('',*,*,#4601,.F.);
#3344=ORIENTED_EDGE('',*,*,#4599,.F.);
#3345=ORIENTED_EDGE('',*,*,#4597,.F.);
#3346=ORIENTED_EDGE('',*,*,#4568,.F.);
#3347=ORIENTED_EDGE('',*,*,#5072,.F.);
#3348=ORIENTED_EDGE('',*,*,#4592,.F.);
#3349=ORIENTED_EDGE('',*,*,#4590,.F.);
#3350=ORIENTED_EDGE('',*,*,#4588,.F.);
#3351=ORIENTED_EDGE('',*,*,#4586,.F.);
#3352=ORIENTED_EDGE('',*,*,#4584,.F.);
#3353=ORIENTED_EDGE('',*,*,#4582,.F.);
#3354=ORIENTED_EDGE('',*,*,#4580,.F.);
#3355=ORIENTED_EDGE('',*,*,#4578,.F.);
#3356=ORIENTED_EDGE('',*,*,#4576,.F.);
#3357=ORIENTED_EDGE('',*,*,#4574,.F.);
#3358=ORIENTED_EDGE('',*,*,#4572,.F.);
#3359=ORIENTED_EDGE('',*,*,#4570,.F.);
#3360=ORIENTED_EDGE('',*,*,#4535,.F.);
#3361=ORIENTED_EDGE('',*,*,#5071,.F.);
#3362=ORIENTED_EDGE('',*,*,#4565,.F.);
#3363=ORIENTED_EDGE('',*,*,#4563,.F.);
#3364=ORIENTED_EDGE('',*,*,#4561,.F.);
#3365=ORIENTED_EDGE('',*,*,#4559,.F.);
#3366=ORIENTED_EDGE('',*,*,#4557,.F.);
#3367=ORIENTED_EDGE('',*,*,#4555,.F.);
#3368=ORIENTED_EDGE('',*,*,#4553,.F.);
#3369=ORIENTED_EDGE('',*,*,#4551,.F.);
#3370=ORIENTED_EDGE('',*,*,#4549,.F.);
#3371=ORIENTED_EDGE('',*,*,#4547,.F.);
#3372=ORIENTED_EDGE('',*,*,#4545,.F.);
#3373=ORIENTED_EDGE('',*,*,#4543,.F.);
#3374=ORIENTED_EDGE('',*,*,#4541,.F.);
#3375=ORIENTED_EDGE('',*,*,#4539,.F.);
#3376=ORIENTED_EDGE('',*,*,#4537,.F.);
#3377=ORIENTED_EDGE('',*,*,#4528,.F.);
#3378=ORIENTED_EDGE('',*,*,#5070,.F.);
#3379=ORIENTED_EDGE('',*,*,#4532,.F.);
#3380=ORIENTED_EDGE('',*,*,#4530,.F.);
#3381=ORIENTED_EDGE('',*,*,#4513,.F.);
#3382=ORIENTED_EDGE('',*,*,#5069,.F.);
#3383=ORIENTED_EDGE('',*,*,#4525,.F.);
#3384=ORIENTED_EDGE('',*,*,#4523,.F.);
#3385=ORIENTED_EDGE('',*,*,#4521,.F.);
#3386=ORIENTED_EDGE('',*,*,#4519,.F.);
#3387=ORIENTED_EDGE('',*,*,#4517,.F.);
#3388=ORIENTED_EDGE('',*,*,#4515,.F.);
#3389=ORIENTED_EDGE('',*,*,#4506,.F.);
#3390=ORIENTED_EDGE('',*,*,#5068,.F.);
#3391=ORIENTED_EDGE('',*,*,#4510,.F.);
#3392=ORIENTED_EDGE('',*,*,#4508,.F.);
#3393=ORIENTED_EDGE('',*,*,#4477,.F.);
#3394=ORIENTED_EDGE('',*,*,#5067,.F.);
#3395=ORIENTED_EDGE('',*,*,#4503,.F.);
#3396=ORIENTED_EDGE('',*,*,#4501,.F.);
#3397=ORIENTED_EDGE('',*,*,#4499,.F.);
#3398=ORIENTED_EDGE('',*,*,#4497,.F.);
#3399=ORIENTED_EDGE('',*,*,#4495,.F.);
#3400=ORIENTED_EDGE('',*,*,#4493,.F.);
#3401=ORIENTED_EDGE('',*,*,#4491,.F.);
#3402=ORIENTED_EDGE('',*,*,#4489,.F.);
#3403=ORIENTED_EDGE('',*,*,#4487,.F.);
#3404=ORIENTED_EDGE('',*,*,#4485,.F.);
#3405=ORIENTED_EDGE('',*,*,#4483,.F.);
#3406=ORIENTED_EDGE('',*,*,#4481,.F.);
#3407=ORIENTED_EDGE('',*,*,#4479,.F.);
#3408=ORIENTED_EDGE('',*,*,#5066,.T.);
#3409=ORIENTED_EDGE('',*,*,#5065,.T.);
#3410=ORIENTED_EDGE('',*,*,#5064,.T.);
#3411=ORIENTED_EDGE('',*,*,#3648,.T.);
#3412=ORIENTED_EDGE('',*,*,#3644,.T.);
#3413=ORIENTED_EDGE('',*,*,#3646,.T.);
#3414=ORIENTED_EDGE('',*,*,#3634,.T.);
#3415=ORIENTED_EDGE('',*,*,#3637,.T.);
#3416=ORIENTED_EDGE('',*,*,#3640,.T.);
#3417=ORIENTED_EDGE('',*,*,#4464,.F.);
#3418=ORIENTED_EDGE('',*,*,#5063,.F.);
#3419=ORIENTED_EDGE('',*,*,#4474,.F.);
#3420=ORIENTED_EDGE('',*,*,#4472,.F.);
#3421=ORIENTED_EDGE('',*,*,#4470,.F.);
#3422=ORIENTED_EDGE('',*,*,#4468,.F.);
#3423=ORIENTED_EDGE('',*,*,#4466,.F.);
#3424=ORIENTED_EDGE('',*,*,#4457,.F.);
#3425=ORIENTED_EDGE('',*,*,#5062,.F.);
#3426=ORIENTED_EDGE('',*,*,#4461,.F.);
#3427=ORIENTED_EDGE('',*,*,#4459,.F.);
#3428=ORIENTED_EDGE('',*,*,#4436,.F.);
#3429=ORIENTED_EDGE('',*,*,#5061,.F.);
#3430=ORIENTED_EDGE('',*,*,#4454,.F.);
#3431=ORIENTED_EDGE('',*,*,#4452,.F.);
#3432=ORIENTED_EDGE('',*,*,#4450,.F.);
#3433=ORIENTED_EDGE('',*,*,#4448,.F.);
#3434=ORIENTED_EDGE('',*,*,#4446,.F.);
#3435=ORIENTED_EDGE('',*,*,#4444,.F.);
#3436=ORIENTED_EDGE('',*,*,#4442,.F.);
#3437=ORIENTED_EDGE('',*,*,#4440,.F.);
#3438=ORIENTED_EDGE('',*,*,#4438,.F.);
#3439=ORIENTED_EDGE('',*,*,#4399,.F.);
#3440=ORIENTED_EDGE('',*,*,#5060,.F.);
#3441=ORIENTED_EDGE('',*,*,#4433,.F.);
#3442=ORIENTED_EDGE('',*,*,#4431,.F.);
#3443=ORIENTED_EDGE('',*,*,#4429,.F.);
#3444=ORIENTED_EDGE('',*,*,#4427,.F.);
#3445=ORIENTED_EDGE('',*,*,#4425,.F.);
#3446=ORIENTED_EDGE('',*,*,#4423,.F.);
#3447=ORIENTED_EDGE('',*,*,#4421,.F.);
#3448=ORIENTED_EDGE('',*,*,#4419,.F.);
#3449=ORIENTED_EDGE('',*,*,#4417,.F.);
#3450=ORIENTED_EDGE('',*,*,#4415,.F.);
#3451=ORIENTED_EDGE('',*,*,#4413,.F.);
#3452=ORIENTED_EDGE('',*,*,#4411,.F.);
#3453=ORIENTED_EDGE('',*,*,#4409,.F.);
#3454=ORIENTED_EDGE('',*,*,#4407,.F.);
#3455=ORIENTED_EDGE('',*,*,#4405,.F.);
#3456=ORIENTED_EDGE('',*,*,#4403,.F.);
#3457=ORIENTED_EDGE('',*,*,#4401,.F.);
#3458=ORIENTED_EDGE('',*,*,#4370,.F.);
#3459=ORIENTED_EDGE('',*,*,#5059,.F.);
#3460=ORIENTED_EDGE('',*,*,#4396,.F.);
#3461=ORIENTED_EDGE('',*,*,#4394,.F.);
#3462=ORIENTED_EDGE('',*,*,#4392,.F.);
#3463=ORIENTED_EDGE('',*,*,#4390,.F.);
#3464=ORIENTED_EDGE('',*,*,#4388,.F.);
#3465=ORIENTED_EDGE('',*,*,#4386,.F.);
#3466=ORIENTED_EDGE('',*,*,#4384,.F.);
#3467=ORIENTED_EDGE('',*,*,#4382,.F.);
#3468=ORIENTED_EDGE('',*,*,#4380,.F.);
#3469=ORIENTED_EDGE('',*,*,#4378,.F.);
#3470=ORIENTED_EDGE('',*,*,#4376,.F.);
#3471=ORIENTED_EDGE('',*,*,#4374,.F.);
#3472=ORIENTED_EDGE('',*,*,#4372,.F.);
#3473=ORIENTED_EDGE('',*,*,#4337,.F.);
#3474=ORIENTED_EDGE('',*,*,#5058,.F.);
#3475=ORIENTED_EDGE('',*,*,#4367,.F.);
#3476=ORIENTED_EDGE('',*,*,#4365,.F.);
#3477=ORIENTED_EDGE('',*,*,#4363,.F.);
#3478=ORIENTED_EDGE('',*,*,#4361,.F.);
#3479=ORIENTED_EDGE('',*,*,#4359,.F.);
#3480=ORIENTED_EDGE('',*,*,#4357,.F.);
#3481=ORIENTED_EDGE('',*,*,#4355,.F.);
#3482=ORIENTED_EDGE('',*,*,#4353,.F.);
#3483=ORIENTED_EDGE('',*,*,#4351,.F.);
#3484=ORIENTED_EDGE('',*,*,#4349,.F.);
#3485=ORIENTED_EDGE('',*,*,#4347,.F.);
#3486=ORIENTED_EDGE('',*,*,#4345,.F.);
#3487=ORIENTED_EDGE('',*,*,#4343,.F.);
#3488=ORIENTED_EDGE('',*,*,#4341,.F.);
#3489=ORIENTED_EDGE('',*,*,#4339,.F.);
#3490=ORIENTED_EDGE('',*,*,#4330,.F.);
#3491=ORIENTED_EDGE('',*,*,#5057,.F.);
#3492=ORIENTED_EDGE('',*,*,#4334,.F.);
#3493=ORIENTED_EDGE('',*,*,#4332,.F.);
#3494=ORIENTED_EDGE('',*,*,#4301,.F.);
#3495=ORIENTED_EDGE('',*,*,#5056,.F.);
#3496=ORIENTED_EDGE('',*,*,#4327,.F.);
#3497=ORIENTED_EDGE('',*,*,#4325,.F.);
#3498=ORIENTED_EDGE('',*,*,#4323,.F.);
#3499=ORIENTED_EDGE('',*,*,#4321,.F.);
#3500=ORIENTED_EDGE('',*,*,#4319,.F.);
#3501=ORIENTED_EDGE('',*,*,#4317,.F.);
#3502=ORIENTED_EDGE('',*,*,#4315,.F.);
#3503=ORIENTED_EDGE('',*,*,#4313,.F.);
#3504=ORIENTED_EDGE('',*,*,#4311,.F.);
#3505=ORIENTED_EDGE('',*,*,#4309,.F.);
#3506=ORIENTED_EDGE('',*,*,#4307,.F.);
#3507=ORIENTED_EDGE('',*,*,#4305,.F.);
#3508=ORIENTED_EDGE('',*,*,#4303,.F.);
#3509=ORIENTED_EDGE('',*,*,#4272,.F.);
#3510=ORIENTED_EDGE('',*,*,#5055,.F.);
#3511=ORIENTED_EDGE('',*,*,#4298,.F.);
#3512=ORIENTED_EDGE('',*,*,#4296,.F.);
#3513=ORIENTED_EDGE('',*,*,#4294,.F.);
#3514=ORIENTED_EDGE('',*,*,#4292,.F.);
#3515=ORIENTED_EDGE('',*,*,#4290,.F.);
#3516=ORIENTED_EDGE('',*,*,#4288,.F.);
#3517=ORIENTED_EDGE('',*,*,#4286,.F.);
#3518=ORIENTED_EDGE('',*,*,#4284,.F.);
#3519=ORIENTED_EDGE('',*,*,#4282,.F.);
#3520=ORIENTED_EDGE('',*,*,#4280,.F.);
#3521=ORIENTED_EDGE('',*,*,#4278,.F.);
#3522=ORIENTED_EDGE('',*,*,#4276,.F.);
#3523=ORIENTED_EDGE('',*,*,#4274,.F.);
#3524=ORIENTED_EDGE('',*,*,#4243,.F.);
#3525=ORIENTED_EDGE('',*,*,#5054,.F.);
#3526=ORIENTED_EDGE('',*,*,#4269,.F.);
#3527=ORIENTED_EDGE('',*,*,#4267,.F.);
#3528=ORIENTED_EDGE('',*,*,#4265,.F.);
#3529=ORIENTED_EDGE('',*,*,#4263,.F.);
#3530=ORIENTED_EDGE('',*,*,#4261,.F.);
#3531=ORIENTED_EDGE('',*,*,#4259,.F.);
#3532=ORIENTED_EDGE('',*,*,#4257,.F.);
#3533=ORIENTED_EDGE('',*,*,#4255,.F.);
#3534=ORIENTED_EDGE('',*,*,#4253,.F.);
#3535=ORIENTED_EDGE('',*,*,#4251,.F.);
#3536=ORIENTED_EDGE('',*,*,#4249,.F.);
#3537=ORIENTED_EDGE('',*,*,#4247,.F.);
#3538=ORIENTED_EDGE('',*,*,#4245,.F.);
#3539=ORIENTED_EDGE('',*,*,#4228,.F.);
#3540=ORIENTED_EDGE('',*,*,#5053,.F.);
#3541=ORIENTED_EDGE('',*,*,#4240,.F.);
#3542=ORIENTED_EDGE('',*,*,#4238,.F.);
#3543=ORIENTED_EDGE('',*,*,#4236,.F.);
#3544=ORIENTED_EDGE('',*,*,#4234,.F.);
#3545=ORIENTED_EDGE('',*,*,#4232,.F.);
#3546=ORIENTED_EDGE('',*,*,#4230,.F.);
#3547=ORIENTED_EDGE('',*,*,#4205,.F.);
#3548=ORIENTED_EDGE('',*,*,#5052,.F.);
#3549=ORIENTED_EDGE('',*,*,#4225,.F.);
#3550=ORIENTED_EDGE('',*,*,#4223,.F.);
#3551=ORIENTED_EDGE('',*,*,#4221,.F.);
#3552=ORIENTED_EDGE('',*,*,#4219,.F.);
#3553=ORIENTED_EDGE('',*,*,#4217,.F.);
#3554=ORIENTED_EDGE('',*,*,#4215,.F.);
#3555=ORIENTED_EDGE('',*,*,#4213,.F.);
#3556=ORIENTED_EDGE('',*,*,#4211,.F.);
#3557=ORIENTED_EDGE('',*,*,#4209,.F.);
#3558=ORIENTED_EDGE('',*,*,#4207,.F.);
#3559=ORIENTED_EDGE('',*,*,#4194,.F.);
#3560=ORIENTED_EDGE('',*,*,#5051,.F.);
#3561=ORIENTED_EDGE('',*,*,#4202,.F.);
#3562=ORIENTED_EDGE('',*,*,#4200,.F.);
#3563=ORIENTED_EDGE('',*,*,#4198,.F.);
#3564=ORIENTED_EDGE('',*,*,#4196,.F.);
#3565=ORIENTED_EDGE('',*,*,#4183,.F.);
#3566=ORIENTED_EDGE('',*,*,#5090,.F.);
#3567=ORIENTED_EDGE('',*,*,#4191,.F.);
#3568=ORIENTED_EDGE('',*,*,#4189,.F.);
#3569=ORIENTED_EDGE('',*,*,#4187,.F.);
#3570=ORIENTED_EDGE('',*,*,#4185,.F.);
#3571=ORIENTED_EDGE('',*,*,#5091,.F.);
#3572=ORIENTED_EDGE('',*,*,#4128,.F.);
#3573=ORIENTED_EDGE('',*,*,#5092,.F.);
#3574=ORIENTED_EDGE('',*,*,#3635,.F.);
#3575=ORIENTED_EDGE('',*,*,#5092,.T.);
#3576=ORIENTED_EDGE('',*,*,#4127,.F.);
#3577=ORIENTED_EDGE('',*,*,#5093,.F.);
#3578=ORIENTED_EDGE('',*,*,#3638,.F.);
#3579=ORIENTED_EDGE('',*,*,#5091,.T.);
#3580=ORIENTED_EDGE('',*,*,#3632,.F.);
#3581=ORIENTED_EDGE('',*,*,#5094,.F.);
#3582=ORIENTED_EDGE('',*,*,#4129,.F.);
#3583=ORIENTED_EDGE('',*,*,#5093,.T.);
#3584=ORIENTED_EDGE('',*,*,#4126,.F.);
#3585=ORIENTED_EDGE('',*,*,#5095,.F.);
#3586=ORIENTED_EDGE('',*,*,#3647,.F.);
#3587=ORIENTED_EDGE('',*,*,#5094,.T.);
#3588=ORIENTED_EDGE('',*,*,#3645,.F.);
#3589=ORIENTED_EDGE('',*,*,#5096,.F.);
#3590=ORIENTED_EDGE('',*,*,#4124,.F.);
#3591=ORIENTED_EDGE('',*,*,#5095,.T.);
#3592=ORIENTED_EDGE('',*,*,#4125,.F.);
#3593=ORIENTED_EDGE('',*,*,#5096,.T.);
#3594=ORIENTED_EDGE('',*,*,#3642,.F.);
#3595=ORIENTED_EDGE('',*,*,#4172,.F.);
#3596=ORIENTED_EDGE('',*,*,#5097,.T.);
#3597=ORIENTED_EDGE('',*,*,#4145,.F.);
#3598=ORIENTED_EDGE('',*,*,#5098,.T.);
#3599=ORIENTED_EDGE('',*,*,#4164,.F.);
#3600=ORIENTED_EDGE('',*,*,#5099,.T.);
#3601=ORIENTED_EDGE('',*,*,#4135,.F.);
#3602=ORIENTED_EDGE('',*,*,#5100,.T.);
#3603=ORIENTED_EDGE('',*,*,#4159,.F.);
#3604=ORIENTED_EDGE('',*,*,#5101,.T.);
#3605=ORIENTED_EDGE('',*,*,#4138,.F.);
#3606=ORIENTED_EDGE('',*,*,#5102,.T.);
#3607=ORIENTED_EDGE('',*,*,#5098,.F.);
#3608=ORIENTED_EDGE('',*,*,#4144,.F.);
#3609=ORIENTED_EDGE('',*,*,#4180,.F.);
#3610=ORIENTED_EDGE('',*,*,#4181,.F.);
#3611=ORIENTED_EDGE('',*,*,#5097,.F.);
#3612=ORIENTED_EDGE('',*,*,#4177,.F.);
#3613=ORIENTED_EDGE('',*,*,#4175,.F.);
#3614=ORIENTED_EDGE('',*,*,#4146,.F.);
#3615=ORIENTED_EDGE('',*,*,#5099,.F.);
#3616=ORIENTED_EDGE('',*,*,#4168,.F.);
#3617=ORIENTED_EDGE('',*,*,#4169,.F.);
#3618=ORIENTED_EDGE('',*,*,#4130,.F.);
#3619=ORIENTED_EDGE('',*,*,#5100,.F.);
#3620=ORIENTED_EDGE('',*,*,#4134,.F.);
#3621=ORIENTED_EDGE('',*,*,#4162,.F.);
#3622=ORIENTED_EDGE('',*,*,#4166,.F.);
#3623=ORIENTED_EDGE('',*,*,#5102,.F.);
#3624=ORIENTED_EDGE('',*,*,#4137,.F.);
#3625=ORIENTED_EDGE('',*,*,#4156,.F.);
#3626=ORIENTED_EDGE('',*,*,#4158,.F.);
#3627=ORIENTED_EDGE('',*,*,#5101,.F.);
#3628=ORIENTED_EDGE('',*,*,#4150,.F.);
#3629=ORIENTED_EDGE('',*,*,#4152,.F.);
#3630=ORIENTED_EDGE('',*,*,#4139,.F.);
#3631=EDGE_CURVE('',#5103,#5104,#6083,.T.);
#3632=EDGE_CURVE('',#5104,#5105,#6084,.T.);
#3633=EDGE_CURVE('',#5106,#5105,#6085,.T.);
#3634=EDGE_CURVE('',#5103,#5106,#6086,.T.);
#3635=EDGE_CURVE('',#5105,#5107,#537,.T.);
#3636=EDGE_CURVE('',#5108,#5107,#6087,.T.);
#3637=EDGE_CURVE('',#5106,#5108,#538,.T.);
#3638=EDGE_CURVE('',#5107,#5109,#6088,.T.);
#3639=EDGE_CURVE('',#5110,#5109,#6089,.T.);
#3640=EDGE_CURVE('',#5108,#5110,#6090,.T.);
#3641=EDGE_CURVE('',#5111,#5112,#6091,.T.);
#3642=EDGE_CURVE('',#5112,#5113,#6092,.T.);
#3643=EDGE_CURVE('',#5114,#5113,#6093,.T.);
#3644=EDGE_CURVE('',#5111,#5114,#6094,.T.);
#3645=EDGE_CURVE('',#5113,#5104,#539,.T.);
#3646=EDGE_CURVE('',#5114,#5103,#540,.T.);
#3647=EDGE_CURVE('',#5109,#5112,#541,.T.);
#3648=EDGE_CURVE('',#5110,#5111,#542,.T.);
#3649=EDGE_CURVE('',#5115,#5116,#6095,.T.);
#3650=EDGE_CURVE('',#5115,#5117,#543,.T.);
#3651=EDGE_CURVE('',#5117,#5118,#6096,.T.);
#3652=EDGE_CURVE('',#5119,#5118,#6097,.T.);
#3653=EDGE_CURVE('',#5120,#5119,#544,.T.);
#3654=EDGE_CURVE('',#5116,#5120,#6098,.T.);
#3655=EDGE_CURVE('',#5121,#5121,#545,.T.);
#3656=EDGE_CURVE('',#5122,#5123,#546,.T.);
#3657=EDGE_CURVE('',#5123,#5124,#6099,.T.);
#3658=EDGE_CURVE('',#5125,#5124,#6100,.T.);
#3659=EDGE_CURVE('',#5126,#5125,#547,.T.);
#3660=EDGE_CURVE('',#5127,#5126,#6101,.T.);
#3661=EDGE_CURVE('',#5122,#5127,#6102,.T.);
#3662=EDGE_CURVE('',#5128,#5129,#6103,.T.);
#3663=EDGE_CURVE('',#5128,#5130,#548,.T.);
#3664=EDGE_CURVE('',#5130,#5131,#6104,.T.);
#3665=EDGE_CURVE('',#5132,#5131,#6105,.T.);
#3666=EDGE_CURVE('',#5133,#5132,#549,.T.);
#3667=EDGE_CURVE('',#5129,#5133,#6106,.T.);
#3668=EDGE_CURVE('',#5134,#5135,#189,.T.);
#3669=EDGE_CURVE('',#5135,#5136,#190,.T.);
#3670=EDGE_CURVE('',#5136,#5137,#191,.T.);
#3671=EDGE_CURVE('',#5137,#5138,#192,.T.);
#3672=EDGE_CURVE('',#5138,#5139,#193,.T.);
#3673=EDGE_CURVE('',#5139,#5140,#194,.T.);
#3674=EDGE_CURVE('',#5140,#5141,#6107,.T.);
#3675=EDGE_CURVE('',#5141,#5142,#195,.T.);
#3676=EDGE_CURVE('',#5142,#5143,#196,.T.);
#3677=EDGE_CURVE('',#5143,#5144,#197,.T.);
#3678=EDGE_CURVE('',#5144,#5145,#198,.T.);
#3679=EDGE_CURVE('',#5145,#5146,#199,.T.);
#3680=EDGE_CURVE('',#5146,#5147,#200,.T.);
#3681=EDGE_CURVE('',#5147,#5148,#201,.T.);
#3682=EDGE_CURVE('',#5148,#5134,#6108,.T.);
#3683=EDGE_CURVE('',#5149,#5150,#6109,.T.);
#3684=EDGE_CURVE('',#5150,#5151,#6110,.T.);
#3685=EDGE_CURVE('',#5151,#5152,#6111,.T.);
#3686=EDGE_CURVE('',#5152,#5153,#6112,.T.);
#3687=EDGE_CURVE('',#5153,#5154,#6113,.T.);
#3688=EDGE_CURVE('',#5154,#5155,#6114,.T.);
#3689=EDGE_CURVE('',#5155,#5156,#6115,.T.);
#3690=EDGE_CURVE('',#5156,#5149,#6116,.T.);
#3691=EDGE_CURVE('',#5157,#5158,#6117,.T.);
#3692=EDGE_CURVE('',#5158,#5159,#6118,.T.);
#3693=EDGE_CURVE('',#5159,#5160,#6119,.T.);
#3694=EDGE_CURVE('',#5160,#5161,#6120,.T.);
#3695=EDGE_CURVE('',#5161,#5162,#6121,.T.);
#3696=EDGE_CURVE('',#5162,#5163,#202,.T.);
#3697=EDGE_CURVE('',#5163,#5164,#203,.T.);
#3698=EDGE_CURVE('',#5164,#5165,#204,.T.);
#3699=EDGE_CURVE('',#5165,#5166,#6122,.T.);
#3700=EDGE_CURVE('',#5166,#5167,#6123,.T.);
#3701=EDGE_CURVE('',#5167,#5157,#6124,.T.);
#3702=EDGE_CURVE('',#5168,#5169,#6125,.T.);
#3703=EDGE_CURVE('',#5169,#5170,#6126,.T.);
#3704=EDGE_CURVE('',#5170,#5171,#6127,.T.);
#3705=EDGE_CURVE('',#5171,#5172,#6128,.T.);
#3706=EDGE_CURVE('',#5172,#5173,#6129,.T.);
#3707=EDGE_CURVE('',#5173,#5168,#6130,.T.);
#3708=EDGE_CURVE('',#5174,#5175,#6131,.T.);
#3709=EDGE_CURVE('',#5175,#5176,#6132,.T.);
#3710=EDGE_CURVE('',#5176,#5177,#6133,.T.);
#3711=EDGE_CURVE('',#5177,#5178,#6134,.T.);
#3712=EDGE_CURVE('',#5178,#5179,#6135,.T.);
#3713=EDGE_CURVE('',#5179,#5180,#6136,.T.);
#3714=EDGE_CURVE('',#5180,#5181,#6137,.T.);
#3715=EDGE_CURVE('',#5181,#5174,#6138,.T.);
#3716=EDGE_CURVE('',#5182,#5183,#6139,.T.);
#3717=EDGE_CURVE('',#5183,#5184,#6140,.T.);
#3718=EDGE_CURVE('',#5184,#5185,#6141,.T.);
#3719=EDGE_CURVE('',#5185,#5186,#6142,.T.);
#3720=EDGE_CURVE('',#5186,#5187,#6143,.T.);
#3721=EDGE_CURVE('',#5187,#5188,#6144,.T.);
#3722=EDGE_CURVE('',#5188,#5189,#6145,.T.);
#3723=EDGE_CURVE('',#5189,#5190,#6146,.T.);
#3724=EDGE_CURVE('',#5190,#5191,#6147,.T.);
#3725=EDGE_CURVE('',#5191,#5192,#6148,.T.);
#3726=EDGE_CURVE('',#5192,#5193,#6149,.T.);
#3727=EDGE_CURVE('',#5193,#5182,#6150,.T.);
#3728=EDGE_CURVE('',#5194,#5195,#6151,.T.);
#3729=EDGE_CURVE('',#5195,#5196,#6152,.T.);
#3730=EDGE_CURVE('',#5196,#5197,#6153,.T.);
#3731=EDGE_CURVE('',#5197,#5198,#6154,.T.);
#3732=EDGE_CURVE('',#5198,#5199,#6155,.T.);
#3733=EDGE_CURVE('',#5199,#5200,#6156,.T.);
#3734=EDGE_CURVE('',#5200,#5201,#6157,.T.);
#3735=EDGE_CURVE('',#5201,#5202,#6158,.T.);
#3736=EDGE_CURVE('',#5202,#5194,#6159,.T.);
#3737=EDGE_CURVE('',#5203,#5204,#6160,.T.);
#3738=EDGE_CURVE('',#5204,#5205,#6161,.T.);
#3739=EDGE_CURVE('',#5205,#5206,#205,.T.);
#3740=EDGE_CURVE('',#5206,#5207,#206,.T.);
#3741=EDGE_CURVE('',#5207,#5208,#207,.T.);
#3742=EDGE_CURVE('',#5208,#5209,#208,.T.);
#3743=EDGE_CURVE('',#5209,#5210,#6162,.T.);
#3744=EDGE_CURVE('',#5210,#5211,#6163,.T.);
#3745=EDGE_CURVE('',#5211,#5212,#6164,.T.);
#3746=EDGE_CURVE('',#5212,#5213,#209,.T.);
#3747=EDGE_CURVE('',#5213,#5214,#210,.T.);
#3748=EDGE_CURVE('',#5214,#5215,#211,.T.);
#3749=EDGE_CURVE('',#5215,#5216,#212,.T.);
#3750=EDGE_CURVE('',#5216,#5203,#6165,.T.);
#3751=EDGE_CURVE('',#5217,#5218,#6166,.T.);
#3752=EDGE_CURVE('',#5218,#5219,#6167,.T.);
#3753=EDGE_CURVE('',#5219,#5220,#6168,.T.);
#3754=EDGE_CURVE('',#5220,#5221,#550,.F.);
#3755=EDGE_CURVE('',#5221,#5222,#6169,.T.);
#3756=EDGE_CURVE('',#5222,#5223,#6170,.T.);
#3757=EDGE_CURVE('',#5223,#5224,#6171,.T.);
#3758=EDGE_CURVE('',#5224,#5225,#6172,.T.);
#3759=EDGE_CURVE('',#5225,#5226,#6173,.T.);
#3760=EDGE_CURVE('',#5226,#5227,#6174,.T.);
#3761=EDGE_CURVE('',#5227,#5228,#6175,.T.);
#3762=EDGE_CURVE('',#5228,#5229,#6176,.T.);
#3763=EDGE_CURVE('',#5229,#5230,#6177,.T.);
#3764=EDGE_CURVE('',#5230,#5231,#6178,.T.);
#3765=EDGE_CURVE('',#5231,#5232,#6179,.T.);
#3766=EDGE_CURVE('',#5232,#5233,#551,.F.);
#3767=EDGE_CURVE('',#5233,#5234,#6180,.T.);
#3768=EDGE_CURVE('',#5234,#5217,#6181,.T.);
#3769=EDGE_CURVE('',#5235,#5236,#6182,.T.);
#3770=EDGE_CURVE('',#5236,#5237,#6183,.T.);
#3771=EDGE_CURVE('',#5237,#5238,#6184,.T.);
#3772=EDGE_CURVE('',#5238,#5239,#6185,.T.);
#3773=EDGE_CURVE('',#5239,#5240,#6186,.T.);
#3774=EDGE_CURVE('',#5240,#5241,#6187,.T.);
#3775=EDGE_CURVE('',#5241,#5242,#6188,.T.);
#3776=EDGE_CURVE('',#5242,#5243,#6189,.T.);
#3777=EDGE_CURVE('',#5243,#5244,#6190,.T.);
#3778=EDGE_CURVE('',#5244,#5245,#6191,.T.);
#3779=EDGE_CURVE('',#5245,#5246,#6192,.T.);
#3780=EDGE_CURVE('',#5246,#5235,#6193,.T.);
#3781=EDGE_CURVE('',#5247,#5248,#6194,.T.);
#3782=EDGE_CURVE('',#5248,#5249,#6195,.T.);
#3783=EDGE_CURVE('',#5249,#5250,#6196,.T.);
#3784=EDGE_CURVE('',#5250,#5251,#213,.T.);
#3785=EDGE_CURVE('',#5251,#5252,#214,.T.);
#3786=EDGE_CURVE('',#5252,#5253,#215,.T.);
#3787=EDGE_CURVE('',#5253,#5254,#216,.T.);
#3788=EDGE_CURVE('',#5254,#5255,#217,.T.);
#3789=EDGE_CURVE('',#5255,#5256,#6197,.T.);
#3790=EDGE_CURVE('',#5256,#5257,#6198,.T.);
#3791=EDGE_CURVE('',#5257,#5258,#218,.T.);
#3792=EDGE_CURVE('',#5258,#5259,#219,.T.);
#3793=EDGE_CURVE('',#5259,#5260,#220,.T.);
#3794=EDGE_CURVE('',#5260,#5261,#6199,.T.);
#3795=EDGE_CURVE('',#5261,#5262,#552,.F.);
#3796=EDGE_CURVE('',#5262,#5263,#553,.F.);
#3797=EDGE_CURVE('',#5263,#5264,#221,.T.);
#3798=EDGE_CURVE('',#5264,#5265,#222,.T.);
#3799=EDGE_CURVE('',#5265,#5247,#6200,.T.);
#3800=EDGE_CURVE('',#5266,#5267,#6201,.T.);
#3801=EDGE_CURVE('',#5267,#5268,#6202,.T.);
#3802=EDGE_CURVE('',#5268,#5269,#6203,.T.);
#3803=EDGE_CURVE('',#5269,#5270,#6204,.T.);
#3804=EDGE_CURVE('',#5270,#5271,#6205,.T.);
#3805=EDGE_CURVE('',#5271,#5272,#6206,.T.);
#3806=EDGE_CURVE('',#5272,#5273,#6207,.T.);
#3807=EDGE_CURVE('',#5273,#5274,#6208,.T.);
#3808=EDGE_CURVE('',#5274,#5266,#6209,.T.);
#3809=EDGE_CURVE('',#5275,#5276,#223,.T.);
#3810=EDGE_CURVE('',#5276,#5277,#224,.T.);
#3811=EDGE_CURVE('',#5277,#5278,#225,.T.);
#3812=EDGE_CURVE('',#5278,#5279,#226,.T.);
#3813=EDGE_CURVE('',#5279,#5280,#6210,.T.);
#3814=EDGE_CURVE('',#5280,#5281,#554,.T.);
#3815=EDGE_CURVE('',#5281,#5282,#555,.T.);
#3816=EDGE_CURVE('',#5282,#5283,#227,.T.);
#3817=EDGE_CURVE('',#5283,#5284,#228,.T.);
#3818=EDGE_CURVE('',#5284,#5285,#229,.T.);
#3819=EDGE_CURVE('',#5285,#5286,#230,.T.);
#3820=EDGE_CURVE('',#5286,#5287,#231,.T.);
#3821=EDGE_CURVE('',#5287,#5288,#232,.T.);
#3822=EDGE_CURVE('',#5288,#5289,#233,.T.);
#3823=EDGE_CURVE('',#5289,#5290,#234,.T.);
#3824=EDGE_CURVE('',#5290,#5291,#235,.T.);
#3825=EDGE_CURVE('',#5291,#5292,#236,.T.);
#3826=EDGE_CURVE('',#5292,#5293,#6211,.T.);
#3827=EDGE_CURVE('',#5293,#5294,#237,.T.);
#3828=EDGE_CURVE('',#5294,#5295,#238,.T.);
#3829=EDGE_CURVE('',#5295,#5296,#239,.T.);
#3830=EDGE_CURVE('',#5296,#5297,#240,.T.);
#3831=EDGE_CURVE('',#5297,#5298,#241,.T.);
#3832=EDGE_CURVE('',#5298,#5299,#242,.T.);
#3833=EDGE_CURVE('',#5299,#5275,#243,.T.);
#3834=EDGE_CURVE('',#5300,#5301,#6212,.T.);
#3835=EDGE_CURVE('',#5301,#5302,#6213,.T.);
#3836=EDGE_CURVE('',#5302,#5303,#6214,.T.);
#3837=EDGE_CURVE('',#5303,#5304,#556,.F.);
#3838=EDGE_CURVE('',#5304,#5305,#244,.T.);
#3839=EDGE_CURVE('',#5305,#5306,#557,.F.);
#3840=EDGE_CURVE('',#5306,#5307,#6215,.T.);
#3841=EDGE_CURVE('',#5307,#5308,#6216,.T.);
#3842=EDGE_CURVE('',#5308,#5309,#6217,.T.);
#3843=EDGE_CURVE('',#5309,#5310,#6218,.T.);
#3844=EDGE_CURVE('',#5310,#5311,#6219,.T.);
#3845=EDGE_CURVE('',#5311,#5312,#558,.F.);
#3846=EDGE_CURVE('',#5312,#5313,#559,.F.);
#3847=EDGE_CURVE('',#5313,#5314,#6220,.T.);
#3848=EDGE_CURVE('',#5314,#5315,#6221,.T.);
#3849=EDGE_CURVE('',#5315,#5316,#6222,.T.);
#3850=EDGE_CURVE('',#5316,#5317,#560,.F.);
#3851=EDGE_CURVE('',#5317,#5318,#245,.T.);
#3852=EDGE_CURVE('',#5318,#5319,#6223,.T.);
#3853=EDGE_CURVE('',#5319,#5300,#6224,.T.);
#3854=EDGE_CURVE('',#5320,#5321,#246,.T.);
#3855=EDGE_CURVE('',#5321,#5322,#247,.T.);
#3856=EDGE_CURVE('',#5322,#5323,#248,.T.);
#3857=EDGE_CURVE('',#5323,#5324,#249,.T.);
#3858=EDGE_CURVE('',#5324,#5325,#6225,.T.);
#3859=EDGE_CURVE('',#5325,#5326,#561,.T.);
#3860=EDGE_CURVE('',#5326,#5327,#562,.T.);
#3861=EDGE_CURVE('',#5327,#5328,#250,.T.);
#3862=EDGE_CURVE('',#5328,#5329,#251,.T.);
#3863=EDGE_CURVE('',#5329,#5330,#252,.T.);
#3864=EDGE_CURVE('',#5330,#5331,#253,.T.);
#3865=EDGE_CURVE('',#5331,#5332,#254,.T.);
#3866=EDGE_CURVE('',#5332,#5333,#255,.T.);
#3867=EDGE_CURVE('',#5333,#5334,#256,.T.);
#3868=EDGE_CURVE('',#5334,#5335,#257,.T.);
#3869=EDGE_CURVE('',#5335,#5336,#258,.T.);
#3870=EDGE_CURVE('',#5336,#5337,#259,.T.);
#3871=EDGE_CURVE('',#5337,#5338,#6226,.T.);
#3872=EDGE_CURVE('',#5338,#5339,#260,.T.);
#3873=EDGE_CURVE('',#5339,#5340,#261,.T.);
#3874=EDGE_CURVE('',#5340,#5341,#262,.T.);
#3875=EDGE_CURVE('',#5341,#5342,#263,.T.);
#3876=EDGE_CURVE('',#5342,#5343,#264,.T.);
#3877=EDGE_CURVE('',#5343,#5344,#265,.T.);
#3878=EDGE_CURVE('',#5344,#5320,#266,.T.);
#3879=EDGE_CURVE('',#5345,#5346,#6227,.T.);
#3880=EDGE_CURVE('',#5346,#5347,#6228,.T.);
#3881=EDGE_CURVE('',#5347,#5348,#267,.T.);
#3882=EDGE_CURVE('',#5348,#5349,#268,.T.);
#3883=EDGE_CURVE('',#5349,#5350,#269,.T.);
#3884=EDGE_CURVE('',#5350,#5351,#270,.T.);
#3885=EDGE_CURVE('',#5351,#5352,#6229,.T.);
#3886=EDGE_CURVE('',#5352,#5353,#271,.T.);
#3887=EDGE_CURVE('',#5353,#5354,#272,.T.);
#3888=EDGE_CURVE('',#5354,#5355,#273,.T.);
#3889=EDGE_CURVE('',#5355,#5345,#6230,.T.);
#3890=EDGE_CURVE('',#5356,#5357,#6231,.T.);
#3891=EDGE_CURVE('',#5357,#5358,#274,.T.);
#3892=EDGE_CURVE('',#5358,#5359,#6232,.T.);
#3893=EDGE_CURVE('',#5359,#5360,#6233,.T.);
#3894=EDGE_CURVE('',#5360,#5361,#6234,.T.);
#3895=EDGE_CURVE('',#5361,#5362,#6235,.T.);
#3896=EDGE_CURVE('',#5362,#5363,#6236,.T.);
#3897=EDGE_CURVE('',#5363,#5364,#6237,.T.);
#3898=EDGE_CURVE('',#5364,#5365,#6238,.T.);
#3899=EDGE_CURVE('',#5365,#5366,#6239,.T.);
#3900=EDGE_CURVE('',#5366,#5367,#6240,.T.);
#3901=EDGE_CURVE('',#5367,#5368,#6241,.T.);
#3902=EDGE_CURVE('',#5368,#5369,#6242,.T.);
#3903=EDGE_CURVE('',#5369,#5370,#6243,.T.);
#3904=EDGE_CURVE('',#5370,#5356,#563,.F.);
#3905=EDGE_CURVE('',#5371,#5372,#275,.T.);
#3906=EDGE_CURVE('',#5372,#5373,#276,.T.);
#3907=EDGE_CURVE('',#5373,#5374,#277,.T.);
#3908=EDGE_CURVE('',#5374,#5375,#278,.T.);
#3909=EDGE_CURVE('',#5375,#5376,#279,.T.);
#3910=EDGE_CURVE('',#5376,#5377,#280,.T.);
#3911=EDGE_CURVE('',#5377,#5378,#281,.T.);
#3912=EDGE_CURVE('',#5378,#5379,#6244,.T.);
#3913=EDGE_CURVE('',#5379,#5380,#6245,.T.);
#3914=EDGE_CURVE('',#5380,#5381,#282,.T.);
#3915=EDGE_CURVE('',#5381,#5382,#283,.T.);
#3916=EDGE_CURVE('',#5382,#5383,#564,.T.);
#3917=EDGE_CURVE('',#5383,#5384,#6246,.T.);
#3918=EDGE_CURVE('',#5384,#5371,#565,.F.);
#3919=EDGE_CURVE('',#5385,#5386,#6247,.T.);
#3920=EDGE_CURVE('',#5386,#5387,#6248,.T.);
#3921=EDGE_CURVE('',#5387,#5388,#284,.T.);
#3922=EDGE_CURVE('',#5388,#5389,#285,.T.);
#3923=EDGE_CURVE('',#5389,#5390,#286,.T.);
#3924=EDGE_CURVE('',#5390,#5391,#287,.T.);
#3925=EDGE_CURVE('',#5391,#5392,#6249,.T.);
#3926=EDGE_CURVE('',#5392,#5393,#6250,.T.);
#3927=EDGE_CURVE('',#5393,#5394,#6251,.T.);
#3928=EDGE_CURVE('',#5394,#5395,#6252,.T.);
#3929=EDGE_CURVE('',#5395,#5396,#6253,.T.);
#3930=EDGE_CURVE('',#5396,#5397,#6254,.T.);
#3931=EDGE_CURVE('',#5397,#5398,#566,.F.);
#3932=EDGE_CURVE('',#5398,#5399,#288,.T.);
#3933=EDGE_CURVE('',#5399,#5400,#289,.T.);
#3934=EDGE_CURVE('',#5400,#5401,#290,.T.);
#3935=EDGE_CURVE('',#5401,#5385,#6255,.T.);
#3936=EDGE_CURVE('',#5402,#5403,#6256,.T.);
#3937=EDGE_CURVE('',#5403,#5404,#6257,.T.);
#3938=EDGE_CURVE('',#5404,#5405,#6258,.T.);
#3939=EDGE_CURVE('',#5405,#5402,#6259,.T.);
#3940=EDGE_CURVE('',#5406,#5407,#291,.T.);
#3941=EDGE_CURVE('',#5407,#5408,#292,.T.);
#3942=EDGE_CURVE('',#5408,#5409,#567,.F.);
#3943=EDGE_CURVE('',#5409,#5410,#568,.F.);
#3944=EDGE_CURVE('',#5410,#5411,#293,.T.);
#3945=EDGE_CURVE('',#5411,#5412,#294,.T.);
#3946=EDGE_CURVE('',#5412,#5413,#569,.F.);
#3947=EDGE_CURVE('',#5413,#5406,#570,.F.);
#3948=EDGE_CURVE('',#5414,#5415,#6260,.T.);
#3949=EDGE_CURVE('',#5415,#5416,#6261,.T.);
#3950=EDGE_CURVE('',#5416,#5417,#6262,.T.);
#3951=EDGE_CURVE('',#5417,#5414,#6263,.T.);
#3952=EDGE_CURVE('',#5418,#5419,#6264,.T.);
#3953=EDGE_CURVE('',#5419,#5420,#6265,.T.);
#3954=EDGE_CURVE('',#5420,#5421,#295,.T.);
#3955=EDGE_CURVE('',#5421,#5422,#296,.T.);
#3956=EDGE_CURVE('',#5422,#5423,#297,.T.);
#3957=EDGE_CURVE('',#5423,#5424,#298,.T.);
#3958=EDGE_CURVE('',#5424,#5425,#299,.T.);
#3959=EDGE_CURVE('',#5425,#5426,#300,.T.);
#3960=EDGE_CURVE('',#5426,#5427,#6266,.T.);
#3961=EDGE_CURVE('',#5427,#5428,#6267,.T.);
#3962=EDGE_CURVE('',#5428,#5429,#6268,.T.);
#3963=EDGE_CURVE('',#5429,#5430,#6269,.T.);
#3964=EDGE_CURVE('',#5430,#5431,#6270,.T.);
#3965=EDGE_CURVE('',#5431,#5432,#6271,.T.);
#3966=EDGE_CURVE('',#5432,#5418,#6272,.T.);
#3967=EDGE_CURVE('',#5433,#5433,#571,.T.);
#3968=EDGE_CURVE('',#5434,#5434,#572,.T.);
#3969=EDGE_CURVE('',#5435,#5435,#573,.T.);
#3970=EDGE_CURVE('',#5436,#5437,#301,.T.);
#3971=EDGE_CURVE('',#5437,#5438,#302,.T.);
#3972=EDGE_CURVE('',#5438,#5439,#303,.T.);
#3973=EDGE_CURVE('',#5439,#5440,#304,.T.);
#3974=EDGE_CURVE('',#5440,#5441,#305,.T.);
#3975=EDGE_CURVE('',#5441,#5442,#306,.T.);
#3976=EDGE_CURVE('',#5442,#5436,#574,.F.);
#3977=EDGE_CURVE('',#5443,#5444,#6273,.T.);
#3978=EDGE_CURVE('',#5444,#5445,#6274,.T.);
#3979=EDGE_CURVE('',#5445,#5446,#6275,.T.);
#3980=EDGE_CURVE('',#5446,#5443,#6276,.T.);
#3981=EDGE_CURVE('',#5447,#5448,#6277,.T.);
#3982=EDGE_CURVE('',#5448,#5449,#6278,.T.);
#3983=EDGE_CURVE('',#5449,#5450,#307,.T.);
#3984=EDGE_CURVE('',#5450,#5451,#308,.T.);
#3985=EDGE_CURVE('',#5451,#5452,#309,.T.);
#3986=EDGE_CURVE('',#5452,#5453,#310,.T.);
#3987=EDGE_CURVE('',#5453,#5454,#6279,.T.);
#3988=EDGE_CURVE('',#5454,#5455,#311,.T.);
#3989=EDGE_CURVE('',#5455,#5456,#312,.T.);
#3990=EDGE_CURVE('',#5456,#5457,#313,.T.);
#3991=EDGE_CURVE('',#5457,#5447,#6280,.T.);
#3992=EDGE_CURVE('',#5458,#5459,#6281,.T.);
#3993=EDGE_CURVE('',#5459,#5460,#6282,.T.);
#3994=EDGE_CURVE('',#5460,#5461,#6283,.T.);
#3995=EDGE_CURVE('',#5461,#5462,#314,.T.);
#3996=EDGE_CURVE('',#5462,#5463,#315,.T.);
#3997=EDGE_CURVE('',#5463,#5464,#316,.T.);
#3998=EDGE_CURVE('',#5464,#5465,#317,.T.);
#3999=EDGE_CURVE('',#5465,#5466,#318,.T.);
#4000=EDGE_CURVE('',#5466,#5467,#6284,.T.);
#4001=EDGE_CURVE('',#5467,#5468,#6285,.T.);
#4002=EDGE_CURVE('',#5468,#5469,#319,.T.);
#4003=EDGE_CURVE('',#5469,#5470,#320,.T.);
#4004=EDGE_CURVE('',#5470,#5471,#321,.T.);
#4005=EDGE_CURVE('',#5471,#5472,#6286,.T.);
#4006=EDGE_CURVE('',#5472,#5473,#575,.F.);
#4007=EDGE_CURVE('',#5473,#5474,#576,.F.);
#4008=EDGE_CURVE('',#5474,#5475,#322,.T.);
#4009=EDGE_CURVE('',#5475,#5476,#323,.T.);
#4010=EDGE_CURVE('',#5476,#5458,#6287,.T.);
#4011=EDGE_CURVE('',#5477,#5478,#324,.T.);
#4012=EDGE_CURVE('',#5478,#5479,#325,.T.);
#4013=EDGE_CURVE('',#5479,#5480,#326,.T.);
#4014=EDGE_CURVE('',#5480,#5481,#327,.T.);
#4015=EDGE_CURVE('',#5481,#5482,#328,.T.);
#4016=EDGE_CURVE('',#5482,#5483,#577,.F.);
#4017=EDGE_CURVE('',#5483,#5484,#578,.F.);
#4018=EDGE_CURVE('',#5484,#5485,#6288,.T.);
#4019=EDGE_CURVE('',#5485,#5486,#6289,.T.);
#4020=EDGE_CURVE('',#5486,#5487,#6290,.T.);
#4021=EDGE_CURVE('',#5487,#5488,#6291,.T.);
#4022=EDGE_CURVE('',#5488,#5489,#6292,.T.);
#4023=EDGE_CURVE('',#5489,#5490,#6293,.T.);
#4024=EDGE_CURVE('',#5490,#5491,#579,.F.);
#4025=EDGE_CURVE('',#5491,#5477,#6294,.T.);
#4026=EDGE_CURVE('',#5492,#5493,#6295,.T.);
#4027=EDGE_CURVE('',#5493,#5494,#6296,.T.);
#4028=EDGE_CURVE('',#5494,#5495,#329,.T.);
#4029=EDGE_CURVE('',#5495,#5496,#330,.T.);
#4030=EDGE_CURVE('',#5496,#5497,#331,.T.);
#4031=EDGE_CURVE('',#5497,#5498,#332,.T.);
#4032=EDGE_CURVE('',#5498,#5499,#6297,.T.);
#4033=EDGE_CURVE('',#5499,#5500,#6298,.T.);
#4034=EDGE_CURVE('',#5500,#5501,#6299,.T.);
#4035=EDGE_CURVE('',#5501,#5502,#6300,.T.);
#4036=EDGE_CURVE('',#5502,#5503,#6301,.T.);
#4037=EDGE_CURVE('',#5503,#5504,#6302,.T.);
#4038=EDGE_CURVE('',#5504,#5505,#580,.F.);
#4039=EDGE_CURVE('',#5505,#5506,#333,.T.);
#4040=EDGE_CURVE('',#5506,#5507,#334,.T.);
#4041=EDGE_CURVE('',#5507,#5508,#335,.T.);
#4042=EDGE_CURVE('',#5508,#5492,#6303,.T.);
#4043=EDGE_CURVE('',#5509,#5510,#6304,.T.);
#4044=EDGE_CURVE('',#5510,#5511,#6305,.T.);
#4045=EDGE_CURVE('',#5511,#5512,#6306,.T.);
#4046=EDGE_CURVE('',#5512,#5509,#6307,.T.);
#4047=EDGE_CURVE('',#5513,#5514,#336,.T.);
#4048=EDGE_CURVE('',#5514,#5515,#337,.T.);
#4049=EDGE_CURVE('',#5515,#5516,#338,.T.);
#4050=EDGE_CURVE('',#5516,#5517,#339,.T.);
#4051=EDGE_CURVE('',#5517,#5518,#340,.T.);
#4052=EDGE_CURVE('',#5518,#5519,#341,.T.);
#4053=EDGE_CURVE('',#5519,#5520,#6308,.T.);
#4054=EDGE_CURVE('',#5520,#5521,#342,.T.);
#4055=EDGE_CURVE('',#5521,#5522,#343,.T.);
#4056=EDGE_CURVE('',#5522,#5523,#344,.T.);
#4057=EDGE_CURVE('',#5523,#5524,#345,.T.);
#4058=EDGE_CURVE('',#5524,#5525,#346,.T.);
#4059=EDGE_CURVE('',#5525,#5526,#347,.T.);
#4060=EDGE_CURVE('',#5526,#5527,#348,.T.);
#4061=EDGE_CURVE('',#5527,#5513,#6309,.T.);
#4062=EDGE_CURVE('',#5528,#5529,#6310,.T.);
#4063=EDGE_CURVE('',#5529,#5530,#349,.T.);
#4064=EDGE_CURVE('',#5530,#5531,#6311,.T.);
#4065=EDGE_CURVE('',#5531,#5532,#6312,.T.);
#4066=EDGE_CURVE('',#5532,#5533,#6313,.T.);
#4067=EDGE_CURVE('',#5533,#5534,#6314,.T.);
#4068=EDGE_CURVE('',#5534,#5535,#6315,.T.);
#4069=EDGE_CURVE('',#5535,#5536,#6316,.T.);
#4070=EDGE_CURVE('',#5536,#5537,#6317,.T.);
#4071=EDGE_CURVE('',#5537,#5538,#6318,.T.);
#4072=EDGE_CURVE('',#5538,#5539,#6319,.T.);
#4073=EDGE_CURVE('',#5539,#5540,#6320,.T.);
#4074=EDGE_CURVE('',#5540,#5541,#6321,.T.);
#4075=EDGE_CURVE('',#5541,#5542,#6322,.T.);
#4076=EDGE_CURVE('',#5542,#5528,#581,.F.);
#4077=EDGE_CURVE('',#5543,#5544,#350,.T.);
#4078=EDGE_CURVE('',#5544,#5545,#351,.T.);
#4079=EDGE_CURVE('',#5545,#5546,#352,.T.);
#4080=EDGE_CURVE('',#5546,#5547,#353,.T.);
#4081=EDGE_CURVE('',#5547,#5548,#354,.T.);
#4082=EDGE_CURVE('',#5548,#5549,#582,.F.);
#4083=EDGE_CURVE('',#5549,#5550,#355,.T.);
#4084=EDGE_CURVE('',#5550,#5551,#6323,.T.);
#4085=EDGE_CURVE('',#5551,#5552,#583,.T.);
#4086=EDGE_CURVE('',#5552,#5553,#584,.T.);
#4087=EDGE_CURVE('',#5553,#5554,#356,.T.);
#4088=EDGE_CURVE('',#5554,#5555,#357,.T.);
#4089=EDGE_CURVE('',#5555,#5556,#358,.T.);
#4090=EDGE_CURVE('',#5556,#5557,#359,.T.);
#4091=EDGE_CURVE('',#5557,#5543,#6324,.T.);
#4092=EDGE_CURVE('',#5558,#5559,#6325,.T.);
#4093=EDGE_CURVE('',#5559,#5560,#6326,.T.);
#4094=EDGE_CURVE('',#5560,#5561,#6327,.T.);
#4095=EDGE_CURVE('',#5561,#5562,#6328,.T.);
#4096=EDGE_CURVE('',#5562,#5563,#6329,.T.);
#4097=EDGE_CURVE('',#5563,#5564,#6330,.T.);
#4098=EDGE_CURVE('',#5564,#5565,#6331,.T.);
#4099=EDGE_CURVE('',#5565,#5558,#6332,.T.);
#4100=EDGE_CURVE('',#5566,#5567,#6333,.T.);
#4101=EDGE_CURVE('',#5567,#5568,#6334,.T.);
#4102=EDGE_CURVE('',#5568,#5569,#6335,.T.);
#4103=EDGE_CURVE('',#5569,#5570,#6336,.T.);
#4104=EDGE_CURVE('',#5570,#5571,#6337,.T.);
#4105=EDGE_CURVE('',#5571,#5572,#6338,.T.);
#4106=EDGE_CURVE('',#5572,#5573,#6339,.T.);
#4107=EDGE_CURVE('',#5573,#5574,#6340,.T.);
#4108=EDGE_CURVE('',#5574,#5575,#6341,.T.);
#4109=EDGE_CURVE('',#5575,#5576,#6342,.T.);
#4110=EDGE_CURVE('',#5576,#5577,#6343,.T.);
#4111=EDGE_CURVE('',#5577,#5566,#6344,.T.);
#4112=EDGE_CURVE('',#5578,#5579,#6345,.T.);
#4113=EDGE_CURVE('',#5579,#5580,#6346,.T.);
#4114=EDGE_CURVE('',#5580,#5581,#6347,.T.);
#4115=EDGE_CURVE('',#5581,#5582,#6348,.T.);
#4116=EDGE_CURVE('',#5582,#5583,#6349,.T.);
#4117=EDGE_CURVE('',#5583,#5578,#6350,.T.);
#4118=EDGE_CURVE('',#5584,#5585,#6351,.T.);
#4119=EDGE_CURVE('',#5585,#5586,#585,.T.);
#4120=EDGE_CURVE('',#5586,#5587,#6352,.T.);
#4121=EDGE_CURVE('',#5587,#5588,#586,.T.);
#4122=EDGE_CURVE('',#5588,#5589,#6353,.T.);
#4123=EDGE_CURVE('',#5589,#5584,#587,.T.);
#4124=EDGE_CURVE('',#5590,#5591,#588,.F.);
#4125=EDGE_CURVE('',#5591,#5592,#6354,.T.);
#4126=EDGE_CURVE('',#5592,#5593,#589,.F.);
#4127=EDGE_CURVE('',#5593,#5594,#6355,.T.);
#4128=EDGE_CURVE('',#5594,#5595,#590,.F.);
#4129=EDGE_CURVE('',#5595,#5590,#6356,.T.);
#4130=EDGE_CURVE('',#5596,#5597,#6357,.T.);
#4131=EDGE_CURVE('',#5597,#5598,#6358,.T.);
#4132=EDGE_CURVE('',#5598,#5599,#591,.T.);
#4133=EDGE_CURVE('',#5599,#5600,#6359,.T.);
#4134=EDGE_CURVE('',#5600,#5601,#6360,.T.);
#4135=EDGE_CURVE('',#5601,#5596,#592,.F.);
#4136=EDGE_CURVE('',#5602,#5603,#6361,.T.);
#4137=EDGE_CURVE('',#5603,#5604,#6362,.T.);
#4138=EDGE_CURVE('',#5604,#5605,#593,.F.);
#4139=EDGE_CURVE('',#5605,#5606,#6363,.T.);
#4140=EDGE_CURVE('',#5606,#5607,#6364,.T.);
#4141=EDGE_CURVE('',#5607,#5602,#594,.T.);
#4142=EDGE_CURVE('',#5608,#5608,#595,.T.);
#4143=EDGE_CURVE('',#5609,#5610,#6365,.T.);
#4144=EDGE_CURVE('',#5610,#5611,#6366,.T.);
#4145=EDGE_CURVE('',#5611,#5612,#596,.F.);
#4146=EDGE_CURVE('',#5612,#5613,#6367,.T.);
#4147=EDGE_CURVE('',#5613,#5614,#6368,.T.);
#4148=EDGE_CURVE('',#5614,#5609,#597,.T.);
#4149=EDGE_CURVE('',#5116,#5615,#6369,.T.);
#4150=EDGE_CURVE('',#5615,#5616,#6370,.T.);
#4151=EDGE_CURVE('',#5115,#5616,#6371,.T.);
#4152=EDGE_CURVE('',#5606,#5615,#6372,.T.);
#4153=EDGE_CURVE('',#5120,#5607,#6373,.T.);
#4154=EDGE_CURVE('',#5119,#5602,#6374,.F.);
#4155=EDGE_CURVE('',#5118,#5617,#6375,.T.);
#4156=EDGE_CURVE('',#5617,#5603,#6376,.F.);
#4157=EDGE_CURVE('',#5117,#5618,#6377,.T.);
#4158=EDGE_CURVE('',#5618,#5617,#6378,.T.);
#4159=EDGE_CURVE('',#5616,#5618,#598,.T.);
#4160=EDGE_CURVE('',#5125,#5599,#6379,.F.);
#4161=EDGE_CURVE('',#5619,#5124,#6380,.T.);
#4162=EDGE_CURVE('',#5619,#5600,#6381,.F.);
#4163=EDGE_CURVE('',#5122,#5620,#6382,.T.);
#4164=EDGE_CURVE('',#5620,#5621,#599,.T.);
#4165=EDGE_CURVE('',#5123,#5621,#6383,.T.);
#4166=EDGE_CURVE('',#5621,#5619,#6384,.T.);
#4167=EDGE_CURVE('',#5127,#5622,#6385,.T.);
#4168=EDGE_CURVE('',#5622,#5620,#6386,.T.);
#4169=EDGE_CURVE('',#5597,#5622,#6387,.T.);
#4170=EDGE_CURVE('',#5126,#5598,#6388,.T.);
#4171=EDGE_CURVE('',#5623,#5128,#6389,.F.);
#4172=EDGE_CURVE('',#5623,#5624,#600,.T.);
#4173=EDGE_CURVE('',#5130,#5624,#6390,.T.);
#4174=EDGE_CURVE('',#5133,#5614,#6391,.T.);
#4175=EDGE_CURVE('',#5613,#5625,#6392,.T.);
#4176=EDGE_CURVE('',#5129,#5625,#6393,.T.);
#4177=EDGE_CURVE('',#5625,#5623,#6394,.T.);
#4178=EDGE_CURVE('',#5132,#5609,#6395,.F.);
#4179=EDGE_CURVE('',#5626,#5131,#6396,.T.);
#4180=EDGE_CURVE('',#5626,#5610,#6397,.F.);
#4181=EDGE_CURVE('',#5624,#5626,#6398,.T.);
#4182=EDGE_CURVE('',#5627,#5584,#6399,.T.);
#4183=EDGE_CURVE('',#5627,#5628,#6400,.T.);
#4184=EDGE_CURVE('',#5628,#5585,#6401,.T.);
#4185=EDGE_CURVE('',#5628,#5629,#601,.T.);
#4186=EDGE_CURVE('',#5629,#5586,#6402,.T.);
#4187=EDGE_CURVE('',#5629,#5630,#6403,.T.);
#4188=EDGE_CURVE('',#5630,#5587,#6404,.T.);
#4189=EDGE_CURVE('',#5630,#5631,#602,.T.);
#4190=EDGE_CURVE('',#5631,#5588,#6405,.T.);
#4191=EDGE_CURVE('',#5631,#5632,#6406,.T.);
#4192=EDGE_CURVE('',#5632,#5589,#6407,.T.);
#4193=EDGE_CURVE('',#5633,#5578,#6408,.T.);
#4194=EDGE_CURVE('',#5633,#5634,#6409,.T.);
#4195=EDGE_CURVE('',#5634,#5579,#6410,.T.);
#4196=EDGE_CURVE('',#5634,#5635,#6411,.T.);
#4197=EDGE_CURVE('',#5635,#5580,#6412,.T.);
#4198=EDGE_CURVE('',#5635,#5636,#6413,.T.);
#4199=EDGE_CURVE('',#5636,#5581,#6414,.T.);
#4200=EDGE_CURVE('',#5636,#5637,#6415,.T.);
#4201=EDGE_CURVE('',#5637,#5582,#6416,.T.);
#4202=EDGE_CURVE('',#5637,#5638,#6417,.T.);
#4203=EDGE_CURVE('',#5638,#5583,#6418,.T.);
#4204=EDGE_CURVE('',#5639,#5566,#6419,.T.);
#4205=EDGE_CURVE('',#5639,#5640,#6420,.T.);
#4206=EDGE_CURVE('',#5640,#5567,#6421,.T.);
#4207=EDGE_CURVE('',#5640,#5641,#6422,.T.);
#4208=EDGE_CURVE('',#5641,#5568,#6423,.T.);
#4209=EDGE_CURVE('',#5641,#5642,#6424,.T.);
#4210=EDGE_CURVE('',#5642,#5569,#6425,.T.);
#4211=EDGE_CURVE('',#5642,#5643,#6426,.T.);
#4212=EDGE_CURVE('',#5643,#5570,#6427,.T.);
#4213=EDGE_CURVE('',#5643,#5644,#6428,.T.);
#4214=EDGE_CURVE('',#5644,#5571,#6429,.T.);
#4215=EDGE_CURVE('',#5644,#5645,#6430,.T.);
#4216=EDGE_CURVE('',#5645,#5572,#6431,.T.);
#4217=EDGE_CURVE('',#5645,#5646,#6432,.T.);
#4218=EDGE_CURVE('',#5646,#5573,#6433,.T.);
#4219=EDGE_CURVE('',#5646,#5647,#6434,.T.);
#4220=EDGE_CURVE('',#5647,#5574,#6435,.T.);
#4221=EDGE_CURVE('',#5647,#5648,#6436,.T.);
#4222=EDGE_CURVE('',#5648,#5575,#6437,.T.);
#4223=EDGE_CURVE('',#5648,#5649,#6438,.T.);
#4224=EDGE_CURVE('',#5649,#5576,#6439,.T.);
#4225=EDGE_CURVE('',#5649,#5650,#6440,.T.);
#4226=EDGE_CURVE('',#5650,#5577,#6441,.T.);
#4227=EDGE_CURVE('',#5651,#5558,#6442,.T.);
#4228=EDGE_CURVE('',#5651,#5652,#6443,.T.);
#4229=EDGE_CURVE('',#5652,#5559,#6444,.T.);
#4230=EDGE_CURVE('',#5652,#5653,#6445,.T.);
#4231=EDGE_CURVE('',#5653,#5560,#6446,.T.);
#4232=EDGE_CURVE('',#5653,#5654,#6447,.T.);
#4233=EDGE_CURVE('',#5654,#5561,#6448,.T.);
#4234=EDGE_CURVE('',#5654,#5655,#6449,.T.);
#4235=EDGE_CURVE('',#5655,#5562,#6450,.T.);
#4236=EDGE_CURVE('',#5655,#5656,#6451,.T.);
#4237=EDGE_CURVE('',#5656,#5563,#6452,.T.);
#4238=EDGE_CURVE('',#5656,#5657,#6453,.T.);
#4239=EDGE_CURVE('',#5657,#5564,#6454,.T.);
#4240=EDGE_CURVE('',#5657,#5658,#6455,.T.);
#4241=EDGE_CURVE('',#5658,#5565,#6456,.T.);
#4242=EDGE_CURVE('',#5659,#5543,#6457,.T.);
#4243=EDGE_CURVE('',#5659,#5660,#360,.T.);
#4244=EDGE_CURVE('',#5660,#5544,#6458,.T.);
#4245=EDGE_CURVE('',#5660,#5661,#361,.T.);
#4246=EDGE_CURVE('',#5661,#5545,#6459,.T.);
#4247=EDGE_CURVE('',#5661,#5662,#362,.T.);
#4248=EDGE_CURVE('',#5662,#5546,#6460,.T.);
#4249=EDGE_CURVE('',#5662,#5663,#363,.T.);
#4250=EDGE_CURVE('',#5663,#5547,#6461,.T.);
#4251=EDGE_CURVE('',#5663,#5664,#364,.T.);
#4252=EDGE_CURVE('',#5664,#5548,#6462,.T.);
#4253=EDGE_CURVE('',#5664,#5665,#603,.F.);
#4254=EDGE_CURVE('',#5665,#5549,#6463,.T.);
#4255=EDGE_CURVE('',#5665,#5666,#365,.T.);
#4256=EDGE_CURVE('',#5666,#5550,#6464,.T.);
#4257=EDGE_CURVE('',#5666,#5667,#6465,.T.);
#4258=EDGE_CURVE('',#5667,#5551,#6466,.T.);
#4259=EDGE_CURVE('',#5667,#5668,#604,.T.);
#4260=EDGE_CURVE('',#5668,#5552,#6467,.T.);
#4261=EDGE_CURVE('',#5668,#5669,#605,.T.);
#4262=EDGE_CURVE('',#5669,#5553,#6468,.T.);
#4263=EDGE_CURVE('',#5669,#5670,#366,.T.);
#4264=EDGE_CURVE('',#5670,#5554,#6469,.T.);
#4265=EDGE_CURVE('',#5670,#5671,#367,.T.);
#4266=EDGE_CURVE('',#5671,#5555,#6470,.T.);
#4267=EDGE_CURVE('',#5671,#5672,#368,.T.);
#4268=EDGE_CURVE('',#5672,#5556,#6471,.T.);
#4269=EDGE_CURVE('',#5672,#5673,#369,.T.);
#4270=EDGE_CURVE('',#5673,#5557,#6472,.T.);
#4271=EDGE_CURVE('',#5674,#5528,#6473,.T.);
#4272=EDGE_CURVE('',#5674,#5675,#6474,.T.);
#4273=EDGE_CURVE('',#5675,#5529,#6475,.T.);
#4274=EDGE_CURVE('',#5675,#5676,#370,.T.);
#4275=EDGE_CURVE('',#5676,#5530,#6476,.T.);
#4276=EDGE_CURVE('',#5676,#5677,#6477,.T.);
#4277=EDGE_CURVE('',#5677,#5531,#6478,.T.);
#4278=EDGE_CURVE('',#5677,#5678,#6479,.T.);
#4279=EDGE_CURVE('',#5678,#5532,#6480,.T.);
#4280=EDGE_CURVE('',#5678,#5679,#6481,.T.);
#4281=EDGE_CURVE('',#5679,#5533,#6482,.T.);
#4282=EDGE_CURVE('',#5679,#5680,#6483,.T.);
#4283=EDGE_CURVE('',#5680,#5534,#6484,.T.);
#4284=EDGE_CURVE('',#5680,#5681,#6485,.T.);
#4285=EDGE_CURVE('',#5681,#5535,#6486,.T.);
#4286=EDGE_CURVE('',#5681,#5682,#6487,.T.);
#4287=EDGE_CURVE('',#5682,#5536,#6488,.T.);
#4288=EDGE_CURVE('',#5682,#5683,#6489,.T.);
#4289=EDGE_CURVE('',#5683,#5537,#6490,.T.);
#4290=EDGE_CURVE('',#5683,#5684,#6491,.T.);
#4291=EDGE_CURVE('',#5684,#5538,#6492,.T.);
#4292=EDGE_CURVE('',#5684,#5685,#6493,.T.);
#4293=EDGE_CURVE('',#5685,#5539,#6494,.T.);
#4294=EDGE_CURVE('',#5685,#5686,#6495,.T.);
#4295=EDGE_CURVE('',#5686,#5540,#6496,.T.);
#4296=EDGE_CURVE('',#5686,#5687,#6497,.T.);
#4297=EDGE_CURVE('',#5687,#5541,#6498,.T.);
#4298=EDGE_CURVE('',#5687,#5688,#6499,.T.);
#4299=EDGE_CURVE('',#5688,#5542,#6500,.T.);
#4300=EDGE_CURVE('',#5689,#5513,#6501,.T.);
#4301=EDGE_CURVE('',#5689,#5690,#371,.T.);
#4302=EDGE_CURVE('',#5690,#5514,#6502,.T.);
#4303=EDGE_CURVE('',#5690,#5691,#372,.T.);
#4304=EDGE_CURVE('',#5691,#5515,#6503,.T.);
#4305=EDGE_CURVE('',#5691,#5692,#373,.T.);
#4306=EDGE_CURVE('',#5692,#5516,#6504,.T.);
#4307=EDGE_CURVE('',#5692,#5693,#374,.T.);
#4308=EDGE_CURVE('',#5693,#5517,#6505,.T.);
#4309=EDGE_CURVE('',#5693,#5694,#375,.T.);
#4310=EDGE_CURVE('',#5694,#5518,#6506,.T.);
#4311=EDGE_CURVE('',#5694,#5695,#376,.T.);
#4312=EDGE_CURVE('',#5695,#5519,#6507,.T.);
#4313=EDGE_CURVE('',#5695,#5696,#6508,.T.);
#4314=EDGE_CURVE('',#5696,#5520,#6509,.T.);
#4315=EDGE_CURVE('',#5696,#5697,#377,.T.);
#4316=EDGE_CURVE('',#5697,#5521,#6510,.T.);
#4317=EDGE_CURVE('',#5697,#5698,#378,.T.);
#4318=EDGE_CURVE('',#5698,#5522,#6511,.T.);
#4319=EDGE_CURVE('',#5698,#5699,#379,.T.);
#4320=EDGE_CURVE('',#5699,#5523,#6512,.T.);
#4321=EDGE_CURVE('',#5699,#5700,#380,.T.);
#4322=EDGE_CURVE('',#5700,#5524,#6513,.T.);
#4323=EDGE_CURVE('',#5700,#5701,#381,.T.);
#4324=EDGE_CURVE('',#5701,#5525,#6514,.T.);
#4325=EDGE_CURVE('',#5701,#5702,#382,.T.);
#4326=EDGE_CURVE('',#5702,#5526,#6515,.T.);
#4327=EDGE_CURVE('',#5702,#5703,#383,.T.);
#4328=EDGE_CURVE('',#5703,#5527,#6516,.T.);
#4329=EDGE_CURVE('',#5704,#5509,#6517,.T.);
#4330=EDGE_CURVE('',#5704,#5705,#6518,.T.);
#4331=EDGE_CURVE('',#5705,#5510,#6519,.T.);
#4332=EDGE_CURVE('',#5705,#5706,#6520,.T.);
#4333=EDGE_CURVE('',#5706,#5511,#6521,.T.);
#4334=EDGE_CURVE('',#5706,#5707,#6522,.T.);
#4335=EDGE_CURVE('',#5707,#5512,#6523,.T.);
#4336=EDGE_CURVE('',#5708,#5492,#6524,.T.);
#4337=EDGE_CURVE('',#5708,#5709,#6525,.T.);
#4338=EDGE_CURVE('',#5709,#5493,#6526,.T.);
#4339=EDGE_CURVE('',#5709,#5710,#6527,.T.);
#4340=EDGE_CURVE('',#5710,#5494,#6528,.T.);
#4341=EDGE_CURVE('',#5710,#5711,#384,.T.);
#4342=EDGE_CURVE('',#5711,#5495,#6529,.T.);
#4343=EDGE_CURVE('',#5711,#5712,#385,.T.);
#4344=EDGE_CURVE('',#5712,#5496,#6530,.T.);
#4345=EDGE_CURVE('',#5712,#5713,#386,.T.);
#4346=EDGE_CURVE('',#5713,#5497,#6531,.T.);
#4347=EDGE_CURVE('',#5713,#5714,#387,.T.);
#4348=EDGE_CURVE('',#5714,#5498,#6532,.T.);
#4349=EDGE_CURVE('',#5714,#5715,#6533,.T.);
#4350=EDGE_CURVE('',#5715,#5499,#6534,.T.);
#4351=EDGE_CURVE('',#5715,#5716,#6535,.T.);
#4352=EDGE_CURVE('',#5716,#5500,#6536,.T.);
#4353=EDGE_CURVE('',#5716,#5717,#6537,.T.);
#4354=EDGE_CURVE('',#5717,#5501,#6538,.T.);
#4355=EDGE_CURVE('',#5717,#5718,#6539,.T.);
#4356=EDGE_CURVE('',#5718,#5502,#6540,.T.);
#4357=EDGE_CURVE('',#5718,#5719,#6541,.T.);
#4358=EDGE_CURVE('',#5719,#5503,#6542,.T.);
#4359=EDGE_CURVE('',#5719,#5720,#6543,.T.);
#4360=EDGE_CURVE('',#5720,#5504,#6544,.T.);
#4361=EDGE_CURVE('',#5720,#5721,#606,.F.);
#4362=EDGE_CURVE('',#5721,#5505,#6545,.T.);
#4363=EDGE_CURVE('',#5721,#5722,#388,.T.);
#4364=EDGE_CURVE('',#5722,#5506,#6546,.T.);
#4365=EDGE_CURVE('',#5722,#5723,#389,.T.);
#4366=EDGE_CURVE('',#5723,#5507,#6547,.T.);
#4367=EDGE_CURVE('',#5723,#5724,#390,.T.);
#4368=EDGE_CURVE('',#5724,#5508,#6548,.T.);
#4369=EDGE_CURVE('',#5725,#5477,#6549,.T.);
#4370=EDGE_CURVE('',#5725,#5726,#391,.T.);
#4371=EDGE_CURVE('',#5726,#5478,#6550,.T.);
#4372=EDGE_CURVE('',#5726,#5727,#392,.T.);
#4373=EDGE_CURVE('',#5727,#5479,#6551,.T.);
#4374=EDGE_CURVE('',#5727,#5728,#393,.T.);
#4375=EDGE_CURVE('',#5728,#5480,#6552,.T.);
#4376=EDGE_CURVE('',#5728,#5729,#394,.T.);
#4377=EDGE_CURVE('',#5729,#5481,#6553,.T.);
#4378=EDGE_CURVE('',#5729,#5730,#395,.T.);
#4379=EDGE_CURVE('',#5730,#5482,#6554,.T.);
#4380=EDGE_CURVE('',#5730,#5731,#607,.F.);
#4381=EDGE_CURVE('',#5731,#5483,#6555,.T.);
#4382=EDGE_CURVE('',#5731,#5732,#608,.F.);
#4383=EDGE_CURVE('',#5732,#5484,#6556,.T.);
#4384=EDGE_CURVE('',#5732,#5733,#6557,.T.);
#4385=EDGE_CURVE('',#5733,#5485,#6558,.T.);
#4386=EDGE_CURVE('',#5733,#5734,#6559,.T.);
#4387=EDGE_CURVE('',#5734,#5486,#6560,.T.);
#4388=EDGE_CURVE('',#5734,#5735,#6561,.T.);
#4389=EDGE_CURVE('',#5735,#5487,#6562,.T.);
#4390=EDGE_CURVE('',#5735,#5736,#6563,.T.);
#4391=EDGE_CURVE('',#5736,#5488,#6564,.T.);
#4392=EDGE_CURVE('',#5736,#5737,#6565,.T.);
#4393=EDGE_CURVE('',#5737,#5489,#6566,.T.);
#4394=EDGE_CURVE('',#5737,#5738,#6567,.T.);
#4395=EDGE_CURVE('',#5738,#5490,#6568,.T.);
#4396=EDGE_CURVE('',#5738,#5739,#609,.F.);
#4397=EDGE_CURVE('',#5739,#5491,#6569,.T.);
#4398=EDGE_CURVE('',#5740,#5458,#6570,.T.);
#4399=EDGE_CURVE('',#5740,#5741,#6571,.T.);
#4400=EDGE_CURVE('',#5741,#5459,#6572,.T.);
#4401=EDGE_CURVE('',#5741,#5742,#6573,.T.);
#4402=EDGE_CURVE('',#5742,#5460,#6574,.T.);
#4403=EDGE_CURVE('',#5742,#5743,#6575,.T.);
#4404=EDGE_CURVE('',#5743,#5461,#6576,.T.);
#4405=EDGE_CURVE('',#5743,#5744,#396,.T.);
#4406=EDGE_CURVE('',#5744,#5462,#6577,.T.);
#4407=EDGE_CURVE('',#5744,#5745,#397,.T.);
#4408=EDGE_CURVE('',#5745,#5463,#6578,.T.);
#4409=EDGE_CURVE('',#5745,#5746,#398,.T.);
#4410=EDGE_CURVE('',#5746,#5464,#6579,.T.);
#4411=EDGE_CURVE('',#5746,#5747,#399,.T.);
#4412=EDGE_CURVE('',#5747,#5465,#6580,.T.);
#4413=EDGE_CURVE('',#5747,#5748,#400,.T.);
#4414=EDGE_CURVE('',#5748,#5466,#6581,.T.);
#4415=EDGE_CURVE('',#5748,#5749,#6582,.T.);
#4416=EDGE_CURVE('',#5749,#5467,#6583,.T.);
#4417=EDGE_CURVE('',#5749,#5750,#6584,.T.);
#4418=EDGE_CURVE('',#5750,#5468,#6585,.T.);
#4419=EDGE_CURVE('',#5750,#5751,#401,.T.);
#4420=EDGE_CURVE('',#5751,#5469,#6586,.T.);
#4421=EDGE_CURVE('',#5751,#5752,#402,.T.);
#4422=EDGE_CURVE('',#5752,#5470,#6587,.T.);
#4423=EDGE_CURVE('',#5752,#5753,#403,.T.);
#4424=EDGE_CURVE('',#5753,#5471,#6588,.T.);
#4425=EDGE_CURVE('',#5753,#5754,#6589,.T.);
#4426=EDGE_CURVE('',#5754,#5472,#6590,.T.);
#4427=EDGE_CURVE('',#5754,#5755,#610,.F.);
#4428=EDGE_CURVE('',#5755,#5473,#6591,.T.);
#4429=EDGE_CURVE('',#5755,#5756,#611,.F.);
#4430=EDGE_CURVE('',#5756,#5474,#6592,.T.);
#4431=EDGE_CURVE('',#5756,#5757,#404,.T.);
#4432=EDGE_CURVE('',#5757,#5475,#6593,.T.);
#4433=EDGE_CURVE('',#5757,#5758,#405,.T.);
#4434=EDGE_CURVE('',#5758,#5476,#6594,.T.);
#4435=EDGE_CURVE('',#5759,#5447,#6595,.T.);
#4436=EDGE_CURVE('',#5759,#5760,#6596,.T.);
#4437=EDGE_CURVE('',#5760,#5448,#6597,.T.);
#4438=EDGE_CURVE('',#5760,#5761,#6598,.T.);
#4439=EDGE_CURVE('',#5761,#5449,#6599,.T.);
#4440=EDGE_CURVE('',#5761,#5762,#406,.T.);
#4441=EDGE_CURVE('',#5762,#5450,#6600,.T.);
#4442=EDGE_CURVE('',#5762,#5763,#407,.T.);
#4443=EDGE_CURVE('',#5763,#5451,#6601,.T.);
#4444=EDGE_CURVE('',#5763,#5764,#408,.T.);
#4445=EDGE_CURVE('',#5764,#5452,#6602,.T.);
#4446=EDGE_CURVE('',#5764,#5765,#409,.T.);
#4447=EDGE_CURVE('',#5765,#5453,#6603,.T.);
#4448=EDGE_CURVE('',#5765,#5766,#6604,.T.);
#4449=EDGE_CURVE('',#5766,#5454,#6605,.T.);
#4450=EDGE_CURVE('',#5766,#5767,#410,.T.);
#4451=EDGE_CURVE('',#5767,#5455,#6606,.T.);
#4452=EDGE_CURVE('',#5767,#5768,#411,.T.);
#4453=EDGE_CURVE('',#5768,#5456,#6607,.T.);
#4454=EDGE_CURVE('',#5768,#5769,#412,.T.);
#4455=EDGE_CURVE('',#5769,#5457,#6608,.T.);
#4456=EDGE_CURVE('',#5770,#5443,#6609,.T.);
#4457=EDGE_CURVE('',#5770,#5771,#6610,.T.);
#4458=EDGE_CURVE('',#5771,#5444,#6611,.T.);
#4459=EDGE_CURVE('',#5771,#5772,#6612,.T.);
#4460=EDGE_CURVE('',#5772,#5445,#6613,.T.);
#4461=EDGE_CURVE('',#5772,#5773,#6614,.T.);
#4462=EDGE_CURVE('',#5773,#5446,#6615,.T.);
#4463=EDGE_CURVE('',#5774,#5436,#6616,.T.);
#4464=EDGE_CURVE('',#5774,#5775,#413,.T.);
#4465=EDGE_CURVE('',#5775,#5437,#6617,.T.);
#4466=EDGE_CURVE('',#5775,#5776,#414,.T.);
#4467=EDGE_CURVE('',#5776,#5438,#6618,.T.);
#4468=EDGE_CURVE('',#5776,#5777,#415,.T.);
#4469=EDGE_CURVE('',#5777,#5439,#6619,.T.);
#4470=EDGE_CURVE('',#5777,#5778,#416,.T.);
#4471=EDGE_CURVE('',#5778,#5440,#6620,.T.);
#4472=EDGE_CURVE('',#5778,#5779,#417,.T.);
#4473=EDGE_CURVE('',#5779,#5441,#6621,.T.);
#4474=EDGE_CURVE('',#5779,#5780,#418,.T.);
#4475=EDGE_CURVE('',#5780,#5442,#6622,.T.);
#4476=EDGE_CURVE('',#5781,#5418,#6623,.T.);
#4477=EDGE_CURVE('',#5781,#5782,#6624,.T.);
#4478=EDGE_CURVE('',#5782,#5419,#6625,.T.);
#4479=EDGE_CURVE('',#5782,#5783,#6626,.T.);
#4480=EDGE_CURVE('',#5783,#5420,#6627,.T.);
#4481=EDGE_CURVE('',#5783,#5784,#419,.T.);
#4482=EDGE_CURVE('',#5784,#5421,#6628,.T.);
#4483=EDGE_CURVE('',#5784,#5785,#420,.T.);
#4484=EDGE_CURVE('',#5785,#5422,#6629,.T.);
#4485=EDGE_CURVE('',#5785,#5786,#421,.T.);
#4486=EDGE_CURVE('',#5786,#5423,#6630,.T.);
#4487=EDGE_CURVE('',#5786,#5787,#422,.T.);
#4488=EDGE_CURVE('',#5787,#5424,#6631,.T.);
#4489=EDGE_CURVE('',#5787,#5788,#423,.T.);
#4490=EDGE_CURVE('',#5788,#5425,#6632,.T.);
#4491=EDGE_CURVE('',#5788,#5789,#424,.T.);
#4492=EDGE_CURVE('',#5789,#5426,#6633,.T.);
#4493=EDGE_CURVE('',#5789,#5790,#6634,.T.);
#4494=EDGE_CURVE('',#5790,#5427,#6635,.T.);
#4495=EDGE_CURVE('',#5790,#5791,#6636,.T.);
#4496=EDGE_CURVE('',#5791,#5428,#6637,.T.);
#4497=EDGE_CURVE('',#5791,#5792,#6638,.T.);
#4498=EDGE_CURVE('',#5792,#5429,#6639,.T.);
#4499=EDGE_CURVE('',#5792,#5793,#6640,.T.);
#4500=EDGE_CURVE('',#5793,#5430,#6641,.T.);
#4501=EDGE_CURVE('',#5793,#5794,#6642,.T.);
#4502=EDGE_CURVE('',#5794,#5431,#6643,.T.);
#4503=EDGE_CURVE('',#5794,#5795,#6644,.T.);
#4504=EDGE_CURVE('',#5795,#5432,#6645,.T.);
#4505=EDGE_CURVE('',#5796,#5414,#6646,.T.);
#4506=EDGE_CURVE('',#5796,#5797,#6647,.T.);
#4507=EDGE_CURVE('',#5797,#5415,#6648,.T.);
#4508=EDGE_CURVE('',#5797,#5798,#6649,.T.);
#4509=EDGE_CURVE('',#5798,#5416,#6650,.T.);
#4510=EDGE_CURVE('',#5798,#5799,#6651,.T.);
#4511=EDGE_CURVE('',#5799,#5417,#6652,.T.);
#4512=EDGE_CURVE('',#5800,#5406,#6653,.T.);
#4513=EDGE_CURVE('',#5800,#5801,#425,.T.);
#4514=EDGE_CURVE('',#5801,#5407,#6654,.T.);
#4515=EDGE_CURVE('',#5801,#5802,#426,.T.);
#4516=EDGE_CURVE('',#5802,#5408,#6655,.T.);
#4517=EDGE_CURVE('',#5802,#5803,#612,.F.);
#4518=EDGE_CURVE('',#5803,#5409,#6656,.T.);
#4519=EDGE_CURVE('',#5803,#5804,#613,.F.);
#4520=EDGE_CURVE('',#5804,#5410,#6657,.T.);
#4521=EDGE_CURVE('',#5804,#5805,#427,.T.);
#4522=EDGE_CURVE('',#5805,#5411,#6658,.T.);
#4523=EDGE_CURVE('',#5805,#5806,#428,.T.);
#4524=EDGE_CURVE('',#5806,#5412,#6659,.T.);
#4525=EDGE_CURVE('',#5806,#5807,#614,.F.);
#4526=EDGE_CURVE('',#5807,#5413,#6660,.T.);
#4527=EDGE_CURVE('',#5808,#5402,#6661,.T.);
#4528=EDGE_CURVE('',#5808,#5809,#6662,.T.);
#4529=EDGE_CURVE('',#5809,#5403,#6663,.T.);
#4530=EDGE_CURVE('',#5809,#5810,#6664,.T.);
#4531=EDGE_CURVE('',#5810,#5404,#6665,.T.);
#4532=EDGE_CURVE('',#5810,#5811,#6666,.T.);
#4533=EDGE_CURVE('',#5811,#5405,#6667,.T.);
#4534=EDGE_CURVE('',#5812,#5385,#6668,.T.);
#4535=EDGE_CURVE('',#5812,#5813,#6669,.T.);
#4536=EDGE_CURVE('',#5813,#5386,#6670,.T.);
#4537=EDGE_CURVE('',#5813,#5814,#6671,.T.);
#4538=EDGE_CURVE('',#5814,#5387,#6672,.T.);
#4539=EDGE_CURVE('',#5814,#5815,#429,.T.);
#4540=EDGE_CURVE('',#5815,#5388,#6673,.T.);
#4541=EDGE_CURVE('',#5815,#5816,#430,.T.);
#4542=EDGE_CURVE('',#5816,#5389,#6674,.T.);
#4543=EDGE_CURVE('',#5816,#5817,#431,.T.);
#4544=EDGE_CURVE('',#5817,#5390,#6675,.T.);
#4545=EDGE_CURVE('',#5817,#5818,#432,.T.);
#4546=EDGE_CURVE('',#5818,#5391,#6676,.T.);
#4547=EDGE_CURVE('',#5818,#5819,#6677,.T.);
#4548=EDGE_CURVE('',#5819,#5392,#6678,.T.);
#4549=EDGE_CURVE('',#5819,#5820,#6679,.T.);
#4550=EDGE_CURVE('',#5820,#5393,#6680,.T.);
#4551=EDGE_CURVE('',#5820,#5821,#6681,.T.);
#4552=EDGE_CURVE('',#5821,#5394,#6682,.T.);
#4553=EDGE_CURVE('',#5821,#5822,#6683,.T.);
#4554=EDGE_CURVE('',#5822,#5395,#6684,.T.);
#4555=EDGE_CURVE('',#5822,#5823,#6685,.T.);
#4556=EDGE_CURVE('',#5823,#5396,#6686,.T.);
#4557=EDGE_CURVE('',#5823,#5824,#6687,.T.);
#4558=EDGE_CURVE('',#5824,#5397,#6688,.T.);
#4559=EDGE_CURVE('',#5824,#5825,#615,.F.);
#4560=EDGE_CURVE('',#5825,#5398,#6689,.T.);
#4561=EDGE_CURVE('',#5825,#5826,#433,.T.);
#4562=EDGE_CURVE('',#5826,#5399,#6690,.T.);
#4563=EDGE_CURVE('',#5826,#5827,#434,.T.);
#4564=EDGE_CURVE('',#5827,#5400,#6691,.T.);
#4565=EDGE_CURVE('',#5827,#5828,#435,.T.);
#4566=EDGE_CURVE('',#5828,#5401,#6692,.T.);
#4567=EDGE_CURVE('',#5829,#5371,#6693,.T.);
#4568=EDGE_CURVE('',#5829,#5830,#436,.T.);
#4569=EDGE_CURVE('',#5830,#5372,#6694,.T.);
#4570=EDGE_CURVE('',#5830,#5831,#437,.T.);
#4571=EDGE_CURVE('',#5831,#5373,#6695,.T.);
#4572=EDGE_CURVE('',#5831,#5832,#438,.T.);
#4573=EDGE_CURVE('',#5832,#5374,#6696,.T.);
#4574=EDGE_CURVE('',#5832,#5833,#439,.T.);
#4575=EDGE_CURVE('',#5833,#5375,#6697,.T.);
#4576=EDGE_CURVE('',#5833,#5834,#440,.T.);
#4577=EDGE_CURVE('',#5834,#5376,#6698,.T.);
#4578=EDGE_CURVE('',#5834,#5835,#441,.T.);
#4579=EDGE_CURVE('',#5835,#5377,#6699,.T.);
#4580=EDGE_CURVE('',#5835,#5836,#442,.T.);
#4581=EDGE_CURVE('',#5836,#5378,#6700,.T.);
#4582=EDGE_CURVE('',#5836,#5837,#6701,.T.);
#4583=EDGE_CURVE('',#5837,#5379,#6702,.T.);
#4584=EDGE_CURVE('',#5837,#5838,#6703,.T.);
#4585=EDGE_CURVE('',#5838,#5380,#6704,.T.);
#4586=EDGE_CURVE('',#5838,#5839,#443,.T.);
#4587=EDGE_CURVE('',#5839,#5381,#6705,.T.);
#4588=EDGE_CURVE('',#5839,#5840,#444,.T.);
#4589=EDGE_CURVE('',#5840,#5382,#6706,.T.);
#4590=EDGE_CURVE('',#5840,#5841,#616,.T.);
#4591=EDGE_CURVE('',#5841,#5383,#6707,.T.);
#4592=EDGE_CURVE('',#5841,#5842,#6708,.T.);
#4593=EDGE_CURVE('',#5842,#5384,#6709,.T.);
#4594=EDGE_CURVE('',#5843,#5356,#6710,.T.);
#4595=EDGE_CURVE('',#5843,#5844,#6711,.T.);
#4596=EDGE_CURVE('',#5844,#5357,#6712,.T.);
#4597=EDGE_CURVE('',#5844,#5845,#445,.T.);
#4598=EDGE_CURVE('',#5845,#5358,#6713,.T.);
#4599=EDGE_CURVE('',#5845,#5846,#6714,.T.);
#4600=EDGE_CURVE('',#5846,#5359,#6715,.T.);
#4601=EDGE_CURVE('',#5846,#5847,#6716,.T.);
#4602=EDGE_CURVE('',#5847,#5360,#6717,.T.);
#4603=EDGE_CURVE('',#5847,#5848,#6718,.T.);
#4604=EDGE_CURVE('',#5848,#5361,#6719,.T.);
#4605=EDGE_CURVE('',#5848,#5849,#6720,.T.);
#4606=EDGE_CURVE('',#5849,#5362,#6721,.T.);
#4607=EDGE_CURVE('',#5849,#5850,#6722,.T.);
#4608=EDGE_CURVE('',#5850,#5363,#6723,.T.);
#4609=EDGE_CURVE('',#5850,#5851,#6724,.T.);
#4610=EDGE_CURVE('',#5851,#5364,#6725,.T.);
#4611=EDGE_CURVE('',#5851,#5852,#6726,.T.);
#4612=EDGE_CURVE('',#5852,#5365,#6727,.T.);
#4613=EDGE_CURVE('',#5852,#5853,#6728,.T.);
#4614=EDGE_CURVE('',#5853,#5366,#6729,.T.);
#4615=EDGE_CURVE('',#5853,#5854,#6730,.T.);
#4616=EDGE_CURVE('',#5854,#5367,#6731,.T.);
#4617=EDGE_CURVE('',#5854,#5855,#6732,.T.);
#4618=EDGE_CURVE('',#5855,#5368,#6733,.T.);
#4619=EDGE_CURVE('',#5855,#5856,#6734,.T.);
#4620=EDGE_CURVE('',#5856,#5369,#6735,.T.);
#4621=EDGE_CURVE('',#5856,#5857,#6736,.T.);
#4622=EDGE_CURVE('',#5857,#5370,#6737,.T.);
#4623=EDGE_CURVE('',#5858,#5345,#6738,.T.);
#4624=EDGE_CURVE('',#5858,#5859,#6739,.T.);
#4625=EDGE_CURVE('',#5859,#5346,#6740,.T.);
#4626=EDGE_CURVE('',#5859,#5860,#6741,.T.);
#4627=EDGE_CURVE('',#5860,#5347,#6742,.T.);
#4628=EDGE_CURVE('',#5860,#5861,#446,.T.);
#4629=EDGE_CURVE('',#5861,#5348,#6743,.T.);
#4630=EDGE_CURVE('',#5861,#5862,#447,.T.);
#4631=EDGE_CURVE('',#5862,#5349,#6744,.T.);
#4632=EDGE_CURVE('',#5862,#5863,#448,.T.);
#4633=EDGE_CURVE('',#5863,#5350,#6745,.T.);
#4634=EDGE_CURVE('',#5863,#5864,#449,.T.);
#4635=EDGE_CURVE('',#5864,#5351,#6746,.T.);
#4636=EDGE_CURVE('',#5864,#5865,#6747,.T.);
#4637=EDGE_CURVE('',#5865,#5352,#6748,.T.);
#4638=EDGE_CURVE('',#5865,#5866,#450,.T.);
#4639=EDGE_CURVE('',#5866,#5353,#6749,.T.);
#4640=EDGE_CURVE('',#5866,#5867,#451,.T.);
#4641=EDGE_CURVE('',#5867,#5354,#6750,.T.);
#4642=EDGE_CURVE('',#5867,#5868,#452,.T.);
#4643=EDGE_CURVE('',#5868,#5355,#6751,.T.);
#4644=EDGE_CURVE('',#5869,#5320,#6752,.T.);
#4645=EDGE_CURVE('',#5869,#5870,#453,.T.);
#4646=EDGE_CURVE('',#5870,#5321,#6753,.T.);
#4647=EDGE_CURVE('',#5870,#5871,#454,.T.);
#4648=EDGE_CURVE('',#5871,#5322,#6754,.T.);
#4649=EDGE_CURVE('',#5871,#5872,#455,.T.);
#4650=EDGE_CURVE('',#5872,#5323,#6755,.T.);
#4651=EDGE_CURVE('',#5872,#5873,#456,.T.);
#4652=EDGE_CURVE('',#5873,#5324,#6756,.T.);
#4653=EDGE_CURVE('',#5873,#5874,#6757,.T.);
#4654=EDGE_CURVE('',#5874,#5325,#6758,.T.);
#4655=EDGE_CURVE('',#5874,#5875,#617,.T.);
#4656=EDGE_CURVE('',#5875,#5326,#6759,.T.);
#4657=EDGE_CURVE('',#5875,#5876,#618,.T.);
#4658=EDGE_CURVE('',#5876,#5327,#6760,.T.);
#4659=EDGE_CURVE('',#5876,#5877,#457,.T.);
#4660=EDGE_CURVE('',#5877,#5328,#6761,.T.);
#4661=EDGE_CURVE('',#5877,#5878,#458,.T.);
#4662=EDGE_CURVE('',#5878,#5329,#6762,.T.);
#4663=EDGE_CURVE('',#5878,#5879,#459,.T.);
#4664=EDGE_CURVE('',#5879,#5330,#6763,.T.);
#4665=EDGE_CURVE('',#5879,#5880,#460,.T.);
#4666=EDGE_CURVE('',#5880,#5331,#6764,.T.);
#4667=EDGE_CURVE('',#5880,#5881,#461,.T.);
#4668=EDGE_CURVE('',#5881,#5332,#6765,.T.);
#4669=EDGE_CURVE('',#5881,#5882,#462,.T.);
#4670=EDGE_CURVE('',#5882,#5333,#6766,.T.);
#4671=EDGE_CURVE('',#5882,#5883,#463,.T.);
#4672=EDGE_CURVE('',#5883,#5334,#6767,.T.);
#4673=EDGE_CURVE('',#5883,#5884,#464,.T.);
#4674=EDGE_CURVE('',#5884,#5335,#6768,.T.);
#4675=EDGE_CURVE('',#5884,#5885,#465,.T.);
#4676=EDGE_CURVE('',#5885,#5336,#6769,.T.);
#4677=EDGE_CURVE('',#5885,#5886,#466,.T.);
#4678=EDGE_CURVE('',#5886,#5337,#6770,.T.);
#4679=EDGE_CURVE('',#5886,#5887,#6771,.T.);
#4680=EDGE_CURVE('',#5887,#5338,#6772,.T.);
#4681=EDGE_CURVE('',#5887,#5888,#467,.T.);
#4682=EDGE_CURVE('',#5888,#5339,#6773,.T.);
#4683=EDGE_CURVE('',#5888,#5889,#468,.T.);
#4684=EDGE_CURVE('',#5889,#5340,#6774,.T.);
#4685=EDGE_CURVE('',#5889,#5890,#469,.T.);
#4686=EDGE_CURVE('',#5890,#5341,#6775,.T.);
#4687=EDGE_CURVE('',#5890,#5891,#470,.T.);
#4688=EDGE_CURVE('',#5891,#5342,#6776,.T.);
#4689=EDGE_CURVE('',#5891,#5892,#471,.T.);
#4690=EDGE_CURVE('',#5892,#5343,#6777,.T.);
#4691=EDGE_CURVE('',#5892,#5893,#472,.T.);
#4692=EDGE_CURVE('',#5893,#5344,#6778,.T.);
#4693=EDGE_CURVE('',#5894,#5300,#6779,.T.);
#4694=EDGE_CURVE('',#5894,#5895,#6780,.T.);
#4695=EDGE_CURVE('',#5895,#5301,#6781,.T.);
#4696=EDGE_CURVE('',#5895,#5896,#6782,.T.);
#4697=EDGE_CURVE('',#5896,#5302,#6783,.T.);
#4698=EDGE_CURVE('',#5896,#5897,#6784,.T.);
#4699=EDGE_CURVE('',#5897,#5303,#6785,.T.);
#4700=EDGE_CURVE('',#5897,#5898,#619,.F.);
#4701=EDGE_CURVE('',#5898,#5304,#6786,.T.);
#4702=EDGE_CURVE('',#5898,#5899,#473,.T.);
#4703=EDGE_CURVE('',#5899,#5305,#6787,.T.);
#4704=EDGE_CURVE('',#5899,#5900,#620,.F.);
#4705=EDGE_CURVE('',#5900,#5306,#6788,.T.);
#4706=EDGE_CURVE('',#5900,#5901,#6789,.T.);
#4707=EDGE_CURVE('',#5901,#5307,#6790,.T.);
#4708=EDGE_CURVE('',#5901,#5902,#6791,.T.);
#4709=EDGE_CURVE('',#5902,#5308,#6792,.T.);
#4710=EDGE_CURVE('',#5902,#5903,#6793,.T.);
#4711=EDGE_CURVE('',#5903,#5309,#6794,.T.);
#4712=EDGE_CURVE('',#5903,#5904,#6795,.T.);
#4713=EDGE_CURVE('',#5904,#5310,#6796,.T.);
#4714=EDGE_CURVE('',#5904,#5905,#6797,.T.);
#4715=EDGE_CURVE('',#5905,#5311,#6798,.T.);
#4716=EDGE_CURVE('',#5905,#5906,#621,.F.);
#4717=EDGE_CURVE('',#5906,#5312,#6799,.T.);
#4718=EDGE_CURVE('',#5906,#5907,#622,.F.);
#4719=EDGE_CURVE('',#5907,#5313,#6800,.T.);
#4720=EDGE_CURVE('',#5907,#5908,#6801,.T.);
#4721=EDGE_CURVE('',#5908,#5314,#6802,.T.);
#4722=EDGE_CURVE('',#5908,#5909,#6803,.T.);
#4723=EDGE_CURVE('',#5909,#5315,#6804,.T.);
#4724=EDGE_CURVE('',#5909,#5910,#6805,.T.);
#4725=EDGE_CURVE('',#5910,#5316,#6806,.T.);
#4726=EDGE_CURVE('',#5910,#5911,#623,.F.);
#4727=EDGE_CURVE('',#5911,#5317,#6807,.T.);
#4728=EDGE_CURVE('',#5911,#5912,#474,.T.);
#4729=EDGE_CURVE('',#5912,#5318,#6808,.T.);
#4730=EDGE_CURVE('',#5912,#5913,#6809,.T.);
#4731=EDGE_CURVE('',#5913,#5319,#6810,.T.);
#4732=EDGE_CURVE('',#5914,#5275,#6811,.T.);
#4733=EDGE_CURVE('',#5914,#5915,#475,.T.);
#4734=EDGE_CURVE('',#5915,#5276,#6812,.T.);
#4735=EDGE_CURVE('',#5915,#5916,#476,.T.);
#4736=EDGE_CURVE('',#5916,#5277,#6813,.T.);
#4737=EDGE_CURVE('',#5916,#5917,#477,.T.);
#4738=EDGE_CURVE('',#5917,#5278,#6814,.T.);
#4739=EDGE_CURVE('',#5917,#5918,#478,.T.);
#4740=EDGE_CURVE('',#5918,#5279,#6815,.T.);
#4741=EDGE_CURVE('',#5918,#5919,#6816,.T.);
#4742=EDGE_CURVE('',#5919,#5280,#6817,.T.);
#4743=EDGE_CURVE('',#5919,#5920,#624,.T.);
#4744=EDGE_CURVE('',#5920,#5281,#6818,.T.);
#4745=EDGE_CURVE('',#5920,#5921,#625,.T.);
#4746=EDGE_CURVE('',#5921,#5282,#6819,.T.);
#4747=EDGE_CURVE('',#5921,#5922,#479,.T.);
#4748=EDGE_CURVE('',#5922,#5283,#6820,.T.);
#4749=EDGE_CURVE('',#5922,#5923,#480,.T.);
#4750=EDGE_CURVE('',#5923,#5284,#6821,.T.);
#4751=EDGE_CURVE('',#5923,#5924,#481,.T.);
#4752=EDGE_CURVE('',#5924,#5285,#6822,.T.);
#4753=EDGE_CURVE('',#5924,#5925,#482,.T.);
#4754=EDGE_CURVE('',#5925,#5286,#6823,.T.);
#4755=EDGE_CURVE('',#5925,#5926,#483,.T.);
#4756=EDGE_CURVE('',#5926,#5287,#6824,.T.);
#4757=EDGE_CURVE('',#5926,#5927,#484,.T.);
#4758=EDGE_CURVE('',#5927,#5288,#6825,.T.);
#4759=EDGE_CURVE('',#5927,#5928,#485,.T.);
#4760=EDGE_CURVE('',#5928,#5289,#6826,.T.);
#4761=EDGE_CURVE('',#5928,#5929,#486,.T.);
#4762=EDGE_CURVE('',#5929,#5290,#6827,.T.);
#4763=EDGE_CURVE('',#5929,#5930,#487,.T.);
#4764=EDGE_CURVE('',#5930,#5291,#6828,.T.);
#4765=EDGE_CURVE('',#5930,#5931,#488,.T.);
#4766=EDGE_CURVE('',#5931,#5292,#6829,.T.);
#4767=EDGE_CURVE('',#5931,#5932,#6830,.T.);
#4768=EDGE_CURVE('',#5932,#5293,#6831,.T.);
#4769=EDGE_CURVE('',#5932,#5933,#489,.T.);
#4770=EDGE_CURVE('',#5933,#5294,#6832,.T.);
#4771=EDGE_CURVE('',#5933,#5934,#490,.T.);
#4772=EDGE_CURVE('',#5934,#5295,#6833,.T.);
#4773=EDGE_CURVE('',#5934,#5935,#491,.T.);
#4774=EDGE_CURVE('',#5935,#5296,#6834,.T.);
#4775=EDGE_CURVE('',#5935,#5936,#492,.T.);
#4776=EDGE_CURVE('',#5936,#5297,#6835,.T.);
#4777=EDGE_CURVE('',#5936,#5937,#493,.T.);
#4778=EDGE_CURVE('',#5937,#5298,#6836,.T.);
#4779=EDGE_CURVE('',#5937,#5938,#494,.T.);
#4780=EDGE_CURVE('',#5938,#5299,#6837,.T.);
#4781=EDGE_CURVE('',#5939,#5266,#6838,.T.);
#4782=EDGE_CURVE('',#5939,#5940,#6839,.T.);
#4783=EDGE_CURVE('',#5940,#5267,#6840,.T.);
#4784=EDGE_CURVE('',#5940,#5941,#6841,.T.);
#4785=EDGE_CURVE('',#5941,#5268,#6842,.T.);
#4786=EDGE_CURVE('',#5941,#5942,#6843,.T.);
#4787=EDGE_CURVE('',#5942,#5269,#6844,.T.);
#4788=EDGE_CURVE('',#5942,#5943,#6845,.T.);
#4789=EDGE_CURVE('',#5943,#5270,#6846,.T.);
#4790=EDGE_CURVE('',#5943,#5944,#6847,.T.);
#4791=EDGE_CURVE('',#5944,#5271,#6848,.T.);
#4792=EDGE_CURVE('',#5944,#5945,#6849,.T.);
#4793=EDGE_CURVE('',#5945,#5272,#6850,.T.);
#4794=EDGE_CURVE('',#5945,#5946,#6851,.T.);
#4795=EDGE_CURVE('',#5946,#5273,#6852,.T.);
#4796=EDGE_CURVE('',#5946,#5947,#6853,.T.);
#4797=EDGE_CURVE('',#5947,#5274,#6854,.T.);
#4798=EDGE_CURVE('',#5948,#5247,#6855,.T.);
#4799=EDGE_CURVE('',#5948,#5949,#6856,.T.);
#4800=EDGE_CURVE('',#5949,#5248,#6857,.T.);
#4801=EDGE_CURVE('',#5949,#5950,#6858,.T.);
#4802=EDGE_CURVE('',#5950,#5249,#6859,.T.);
#4803=EDGE_CURVE('',#5950,#5951,#6860,.T.);
#4804=EDGE_CURVE('',#5951,#5250,#6861,.T.);
#4805=EDGE_CURVE('',#5951,#5952,#495,.T.);
#4806=EDGE_CURVE('',#5952,#5251,#6862,.T.);
#4807=EDGE_CURVE('',#5952,#5953,#496,.T.);
#4808=EDGE_CURVE('',#5953,#5252,#6863,.T.);
#4809=EDGE_CURVE('',#5953,#5954,#497,.T.);
#4810=EDGE_CURVE('',#5954,#5253,#6864,.T.);
#4811=EDGE_CURVE('',#5954,#5955,#498,.T.);
#4812=EDGE_CURVE('',#5955,#5254,#6865,.T.);
#4813=EDGE_CURVE('',#5955,#5956,#499,.T.);
#4814=EDGE_CURVE('',#5956,#5255,#6866,.T.);
#4815=EDGE_CURVE('',#5956,#5957,#6867,.T.);
#4816=EDGE_CURVE('',#5957,#5256,#6868,.T.);
#4817=EDGE_CURVE('',#5957,#5958,#6869,.T.);
#4818=EDGE_CURVE('',#5958,#5257,#6870,.T.);
#4819=EDGE_CURVE('',#5958,#5959,#500,.T.);
#4820=EDGE_CURVE('',#5959,#5258,#6871,.T.);
#4821=EDGE_CURVE('',#5959,#5960,#501,.T.);
#4822=EDGE_CURVE('',#5960,#5259,#6872,.T.);
#4823=EDGE_CURVE('',#5960,#5961,#502,.T.);
#4824=EDGE_CURVE('',#5961,#5260,#6873,.T.);
#4825=EDGE_CURVE('',#5961,#5962,#6874,.T.);
#4826=EDGE_CURVE('',#5962,#5261,#6875,.T.);
#4827=EDGE_CURVE('',#5962,#5963,#626,.F.);
#4828=EDGE_CURVE('',#5963,#5262,#6876,.T.);
#4829=EDGE_CURVE('',#5963,#5964,#627,.F.);
#4830=EDGE_CURVE('',#5964,#5263,#6877,.T.);
#4831=EDGE_CURVE('',#5964,#5965,#503,.T.);
#4832=EDGE_CURVE('',#5965,#5264,#6878,.T.);
#4833=EDGE_CURVE('',#5965,#5966,#504,.T.);
#4834=EDGE_CURVE('',#5966,#5265,#6879,.T.);
#4835=EDGE_CURVE('',#5967,#5235,#6880,.T.);
#4836=EDGE_CURVE('',#5967,#5968,#6881,.T.);
#4837=EDGE_CURVE('',#5968,#5236,#6882,.T.);
#4838=EDGE_CURVE('',#5968,#5969,#6883,.T.);
#4839=EDGE_CURVE('',#5969,#5237,#6884,.T.);
#4840=EDGE_CURVE('',#5969,#5970,#6885,.T.);
#4841=EDGE_CURVE('',#5970,#5238,#6886,.T.);
#4842=EDGE_CURVE('',#5970,#5971,#6887,.T.);
#4843=EDGE_CURVE('',#5971,#5239,#6888,.T.);
#4844=EDGE_CURVE('',#5971,#5972,#6889,.T.);
#4845=EDGE_CURVE('',#5972,#5240,#6890,.T.);
#4846=EDGE_CURVE('',#5972,#5973,#6891,.T.);
#4847=EDGE_CURVE('',#5973,#5241,#6892,.T.);
#4848=EDGE_CURVE('',#5973,#5974,#6893,.T.);
#4849=EDGE_CURVE('',#5974,#5242,#6894,.T.);
#4850=EDGE_CURVE('',#5974,#5975,#6895,.T.);
#4851=EDGE_CURVE('',#5975,#5243,#6896,.T.);
#4852=EDGE_CURVE('',#5975,#5976,#6897,.T.);
#4853=EDGE_CURVE('',#5976,#5244,#6898,.T.);
#4854=EDGE_CURVE('',#5976,#5977,#6899,.T.);
#4855=EDGE_CURVE('',#5977,#5245,#6900,.T.);
#4856=EDGE_CURVE('',#5977,#5978,#6901,.T.);
#4857=EDGE_CURVE('',#5978,#5246,#6902,.T.);
#4858=EDGE_CURVE('',#5979,#5217,#6903,.T.);
#4859=EDGE_CURVE('',#5979,#5980,#6904,.T.);
#4860=EDGE_CURVE('',#5980,#5218,#6905,.T.);
#4861=EDGE_CURVE('',#5980,#5981,#6906,.T.);
#4862=EDGE_CURVE('',#5981,#5219,#6907,.T.);
#4863=EDGE_CURVE('',#5981,#5982,#6908,.T.);
#4864=EDGE_CURVE('',#5982,#5220,#6909,.T.);
#4865=EDGE_CURVE('',#5982,#5983,#628,.F.);
#4866=EDGE_CURVE('',#5983,#5221,#6910,.T.);
#4867=EDGE_CURVE('',#5983,#5984,#6911,.T.);
#4868=EDGE_CURVE('',#5984,#5222,#6912,.T.);
#4869=EDGE_CURVE('',#5984,#5985,#6913,.T.);
#4870=EDGE_CURVE('',#5985,#5223,#6914,.T.);
#4871=EDGE_CURVE('',#5985,#5986,#6915,.T.);
#4872=EDGE_CURVE('',#5986,#5224,#6916,.T.);
#4873=EDGE_CURVE('',#5986,#5987,#6917,.T.);
#4874=EDGE_CURVE('',#5987,#5225,#6918,.T.);
#4875=EDGE_CURVE('',#5987,#5988,#6919,.T.);
#4876=EDGE_CURVE('',#5988,#5226,#6920,.T.);
#4877=EDGE_CURVE('',#5988,#5989,#6921,.T.);
#4878=EDGE_CURVE('',#5989,#5227,#6922,.T.);
#4879=EDGE_CURVE('',#5989,#5990,#6923,.T.);
#4880=EDGE_CURVE('',#5990,#5228,#6924,.T.);
#4881=EDGE_CURVE('',#5990,#5991,#6925,.T.);
#4882=EDGE_CURVE('',#5991,#5229,#6926,.T.);
#4883=EDGE_CURVE('',#5991,#5992,#6927,.T.);
#4884=EDGE_CURVE('',#5992,#5230,#6928,.T.);
#4885=EDGE_CURVE('',#5992,#5993,#6929,.T.);
#4886=EDGE_CURVE('',#5993,#5231,#6930,.T.);
#4887=EDGE_CURVE('',#5993,#5994,#6931,.T.);
#4888=EDGE_CURVE('',#5994,#5232,#6932,.T.);
#4889=EDGE_CURVE('',#5994,#5995,#629,.F.);
#4890=EDGE_CURVE('',#5995,#5233,#6933,.T.);
#4891=EDGE_CURVE('',#5995,#5996,#6934,.T.);
#4892=EDGE_CURVE('',#5996,#5234,#6935,.T.);
#4893=EDGE_CURVE('',#5997,#5203,#6936,.T.);
#4894=EDGE_CURVE('',#5997,#5998,#6937,.T.);
#4895=EDGE_CURVE('',#5998,#5204,#6938,.T.);
#4896=EDGE_CURVE('',#5998,#5999,#6939,.T.);
#4897=EDGE_CURVE('',#5999,#5205,#6940,.T.);
#4898=EDGE_CURVE('',#5999,#6000,#505,.T.);
#4899=EDGE_CURVE('',#6000,#5206,#6941,.T.);
#4900=EDGE_CURVE('',#6000,#6001,#506,.T.);
#4901=EDGE_CURVE('',#6001,#5207,#6942,.T.);
#4902=EDGE_CURVE('',#6001,#6002,#507,.T.);
#4903=EDGE_CURVE('',#6002,#5208,#6943,.T.);
#4904=EDGE_CURVE('',#6002,#6003,#508,.T.);
#4905=EDGE_CURVE('',#6003,#5209,#6944,.T.);
#4906=EDGE_CURVE('',#6003,#6004,#6945,.T.);
#4907=EDGE_CURVE('',#6004,#5210,#6946,.T.);
#4908=EDGE_CURVE('',#6004,#6005,#6947,.T.);
#4909=EDGE_CURVE('',#6005,#5211,#6948,.T.);
#4910=EDGE_CURVE('',#6005,#6006,#6949,.T.);
#4911=EDGE_CURVE('',#6006,#5212,#6950,.T.);
#4912=EDGE_CURVE('',#6006,#6007,#509,.T.);
#4913=EDGE_CURVE('',#6007,#5213,#6951,.T.);
#4914=EDGE_CURVE('',#6007,#6008,#510,.T.);
#4915=EDGE_CURVE('',#6008,#5214,#6952,.T.);
#4916=EDGE_CURVE('',#6008,#6009,#511,.T.);
#4917=EDGE_CURVE('',#6009,#5215,#6953,.T.);
#4918=EDGE_CURVE('',#6009,#6010,#512,.T.);
#4919=EDGE_CURVE('',#6010,#5216,#6954,.T.);
#4920=EDGE_CURVE('',#6011,#5194,#6955,.T.);
#4921=EDGE_CURVE('',#6011,#6012,#6956,.T.);
#4922=EDGE_CURVE('',#6012,#5195,#6957,.T.);
#4923=EDGE_CURVE('',#6012,#6013,#6958,.T.);
#4924=EDGE_CURVE('',#6013,#5196,#6959,.T.);
#4925=EDGE_CURVE('',#6013,#6014,#6960,.T.);
#4926=EDGE_CURVE('',#6014,#5197,#6961,.T.);
#4927=EDGE_CURVE('',#6014,#6015,#6962,.T.);
#4928=EDGE_CURVE('',#6015,#5198,#6963,.T.);
#4929=EDGE_CURVE('',#6015,#6016,#6964,.T.);
#4930=EDGE_CURVE('',#6016,#5199,#6965,.T.);
#4931=EDGE_CURVE('',#6016,#6017,#6966,.T.);
#4932=EDGE_CURVE('',#6017,#5200,#6967,.T.);
#4933=EDGE_CURVE('',#6017,#6018,#6968,.T.);
#4934=EDGE_CURVE('',#6018,#5201,#6969,.T.);
#4935=EDGE_CURVE('',#6018,#6019,#6970,.T.);
#4936=EDGE_CURVE('',#6019,#5202,#6971,.T.);
#4937=EDGE_CURVE('',#6020,#5182,#6972,.T.);
#4938=EDGE_CURVE('',#6020,#6021,#6973,.T.);
#4939=EDGE_CURVE('',#6021,#5183,#6974,.T.);
#4940=EDGE_CURVE('',#6021,#6022,#6975,.T.);
#4941=EDGE_CURVE('',#6022,#5184,#6976,.T.);
#4942=EDGE_CURVE('',#6022,#6023,#6977,.T.);
#4943=EDGE_CURVE('',#6023,#5185,#6978,.T.);
#4944=EDGE_CURVE('',#6023,#6024,#6979,.T.);
#4945=EDGE_CURVE('',#6024,#5186,#6980,.T.);
#4946=EDGE_CURVE('',#6024,#6025,#6981,.T.);
#4947=EDGE_CURVE('',#6025,#5187,#6982,.T.);
#4948=EDGE_CURVE('',#6025,#6026,#6983,.T.);
#4949=EDGE_CURVE('',#6026,#5188,#6984,.T.);
#4950=EDGE_CURVE('',#6026,#6027,#6985,.T.);
#4951=EDGE_CURVE('',#6027,#5189,#6986,.T.);
#4952=EDGE_CURVE('',#6027,#6028,#6987,.T.);
#4953=EDGE_CURVE('',#6028,#5190,#6988,.T.);
#4954=EDGE_CURVE('',#6028,#6029,#6989,.T.);
#4955=EDGE_CURVE('',#6029,#5191,#6990,.T.);
#4956=EDGE_CURVE('',#6029,#6030,#6991,.T.);
#4957=EDGE_CURVE('',#6030,#5192,#6992,.T.);
#4958=EDGE_CURVE('',#6030,#6031,#6993,.T.);
#4959=EDGE_CURVE('',#6031,#5193,#6994,.T.);
#4960=EDGE_CURVE('',#6032,#5174,#6995,.T.);
#4961=EDGE_CURVE('',#6032,#6033,#6996,.T.);
#4962=EDGE_CURVE('',#6033,#5175,#6997,.T.);
#4963=EDGE_CURVE('',#6033,#6034,#6998,.T.);
#4964=EDGE_CURVE('',#6034,#5176,#6999,.T.);
#4965=EDGE_CURVE('',#6034,#6035,#7000,.T.);
#4966=EDGE_CURVE('',#6035,#5177,#7001,.T.);
#4967=EDGE_CURVE('',#6035,#6036,#7002,.T.);
#4968=EDGE_CURVE('',#6036,#5178,#7003,.T.);
#4969=EDGE_CURVE('',#6036,#6037,#7004,.T.);
#4970=EDGE_CURVE('',#6037,#5179,#7005,.T.);
#4971=EDGE_CURVE('',#6037,#6038,#7006,.T.);
#4972=EDGE_CURVE('',#6038,#5180,#7007,.T.);
#4973=EDGE_CURVE('',#6038,#6039,#7008,.T.);
#4974=EDGE_CURVE('',#6039,#5181,#7009,.T.);
#4975=EDGE_CURVE('',#6040,#5168,#7010,.T.);
#4976=EDGE_CURVE('',#6040,#6041,#7011,.T.);
#4977=EDGE_CURVE('',#6041,#5169,#7012,.T.);
#4978=EDGE_CURVE('',#6041,#6042,#7013,.T.);
#4979=EDGE_CURVE('',#6042,#5170,#7014,.T.);
#4980=EDGE_CURVE('',#6042,#6043,#7015,.T.);
#4981=EDGE_CURVE('',#6043,#5171,#7016,.T.);
#4982=EDGE_CURVE('',#6043,#6044,#7017,.T.);
#4983=EDGE_CURVE('',#6044,#5172,#7018,.T.);
#4984=EDGE_CURVE('',#6044,#6045,#7019,.T.);
#4985=EDGE_CURVE('',#6045,#5173,#7020,.T.);
#4986=EDGE_CURVE('',#6046,#5157,#7021,.T.);
#4987=EDGE_CURVE('',#6046,#6047,#7022,.T.);
#4988=EDGE_CURVE('',#6047,#5158,#7023,.T.);
#4989=EDGE_CURVE('',#6047,#6048,#7024,.T.);
#4990=EDGE_CURVE('',#6048,#5159,#7025,.T.);
#4991=EDGE_CURVE('',#6048,#6049,#7026,.T.);
#4992=EDGE_CURVE('',#6049,#5160,#7027,.T.);
#4993=EDGE_CURVE('',#6049,#6050,#7028,.T.);
#4994=EDGE_CURVE('',#6050,#5161,#7029,.T.);
#4995=EDGE_CURVE('',#6050,#6051,#7030,.T.);
#4996=EDGE_CURVE('',#6051,#5162,#7031,.T.);
#4997=EDGE_CURVE('',#6051,#6052,#513,.T.);
#4998=EDGE_CURVE('',#6052,#5163,#7032,.T.);
#4999=EDGE_CURVE('',#6052,#6053,#514,.T.);
#5000=EDGE_CURVE('',#6053,#5164,#7033,.T.);
#5001=EDGE_CURVE('',#6053,#6054,#515,.T.);
#5002=EDGE_CURVE('',#6054,#5165,#7034,.T.);
#5003=EDGE_CURVE('',#6054,#6055,#7035,.T.);
#5004=EDGE_CURVE('',#6055,#5166,#7036,.T.);
#5005=EDGE_CURVE('',#6055,#6056,#7037,.T.);
#5006=EDGE_CURVE('',#6056,#5167,#7038,.T.);
#5007=EDGE_CURVE('',#6057,#5149,#7039,.T.);
#5008=EDGE_CURVE('',#6057,#6058,#7040,.T.);
#5009=EDGE_CURVE('',#6058,#5150,#7041,.T.);
#5010=EDGE_CURVE('',#6058,#6059,#7042,.T.);
#5011=EDGE_CURVE('',#6059,#5151,#7043,.T.);
#5012=EDGE_CURVE('',#6059,#6060,#7044,.T.);
#5013=EDGE_CURVE('',#6060,#5152,#7045,.T.);
#5014=EDGE_CURVE('',#6060,#6061,#7046,.T.);
#5015=EDGE_CURVE('',#6061,#5153,#7047,.T.);
#5016=EDGE_CURVE('',#6061,#6062,#7048,.T.);
#5017=EDGE_CURVE('',#6062,#5154,#7049,.T.);
#5018=EDGE_CURVE('',#6062,#6063,#7050,.T.);
#5019=EDGE_CURVE('',#6063,#5155,#7051,.T.);
#5020=EDGE_CURVE('',#6063,#6064,#7052,.T.);
#5021=EDGE_CURVE('',#6064,#5156,#7053,.T.);
#5022=EDGE_CURVE('',#6065,#5134,#7054,.T.);
#5023=EDGE_CURVE('',#6065,#6066,#516,.T.);
#5024=EDGE_CURVE('',#6066,#5135,#7055,.T.);
#5025=EDGE_CURVE('',#6066,#6067,#517,.T.);
#5026=EDGE_CURVE('',#6067,#5136,#7056,.T.);
#5027=EDGE_CURVE('',#6067,#6068,#518,.T.);
#5028=EDGE_CURVE('',#6068,#5137,#7057,.T.);
#5029=EDGE_CURVE('',#6068,#6069,#519,.T.);
#5030=EDGE_CURVE('',#6069,#5138,#7058,.T.);
#5031=EDGE_CURVE('',#6069,#6070,#520,.T.);
#5032=EDGE_CURVE('',#6070,#5139,#7059,.T.);
#5033=EDGE_CURVE('',#6070,#6071,#521,.T.);
#5034=EDGE_CURVE('',#6071,#5140,#7060,.T.);
#5035=EDGE_CURVE('',#6071,#6072,#7061,.T.);
#5036=EDGE_CURVE('',#6072,#5141,#7062,.T.);
#5037=EDGE_CURVE('',#6072,#6073,#522,.T.);
#5038=EDGE_CURVE('',#6073,#5142,#7063,.T.);
#5039=EDGE_CURVE('',#6073,#6074,#523,.T.);
#5040=EDGE_CURVE('',#6074,#5143,#7064,.T.);
#5041=EDGE_CURVE('',#6074,#6075,#524,.T.);
#5042=EDGE_CURVE('',#6075,#5144,#7065,.T.);
#5043=EDGE_CURVE('',#6075,#6076,#525,.T.);
#5044=EDGE_CURVE('',#6076,#5145,#7066,.T.);
#5045=EDGE_CURVE('',#6076,#6077,#526,.T.);
#5046=EDGE_CURVE('',#6077,#5146,#7067,.T.);
#5047=EDGE_CURVE('',#6077,#6078,#527,.T.);
#5048=EDGE_CURVE('',#6078,#5147,#7068,.T.);
#5049=EDGE_CURVE('',#6078,#6079,#528,.T.);
#5050=EDGE_CURVE('',#6079,#5148,#7069,.T.);
#5051=EDGE_CURVE('',#5638,#5633,#7070,.T.);
#5052=EDGE_CURVE('',#5650,#5639,#7071,.T.);
#5053=EDGE_CURVE('',#5658,#5651,#7072,.T.);
#5054=EDGE_CURVE('',#5673,#5659,#7073,.T.);
#5055=EDGE_CURVE('',#5688,#5674,#630,.F.);
#5056=EDGE_CURVE('',#5703,#5689,#7074,.T.);
#5057=EDGE_CURVE('',#5707,#5704,#7075,.T.);
#5058=EDGE_CURVE('',#5724,#5708,#7076,.T.);
#5059=EDGE_CURVE('',#5739,#5725,#7077,.T.);
#5060=EDGE_CURVE('',#5758,#5740,#7078,.T.);
#5061=EDGE_CURVE('',#5769,#5759,#7079,.T.);
#5062=EDGE_CURVE('',#5773,#5770,#7080,.T.);
#5063=EDGE_CURVE('',#5780,#5774,#631,.F.);
#5064=EDGE_CURVE('',#6080,#6080,#632,.T.);
#5065=EDGE_CURVE('',#6081,#6081,#633,.T.);
#5066=EDGE_CURVE('',#6082,#6082,#634,.T.);
#5067=EDGE_CURVE('',#5795,#5781,#7081,.T.);
#5068=EDGE_CURVE('',#5799,#5796,#7082,.T.);
#5069=EDGE_CURVE('',#5807,#5800,#635,.F.);
#5070=EDGE_CURVE('',#5811,#5808,#7083,.T.);
#5071=EDGE_CURVE('',#5828,#5812,#7084,.T.);
#5072=EDGE_CURVE('',#5842,#5829,#636,.F.);
#5073=EDGE_CURVE('',#5857,#5843,#637,.F.);
#5074=EDGE_CURVE('',#5868,#5858,#7085,.T.);
#5075=EDGE_CURVE('',#5893,#5869,#529,.T.);
#5076=EDGE_CURVE('',#5913,#5894,#7086,.T.);
#5077=EDGE_CURVE('',#5938,#5914,#530,.T.);
#5078=EDGE_CURVE('',#5947,#5939,#7087,.T.);
#5079=EDGE_CURVE('',#5966,#5948,#7088,.T.);
#5080=EDGE_CURVE('',#5978,#5967,#7089,.T.);
#5081=EDGE_CURVE('',#5996,#5979,#7090,.T.);
#5082=EDGE_CURVE('',#6010,#5997,#7091,.T.);
#5083=EDGE_CURVE('',#6019,#6011,#7092,.T.);
#5084=EDGE_CURVE('',#6031,#6020,#7093,.T.);
#5085=EDGE_CURVE('',#6039,#6032,#7094,.T.);
#5086=EDGE_CURVE('',#6045,#6040,#7095,.T.);
#5087=EDGE_CURVE('',#6056,#6046,#7096,.T.);
#5088=EDGE_CURVE('',#6064,#6057,#7097,.T.);
#5089=EDGE_CURVE('',#6079,#6065,#7098,.T.);
#5090=EDGE_CURVE('',#5632,#5627,#638,.T.);
#5091=EDGE_CURVE('',#5595,#5105,#7099,.T.);
#5092=EDGE_CURVE('',#5107,#5594,#7100,.T.);
#5093=EDGE_CURVE('',#5109,#5593,#7101,.T.);
#5094=EDGE_CURVE('',#5590,#5104,#7102,.T.);
#5095=EDGE_CURVE('',#5112,#5592,#7103,.T.);
#5096=EDGE_CURVE('',#5591,#5113,#7104,.T.);
#5097=EDGE_CURVE('',#5623,#5612,#531,.T.);
#5098=EDGE_CURVE('',#5611,#5624,#532,.T.);
#5099=EDGE_CURVE('',#5620,#5596,#533,.T.);
#5100=EDGE_CURVE('',#5601,#5621,#534,.T.);
#5101=EDGE_CURVE('',#5616,#5605,#535,.T.);
#5102=EDGE_CURVE('',#5604,#5618,#536,.T.);
#5103=VERTEX_POINT('',#12410);
#5104=VERTEX_POINT('',#12411);
#5105=VERTEX_POINT('',#12413);
#5106=VERTEX_POINT('',#12415);
#5107=VERTEX_POINT('',#12419);
#5108=VERTEX_POINT('',#12421);
#5109=VERTEX_POINT('',#12425);
#5110=VERTEX_POINT('',#12427);
#5111=VERTEX_POINT('',#12431);
#5112=VERTEX_POINT('',#12432);
#5113=VERTEX_POINT('',#12434);
#5114=VERTEX_POINT('',#12436);
#5115=VERTEX_POINT('',#12446);
#5116=VERTEX_POINT('',#12447);
#5117=VERTEX_POINT('',#12449);
#5118=VERTEX_POINT('',#12451);
#5119=VERTEX_POINT('',#12453);
#5120=VERTEX_POINT('',#12455);
#5121=VERTEX_POINT('',#12458);
#5122=VERTEX_POINT('',#12460);
#5123=VERTEX_POINT('',#12461);
#5124=VERTEX_POINT('',#12463);
#5125=VERTEX_POINT('',#12465);
#5126=VERTEX_POINT('',#12467);
#5127=VERTEX_POINT('',#12469);
#5128=VERTEX_POINT('',#12472);
#5129=VERTEX_POINT('',#12473);
#5130=VERTEX_POINT('',#12475);
#5131=VERTEX_POINT('',#12477);
#5132=VERTEX_POINT('',#12479);
#5133=VERTEX_POINT('',#12481);
#5134=VERTEX_POINT('',#12486);
#5135=VERTEX_POINT('',#12487);
#5136=VERTEX_POINT('',#12491);
#5137=VERTEX_POINT('',#12495);
#5138=VERTEX_POINT('',#12499);
#5139=VERTEX_POINT('',#12503);
#5140=VERTEX_POINT('',#12507);
#5141=VERTEX_POINT('',#12509);
#5142=VERTEX_POINT('',#12513);
#5143=VERTEX_POINT('',#12517);
#5144=VERTEX_POINT('',#12521);
#5145=VERTEX_POINT('',#12525);
#5146=VERTEX_POINT('',#12529);
#5147=VERTEX_POINT('',#12533);
#5148=VERTEX_POINT('',#12537);
#5149=VERTEX_POINT('',#12540);
#5150=VERTEX_POINT('',#12541);
#5151=VERTEX_POINT('',#12543);
#5152=VERTEX_POINT('',#12545);
#5153=VERTEX_POINT('',#12547);
#5154=VERTEX_POINT('',#12549);
#5155=VERTEX_POINT('',#12551);
#5156=VERTEX_POINT('',#12553);
#5157=VERTEX_POINT('',#12556);
#5158=VERTEX_POINT('',#12557);
#5159=VERTEX_POINT('',#12559);
#5160=VERTEX_POINT('',#12561);
#5161=VERTEX_POINT('',#12563);
#5162=VERTEX_POINT('',#12565);
#5163=VERTEX_POINT('',#12569);
#5164=VERTEX_POINT('',#12573);
#5165=VERTEX_POINT('',#12577);
#5166=VERTEX_POINT('',#12579);
#5167=VERTEX_POINT('',#12581);
#5168=VERTEX_POINT('',#12584);
#5169=VERTEX_POINT('',#12585);
#5170=VERTEX_POINT('',#12587);
#5171=VERTEX_POINT('',#12589);
#5172=VERTEX_POINT('',#12591);
#5173=VERTEX_POINT('',#12593);
#5174=VERTEX_POINT('',#12596);
#5175=VERTEX_POINT('',#12597);
#5176=VERTEX_POINT('',#12599);
#5177=VERTEX_POINT('',#12601);
#5178=VERTEX_POINT('',#12603);
#5179=VERTEX_POINT('',#12605);
#5180=VERTEX_POINT('',#12607);
#5181=VERTEX_POINT('',#12609);
#5182=VERTEX_POINT('',#12612);
#5183=VERTEX_POINT('',#12613);
#5184=VERTEX_POINT('',#12615);
#5185=VERTEX_POINT('',#12617);
#5186=VERTEX_POINT('',#12619);
#5187=VERTEX_POINT('',#12621);
#5188=VERTEX_POINT('',#12623);
#5189=VERTEX_POINT('',#12625);
#5190=VERTEX_POINT('',#12627);
#5191=VERTEX_POINT('',#12629);
#5192=VERTEX_POINT('',#12631);
#5193=VERTEX_POINT('',#12633);
#5194=VERTEX_POINT('',#12636);
#5195=VERTEX_POINT('',#12637);
#5196=VERTEX_POINT('',#12639);
#5197=VERTEX_POINT('',#12641);
#5198=VERTEX_POINT('',#12643);
#5199=VERTEX_POINT('',#12645);
#5200=VERTEX_POINT('',#12647);
#5201=VERTEX_POINT('',#12649);
#5202=VERTEX_POINT('',#12651);
#5203=VERTEX_POINT('',#12654);
#5204=VERTEX_POINT('',#12655);
#5205=VERTEX_POINT('',#12657);
#5206=VERTEX_POINT('',#12661);
#5207=VERTEX_POINT('',#12665);
#5208=VERTEX_POINT('',#12669);
#5209=VERTEX_POINT('',#12673);
#5210=VERTEX_POINT('',#12675);
#5211=VERTEX_POINT('',#12677);
#5212=VERTEX_POINT('',#12679);
#5213=VERTEX_POINT('',#12683);
#5214=VERTEX_POINT('',#12687);
#5215=VERTEX_POINT('',#12691);
#5216=VERTEX_POINT('',#12695);
#5217=VERTEX_POINT('',#12698);
#5218=VERTEX_POINT('',#12699);
#5219=VERTEX_POINT('',#12701);
#5220=VERTEX_POINT('',#12703);
#5221=VERTEX_POINT('',#12705);
#5222=VERTEX_POINT('',#12707);
#5223=VERTEX_POINT('',#12709);
#5224=VERTEX_POINT('',#12711);
#5225=VERTEX_POINT('',#12713);
#5226=VERTEX_POINT('',#12715);
#5227=VERTEX_POINT('',#12717);
#5228=VERTEX_POINT('',#12719);
#5229=VERTEX_POINT('',#12721);
#5230=VERTEX_POINT('',#12723);
#5231=VERTEX_POINT('',#12725);
#5232=VERTEX_POINT('',#12727);
#5233=VERTEX_POINT('',#12729);
#5234=VERTEX_POINT('',#12731);
#5235=VERTEX_POINT('',#12734);
#5236=VERTEX_POINT('',#12735);
#5237=VERTEX_POINT('',#12737);
#5238=VERTEX_POINT('',#12739);
#5239=VERTEX_POINT('',#12741);
#5240=VERTEX_POINT('',#12743);
#5241=VERTEX_POINT('',#12745);
#5242=VERTEX_POINT('',#12747);
#5243=VERTEX_POINT('',#12749);
#5244=VERTEX_POINT('',#12751);
#5245=VERTEX_POINT('',#12753);
#5246=VERTEX_POINT('',#12755);
#5247=VERTEX_POINT('',#12758);
#5248=VERTEX_POINT('',#12759);
#5249=VERTEX_POINT('',#12761);
#5250=VERTEX_POINT('',#12763);
#5251=VERTEX_POINT('',#12767);
#5252=VERTEX_POINT('',#12771);
#5253=VERTEX_POINT('',#12775);
#5254=VERTEX_POINT('',#12779);
#5255=VERTEX_POINT('',#12783);
#5256=VERTEX_POINT('',#12785);
#5257=VERTEX_POINT('',#12787);
#5258=VERTEX_POINT('',#12791);
#5259=VERTEX_POINT('',#12795);
#5260=VERTEX_POINT('',#12799);
#5261=VERTEX_POINT('',#12801);
#5262=VERTEX_POINT('',#12803);
#5263=VERTEX_POINT('',#12805);
#5264=VERTEX_POINT('',#12809);
#5265=VERTEX_POINT('',#12813);
#5266=VERTEX_POINT('',#12816);
#5267=VERTEX_POINT('',#12817);
#5268=VERTEX_POINT('',#12819);
#5269=VERTEX_POINT('',#12821);
#5270=VERTEX_POINT('',#12823);
#5271=VERTEX_POINT('',#12825);
#5272=VERTEX_POINT('',#12827);
#5273=VERTEX_POINT('',#12829);
#5274=VERTEX_POINT('',#12831);
#5275=VERTEX_POINT('',#12836);
#5276=VERTEX_POINT('',#12837);
#5277=VERTEX_POINT('',#12841);
#5278=VERTEX_POINT('',#12845);
#5279=VERTEX_POINT('',#12849);
#5280=VERTEX_POINT('',#12851);
#5281=VERTEX_POINT('',#12853);
#5282=VERTEX_POINT('',#12855);
#5283=VERTEX_POINT('',#12859);
#5284=VERTEX_POINT('',#12863);
#5285=VERTEX_POINT('',#12867);
#5286=VERTEX_POINT('',#12871);
#5287=VERTEX_POINT('',#12875);
#5288=VERTEX_POINT('',#12879);
#5289=VERTEX_POINT('',#12883);
#5290=VERTEX_POINT('',#12887);
#5291=VERTEX_POINT('',#12891);
#5292=VERTEX_POINT('',#12895);
#5293=VERTEX_POINT('',#12897);
#5294=VERTEX_POINT('',#12901);
#5295=VERTEX_POINT('',#12905);
#5296=VERTEX_POINT('',#12909);
#5297=VERTEX_POINT('',#12913);
#5298=VERTEX_POINT('',#12917);
#5299=VERTEX_POINT('',#12921);
#5300=VERTEX_POINT('',#12926);
#5301=VERTEX_POINT('',#12927);
#5302=VERTEX_POINT('',#12929);
#5303=VERTEX_POINT('',#12931);
#5304=VERTEX_POINT('',#12933);
#5305=VERTEX_POINT('',#12937);
#5306=VERTEX_POINT('',#12939);
#5307=VERTEX_POINT('',#12941);
#5308=VERTEX_POINT('',#12943);
#5309=VERTEX_POINT('',#12945);
#5310=VERTEX_POINT('',#12947);
#5311=VERTEX_POINT('',#12949);
#5312=VERTEX_POINT('',#12951);
#5313=VERTEX_POINT('',#12953);
#5314=VERTEX_POINT('',#12955);
#5315=VERTEX_POINT('',#12957);
#5316=VERTEX_POINT('',#12959);
#5317=VERTEX_POINT('',#12961);
#5318=VERTEX_POINT('',#12965);
#5319=VERTEX_POINT('',#12967);
#5320=VERTEX_POINT('',#12972);
#5321=VERTEX_POINT('',#12973);
#5322=VERTEX_POINT('',#12977);
#5323=VERTEX_POINT('',#12981);
#5324=VERTEX_POINT('',#12985);
#5325=VERTEX_POINT('',#12987);
#5326=VERTEX_POINT('',#12989);
#5327=VERTEX_POINT('',#12991);
#5328=VERTEX_POINT('',#12995);
#5329=VERTEX_POINT('',#12999);
#5330=VERTEX_POINT('',#13003);
#5331=VERTEX_POINT('',#13007);
#5332=VERTEX_POINT('',#13011);
#5333=VERTEX_POINT('',#13015);
#5334=VERTEX_POINT('',#13019);
#5335=VERTEX_POINT('',#13023);
#5336=VERTEX_POINT('',#13027);
#5337=VERTEX_POINT('',#13031);
#5338=VERTEX_POINT('',#13033);
#5339=VERTEX_POINT('',#13037);
#5340=VERTEX_POINT('',#13041);
#5341=VERTEX_POINT('',#13045);
#5342=VERTEX_POINT('',#13049);
#5343=VERTEX_POINT('',#13053);
#5344=VERTEX_POINT('',#13057);
#5345=VERTEX_POINT('',#13062);
#5346=VERTEX_POINT('',#13063);
#5347=VERTEX_POINT('',#13065);
#5348=VERTEX_POINT('',#13069);
#5349=VERTEX_POINT('',#13073);
#5350=VERTEX_POINT('',#13077);
#5351=VERTEX_POINT('',#13081);
#5352=VERTEX_POINT('',#13083);
#5353=VERTEX_POINT('',#13087);
#5354=VERTEX_POINT('',#13091);
#5355=VERTEX_POINT('',#13095);
#5356=VERTEX_POINT('',#13098);
#5357=VERTEX_POINT('',#13099);
#5358=VERTEX_POINT('',#13103);
#5359=VERTEX_POINT('',#13105);
#5360=VERTEX_POINT('',#13107);
#5361=VERTEX_POINT('',#13109);
#5362=VERTEX_POINT('',#13111);
#5363=VERTEX_POINT('',#13113);
#5364=VERTEX_POINT('',#13115);
#5365=VERTEX_POINT('',#13117);
#5366=VERTEX_POINT('',#13119);
#5367=VERTEX_POINT('',#13121);
#5368=VERTEX_POINT('',#13123);
#5369=VERTEX_POINT('',#13125);
#5370=VERTEX_POINT('',#13127);
#5371=VERTEX_POINT('',#13132);
#5372=VERTEX_POINT('',#13133);
#5373=VERTEX_POINT('',#13137);
#5374=VERTEX_POINT('',#13141);
#5375=VERTEX_POINT('',#13145);
#5376=VERTEX_POINT('',#13149);
#5377=VERTEX_POINT('',#13153);
#5378=VERTEX_POINT('',#13157);
#5379=VERTEX_POINT('',#13159);
#5380=VERTEX_POINT('',#13161);
#5381=VERTEX_POINT('',#13165);
#5382=VERTEX_POINT('',#13169);
#5383=VERTEX_POINT('',#13171);
#5384=VERTEX_POINT('',#13173);
#5385=VERTEX_POINT('',#13176);
#5386=VERTEX_POINT('',#13177);
#5387=VERTEX_POINT('',#13179);
#5388=VERTEX_POINT('',#13183);
#5389=VERTEX_POINT('',#13187);
#5390=VERTEX_POINT('',#13191);
#5391=VERTEX_POINT('',#13195);
#5392=VERTEX_POINT('',#13197);
#5393=VERTEX_POINT('',#13199);
#5394=VERTEX_POINT('',#13201);
#5395=VERTEX_POINT('',#13203);
#5396=VERTEX_POINT('',#13205);
#5397=VERTEX_POINT('',#13207);
#5398=VERTEX_POINT('',#13209);
#5399=VERTEX_POINT('',#13213);
#5400=VERTEX_POINT('',#13217);
#5401=VERTEX_POINT('',#13221);
#5402=VERTEX_POINT('',#13224);
#5403=VERTEX_POINT('',#13225);
#5404=VERTEX_POINT('',#13227);
#5405=VERTEX_POINT('',#13229);
#5406=VERTEX_POINT('',#13234);
#5407=VERTEX_POINT('',#13235);
#5408=VERTEX_POINT('',#13239);
#5409=VERTEX_POINT('',#13241);
#5410=VERTEX_POINT('',#13243);
#5411=VERTEX_POINT('',#13247);
#5412=VERTEX_POINT('',#13251);
#5413=VERTEX_POINT('',#13253);
#5414=VERTEX_POINT('',#13256);
#5415=VERTEX_POINT('',#13257);
#5416=VERTEX_POINT('',#13259);
#5417=VERTEX_POINT('',#13261);
#5418=VERTEX_POINT('',#13264);
#5419=VERTEX_POINT('',#13265);
#5420=VERTEX_POINT('',#13267);
#5421=VERTEX_POINT('',#13271);
#5422=VERTEX_POINT('',#13275);
#5423=VERTEX_POINT('',#13279);
#5424=VERTEX_POINT('',#13283);
#5425=VERTEX_POINT('',#13287);
#5426=VERTEX_POINT('',#13291);
#5427=VERTEX_POINT('',#13293);
#5428=VERTEX_POINT('',#13295);
#5429=VERTEX_POINT('',#13297);
#5430=VERTEX_POINT('',#13299);
#5431=VERTEX_POINT('',#13301);
#5432=VERTEX_POINT('',#13303);
#5433=VERTEX_POINT('',#13306);
#5434=VERTEX_POINT('',#13308);
#5435=VERTEX_POINT('',#13310);
#5436=VERTEX_POINT('',#13314);
#5437=VERTEX_POINT('',#13315);
#5438=VERTEX_POINT('',#13319);
#5439=VERTEX_POINT('',#13323);
#5440=VERTEX_POINT('',#13327);
#5441=VERTEX_POINT('',#13331);
#5442=VERTEX_POINT('',#13335);
#5443=VERTEX_POINT('',#13338);
#5444=VERTEX_POINT('',#13339);
#5445=VERTEX_POINT('',#13341);
#5446=VERTEX_POINT('',#13343);
#5447=VERTEX_POINT('',#13346);
#5448=VERTEX_POINT('',#13347);
#5449=VERTEX_POINT('',#13349);
#5450=VERTEX_POINT('',#13353);
#5451=VERTEX_POINT('',#13357);
#5452=VERTEX_POINT('',#13361);
#5453=VERTEX_POINT('',#13365);
#5454=VERTEX_POINT('',#13367);
#5455=VERTEX_POINT('',#13371);
#5456=VERTEX_POINT('',#13375);
#5457=VERTEX_POINT('',#13379);
#5458=VERTEX_POINT('',#13382);
#5459=VERTEX_POINT('',#13383);
#5460=VERTEX_POINT('',#13385);
#5461=VERTEX_POINT('',#13387);
#5462=VERTEX_POINT('',#13391);
#5463=VERTEX_POINT('',#13395);
#5464=VERTEX_POINT('',#13399);
#5465=VERTEX_POINT('',#13403);
#5466=VERTEX_POINT('',#13407);
#5467=VERTEX_POINT('',#13409);
#5468=VERTEX_POINT('',#13411);
#5469=VERTEX_POINT('',#13415);
#5470=VERTEX_POINT('',#13419);
#5471=VERTEX_POINT('',#13423);
#5472=VERTEX_POINT('',#13425);
#5473=VERTEX_POINT('',#13427);
#5474=VERTEX_POINT('',#13429);
#5475=VERTEX_POINT('',#13433);
#5476=VERTEX_POINT('',#13437);
#5477=VERTEX_POINT('',#13442);
#5478=VERTEX_POINT('',#13443);
#5479=VERTEX_POINT('',#13447);
#5480=VERTEX_POINT('',#13451);
#5481=VERTEX_POINT('',#13455);
#5482=VERTEX_POINT('',#13459);
#5483=VERTEX_POINT('',#13461);
#5484=VERTEX_POINT('',#13463);
#5485=VERTEX_POINT('',#13465);
#5486=VERTEX_POINT('',#13467);
#5487=VERTEX_POINT('',#13469);
#5488=VERTEX_POINT('',#13471);
#5489=VERTEX_POINT('',#13473);
#5490=VERTEX_POINT('',#13475);
#5491=VERTEX_POINT('',#13477);
#5492=VERTEX_POINT('',#13480);
#5493=VERTEX_POINT('',#13481);
#5494=VERTEX_POINT('',#13483);
#5495=VERTEX_POINT('',#13487);
#5496=VERTEX_POINT('',#13491);
#5497=VERTEX_POINT('',#13495);
#5498=VERTEX_POINT('',#13499);
#5499=VERTEX_POINT('',#13501);
#5500=VERTEX_POINT('',#13503);
#5501=VERTEX_POINT('',#13505);
#5502=VERTEX_POINT('',#13507);
#5503=VERTEX_POINT('',#13509);
#5504=VERTEX_POINT('',#13511);
#5505=VERTEX_POINT('',#13513);
#5506=VERTEX_POINT('',#13517);
#5507=VERTEX_POINT('',#13521);
#5508=VERTEX_POINT('',#13525);
#5509=VERTEX_POINT('',#13528);
#5510=VERTEX_POINT('',#13529);
#5511=VERTEX_POINT('',#13531);
#5512=VERTEX_POINT('',#13533);
#5513=VERTEX_POINT('',#13538);
#5514=VERTEX_POINT('',#13539);
#5515=VERTEX_POINT('',#13543);
#5516=VERTEX_POINT('',#13547);
#5517=VERTEX_POINT('',#13551);
#5518=VERTEX_POINT('',#13555);
#5519=VERTEX_POINT('',#13559);
#5520=VERTEX_POINT('',#13561);
#5521=VERTEX_POINT('',#13565);
#5522=VERTEX_POINT('',#13569);
#5523=VERTEX_POINT('',#13573);
#5524=VERTEX_POINT('',#13577);
#5525=VERTEX_POINT('',#13581);
#5526=VERTEX_POINT('',#13585);
#5527=VERTEX_POINT('',#13589);
#5528=VERTEX_POINT('',#13592);
#5529=VERTEX_POINT('',#13593);
#5530=VERTEX_POINT('',#13597);
#5531=VERTEX_POINT('',#13599);
#5532=VERTEX_POINT('',#13601);
#5533=VERTEX_POINT('',#13603);
#5534=VERTEX_POINT('',#13605);
#5535=VERTEX_POINT('',#13607);
#5536=VERTEX_POINT('',#13609);
#5537=VERTEX_POINT('',#13611);
#5538=VERTEX_POINT('',#13613);
#5539=VERTEX_POINT('',#13615);
#5540=VERTEX_POINT('',#13617);
#5541=VERTEX_POINT('',#13619);
#5542=VERTEX_POINT('',#13621);
#5543=VERTEX_POINT('',#13626);
#5544=VERTEX_POINT('',#13627);
#5545=VERTEX_POINT('',#13631);
#5546=VERTEX_POINT('',#13635);
#5547=VERTEX_POINT('',#13639);
#5548=VERTEX_POINT('',#13643);
#5549=VERTEX_POINT('',#13645);
#5550=VERTEX_POINT('',#13649);
#5551=VERTEX_POINT('',#13651);
#5552=VERTEX_POINT('',#13653);
#5553=VERTEX_POINT('',#13655);
#5554=VERTEX_POINT('',#13659);
#5555=VERTEX_POINT('',#13663);
#5556=VERTEX_POINT('',#13667);
#5557=VERTEX_POINT('',#13671);
#5558=VERTEX_POINT('',#13674);
#5559=VERTEX_POINT('',#13675);
#5560=VERTEX_POINT('',#13677);
#5561=VERTEX_POINT('',#13679);
#5562=VERTEX_POINT('',#13681);
#5563=VERTEX_POINT('',#13683);
#5564=VERTEX_POINT('',#13685);
#5565=VERTEX_POINT('',#13687);
#5566=VERTEX_POINT('',#13690);
#5567=VERTEX_POINT('',#13691);
#5568=VERTEX_POINT('',#13693);
#5569=VERTEX_POINT('',#13695);
#5570=VERTEX_POINT('',#13697);
#5571=VERTEX_POINT('',#13699);
#5572=VERTEX_POINT('',#13701);
#5573=VERTEX_POINT('',#13703);
#5574=VERTEX_POINT('',#13705);
#5575=VERTEX_POINT('',#13707);
#5576=VERTEX_POINT('',#13709);
#5577=VERTEX_POINT('',#13711);
#5578=VERTEX_POINT('',#13714);
#5579=VERTEX_POINT('',#13715);
#5580=VERTEX_POINT('',#13717);
#5581=VERTEX_POINT('',#13719);
#5582=VERTEX_POINT('',#13721);
#5583=VERTEX_POINT('',#13723);
#5584=VERTEX_POINT('',#13726);
#5585=VERTEX_POINT('',#13727);
#5586=VERTEX_POINT('',#13729);
#5587=VERTEX_POINT('',#13731);
#5588=VERTEX_POINT('',#13733);
#5589=VERTEX_POINT('',#13735);
#5590=VERTEX_POINT('',#13739);
#5591=VERTEX_POINT('',#13740);
#5592=VERTEX_POINT('',#13742);
#5593=VERTEX_POINT('',#13744);
#5594=VERTEX_POINT('',#13746);
#5595=VERTEX_POINT('',#13748);
#5596=VERTEX_POINT('',#13751);
#5597=VERTEX_POINT('',#13752);
#5598=VERTEX_POINT('',#13754);
#5599=VERTEX_POINT('',#13756);
#5600=VERTEX_POINT('',#13758);
#5601=VERTEX_POINT('',#13760);
#5602=VERTEX_POINT('',#13763);
#5603=VERTEX_POINT('',#13764);
#5604=VERTEX_POINT('',#13766);
#5605=VERTEX_POINT('',#13768);
#5606=VERTEX_POINT('',#13770);
#5607=VERTEX_POINT('',#13772);
#5608=VERTEX_POINT('',#13775);
#5609=VERTEX_POINT('',#13777);
#5610=VERTEX_POINT('',#13778);
#5611=VERTEX_POINT('',#13780);
#5612=VERTEX_POINT('',#13782);
#5613=VERTEX_POINT('',#13784);
#5614=VERTEX_POINT('',#13786);
#5615=VERTEX_POINT('',#13791);
#5616=VERTEX_POINT('',#13793);
#5617=VERTEX_POINT('',#13802);
#5618=VERTEX_POINT('',#13806);
#5619=VERTEX_POINT('',#13813);
#5620=VERTEX_POINT('',#13817);
#5621=VERTEX_POINT('',#13819);
#5622=VERTEX_POINT('',#13825);
#5623=VERTEX_POINT('',#13833);
#5624=VERTEX_POINT('',#13835);
#5625=VERTEX_POINT('',#13840);
#5626=VERTEX_POINT('',#13847);
#5627=VERTEX_POINT('',#13854);
#5628=VERTEX_POINT('',#13856);
#5629=VERTEX_POINT('',#13860);
#5630=VERTEX_POINT('',#13864);
#5631=VERTEX_POINT('',#13868);
#5632=VERTEX_POINT('',#13872);
#5633=VERTEX_POINT('',#13876);
#5634=VERTEX_POINT('',#13878);
#5635=VERTEX_POINT('',#13882);
#5636=VERTEX_POINT('',#13886);
#5637=VERTEX_POINT('',#13890);
#5638=VERTEX_POINT('',#13894);
#5639=VERTEX_POINT('',#13898);
#5640=VERTEX_POINT('',#13900);
#5641=VERTEX_POINT('',#13904);
#5642=VERTEX_POINT('',#13908);
#5643=VERTEX_POINT('',#13912);
#5644=VERTEX_POINT('',#13916);
#5645=VERTEX_POINT('',#13920);
#5646=VERTEX_POINT('',#13924);
#5647=VERTEX_POINT('',#13928);
#5648=VERTEX_POINT('',#13932);
#5649=VERTEX_POINT('',#13936);
#5650=VERTEX_POINT('',#13940);
#5651=VERTEX_POINT('',#13944);
#5652=VERTEX_POINT('',#13946);
#5653=VERTEX_POINT('',#13950);
#5654=VERTEX_POINT('',#13954);
#5655=VERTEX_POINT('',#13958);
#5656=VERTEX_POINT('',#13962);
#5657=VERTEX_POINT('',#13966);
#5658=VERTEX_POINT('',#13970);
#5659=VERTEX_POINT('',#13981);
#5660=VERTEX_POINT('',#13985);
#5661=VERTEX_POINT('',#13998);
#5662=VERTEX_POINT('',#14011);
#5663=VERTEX_POINT('',#14024);
#5664=VERTEX_POINT('',#14037);
#5665=VERTEX_POINT('',#14041);
#5666=VERTEX_POINT('',#14054);
#5667=VERTEX_POINT('',#14058);
#5668=VERTEX_POINT('',#14062);
#5669=VERTEX_POINT('',#14066);
#5670=VERTEX_POINT('',#14079);
#5671=VERTEX_POINT('',#14092);
#5672=VERTEX_POINT('',#14105);
#5673=VERTEX_POINT('',#14118);
#5674=VERTEX_POINT('',#14122);
#5675=VERTEX_POINT('',#14124);
#5676=VERTEX_POINT('',#14137);
#5677=VERTEX_POINT('',#14141);
#5678=VERTEX_POINT('',#14145);
#5679=VERTEX_POINT('',#14149);
#5680=VERTEX_POINT('',#14153);
#5681=VERTEX_POINT('',#14157);
#5682=VERTEX_POINT('',#14161);
#5683=VERTEX_POINT('',#14165);
#5684=VERTEX_POINT('',#14169);
#5685=VERTEX_POINT('',#14173);
#5686=VERTEX_POINT('',#14177);
#5687=VERTEX_POINT('',#14181);
#5688=VERTEX_POINT('',#14185);
#5689=VERTEX_POINT('',#14196);
#5690=VERTEX_POINT('',#14200);
#5691=VERTEX_POINT('',#14213);
#5692=VERTEX_POINT('',#14226);
#5693=VERTEX_POINT('',#14239);
#5694=VERTEX_POINT('',#14252);
#5695=VERTEX_POINT('',#14265);
#5696=VERTEX_POINT('',#14269);
#5697=VERTEX_POINT('',#14282);
#5698=VERTEX_POINT('',#14295);
#5699=VERTEX_POINT('',#14308);
#5700=VERTEX_POINT('',#14321);
#5701=VERTEX_POINT('',#14334);
#5702=VERTEX_POINT('',#14347);
#5703=VERTEX_POINT('',#14360);
#5704=VERTEX_POINT('',#14364);
#5705=VERTEX_POINT('',#14366);
#5706=VERTEX_POINT('',#14370);
#5707=VERTEX_POINT('',#14374);
#5708=VERTEX_POINT('',#14378);
#5709=VERTEX_POINT('',#14380);
#5710=VERTEX_POINT('',#14384);
#5711=VERTEX_POINT('',#14397);
#5712=VERTEX_POINT('',#14410);
#5713=VERTEX_POINT('',#14423);
#5714=VERTEX_POINT('',#14436);
#5715=VERTEX_POINT('',#14440);
#5716=VERTEX_POINT('',#14444);
#5717=VERTEX_POINT('',#14448);
#5718=VERTEX_POINT('',#14452);
#5719=VERTEX_POINT('',#14456);
#5720=VERTEX_POINT('',#14460);
#5721=VERTEX_POINT('',#14464);
#5722=VERTEX_POINT('',#14477);
#5723=VERTEX_POINT('',#14490);
#5724=VERTEX_POINT('',#14503);
#5725=VERTEX_POINT('',#14514);
#5726=VERTEX_POINT('',#14518);
#5727=VERTEX_POINT('',#14531);
#5728=VERTEX_POINT('',#14544);
#5729=VERTEX_POINT('',#14557);
#5730=VERTEX_POINT('',#14570);
#5731=VERTEX_POINT('',#14574);
#5732=VERTEX_POINT('',#14578);
#5733=VERTEX_POINT('',#14582);
#5734=VERTEX_POINT('',#14586);
#5735=VERTEX_POINT('',#14590);
#5736=VERTEX_POINT('',#14594);
#5737=VERTEX_POINT('',#14598);
#5738=VERTEX_POINT('',#14602);
#5739=VERTEX_POINT('',#14606);
#5740=VERTEX_POINT('',#14610);
#5741=VERTEX_POINT('',#14612);
#5742=VERTEX_POINT('',#14616);
#5743=VERTEX_POINT('',#14620);
#5744=VERTEX_POINT('',#14633);
#5745=VERTEX_POINT('',#14646);
#5746=VERTEX_POINT('',#14659);
#5747=VERTEX_POINT('',#14672);
#5748=VERTEX_POINT('',#14685);
#5749=VERTEX_POINT('',#14689);
#5750=VERTEX_POINT('',#14693);
#5751=VERTEX_POINT('',#14706);
#5752=VERTEX_POINT('',#14719);
#5753=VERTEX_POINT('',#14732);
#5754=VERTEX_POINT('',#14736);
#5755=VERTEX_POINT('',#14740);
#5756=VERTEX_POINT('',#14744);
#5757=VERTEX_POINT('',#14757);
#5758=VERTEX_POINT('',#14770);
#5759=VERTEX_POINT('',#14774);
#5760=VERTEX_POINT('',#14776);
#5761=VERTEX_POINT('',#14780);
#5762=VERTEX_POINT('',#14793);
#5763=VERTEX_POINT('',#14806);
#5764=VERTEX_POINT('',#14819);
#5765=VERTEX_POINT('',#14832);
#5766=VERTEX_POINT('',#14836);
#5767=VERTEX_POINT('',#14849);
#5768=VERTEX_POINT('',#14862);
#5769=VERTEX_POINT('',#14875);
#5770=VERTEX_POINT('',#14879);
#5771=VERTEX_POINT('',#14881);
#5772=VERTEX_POINT('',#14885);
#5773=VERTEX_POINT('',#14889);
#5774=VERTEX_POINT('',#14900);
#5775=VERTEX_POINT('',#14904);
#5776=VERTEX_POINT('',#14917);
#5777=VERTEX_POINT('',#14930);
#5778=VERTEX_POINT('',#14943);
#5779=VERTEX_POINT('',#14956);
#5780=VERTEX_POINT('',#14969);
#5781=VERTEX_POINT('',#14973);
#5782=VERTEX_POINT('',#14975);
#5783=VERTEX_POINT('',#14979);
#5784=VERTEX_POINT('',#14992);
#5785=VERTEX_POINT('',#15005);
#5786=VERTEX_POINT('',#15018);
#5787=VERTEX_POINT('',#15031);
#5788=VERTEX_POINT('',#15044);
#5789=VERTEX_POINT('',#15057);
#5790=VERTEX_POINT('',#15061);
#5791=VERTEX_POINT('',#15065);
#5792=VERTEX_POINT('',#15069);
#5793=VERTEX_POINT('',#15073);
#5794=VERTEX_POINT('',#15077);
#5795=VERTEX_POINT('',#15081);
#5796=VERTEX_POINT('',#15085);
#5797=VERTEX_POINT('',#15087);
#5798=VERTEX_POINT('',#15091);
#5799=VERTEX_POINT('',#15095);
#5800=VERTEX_POINT('',#15106);
#5801=VERTEX_POINT('',#15110);
#5802=VERTEX_POINT('',#15123);
#5803=VERTEX_POINT('',#15127);
#5804=VERTEX_POINT('',#15131);
#5805=VERTEX_POINT('',#15144);
#5806=VERTEX_POINT('',#15157);
#5807=VERTEX_POINT('',#15161);
#5808=VERTEX_POINT('',#15165);
#5809=VERTEX_POINT('',#15167);
#5810=VERTEX_POINT('',#15171);
#5811=VERTEX_POINT('',#15175);
#5812=VERTEX_POINT('',#15179);
#5813=VERTEX_POINT('',#15181);
#5814=VERTEX_POINT('',#15185);
#5815=VERTEX_POINT('',#15198);
#5816=VERTEX_POINT('',#15211);
#5817=VERTEX_POINT('',#15224);
#5818=VERTEX_POINT('',#15237);
#5819=VERTEX_POINT('',#15241);
#5820=VERTEX_POINT('',#15245);
#5821=VERTEX_POINT('',#15249);
#5822=VERTEX_POINT('',#15253);
#5823=VERTEX_POINT('',#15257);
#5824=VERTEX_POINT('',#15261);
#5825=VERTEX_POINT('',#15265);
#5826=VERTEX_POINT('',#15278);
#5827=VERTEX_POINT('',#15291);
#5828=VERTEX_POINT('',#15304);
#5829=VERTEX_POINT('',#15315);
#5830=VERTEX_POINT('',#15319);
#5831=VERTEX_POINT('',#15332);
#5832=VERTEX_POINT('',#15345);
#5833=VERTEX_POINT('',#15358);
#5834=VERTEX_POINT('',#15371);
#5835=VERTEX_POINT('',#15384);
#5836=VERTEX_POINT('',#15397);
#5837=VERTEX_POINT('',#15401);
#5838=VERTEX_POINT('',#15405);
#5839=VERTEX_POINT('',#15418);
#5840=VERTEX_POINT('',#15431);
#5841=VERTEX_POINT('',#15435);
#5842=VERTEX_POINT('',#15439);
#5843=VERTEX_POINT('',#15443);
#5844=VERTEX_POINT('',#15445);
#5845=VERTEX_POINT('',#15458);
#5846=VERTEX_POINT('',#15462);
#5847=VERTEX_POINT('',#15466);
#5848=VERTEX_POINT('',#15470);
#5849=VERTEX_POINT('',#15474);
#5850=VERTEX_POINT('',#15478);
#5851=VERTEX_POINT('',#15482);
#5852=VERTEX_POINT('',#15486);
#5853=VERTEX_POINT('',#15490);
#5854=VERTEX_POINT('',#15494);
#5855=VERTEX_POINT('',#15498);
#5856=VERTEX_POINT('',#15502);
#5857=VERTEX_POINT('',#15506);
#5858=VERTEX_POINT('',#15510);
#5859=VERTEX_POINT('',#15512);
#5860=VERTEX_POINT('',#15516);
#5861=VERTEX_POINT('',#15529);
#5862=VERTEX_POINT('',#15542);
#5863=VERTEX_POINT('',#15555);
#5864=VERTEX_POINT('',#15568);
#5865=VERTEX_POINT('',#15572);
#5866=VERTEX_POINT('',#15585);
#5867=VERTEX_POINT('',#15598);
#5868=VERTEX_POINT('',#15611);
#5869=VERTEX_POINT('',#15622);
#5870=VERTEX_POINT('',#15626);
#5871=VERTEX_POINT('',#15639);
#5872=VERTEX_POINT('',#15652);
#5873=VERTEX_POINT('',#15665);
#5874=VERTEX_POINT('',#15669);
#5875=VERTEX_POINT('',#15673);
#5876=VERTEX_POINT('',#15677);
#5877=VERTEX_POINT('',#15690);
#5878=VERTEX_POINT('',#15703);
#5879=VERTEX_POINT('',#15716);
#5880=VERTEX_POINT('',#15729);
#5881=VERTEX_POINT('',#15742);
#5882=VERTEX_POINT('',#15755);
#5883=VERTEX_POINT('',#15768);
#5884=VERTEX_POINT('',#15781);
#5885=VERTEX_POINT('',#15794);
#5886=VERTEX_POINT('',#15807);
#5887=VERTEX_POINT('',#15811);
#5888=VERTEX_POINT('',#15824);
#5889=VERTEX_POINT('',#15837);
#5890=VERTEX_POINT('',#15850);
#5891=VERTEX_POINT('',#15863);
#5892=VERTEX_POINT('',#15876);
#5893=VERTEX_POINT('',#15889);
#5894=VERTEX_POINT('',#15893);
#5895=VERTEX_POINT('',#15895);
#5896=VERTEX_POINT('',#15899);
#5897=VERTEX_POINT('',#15903);
#5898=VERTEX_POINT('',#15907);
#5899=VERTEX_POINT('',#15920);
#5900=VERTEX_POINT('',#15924);
#5901=VERTEX_POINT('',#15928);
#5902=VERTEX_POINT('',#15932);
#5903=VERTEX_POINT('',#15936);
#5904=VERTEX_POINT('',#15940);
#5905=VERTEX_POINT('',#15944);
#5906=VERTEX_POINT('',#15948);
#5907=VERTEX_POINT('',#15952);
#5908=VERTEX_POINT('',#15956);
#5909=VERTEX_POINT('',#15960);
#5910=VERTEX_POINT('',#15964);
#5911=VERTEX_POINT('',#15968);
#5912=VERTEX_POINT('',#15981);
#5913=VERTEX_POINT('',#15985);
#5914=VERTEX_POINT('',#15996);
#5915=VERTEX_POINT('',#16000);
#5916=VERTEX_POINT('',#16013);
#5917=VERTEX_POINT('',#16026);
#5918=VERTEX_POINT('',#16039);
#5919=VERTEX_POINT('',#16043);
#5920=VERTEX_POINT('',#16047);
#5921=VERTEX_POINT('',#16051);
#5922=VERTEX_POINT('',#16064);
#5923=VERTEX_POINT('',#16077);
#5924=VERTEX_POINT('',#16090);
#5925=VERTEX_POINT('',#16103);
#5926=VERTEX_POINT('',#16116);
#5927=VERTEX_POINT('',#16129);
#5928=VERTEX_POINT('',#16142);
#5929=VERTEX_POINT('',#16155);
#5930=VERTEX_POINT('',#16168);
#5931=VERTEX_POINT('',#16181);
#5932=VERTEX_POINT('',#16185);
#5933=VERTEX_POINT('',#16198);
#5934=VERTEX_POINT('',#16211);
#5935=VERTEX_POINT('',#16224);
#5936=VERTEX_POINT('',#16237);
#5937=VERTEX_POINT('',#16250);
#5938=VERTEX_POINT('',#16263);
#5939=VERTEX_POINT('',#16267);
#5940=VERTEX_POINT('',#16269);
#5941=VERTEX_POINT('',#16273);
#5942=VERTEX_POINT('',#16277);
#5943=VERTEX_POINT('',#16281);
#5944=VERTEX_POINT('',#16285);
#5945=VERTEX_POINT('',#16289);
#5946=VERTEX_POINT('',#16293);
#5947=VERTEX_POINT('',#16297);
#5948=VERTEX_POINT('',#16301);
#5949=VERTEX_POINT('',#16303);
#5950=VERTEX_POINT('',#16307);
#5951=VERTEX_POINT('',#16311);
#5952=VERTEX_POINT('',#16324);
#5953=VERTEX_POINT('',#16337);
#5954=VERTEX_POINT('',#16350);
#5955=VERTEX_POINT('',#16363);
#5956=VERTEX_POINT('',#16376);
#5957=VERTEX_POINT('',#16380);
#5958=VERTEX_POINT('',#16384);
#5959=VERTEX_POINT('',#16397);
#5960=VERTEX_POINT('',#16410);
#5961=VERTEX_POINT('',#16423);
#5962=VERTEX_POINT('',#16427);
#5963=VERTEX_POINT('',#16431);
#5964=VERTEX_POINT('',#16435);
#5965=VERTEX_POINT('',#16448);
#5966=VERTEX_POINT('',#16461);
#5967=VERTEX_POINT('',#16465);
#5968=VERTEX_POINT('',#16467);
#5969=VERTEX_POINT('',#16471);
#5970=VERTEX_POINT('',#16475);
#5971=VERTEX_POINT('',#16479);
#5972=VERTEX_POINT('',#16483);
#5973=VERTEX_POINT('',#16487);
#5974=VERTEX_POINT('',#16491);
#5975=VERTEX_POINT('',#16495);
#5976=VERTEX_POINT('',#16499);
#5977=VERTEX_POINT('',#16503);
#5978=VERTEX_POINT('',#16507);
#5979=VERTEX_POINT('',#16511);
#5980=VERTEX_POINT('',#16513);
#5981=VERTEX_POINT('',#16517);
#5982=VERTEX_POINT('',#16521);
#5983=VERTEX_POINT('',#16525);
#5984=VERTEX_POINT('',#16529);
#5985=VERTEX_POINT('',#16533);
#5986=VERTEX_POINT('',#16537);
#5987=VERTEX_POINT('',#16541);
#5988=VERTEX_POINT('',#16545);
#5989=VERTEX_POINT('',#16549);
#5990=VERTEX_POINT('',#16553);
#5991=VERTEX_POINT('',#16557);
#5992=VERTEX_POINT('',#16561);
#5993=VERTEX_POINT('',#16565);
#5994=VERTEX_POINT('',#16569);
#5995=VERTEX_POINT('',#16573);
#5996=VERTEX_POINT('',#16577);
#5997=VERTEX_POINT('',#16581);
#5998=VERTEX_POINT('',#16583);
#5999=VERTEX_POINT('',#16587);
#6000=VERTEX_POINT('',#16600);
#6001=VERTEX_POINT('',#16613);
#6002=VERTEX_POINT('',#16626);
#6003=VERTEX_POINT('',#16639);
#6004=VERTEX_POINT('',#16643);
#6005=VERTEX_POINT('',#16647);
#6006=VERTEX_POINT('',#16651);
#6007=VERTEX_POINT('',#16664);
#6008=VERTEX_POINT('',#16677);
#6009=VERTEX_POINT('',#16690);
#6010=VERTEX_POINT('',#16703);
#6011=VERTEX_POINT('',#16707);
#6012=VERTEX_POINT('',#16709);
#6013=VERTEX_POINT('',#16713);
#6014=VERTEX_POINT('',#16717);
#6015=VERTEX_POINT('',#16721);
#6016=VERTEX_POINT('',#16725);
#6017=VERTEX_POINT('',#16729);
#6018=VERTEX_POINT('',#16733);
#6019=VERTEX_POINT('',#16737);
#6020=VERTEX_POINT('',#16741);
#6021=VERTEX_POINT('',#16743);
#6022=VERTEX_POINT('',#16747);
#6023=VERTEX_POINT('',#16751);
#6024=VERTEX_POINT('',#16755);
#6025=VERTEX_POINT('',#16759);
#6026=VERTEX_POINT('',#16763);
#6027=VERTEX_POINT('',#16767);
#6028=VERTEX_POINT('',#16771);
#6029=VERTEX_POINT('',#16775);
#6030=VERTEX_POINT('',#16779);
#6031=VERTEX_POINT('',#16783);
#6032=VERTEX_POINT('',#16787);
#6033=VERTEX_POINT('',#16789);
#6034=VERTEX_POINT('',#16793);
#6035=VERTEX_POINT('',#16797);
#6036=VERTEX_POINT('',#16801);
#6037=VERTEX_POINT('',#16805);
#6038=VERTEX_POINT('',#16809);
#6039=VERTEX_POINT('',#16813);
#6040=VERTEX_POINT('',#16817);
#6041=VERTEX_POINT('',#16819);
#6042=VERTEX_POINT('',#16823);
#6043=VERTEX_POINT('',#16827);
#6044=VERTEX_POINT('',#16831);
#6045=VERTEX_POINT('',#16835);
#6046=VERTEX_POINT('',#16839);
#6047=VERTEX_POINT('',#16841);
#6048=VERTEX_POINT('',#16845);
#6049=VERTEX_POINT('',#16849);
#6050=VERTEX_POINT('',#16853);
#6051=VERTEX_POINT('',#16857);
#6052=VERTEX_POINT('',#16870);
#6053=VERTEX_POINT('',#16883);
#6054=VERTEX_POINT('',#16896);
#6055=VERTEX_POINT('',#16900);
#6056=VERTEX_POINT('',#16904);
#6057=VERTEX_POINT('',#16908);
#6058=VERTEX_POINT('',#16910);
#6059=VERTEX_POINT('',#16914);
#6060=VERTEX_POINT('',#16918);
#6061=VERTEX_POINT('',#16922);
#6062=VERTEX_POINT('',#16926);
#6063=VERTEX_POINT('',#16930);
#6064=VERTEX_POINT('',#16934);
#6065=VERTEX_POINT('',#16945);
#6066=VERTEX_POINT('',#16949);
#6067=VERTEX_POINT('',#16962);
#6068=VERTEX_POINT('',#16975);
#6069=VERTEX_POINT('',#16988);
#6070=VERTEX_POINT('',#17001);
#6071=VERTEX_POINT('',#17014);
#6072=VERTEX_POINT('',#17018);
#6073=VERTEX_POINT('',#17031);
#6074=VERTEX_POINT('',#17044);
#6075=VERTEX_POINT('',#17057);
#6076=VERTEX_POINT('',#17070);
#6077=VERTEX_POINT('',#17083);
#6078=VERTEX_POINT('',#17096);
#6079=VERTEX_POINT('',#17109);
#6080=VERTEX_POINT('',#17139);
#6081=VERTEX_POINT('',#17142);
#6082=VERTEX_POINT('',#17145);
#6083=LINE('',#12409,#7105);
#6084=LINE('',#12412,#7106);
#6085=LINE('',#12414,#7107);
#6086=LINE('',#12416,#7108);
#6087=LINE('',#12420,#7109);
#6088=LINE('',#12424,#7110);
#6089=LINE('',#12426,#7111);
#6090=LINE('',#12428,#7112);
#6091=LINE('',#12430,#7113);
#6092=LINE('',#12433,#7114);
#6093=LINE('',#12435,#7115);
#6094=LINE('',#12437,#7116);
#6095=LINE('',#12445,#7117);
#6096=LINE('',#12450,#7118);
#6097=LINE('',#12452,#7119);
#6098=LINE('',#12456,#7120);
#6099=LINE('',#12462,#7121);
#6100=LINE('',#12464,#7122);
#6101=LINE('',#12468,#7123);
#6102=LINE('',#12470,#7124);
#6103=LINE('',#12471,#7125);
#6104=LINE('',#12476,#7126);
#6105=LINE('',#12478,#7127);
#6106=LINE('',#12482,#7128);
#6107=LINE('',#12508,#7129);
#6108=LINE('',#12538,#7130);
#6109=LINE('',#12539,#7131);
#6110=LINE('',#12542,#7132);
#6111=LINE('',#12544,#7133);
#6112=LINE('',#12546,#7134);
#6113=LINE('',#12548,#7135);
#6114=LINE('',#12550,#7136);
#6115=LINE('',#12552,#7137);
#6116=LINE('',#12554,#7138);
#6117=LINE('',#12555,#7139);
#6118=LINE('',#12558,#7140);
#6119=LINE('',#12560,#7141);
#6120=LINE('',#12562,#7142);
#6121=LINE('',#12564,#7143);
#6122=LINE('',#12578,#7144);
#6123=LINE('',#12580,#7145);
#6124=LINE('',#12582,#7146);
#6125=LINE('',#12583,#7147);
#6126=LINE('',#12586,#7148);
#6127=LINE('',#12588,#7149);
#6128=LINE('',#12590,#7150);
#6129=LINE('',#12592,#7151);
#6130=LINE('',#12594,#7152);
#6131=LINE('',#12595,#7153);
#6132=LINE('',#12598,#7154);
#6133=LINE('',#12600,#7155);
#6134=LINE('',#12602,#7156);
#6135=LINE('',#12604,#7157);
#6136=LINE('',#12606,#7158);
#6137=LINE('',#12608,#7159);
#6138=LINE('',#12610,#7160);
#6139=LINE('',#12611,#7161);
#6140=LINE('',#12614,#7162);
#6141=LINE('',#12616,#7163);
#6142=LINE('',#12618,#7164);
#6143=LINE('',#12620,#7165);
#6144=LINE('',#12622,#7166);
#6145=LINE('',#12624,#7167);
#6146=LINE('',#12626,#7168);
#6147=LINE('',#12628,#7169);
#6148=LINE('',#12630,#7170);
#6149=LINE('',#12632,#7171);
#6150=LINE('',#12634,#7172);
#6151=LINE('',#12635,#7173);
#6152=LINE('',#12638,#7174);
#6153=LINE('',#12640,#7175);
#6154=LINE('',#12642,#7176);
#6155=LINE('',#12644,#7177);
#6156=LINE('',#12646,#7178);
#6157=LINE('',#12648,#7179);
#6158=LINE('',#12650,#7180);
#6159=LINE('',#12652,#7181);
#6160=LINE('',#12653,#7182);
#6161=LINE('',#12656,#7183);
#6162=LINE('',#12674,#7184);
#6163=LINE('',#12676,#7185);
#6164=LINE('',#12678,#7186);
#6165=LINE('',#12696,#7187);
#6166=LINE('',#12697,#7188);
#6167=LINE('',#12700,#7189);
#6168=LINE('',#12702,#7190);
#6169=LINE('',#12706,#7191);
#6170=LINE('',#12708,#7192);
#6171=LINE('',#12710,#7193);
#6172=LINE('',#12712,#7194);
#6173=LINE('',#12714,#7195);
#6174=LINE('',#12716,#7196);
#6175=LINE('',#12718,#7197);
#6176=LINE('',#12720,#7198);
#6177=LINE('',#12722,#7199);
#6178=LINE('',#12724,#7200);
#6179=LINE('',#12726,#7201);
#6180=LINE('',#12730,#7202);
#6181=LINE('',#12732,#7203);
#6182=LINE('',#12733,#7204);
#6183=LINE('',#12736,#7205);
#6184=LINE('',#12738,#7206);
#6185=LINE('',#12740,#7207);
#6186=LINE('',#12742,#7208);
#6187=LINE('',#12744,#7209);
#6188=LINE('',#12746,#7210);
#6189=LINE('',#12748,#7211);
#6190=LINE('',#12750,#7212);
#6191=LINE('',#12752,#7213);
#6192=LINE('',#12754,#7214);
#6193=LINE('',#12756,#7215);
#6194=LINE('',#12757,#7216);
#6195=LINE('',#12760,#7217);
#6196=LINE('',#12762,#7218);
#6197=LINE('',#12784,#7219);
#6198=LINE('',#12786,#7220);
#6199=LINE('',#12800,#7221);
#6200=LINE('',#12814,#7222);
#6201=LINE('',#12815,#7223);
#6202=LINE('',#12818,#7224);
#6203=LINE('',#12820,#7225);
#6204=LINE('',#12822,#7226);
#6205=LINE('',#12824,#7227);
#6206=LINE('',#12826,#7228);
#6207=LINE('',#12828,#7229);
#6208=LINE('',#12830,#7230);
#6209=LINE('',#12832,#7231);
#6210=LINE('',#12850,#7232);
#6211=LINE('',#12896,#7233);
#6212=LINE('',#12925,#7234);
#6213=LINE('',#12928,#7235);
#6214=LINE('',#12930,#7236);
#6215=LINE('',#12940,#7237);
#6216=LINE('',#12942,#7238);
#6217=LINE('',#12944,#7239);
#6218=LINE('',#12946,#7240);
#6219=LINE('',#12948,#7241);
#6220=LINE('',#12954,#7242);
#6221=LINE('',#12956,#7243);
#6222=LINE('',#12958,#7244);
#6223=LINE('',#12966,#7245);
#6224=LINE('',#12968,#7246);
#6225=LINE('',#12986,#7247);
#6226=LINE('',#13032,#7248);
#6227=LINE('',#13061,#7249);
#6228=LINE('',#13064,#7250);
#6229=LINE('',#13082,#7251);
#6230=LINE('',#13096,#7252);
#6231=LINE('',#13097,#7253);
#6232=LINE('',#13104,#7254);
#6233=LINE('',#13106,#7255);
#6234=LINE('',#13108,#7256);
#6235=LINE('',#13110,#7257);
#6236=LINE('',#13112,#7258);
#6237=LINE('',#13114,#7259);
#6238=LINE('',#13116,#7260);
#6239=LINE('',#13118,#7261);
#6240=LINE('',#13120,#7262);
#6241=LINE('',#13122,#7263);
#6242=LINE('',#13124,#7264);
#6243=LINE('',#13126,#7265);
#6244=LINE('',#13158,#7266);
#6245=LINE('',#13160,#7267);
#6246=LINE('',#13172,#7268);
#6247=LINE('',#13175,#7269);
#6248=LINE('',#13178,#7270);
#6249=LINE('',#13196,#7271);
#6250=LINE('',#13198,#7272);
#6251=LINE('',#13200,#7273);
#6252=LINE('',#13202,#7274);
#6253=LINE('',#13204,#7275);
#6254=LINE('',#13206,#7276);
#6255=LINE('',#13222,#7277);
#6256=LINE('',#13223,#7278);
#6257=LINE('',#13226,#7279);
#6258=LINE('',#13228,#7280);
#6259=LINE('',#13230,#7281);
#6260=LINE('',#13255,#7282);
#6261=LINE('',#13258,#7283);
#6262=LINE('',#13260,#7284);
#6263=LINE('',#13262,#7285);
#6264=LINE('',#13263,#7286);
#6265=LINE('',#13266,#7287);
#6266=LINE('',#13292,#7288);
#6267=LINE('',#13294,#7289);
#6268=LINE('',#13296,#7290);
#6269=LINE('',#13298,#7291);
#6270=LINE('',#13300,#7292);
#6271=LINE('',#13302,#7293);
#6272=LINE('',#13304,#7294);
#6273=LINE('',#13337,#7295);
#6274=LINE('',#13340,#7296);
#6275=LINE('',#13342,#7297);
#6276=LINE('',#13344,#7298);
#6277=LINE('',#13345,#7299);
#6278=LINE('',#13348,#7300);
#6279=LINE('',#13366,#7301);
#6280=LINE('',#13380,#7302);
#6281=LINE('',#13381,#7303);
#6282=LINE('',#13384,#7304);
#6283=LINE('',#13386,#7305);
#6284=LINE('',#13408,#7306);
#6285=LINE('',#13410,#7307);
#6286=LINE('',#13424,#7308);
#6287=LINE('',#13438,#7309);
#6288=LINE('',#13464,#7310);
#6289=LINE('',#13466,#7311);
#6290=LINE('',#13468,#7312);
#6291=LINE('',#13470,#7313);
#6292=LINE('',#13472,#7314);
#6293=LINE('',#13474,#7315);
#6294=LINE('',#13478,#7316);
#6295=LINE('',#13479,#7317);
#6296=LINE('',#13482,#7318);
#6297=LINE('',#13500,#7319);
#6298=LINE('',#13502,#7320);
#6299=LINE('',#13504,#7321);
#6300=LINE('',#13506,#7322);
#6301=LINE('',#13508,#7323);
#6302=LINE('',#13510,#7324);
#6303=LINE('',#13526,#7325);
#6304=LINE('',#13527,#7326);
#6305=LINE('',#13530,#7327);
#6306=LINE('',#13532,#7328);
#6307=LINE('',#13534,#7329);
#6308=LINE('',#13560,#7330);
#6309=LINE('',#13590,#7331);
#6310=LINE('',#13591,#7332);
#6311=LINE('',#13598,#7333);
#6312=LINE('',#13600,#7334);
#6313=LINE('',#13602,#7335);
#6314=LINE('',#13604,#7336);
#6315=LINE('',#13606,#7337);
#6316=LINE('',#13608,#7338);
#6317=LINE('',#13610,#7339);
#6318=LINE('',#13612,#7340);
#6319=LINE('',#13614,#7341);
#6320=LINE('',#13616,#7342);
#6321=LINE('',#13618,#7343);
#6322=LINE('',#13620,#7344);
#6323=LINE('',#13650,#7345);
#6324=LINE('',#13672,#7346);
#6325=LINE('',#13673,#7347);
#6326=LINE('',#13676,#7348);
#6327=LINE('',#13678,#7349);
#6328=LINE('',#13680,#7350);
#6329=LINE('',#13682,#7351);
#6330=LINE('',#13684,#7352);
#6331=LINE('',#13686,#7353);
#6332=LINE('',#13688,#7354);
#6333=LINE('',#13689,#7355);
#6334=LINE('',#13692,#7356);
#6335=LINE('',#13694,#7357);
#6336=LINE('',#13696,#7358);
#6337=LINE('',#13698,#7359);
#6338=LINE('',#13700,#7360);
#6339=LINE('',#13702,#7361);
#6340=LINE('',#13704,#7362);
#6341=LINE('',#13706,#7363);
#6342=LINE('',#13708,#7364);
#6343=LINE('',#13710,#7365);
#6344=LINE('',#13712,#7366);
#6345=LINE('',#13713,#7367);
#6346=LINE('',#13716,#7368);
#6347=LINE('',#13718,#7369);
#6348=LINE('',#13720,#7370);
#6349=LINE('',#13722,#7371);
#6350=LINE('',#13724,#7372);
#6351=LINE('',#13725,#7373);
#6352=LINE('',#13730,#7374);
#6353=LINE('',#13734,#7375);
#6354=LINE('',#13741,#7376);
#6355=LINE('',#13745,#7377);
#6356=LINE('',#13749,#7378);
#6357=LINE('',#13750,#7379);
#6358=LINE('',#13753,#7380);
#6359=LINE('',#13757,#7381);
#6360=LINE('',#13759,#7382);
#6361=LINE('',#13762,#7383);
#6362=LINE('',#13765,#7384);
#6363=LINE('',#13769,#7385);
#6364=LINE('',#13771,#7386);
#6365=LINE('',#13776,#7387);
#6366=LINE('',#13779,#7388);
#6367=LINE('',#13783,#7389);
#6368=LINE('',#13785,#7390);
#6369=LINE('',#13790,#7391);
#6370=LINE('',#13792,#7392);
#6371=LINE('',#13794,#7393);
#6372=LINE('',#13796,#7394);
#6373=LINE('',#13797,#7395);
#6374=LINE('',#13799,#7396);
#6375=LINE('',#13801,#7397);
#6376=LINE('',#13803,#7398);
#6377=LINE('',#13805,#7399);
#6378=LINE('',#13807,#7400);
#6379=LINE('',#13811,#7401);
#6380=LINE('',#13812,#7402);
#6381=LINE('',#13814,#7403);
#6382=LINE('',#13816,#7404);
#6383=LINE('',#13820,#7405);
#6384=LINE('',#13822,#7406);
#6385=LINE('',#13824,#7407);
#6386=LINE('',#13826,#7408);
#6387=LINE('',#13828,#7409);
#6388=LINE('',#13829,#7410);
#6389=LINE('',#13832,#7411);
#6390=LINE('',#13836,#7412);
#6391=LINE('',#13838,#7413);
#6392=LINE('',#13839,#7414);
#6393=LINE('',#13841,#7415);
#6394=LINE('',#13843,#7416);
#6395=LINE('',#13845,#7417);
#6396=LINE('',#13846,#7418);
#6397=LINE('',#13848,#7419);
#6398=LINE('',#13850,#7420);
#6399=LINE('',#13853,#7421);
#6400=LINE('',#13855,#7422);
#6401=LINE('',#13857,#7423);
#6402=LINE('',#13861,#7424);
#6403=LINE('',#13863,#7425);
#6404=LINE('',#13865,#7426);
#6405=LINE('',#13869,#7427);
#6406=LINE('',#13871,#7428);
#6407=LINE('',#13873,#7429);
#6408=LINE('',#13875,#7430);
#6409=LINE('',#13877,#7431);
#6410=LINE('',#13879,#7432);
#6411=LINE('',#13881,#7433);
#6412=LINE('',#13883,#7434);
#6413=LINE('',#13885,#7435);
#6414=LINE('',#13887,#7436);
#6415=LINE('',#13889,#7437);
#6416=LINE('',#13891,#7438);
#6417=LINE('',#13893,#7439);
#6418=LINE('',#13895,#7440);
#6419=LINE('',#13897,#7441);
#6420=LINE('',#13899,#7442);
#6421=LINE('',#13901,#7443);
#6422=LINE('',#13903,#7444);
#6423=LINE('',#13905,#7445);
#6424=LINE('',#13907,#7446);
#6425=LINE('',#13909,#7447);
#6426=LINE('',#13911,#7448);
#6427=LINE('',#13913,#7449);
#6428=LINE('',#13915,#7450);
#6429=LINE('',#13917,#7451);
#6430=LINE('',#13919,#7452);
#6431=LINE('',#13921,#7453);
#6432=LINE('',#13923,#7454);
#6433=LINE('',#13925,#7455);
#6434=LINE('',#13927,#7456);
#6435=LINE('',#13929,#7457);
#6436=LINE('',#13931,#7458);
#6437=LINE('',#13933,#7459);
#6438=LINE('',#13935,#7460);
#6439=LINE('',#13937,#7461);
#6440=LINE('',#13939,#7462);
#6441=LINE('',#13941,#7463);
#6442=LINE('',#13943,#7464);
#6443=LINE('',#13945,#7465);
#6444=LINE('',#13947,#7466);
#6445=LINE('',#13949,#7467);
#6446=LINE('',#13951,#7468);
#6447=LINE('',#13953,#7469);
#6448=LINE('',#13955,#7470);
#6449=LINE('',#13957,#7471);
#6450=LINE('',#13959,#7472);
#6451=LINE('',#13961,#7473);
#6452=LINE('',#13963,#7474);
#6453=LINE('',#13965,#7475);
#6454=LINE('',#13967,#7476);
#6455=LINE('',#13969,#7477);
#6456=LINE('',#13971,#7478);
#6457=LINE('',#13980,#7479);
#6458=LINE('',#13986,#7480);
#6459=LINE('',#13999,#7481);
#6460=LINE('',#14012,#7482);
#6461=LINE('',#14025,#7483);
#6462=LINE('',#14038,#7484);
#6463=LINE('',#14042,#7485);
#6464=LINE('',#14055,#7486);
#6465=LINE('',#14057,#7487);
#6466=LINE('',#14059,#7488);
#6467=LINE('',#14063,#7489);
#6468=LINE('',#14067,#7490);
#6469=LINE('',#14080,#7491);
#6470=LINE('',#14093,#7492);
#6471=LINE('',#14106,#7493);
#6472=LINE('',#14119,#7494);
#6473=LINE('',#14121,#7495);
#6474=LINE('',#14123,#7496);
#6475=LINE('',#14125,#7497);
#6476=LINE('',#14138,#7498);
#6477=LINE('',#14140,#7499);
#6478=LINE('',#14142,#7500);
#6479=LINE('',#14144,#7501);
#6480=LINE('',#14146,#7502);
#6481=LINE('',#14148,#7503);
#6482=LINE('',#14150,#7504);
#6483=LINE('',#14152,#7505);
#6484=LINE('',#14154,#7506);
#6485=LINE('',#14156,#7507);
#6486=LINE('',#14158,#7508);
#6487=LINE('',#14160,#7509);
#6488=LINE('',#14162,#7510);
#6489=LINE('',#14164,#7511);
#6490=LINE('',#14166,#7512);
#6491=LINE('',#14168,#7513);
#6492=LINE('',#14170,#7514);
#6493=LINE('',#14172,#7515);
#6494=LINE('',#14174,#7516);
#6495=LINE('',#14176,#7517);
#6496=LINE('',#14178,#7518);
#6497=LINE('',#14180,#7519);
#6498=LINE('',#14182,#7520);
#6499=LINE('',#14184,#7521);
#6500=LINE('',#14186,#7522);
#6501=LINE('',#14195,#7523);
#6502=LINE('',#14201,#7524);
#6503=LINE('',#14214,#7525);
#6504=LINE('',#14227,#7526);
#6505=LINE('',#14240,#7527);
#6506=LINE('',#14253,#7528);
#6507=LINE('',#14266,#7529);
#6508=LINE('',#14268,#7530);
#6509=LINE('',#14270,#7531);
#6510=LINE('',#14283,#7532);
#6511=LINE('',#14296,#7533);
#6512=LINE('',#14309,#7534);
#6513=LINE('',#14322,#7535);
#6514=LINE('',#14335,#7536);
#6515=LINE('',#14348,#7537);
#6516=LINE('',#14361,#7538);
#6517=LINE('',#14363,#7539);
#6518=LINE('',#14365,#7540);
#6519=LINE('',#14367,#7541);
#6520=LINE('',#14369,#7542);
#6521=LINE('',#14371,#7543);
#6522=LINE('',#14373,#7544);
#6523=LINE('',#14375,#7545);
#6524=LINE('',#14377,#7546);
#6525=LINE('',#14379,#7547);
#6526=LINE('',#14381,#7548);
#6527=LINE('',#14383,#7549);
#6528=LINE('',#14385,#7550);
#6529=LINE('',#14398,#7551);
#6530=LINE('',#14411,#7552);
#6531=LINE('',#14424,#7553);
#6532=LINE('',#14437,#7554);
#6533=LINE('',#14439,#7555);
#6534=LINE('',#14441,#7556);
#6535=LINE('',#14443,#7557);
#6536=LINE('',#14445,#7558);
#6537=LINE('',#14447,#7559);
#6538=LINE('',#14449,#7560);
#6539=LINE('',#14451,#7561);
#6540=LINE('',#14453,#7562);
#6541=LINE('',#14455,#7563);
#6542=LINE('',#14457,#7564);
#6543=LINE('',#14459,#7565);
#6544=LINE('',#14461,#7566);
#6545=LINE('',#14465,#7567);
#6546=LINE('',#14478,#7568);
#6547=LINE('',#14491,#7569);
#6548=LINE('',#14504,#7570);
#6549=LINE('',#14513,#7571);
#6550=LINE('',#14519,#7572);
#6551=LINE('',#14532,#7573);
#6552=LINE('',#14545,#7574);
#6553=LINE('',#14558,#7575);
#6554=LINE('',#14571,#7576);
#6555=LINE('',#14575,#7577);
#6556=LINE('',#14579,#7578);
#6557=LINE('',#14581,#7579);
#6558=LINE('',#14583,#7580);
#6559=LINE('',#14585,#7581);
#6560=LINE('',#14587,#7582);
#6561=LINE('',#14589,#7583);
#6562=LINE('',#14591,#7584);
#6563=LINE('',#14593,#7585);
#6564=LINE('',#14595,#7586);
#6565=LINE('',#14597,#7587);
#6566=LINE('',#14599,#7588);
#6567=LINE('',#14601,#7589);
#6568=LINE('',#14603,#7590);
#6569=LINE('',#14607,#7591);
#6570=LINE('',#14609,#7592);
#6571=LINE('',#14611,#7593);
#6572=LINE('',#14613,#7594);
#6573=LINE('',#14615,#7595);
#6574=LINE('',#14617,#7596);
#6575=LINE('',#14619,#7597);
#6576=LINE('',#14621,#7598);
#6577=LINE('',#14634,#7599);
#6578=LINE('',#14647,#7600);
#6579=LINE('',#14660,#7601);
#6580=LINE('',#14673,#7602);
#6581=LINE('',#14686,#7603);
#6582=LINE('',#14688,#7604);
#6583=LINE('',#14690,#7605);
#6584=LINE('',#14692,#7606);
#6585=LINE('',#14694,#7607);
#6586=LINE('',#14707,#7608);
#6587=LINE('',#14720,#7609);
#6588=LINE('',#14733,#7610);
#6589=LINE('',#14735,#7611);
#6590=LINE('',#14737,#7612);
#6591=LINE('',#14741,#7613);
#6592=LINE('',#14745,#7614);
#6593=LINE('',#14758,#7615);
#6594=LINE('',#14771,#7616);
#6595=LINE('',#14773,#7617);
#6596=LINE('',#14775,#7618);
#6597=LINE('',#14777,#7619);
#6598=LINE('',#14779,#7620);
#6599=LINE('',#14781,#7621);
#6600=LINE('',#14794,#7622);
#6601=LINE('',#14807,#7623);
#6602=LINE('',#14820,#7624);
#6603=LINE('',#14833,#7625);
#6604=LINE('',#14835,#7626);
#6605=LINE('',#14837,#7627);
#6606=LINE('',#14850,#7628);
#6607=LINE('',#14863,#7629);
#6608=LINE('',#14876,#7630);
#6609=LINE('',#14878,#7631);
#6610=LINE('',#14880,#7632);
#6611=LINE('',#14882,#7633);
#6612=LINE('',#14884,#7634);
#6613=LINE('',#14886,#7635);
#6614=LINE('',#14888,#7636);
#6615=LINE('',#14890,#7637);
#6616=LINE('',#14899,#7638);
#6617=LINE('',#14905,#7639);
#6618=LINE('',#14918,#7640);
#6619=LINE('',#14931,#7641);
#6620=LINE('',#14944,#7642);
#6621=LINE('',#14957,#7643);
#6622=LINE('',#14970,#7644);
#6623=LINE('',#14972,#7645);
#6624=LINE('',#14974,#7646);
#6625=LINE('',#14976,#7647);
#6626=LINE('',#14978,#7648);
#6627=LINE('',#14980,#7649);
#6628=LINE('',#14993,#7650);
#6629=LINE('',#15006,#7651);
#6630=LINE('',#15019,#7652);
#6631=LINE('',#15032,#7653);
#6632=LINE('',#15045,#7654);
#6633=LINE('',#15058,#7655);
#6634=LINE('',#15060,#7656);
#6635=LINE('',#15062,#7657);
#6636=LINE('',#15064,#7658);
#6637=LINE('',#15066,#7659);
#6638=LINE('',#15068,#7660);
#6639=LINE('',#15070,#7661);
#6640=LINE('',#15072,#7662);
#6641=LINE('',#15074,#7663);
#6642=LINE('',#15076,#7664);
#6643=LINE('',#15078,#7665);
#6644=LINE('',#15080,#7666);
#6645=LINE('',#15082,#7667);
#6646=LINE('',#15084,#7668);
#6647=LINE('',#15086,#7669);
#6648=LINE('',#15088,#7670);
#6649=LINE('',#15090,#7671);
#6650=LINE('',#15092,#7672);
#6651=LINE('',#15094,#7673);
#6652=LINE('',#15096,#7674);
#6653=LINE('',#15105,#7675);
#6654=LINE('',#15111,#7676);
#6655=LINE('',#15124,#7677);
#6656=LINE('',#15128,#7678);
#6657=LINE('',#15132,#7679);
#6658=LINE('',#15145,#7680);
#6659=LINE('',#15158,#7681);
#6660=LINE('',#15162,#7682);
#6661=LINE('',#15164,#7683);
#6662=LINE('',#15166,#7684);
#6663=LINE('',#15168,#7685);
#6664=LINE('',#15170,#7686);
#6665=LINE('',#15172,#7687);
#6666=LINE('',#15174,#7688);
#6667=LINE('',#15176,#7689);
#6668=LINE('',#15178,#7690);
#6669=LINE('',#15180,#7691);
#6670=LINE('',#15182,#7692);
#6671=LINE('',#15184,#7693);
#6672=LINE('',#15186,#7694);
#6673=LINE('',#15199,#7695);
#6674=LINE('',#15212,#7696);
#6675=LINE('',#15225,#7697);
#6676=LINE('',#15238,#7698);
#6677=LINE('',#15240,#7699);
#6678=LINE('',#15242,#7700);
#6679=LINE('',#15244,#7701);
#6680=LINE('',#15246,#7702);
#6681=LINE('',#15248,#7703);
#6682=LINE('',#15250,#7704);
#6683=LINE('',#15252,#7705);
#6684=LINE('',#15254,#7706);
#6685=LINE('',#15256,#7707);
#6686=LINE('',#15258,#7708);
#6687=LINE('',#15260,#7709);
#6688=LINE('',#15262,#7710);
#6689=LINE('',#15266,#7711);
#6690=LINE('',#15279,#7712);
#6691=LINE('',#15292,#7713);
#6692=LINE('',#15305,#7714);
#6693=LINE('',#15314,#7715);
#6694=LINE('',#15320,#7716);
#6695=LINE('',#15333,#7717);
#6696=LINE('',#15346,#7718);
#6697=LINE('',#15359,#7719);
#6698=LINE('',#15372,#7720);
#6699=LINE('',#15385,#7721);
#6700=LINE('',#15398,#7722);
#6701=LINE('',#15400,#7723);
#6702=LINE('',#15402,#7724);
#6703=LINE('',#15404,#7725);
#6704=LINE('',#15406,#7726);
#6705=LINE('',#15419,#7727);
#6706=LINE('',#15432,#7728);
#6707=LINE('',#15436,#7729);
#6708=LINE('',#15438,#7730);
#6709=LINE('',#15440,#7731);
#6710=LINE('',#15442,#7732);
#6711=LINE('',#15444,#7733);
#6712=LINE('',#15446,#7734);
#6713=LINE('',#15459,#7735);
#6714=LINE('',#15461,#7736);
#6715=LINE('',#15463,#7737);
#6716=LINE('',#15465,#7738);
#6717=LINE('',#15467,#7739);
#6718=LINE('',#15469,#7740);
#6719=LINE('',#15471,#7741);
#6720=LINE('',#15473,#7742);
#6721=LINE('',#15475,#7743);
#6722=LINE('',#15477,#7744);
#6723=LINE('',#15479,#7745);
#6724=LINE('',#15481,#7746);
#6725=LINE('',#15483,#7747);
#6726=LINE('',#15485,#7748);
#6727=LINE('',#15487,#7749);
#6728=LINE('',#15489,#7750);
#6729=LINE('',#15491,#7751);
#6730=LINE('',#15493,#7752);
#6731=LINE('',#15495,#7753);
#6732=LINE('',#15497,#7754);
#6733=LINE('',#15499,#7755);
#6734=LINE('',#15501,#7756);
#6735=LINE('',#15503,#7757);
#6736=LINE('',#15505,#7758);
#6737=LINE('',#15507,#7759);
#6738=LINE('',#15509,#7760);
#6739=LINE('',#15511,#7761);
#6740=LINE('',#15513,#7762);
#6741=LINE('',#15515,#7763);
#6742=LINE('',#15517,#7764);
#6743=LINE('',#15530,#7765);
#6744=LINE('',#15543,#7766);
#6745=LINE('',#15556,#7767);
#6746=LINE('',#15569,#7768);
#6747=LINE('',#15571,#7769);
#6748=LINE('',#15573,#7770);
#6749=LINE('',#15586,#7771);
#6750=LINE('',#15599,#7772);
#6751=LINE('',#15612,#7773);
#6752=LINE('',#15621,#7774);
#6753=LINE('',#15627,#7775);
#6754=LINE('',#15640,#7776);
#6755=LINE('',#15653,#7777);
#6756=LINE('',#15666,#7778);
#6757=LINE('',#15668,#7779);
#6758=LINE('',#15670,#7780);
#6759=LINE('',#15674,#7781);
#6760=LINE('',#15678,#7782);
#6761=LINE('',#15691,#7783);
#6762=LINE('',#15704,#7784);
#6763=LINE('',#15717,#7785);
#6764=LINE('',#15730,#7786);
#6765=LINE('',#15743,#7787);
#6766=LINE('',#15756,#7788);
#6767=LINE('',#15769,#7789);
#6768=LINE('',#15782,#7790);
#6769=LINE('',#15795,#7791);
#6770=LINE('',#15808,#7792);
#6771=LINE('',#15810,#7793);
#6772=LINE('',#15812,#7794);
#6773=LINE('',#15825,#7795);
#6774=LINE('',#15838,#7796);
#6775=LINE('',#15851,#7797);
#6776=LINE('',#15864,#7798);
#6777=LINE('',#15877,#7799);
#6778=LINE('',#15890,#7800);
#6779=LINE('',#15892,#7801);
#6780=LINE('',#15894,#7802);
#6781=LINE('',#15896,#7803);
#6782=LINE('',#15898,#7804);
#6783=LINE('',#15900,#7805);
#6784=LINE('',#15902,#7806);
#6785=LINE('',#15904,#7807);
#6786=LINE('',#15908,#7808);
#6787=LINE('',#15921,#7809);
#6788=LINE('',#15925,#7810);
#6789=LINE('',#15927,#7811);
#6790=LINE('',#15929,#7812);
#6791=LINE('',#15931,#7813);
#6792=LINE('',#15933,#7814);
#6793=LINE('',#15935,#7815);
#6794=LINE('',#15937,#7816);
#6795=LINE('',#15939,#7817);
#6796=LINE('',#15941,#7818);
#6797=LINE('',#15943,#7819);
#6798=LINE('',#15945,#7820);
#6799=LINE('',#15949,#7821);
#6800=LINE('',#15953,#7822);
#6801=LINE('',#15955,#7823);
#6802=LINE('',#15957,#7824);
#6803=LINE('',#15959,#7825);
#6804=LINE('',#15961,#7826);
#6805=LINE('',#15963,#7827);
#6806=LINE('',#15965,#7828);
#6807=LINE('',#15969,#7829);
#6808=LINE('',#15982,#7830);
#6809=LINE('',#15984,#7831);
#6810=LINE('',#15986,#7832);
#6811=LINE('',#15995,#7833);
#6812=LINE('',#16001,#7834);
#6813=LINE('',#16014,#7835);
#6814=LINE('',#16027,#7836);
#6815=LINE('',#16040,#7837);
#6816=LINE('',#16042,#7838);
#6817=LINE('',#16044,#7839);
#6818=LINE('',#16048,#7840);
#6819=LINE('',#16052,#7841);
#6820=LINE('',#16065,#7842);
#6821=LINE('',#16078,#7843);
#6822=LINE('',#16091,#7844);
#6823=LINE('',#16104,#7845);
#6824=LINE('',#16117,#7846);
#6825=LINE('',#16130,#7847);
#6826=LINE('',#16143,#7848);
#6827=LINE('',#16156,#7849);
#6828=LINE('',#16169,#7850);
#6829=LINE('',#16182,#7851);
#6830=LINE('',#16184,#7852);
#6831=LINE('',#16186,#7853);
#6832=LINE('',#16199,#7854);
#6833=LINE('',#16212,#7855);
#6834=LINE('',#16225,#7856);
#6835=LINE('',#16238,#7857);
#6836=LINE('',#16251,#7858);
#6837=LINE('',#16264,#7859);
#6838=LINE('',#16266,#7860);
#6839=LINE('',#16268,#7861);
#6840=LINE('',#16270,#7862);
#6841=LINE('',#16272,#7863);
#6842=LINE('',#16274,#7864);
#6843=LINE('',#16276,#7865);
#6844=LINE('',#16278,#7866);
#6845=LINE('',#16280,#7867);
#6846=LINE('',#16282,#7868);
#6847=LINE('',#16284,#7869);
#6848=LINE('',#16286,#7870);
#6849=LINE('',#16288,#7871);
#6850=LINE('',#16290,#7872);
#6851=LINE('',#16292,#7873);
#6852=LINE('',#16294,#7874);
#6853=LINE('',#16296,#7875);
#6854=LINE('',#16298,#7876);
#6855=LINE('',#16300,#7877);
#6856=LINE('',#16302,#7878);
#6857=LINE('',#16304,#7879);
#6858=LINE('',#16306,#7880);
#6859=LINE('',#16308,#7881);
#6860=LINE('',#16310,#7882);
#6861=LINE('',#16312,#7883);
#6862=LINE('',#16325,#7884);
#6863=LINE('',#16338,#7885);
#6864=LINE('',#16351,#7886);
#6865=LINE('',#16364,#7887);
#6866=LINE('',#16377,#7888);
#6867=LINE('',#16379,#7889);
#6868=LINE('',#16381,#7890);
#6869=LINE('',#16383,#7891);
#6870=LINE('',#16385,#7892);
#6871=LINE('',#16398,#7893);
#6872=LINE('',#16411,#7894);
#6873=LINE('',#16424,#7895);
#6874=LINE('',#16426,#7896);
#6875=LINE('',#16428,#7897);
#6876=LINE('',#16432,#7898);
#6877=LINE('',#16436,#7899);
#6878=LINE('',#16449,#7900);
#6879=LINE('',#16462,#7901);
#6880=LINE('',#16464,#7902);
#6881=LINE('',#16466,#7903);
#6882=LINE('',#16468,#7904);
#6883=LINE('',#16470,#7905);
#6884=LINE('',#16472,#7906);
#6885=LINE('',#16474,#7907);
#6886=LINE('',#16476,#7908);
#6887=LINE('',#16478,#7909);
#6888=LINE('',#16480,#7910);
#6889=LINE('',#16482,#7911);
#6890=LINE('',#16484,#7912);
#6891=LINE('',#16486,#7913);
#6892=LINE('',#16488,#7914);
#6893=LINE('',#16490,#7915);
#6894=LINE('',#16492,#7916);
#6895=LINE('',#16494,#7917);
#6896=LINE('',#16496,#7918);
#6897=LINE('',#16498,#7919);
#6898=LINE('',#16500,#7920);
#6899=LINE('',#16502,#7921);
#6900=LINE('',#16504,#7922);
#6901=LINE('',#16506,#7923);
#6902=LINE('',#16508,#7924);
#6903=LINE('',#16510,#7925);
#6904=LINE('',#16512,#7926);
#6905=LINE('',#16514,#7927);
#6906=LINE('',#16516,#7928);
#6907=LINE('',#16518,#7929);
#6908=LINE('',#16520,#7930);
#6909=LINE('',#16522,#7931);
#6910=LINE('',#16526,#7932);
#6911=LINE('',#16528,#7933);
#6912=LINE('',#16530,#7934);
#6913=LINE('',#16532,#7935);
#6914=LINE('',#16534,#7936);
#6915=LINE('',#16536,#7937);
#6916=LINE('',#16538,#7938);
#6917=LINE('',#16540,#7939);
#6918=LINE('',#16542,#7940);
#6919=LINE('',#16544,#7941);
#6920=LINE('',#16546,#7942);
#6921=LINE('',#16548,#7943);
#6922=LINE('',#16550,#7944);
#6923=LINE('',#16552,#7945);
#6924=LINE('',#16554,#7946);
#6925=LINE('',#16556,#7947);
#6926=LINE('',#16558,#7948);
#6927=LINE('',#16560,#7949);
#6928=LINE('',#16562,#7950);
#6929=LINE('',#16564,#7951);
#6930=LINE('',#16566,#7952);
#6931=LINE('',#16568,#7953);
#6932=LINE('',#16570,#7954);
#6933=LINE('',#16574,#7955);
#6934=LINE('',#16576,#7956);
#6935=LINE('',#16578,#7957);
#6936=LINE('',#16580,#7958);
#6937=LINE('',#16582,#7959);
#6938=LINE('',#16584,#7960);
#6939=LINE('',#16586,#7961);
#6940=LINE('',#16588,#7962);
#6941=LINE('',#16601,#7963);
#6942=LINE('',#16614,#7964);
#6943=LINE('',#16627,#7965);
#6944=LINE('',#16640,#7966);
#6945=LINE('',#16642,#7967);
#6946=LINE('',#16644,#7968);
#6947=LINE('',#16646,#7969);
#6948=LINE('',#16648,#7970);
#6949=LINE('',#16650,#7971);
#6950=LINE('',#16652,#7972);
#6951=LINE('',#16665,#7973);
#6952=LINE('',#16678,#7974);
#6953=LINE('',#16691,#7975);
#6954=LINE('',#16704,#7976);
#6955=LINE('',#16706,#7977);
#6956=LINE('',#16708,#7978);
#6957=LINE('',#16710,#7979);
#6958=LINE('',#16712,#7980);
#6959=LINE('',#16714,#7981);
#6960=LINE('',#16716,#7982);
#6961=LINE('',#16718,#7983);
#6962=LINE('',#16720,#7984);
#6963=LINE('',#16722,#7985);
#6964=LINE('',#16724,#7986);
#6965=LINE('',#16726,#7987);
#6966=LINE('',#16728,#7988);
#6967=LINE('',#16730,#7989);
#6968=LINE('',#16732,#7990);
#6969=LINE('',#16734,#7991);
#6970=LINE('',#16736,#7992);
#6971=LINE('',#16738,#7993);
#6972=LINE('',#16740,#7994);
#6973=LINE('',#16742,#7995);
#6974=LINE('',#16744,#7996);
#6975=LINE('',#16746,#7997);
#6976=LINE('',#16748,#7998);
#6977=LINE('',#16750,#7999);
#6978=LINE('',#16752,#8000);
#6979=LINE('',#16754,#8001);
#6980=LINE('',#16756,#8002);
#6981=LINE('',#16758,#8003);
#6982=LINE('',#16760,#8004);
#6983=LINE('',#16762,#8005);
#6984=LINE('',#16764,#8006);
#6985=LINE('',#16766,#8007);
#6986=LINE('',#16768,#8008);
#6987=LINE('',#16770,#8009);
#6988=LINE('',#16772,#8010);
#6989=LINE('',#16774,#8011);
#6990=LINE('',#16776,#8012);
#6991=LINE('',#16778,#8013);
#6992=LINE('',#16780,#8014);
#6993=LINE('',#16782,#8015);
#6994=LINE('',#16784,#8016);
#6995=LINE('',#16786,#8017);
#6996=LINE('',#16788,#8018);
#6997=LINE('',#16790,#8019);
#6998=LINE('',#16792,#8020);
#6999=LINE('',#16794,#8021);
#7000=LINE('',#16796,#8022);
#7001=LINE('',#16798,#8023);
#7002=LINE('',#16800,#8024);
#7003=LINE('',#16802,#8025);
#7004=LINE('',#16804,#8026);
#7005=LINE('',#16806,#8027);
#7006=LINE('',#16808,#8028);
#7007=LINE('',#16810,#8029);
#7008=LINE('',#16812,#8030);
#7009=LINE('',#16814,#8031);
#7010=LINE('',#16816,#8032);
#7011=LINE('',#16818,#8033);
#7012=LINE('',#16820,#8034);
#7013=LINE('',#16822,#8035);
#7014=LINE('',#16824,#8036);
#7015=LINE('',#16826,#8037);
#7016=LINE('',#16828,#8038);
#7017=LINE('',#16830,#8039);
#7018=LINE('',#16832,#8040);
#7019=LINE('',#16834,#8041);
#7020=LINE('',#16836,#8042);
#7021=LINE('',#16838,#8043);
#7022=LINE('',#16840,#8044);
#7023=LINE('',#16842,#8045);
#7024=LINE('',#16844,#8046);
#7025=LINE('',#16846,#8047);
#7026=LINE('',#16848,#8048);
#7027=LINE('',#16850,#8049);
#7028=LINE('',#16852,#8050);
#7029=LINE('',#16854,#8051);
#7030=LINE('',#16856,#8052);
#7031=LINE('',#16858,#8053);
#7032=LINE('',#16871,#8054);
#7033=LINE('',#16884,#8055);
#7034=LINE('',#16897,#8056);
#7035=LINE('',#16899,#8057);
#7036=LINE('',#16901,#8058);
#7037=LINE('',#16903,#8059);
#7038=LINE('',#16905,#8060);
#7039=LINE('',#16907,#8061);
#7040=LINE('',#16909,#8062);
#7041=LINE('',#16911,#8063);
#7042=LINE('',#16913,#8064);
#7043=LINE('',#16915,#8065);
#7044=LINE('',#16917,#8066);
#7045=LINE('',#16919,#8067);
#7046=LINE('',#16921,#8068);
#7047=LINE('',#16923,#8069);
#7048=LINE('',#16925,#8070);
#7049=LINE('',#16927,#8071);
#7050=LINE('',#16929,#8072);
#7051=LINE('',#16931,#8073);
#7052=LINE('',#16933,#8074);
#7053=LINE('',#16935,#8075);
#7054=LINE('',#16944,#8076);
#7055=LINE('',#16950,#8077);
#7056=LINE('',#16963,#8078);
#7057=LINE('',#16976,#8079);
#7058=LINE('',#16989,#8080);
#7059=LINE('',#17002,#8081);
#7060=LINE('',#17015,#8082);
#7061=LINE('',#17017,#8083);
#7062=LINE('',#17019,#8084);
#7063=LINE('',#17032,#8085);
#7064=LINE('',#17045,#8086);
#7065=LINE('',#17058,#8087);
#7066=LINE('',#17071,#8088);
#7067=LINE('',#17084,#8089);
#7068=LINE('',#17097,#8090);
#7069=LINE('',#17110,#8091);
#7070=LINE('',#17112,#8092);
#7071=LINE('',#17114,#8093);
#7072=LINE('',#17116,#8094);
#7073=LINE('',#17118,#8095);
#7074=LINE('',#17122,#8096);
#7075=LINE('',#17124,#8097);
#7076=LINE('',#17126,#8098);
#7077=LINE('',#17128,#8099);
#7078=LINE('',#17130,#8100);
#7079=LINE('',#17132,#8101);
#7080=LINE('',#17134,#8102);
#7081=LINE('',#17147,#8103);
#7082=LINE('',#17149,#8104);
#7083=LINE('',#17153,#8105);
#7084=LINE('',#17155,#8106);
#7085=LINE('',#17161,#8107);
#7086=LINE('',#17174,#8108);
#7087=LINE('',#17187,#8109);
#7088=LINE('',#17189,#8110);
#7089=LINE('',#17191,#8111);
#7090=LINE('',#17193,#8112);
#7091=LINE('',#17195,#8113);
#7092=LINE('',#17197,#8114);
#7093=LINE('',#17199,#8115);
#7094=LINE('',#17201,#8116);
#7095=LINE('',#17203,#8117);
#7096=LINE('',#17205,#8118);
#7097=LINE('',#17207,#8119);
#7098=LINE('',#17209,#8120);
#7099=LINE('',#17214,#8121);
#7100=LINE('',#17215,#8122);
#7101=LINE('',#17217,#8123);
#7102=LINE('',#17219,#8124);
#7103=LINE('',#17221,#8125);
#7104=LINE('',#17223,#8126);
#7105=VECTOR('',#10527,1.);
#7106=VECTOR('',#10528,1.);
#7107=VECTOR('',#10529,1.);
#7108=VECTOR('',#10530,1.);
#7109=VECTOR('',#10535,1.);
#7110=VECTOR('',#10540,1.);
#7111=VECTOR('',#10541,1.);
#7112=VECTOR('',#10542,1.);
#7113=VECTOR('',#10545,1.);
#7114=VECTOR('',#10546,1.);
#7115=VECTOR('',#10547,1.);
#7116=VECTOR('',#10548,1.);
#7117=VECTOR('',#10563,1.);
#7118=VECTOR('',#10566,1.);
#7119=VECTOR('',#10567,1.);
#7120=VECTOR('',#10570,1.);
#7121=VECTOR('',#10575,1.);
#7122=VECTOR('',#10576,1.);
#7123=VECTOR('',#10579,1.);
#7124=VECTOR('',#10580,1.);
#7125=VECTOR('',#10581,1.);
#7126=VECTOR('',#10584,1.);
#7127=VECTOR('',#10585,1.);
#7128=VECTOR('',#10588,1.);
#7129=VECTOR('',#10589,1.);
#7130=VECTOR('',#10590,1.);
#7131=VECTOR('',#10591,1.);
#7132=VECTOR('',#10592,1.);
#7133=VECTOR('',#10593,1.);
#7134=VECTOR('',#10594,1.);
#7135=VECTOR('',#10595,1.);
#7136=VECTOR('',#10596,1.);
#7137=VECTOR('',#10597,1.);
#7138=VECTOR('',#10598,1.);
#7139=VECTOR('',#10599,1.);
#7140=VECTOR('',#10600,1.);
#7141=VECTOR('',#10601,1.);
#7142=VECTOR('',#10602,1.);
#7143=VECTOR('',#10603,1.);
#7144=VECTOR('',#10604,1.);
#7145=VECTOR('',#10605,1.);
#7146=VECTOR('',#10606,1.);
#7147=VECTOR('',#10607,1.);
#7148=VECTOR('',#10608,1.);
#7149=VECTOR('',#10609,1.);
#7150=VECTOR('',#10610,1.);
#7151=VECTOR('',#10611,1.);
#7152=VECTOR('',#10612,1.);
#7153=VECTOR('',#10613,1.);
#7154=VECTOR('',#10614,1.);
#7155=VECTOR('',#10615,1.);
#7156=VECTOR('',#10616,1.);
#7157=VECTOR('',#10617,1.);
#7158=VECTOR('',#10618,1.);
#7159=VECTOR('',#10619,1.);
#7160=VECTOR('',#10620,1.);
#7161=VECTOR('',#10621,1.);
#7162=VECTOR('',#10622,1.);
#7163=VECTOR('',#10623,1.);
#7164=VECTOR('',#10624,1.);
#7165=VECTOR('',#10625,1.);
#7166=VECTOR('',#10626,1.);
#7167=VECTOR('',#10627,1.);
#7168=VECTOR('',#10628,1.);
#7169=VECTOR('',#10629,1.);
#7170=VECTOR('',#10630,1.);
#7171=VECTOR('',#10631,1.);
#7172=VECTOR('',#10632,1.);
#7173=VECTOR('',#10633,1.);
#7174=VECTOR('',#10634,1.);
#7175=VECTOR('',#10635,1.);
#7176=VECTOR('',#10636,1.);
#7177=VECTOR('',#10637,1.);
#7178=VECTOR('',#10638,1.);
#7179=VECTOR('',#10639,1.);
#7180=VECTOR('',#10640,1.);
#7181=VECTOR('',#10641,1.);
#7182=VECTOR('',#10642,1.);
#7183=VECTOR('',#10643,1.);
#7184=VECTOR('',#10644,1.);
#7185=VECTOR('',#10645,1.);
#7186=VECTOR('',#10646,1.);
#7187=VECTOR('',#10647,1.);
#7188=VECTOR('',#10648,1.);
#7189=VECTOR('',#10649,1.);
#7190=VECTOR('',#10650,1.);
#7191=VECTOR('',#10653,1.);
#7192=VECTOR('',#10654,1.);
#7193=VECTOR('',#10655,1.);
#7194=VECTOR('',#10656,1.);
#7195=VECTOR('',#10657,1.);
#7196=VECTOR('',#10658,1.);
#7197=VECTOR('',#10659,1.);
#7198=VECTOR('',#10660,1.);
#7199=VECTOR('',#10661,1.);
#7200=VECTOR('',#10662,1.);
#7201=VECTOR('',#10663,1.);
#7202=VECTOR('',#10666,1.);
#7203=VECTOR('',#10667,1.);
#7204=VECTOR('',#10668,1.);
#7205=VECTOR('',#10669,1.);
#7206=VECTOR('',#10670,1.);
#7207=VECTOR('',#10671,1.);
#7208=VECTOR('',#10672,1.);
#7209=VECTOR('',#10673,1.);
#7210=VECTOR('',#10674,1.);
#7211=VECTOR('',#10675,1.);
#7212=VECTOR('',#10676,1.);
#7213=VECTOR('',#10677,1.);
#7214=VECTOR('',#10678,1.);
#7215=VECTOR('',#10679,1.);
#7216=VECTOR('',#10680,1.);
#7217=VECTOR('',#10681,1.);
#7218=VECTOR('',#10682,1.);
#7219=VECTOR('',#10683,1.);
#7220=VECTOR('',#10684,1.);
#7221=VECTOR('',#10685,1.);
#7222=VECTOR('',#10690,1.);
#7223=VECTOR('',#10691,1.);
#7224=VECTOR('',#10692,1.);
#7225=VECTOR('',#10693,1.);
#7226=VECTOR('',#10694,1.);
#7227=VECTOR('',#10695,1.);
#7228=VECTOR('',#10696,1.);
#7229=VECTOR('',#10697,1.);
#7230=VECTOR('',#10698,1.);
#7231=VECTOR('',#10699,1.);
#7232=VECTOR('',#10700,1.);
#7233=VECTOR('',#10705,1.);
#7234=VECTOR('',#10706,1.);
#7235=VECTOR('',#10707,1.);
#7236=VECTOR('',#10708,1.);
#7237=VECTOR('',#10713,1.);
#7238=VECTOR('',#10714,1.);
#7239=VECTOR('',#10715,1.);
#7240=VECTOR('',#10716,1.);
#7241=VECTOR('',#10717,1.);
#7242=VECTOR('',#10722,1.);
#7243=VECTOR('',#10723,1.);
#7244=VECTOR('',#10724,1.);
#7245=VECTOR('',#10727,1.);
#7246=VECTOR('',#10728,1.);
#7247=VECTOR('',#10729,1.);
#7248=VECTOR('',#10734,1.);
#7249=VECTOR('',#10735,1.);
#7250=VECTOR('',#10736,1.);
#7251=VECTOR('',#10737,1.);
#7252=VECTOR('',#10738,1.);
#7253=VECTOR('',#10739,1.);
#7254=VECTOR('',#10740,1.);
#7255=VECTOR('',#10741,1.);
#7256=VECTOR('',#10742,1.);
#7257=VECTOR('',#10743,1.);
#7258=VECTOR('',#10744,1.);
#7259=VECTOR('',#10745,1.);
#7260=VECTOR('',#10746,1.);
#7261=VECTOR('',#10747,1.);
#7262=VECTOR('',#10748,1.);
#7263=VECTOR('',#10749,1.);
#7264=VECTOR('',#10750,1.);
#7265=VECTOR('',#10751,1.);
#7266=VECTOR('',#10754,1.);
#7267=VECTOR('',#10755,1.);
#7268=VECTOR('',#10758,1.);
#7269=VECTOR('',#10761,1.);
#7270=VECTOR('',#10762,1.);
#7271=VECTOR('',#10763,1.);
#7272=VECTOR('',#10764,1.);
#7273=VECTOR('',#10765,1.);
#7274=VECTOR('',#10766,1.);
#7275=VECTOR('',#10767,1.);
#7276=VECTOR('',#10768,1.);
#7277=VECTOR('',#10771,1.);
#7278=VECTOR('',#10772,1.);
#7279=VECTOR('',#10773,1.);
#7280=VECTOR('',#10774,1.);
#7281=VECTOR('',#10775,1.);
#7282=VECTOR('',#10784,1.);
#7283=VECTOR('',#10785,1.);
#7284=VECTOR('',#10786,1.);
#7285=VECTOR('',#10787,1.);
#7286=VECTOR('',#10788,1.);
#7287=VECTOR('',#10789,1.);
#7288=VECTOR('',#10790,1.);
#7289=VECTOR('',#10791,1.);
#7290=VECTOR('',#10792,1.);
#7291=VECTOR('',#10793,1.);
#7292=VECTOR('',#10794,1.);
#7293=VECTOR('',#10795,1.);
#7294=VECTOR('',#10796,1.);
#7295=VECTOR('',#10805,1.);
#7296=VECTOR('',#10806,1.);
#7297=VECTOR('',#10807,1.);
#7298=VECTOR('',#10808,1.);
#7299=VECTOR('',#10809,1.);
#7300=VECTOR('',#10810,1.);
#7301=VECTOR('',#10811,1.);
#7302=VECTOR('',#10812,1.);
#7303=VECTOR('',#10813,1.);
#7304=VECTOR('',#10814,1.);
#7305=VECTOR('',#10815,1.);
#7306=VECTOR('',#10816,1.);
#7307=VECTOR('',#10817,1.);
#7308=VECTOR('',#10818,1.);
#7309=VECTOR('',#10823,1.);
#7310=VECTOR('',#10828,1.);
#7311=VECTOR('',#10829,1.);
#7312=VECTOR('',#10830,1.);
#7313=VECTOR('',#10831,1.);
#7314=VECTOR('',#10832,1.);
#7315=VECTOR('',#10833,1.);
#7316=VECTOR('',#10836,1.);
#7317=VECTOR('',#10837,1.);
#7318=VECTOR('',#10838,1.);
#7319=VECTOR('',#10839,1.);
#7320=VECTOR('',#10840,1.);
#7321=VECTOR('',#10841,1.);
#7322=VECTOR('',#10842,1.);
#7323=VECTOR('',#10843,1.);
#7324=VECTOR('',#10844,1.);
#7325=VECTOR('',#10847,1.);
#7326=VECTOR('',#10848,1.);
#7327=VECTOR('',#10849,1.);
#7328=VECTOR('',#10850,1.);
#7329=VECTOR('',#10851,1.);
#7330=VECTOR('',#10852,1.);
#7331=VECTOR('',#10853,1.);
#7332=VECTOR('',#10854,1.);
#7333=VECTOR('',#10855,1.);
#7334=VECTOR('',#10856,1.);
#7335=VECTOR('',#10857,1.);
#7336=VECTOR('',#10858,1.);
#7337=VECTOR('',#10859,1.);
#7338=VECTOR('',#10860,1.);
#7339=VECTOR('',#10861,1.);
#7340=VECTOR('',#10862,1.);
#7341=VECTOR('',#10863,1.);
#7342=VECTOR('',#10864,1.);
#7343=VECTOR('',#10865,1.);
#7344=VECTOR('',#10866,1.);
#7345=VECTOR('',#10871,1.);
#7346=VECTOR('',#10876,1.);
#7347=VECTOR('',#10877,1.);
#7348=VECTOR('',#10878,1.);
#7349=VECTOR('',#10879,1.);
#7350=VECTOR('',#10880,1.);
#7351=VECTOR('',#10881,1.);
#7352=VECTOR('',#10882,1.);
#7353=VECTOR('',#10883,1.);
#7354=VECTOR('',#10884,1.);
#7355=VECTOR('',#10885,1.);
#7356=VECTOR('',#10886,1.);
#7357=VECTOR('',#10887,1.);
#7358=VECTOR('',#10888,1.);
#7359=VECTOR('',#10889,1.);
#7360=VECTOR('',#10890,1.);
#7361=VECTOR('',#10891,1.);
#7362=VECTOR('',#10892,1.);
#7363=VECTOR('',#10893,1.);
#7364=VECTOR('',#10894,1.);
#7365=VECTOR('',#10895,1.);
#7366=VECTOR('',#10896,1.);
#7367=VECTOR('',#10897,1.);
#7368=VECTOR('',#10898,1.);
#7369=VECTOR('',#10899,1.);
#7370=VECTOR('',#10900,1.);
#7371=VECTOR('',#10901,1.);
#7372=VECTOR('',#10902,1.);
#7373=VECTOR('',#10903,1.);
#7374=VECTOR('',#10906,1.);
#7375=VECTOR('',#10909,1.);
#7376=VECTOR('',#10916,1.);
#7377=VECTOR('',#10919,1.);
#7378=VECTOR('',#10922,1.);
#7379=VECTOR('',#10923,1.);
#7380=VECTOR('',#10924,1.);
#7381=VECTOR('',#10927,1.);
#7382=VECTOR('',#10928,1.);
#7383=VECTOR('',#10931,1.);
#7384=VECTOR('',#10932,1.);
#7385=VECTOR('',#10935,1.);
#7386=VECTOR('',#10936,1.);
#7387=VECTOR('',#10941,1.);
#7388=VECTOR('',#10942,1.);
#7389=VECTOR('',#10945,1.);
#7390=VECTOR('',#10946,1.);
#7391=VECTOR('',#10953,1.);
#7392=VECTOR('',#10954,1.);
#7393=VECTOR('',#10955,1.);
#7394=VECTOR('',#10958,1.);
#7395=VECTOR('',#10959,1.);
#7396=VECTOR('',#10962,1.);
#7397=VECTOR('',#10965,1.);
#7398=VECTOR('',#10966,1.);
#7399=VECTOR('',#10969,1.);
#7400=VECTOR('',#10970,1.);
#7401=VECTOR('',#10977,1.);
#7402=VECTOR('',#10978,1.);
#7403=VECTOR('',#10979,1.);
#7404=VECTOR('',#10982,1.);
#7405=VECTOR('',#10985,1.);
#7406=VECTOR('',#10988,1.);
#7407=VECTOR('',#10991,1.);
#7408=VECTOR('',#10992,1.);
#7409=VECTOR('',#10995,1.);
#7410=VECTOR('',#10996,1.);
#7411=VECTOR('',#11001,1.);
#7412=VECTOR('',#11004,1.);
#7413=VECTOR('',#11007,1.);
#7414=VECTOR('',#11008,1.);
#7415=VECTOR('',#11009,1.);
#7416=VECTOR('',#11012,1.);
#7417=VECTOR('',#11015,1.);
#7418=VECTOR('',#11016,1.);
#7419=VECTOR('',#11017,1.);
#7420=VECTOR('',#11020,1.);
#7421=VECTOR('',#11025,1.);
#7422=VECTOR('',#11026,1.);
#7423=VECTOR('',#11027,1.);
#7424=VECTOR('',#11032,1.);
#7425=VECTOR('',#11035,1.);
#7426=VECTOR('',#11036,1.);
#7427=VECTOR('',#11041,1.);
#7428=VECTOR('',#11044,1.);
#7429=VECTOR('',#11045,1.);
#7430=VECTOR('',#11048,1.);
#7431=VECTOR('',#11049,1.);
#7432=VECTOR('',#11050,1.);
#7433=VECTOR('',#11053,1.);
#7434=VECTOR('',#11054,1.);
#7435=VECTOR('',#11057,1.);
#7436=VECTOR('',#11058,1.);
#7437=VECTOR('',#11061,1.);
#7438=VECTOR('',#11062,1.);
#7439=VECTOR('',#11065,1.);
#7440=VECTOR('',#11066,1.);
#7441=VECTOR('',#11069,1.);
#7442=VECTOR('',#11070,1.);
#7443=VECTOR('',#11071,1.);
#7444=VECTOR('',#11074,1.);
#7445=VECTOR('',#11075,1.);
#7446=VECTOR('',#11078,1.);
#7447=VECTOR('',#11079,1.);
#7448=VECTOR('',#11082,1.);
#7449=VECTOR('',#11083,1.);
#7450=VECTOR('',#11086,1.);
#7451=VECTOR('',#11087,1.);
#7452=VECTOR('',#11090,1.);
#7453=VECTOR('',#11091,1.);
#7454=VECTOR('',#11094,1.);
#7455=VECTOR('',#11095,1.);
#7456=VECTOR('',#11098,1.);
#7457=VECTOR('',#11099,1.);
#7458=VECTOR('',#11102,1.);
#7459=VECTOR('',#11103,1.);
#7460=VECTOR('',#11106,1.);
#7461=VECTOR('',#11107,1.);
#7462=VECTOR('',#11110,1.);
#7463=VECTOR('',#11111,1.);
#7464=VECTOR('',#11114,1.);
#7465=VECTOR('',#11115,1.);
#7466=VECTOR('',#11116,1.);
#7467=VECTOR('',#11119,1.);
#7468=VECTOR('',#11120,1.);
#7469=VECTOR('',#11123,1.);
#7470=VECTOR('',#11124,1.);
#7471=VECTOR('',#11127,1.);
#7472=VECTOR('',#11128,1.);
#7473=VECTOR('',#11131,1.);
#7474=VECTOR('',#11132,1.);
#7475=VECTOR('',#11135,1.);
#7476=VECTOR('',#11136,1.);
#7477=VECTOR('',#11139,1.);
#7478=VECTOR('',#11140,1.);
#7479=VECTOR('',#11141,1.);
#7480=VECTOR('',#11142,1.);
#7481=VECTOR('',#11143,1.);
#7482=VECTOR('',#11144,1.);
#7483=VECTOR('',#11145,1.);
#7484=VECTOR('',#11146,1.);
#7485=VECTOR('',#11151,1.);
#7486=VECTOR('',#11152,1.);
#7487=VECTOR('',#11155,1.);
#7488=VECTOR('',#11156,1.);
#7489=VECTOR('',#11161,1.);
#7490=VECTOR('',#11166,1.);
#7491=VECTOR('',#11167,1.);
#7492=VECTOR('',#11168,1.);
#7493=VECTOR('',#11169,1.);
#7494=VECTOR('',#11170,1.);
#7495=VECTOR('',#11173,1.);
#7496=VECTOR('',#11174,1.);
#7497=VECTOR('',#11175,1.);
#7498=VECTOR('',#11176,1.);
#7499=VECTOR('',#11179,1.);
#7500=VECTOR('',#11180,1.);
#7501=VECTOR('',#11183,1.);
#7502=VECTOR('',#11184,1.);
#7503=VECTOR('',#11187,1.);
#7504=VECTOR('',#11188,1.);
#7505=VECTOR('',#11191,1.);
#7506=VECTOR('',#11192,1.);
#7507=VECTOR('',#11195,1.);
#7508=VECTOR('',#11196,1.);
#7509=VECTOR('',#11199,1.);
#7510=VECTOR('',#11200,1.);
#7511=VECTOR('',#11203,1.);
#7512=VECTOR('',#11204,1.);
#7513=VECTOR('',#11207,1.);
#7514=VECTOR('',#11208,1.);
#7515=VECTOR('',#11211,1.);
#7516=VECTOR('',#11212,1.);
#7517=VECTOR('',#11215,1.);
#7518=VECTOR('',#11216,1.);
#7519=VECTOR('',#11219,1.);
#7520=VECTOR('',#11220,1.);
#7521=VECTOR('',#11223,1.);
#7522=VECTOR('',#11224,1.);
#7523=VECTOR('',#11225,1.);
#7524=VECTOR('',#11226,1.);
#7525=VECTOR('',#11227,1.);
#7526=VECTOR('',#11228,1.);
#7527=VECTOR('',#11229,1.);
#7528=VECTOR('',#11230,1.);
#7529=VECTOR('',#11231,1.);
#7530=VECTOR('',#11234,1.);
#7531=VECTOR('',#11235,1.);
#7532=VECTOR('',#11236,1.);
#7533=VECTOR('',#11237,1.);
#7534=VECTOR('',#11238,1.);
#7535=VECTOR('',#11239,1.);
#7536=VECTOR('',#11240,1.);
#7537=VECTOR('',#11241,1.);
#7538=VECTOR('',#11242,1.);
#7539=VECTOR('',#11245,1.);
#7540=VECTOR('',#11246,1.);
#7541=VECTOR('',#11247,1.);
#7542=VECTOR('',#11250,1.);
#7543=VECTOR('',#11251,1.);
#7544=VECTOR('',#11254,1.);
#7545=VECTOR('',#11255,1.);
#7546=VECTOR('',#11258,1.);
#7547=VECTOR('',#11259,1.);
#7548=VECTOR('',#11260,1.);
#7549=VECTOR('',#11263,1.);
#7550=VECTOR('',#11264,1.);
#7551=VECTOR('',#11265,1.);
#7552=VECTOR('',#11266,1.);
#7553=VECTOR('',#11267,1.);
#7554=VECTOR('',#11268,1.);
#7555=VECTOR('',#11271,1.);
#7556=VECTOR('',#11272,1.);
#7557=VECTOR('',#11275,1.);
#7558=VECTOR('',#11276,1.);
#7559=VECTOR('',#11279,1.);
#7560=VECTOR('',#11280,1.);
#7561=VECTOR('',#11283,1.);
#7562=VECTOR('',#11284,1.);
#7563=VECTOR('',#11287,1.);
#7564=VECTOR('',#11288,1.);
#7565=VECTOR('',#11291,1.);
#7566=VECTOR('',#11292,1.);
#7567=VECTOR('',#11297,1.);
#7568=VECTOR('',#11298,1.);
#7569=VECTOR('',#11299,1.);
#7570=VECTOR('',#11300,1.);
#7571=VECTOR('',#11301,1.);
#7572=VECTOR('',#11302,1.);
#7573=VECTOR('',#11303,1.);
#7574=VECTOR('',#11304,1.);
#7575=VECTOR('',#11305,1.);
#7576=VECTOR('',#11306,1.);
#7577=VECTOR('',#11311,1.);
#7578=VECTOR('',#11316,1.);
#7579=VECTOR('',#11319,1.);
#7580=VECTOR('',#11320,1.);
#7581=VECTOR('',#11323,1.);
#7582=VECTOR('',#11324,1.);
#7583=VECTOR('',#11327,1.);
#7584=VECTOR('',#11328,1.);
#7585=VECTOR('',#11331,1.);
#7586=VECTOR('',#11332,1.);
#7587=VECTOR('',#11335,1.);
#7588=VECTOR('',#11336,1.);
#7589=VECTOR('',#11339,1.);
#7590=VECTOR('',#11340,1.);
#7591=VECTOR('',#11345,1.);
#7592=VECTOR('',#11348,1.);
#7593=VECTOR('',#11349,1.);
#7594=VECTOR('',#11350,1.);
#7595=VECTOR('',#11353,1.);
#7596=VECTOR('',#11354,1.);
#7597=VECTOR('',#11357,1.);
#7598=VECTOR('',#11358,1.);
#7599=VECTOR('',#11359,1.);
#7600=VECTOR('',#11360,1.);
#7601=VECTOR('',#11361,1.);
#7602=VECTOR('',#11362,1.);
#7603=VECTOR('',#11363,1.);
#7604=VECTOR('',#11366,1.);
#7605=VECTOR('',#11367,1.);
#7606=VECTOR('',#11370,1.);
#7607=VECTOR('',#11371,1.);
#7608=VECTOR('',#11372,1.);
#7609=VECTOR('',#11373,1.);
#7610=VECTOR('',#11374,1.);
#7611=VECTOR('',#11377,1.);
#7612=VECTOR('',#11378,1.);
#7613=VECTOR('',#11383,1.);
#7614=VECTOR('',#11388,1.);
#7615=VECTOR('',#11389,1.);
#7616=VECTOR('',#11390,1.);
#7617=VECTOR('',#11393,1.);
#7618=VECTOR('',#11394,1.);
#7619=VECTOR('',#11395,1.);
#7620=VECTOR('',#11398,1.);
#7621=VECTOR('',#11399,1.);
#7622=VECTOR('',#11400,1.);
#7623=VECTOR('',#11401,1.);
#7624=VECTOR('',#11402,1.);
#7625=VECTOR('',#11403,1.);
#7626=VECTOR('',#11406,1.);
#7627=VECTOR('',#11407,1.);
#7628=VECTOR('',#11408,1.);
#7629=VECTOR('',#11409,1.);
#7630=VECTOR('',#11410,1.);
#7631=VECTOR('',#11413,1.);
#7632=VECTOR('',#11414,1.);
#7633=VECTOR('',#11415,1.);
#7634=VECTOR('',#11418,1.);
#7635=VECTOR('',#11419,1.);
#7636=VECTOR('',#11422,1.);
#7637=VECTOR('',#11423,1.);
#7638=VECTOR('',#11424,1.);
#7639=VECTOR('',#11425,1.);
#7640=VECTOR('',#11426,1.);
#7641=VECTOR('',#11427,1.);
#7642=VECTOR('',#11428,1.);
#7643=VECTOR('',#11429,1.);
#7644=VECTOR('',#11430,1.);
#7645=VECTOR('',#11433,1.);
#7646=VECTOR('',#11434,1.);
#7647=VECTOR('',#11435,1.);
#7648=VECTOR('',#11438,1.);
#7649=VECTOR('',#11439,1.);
#7650=VECTOR('',#11440,1.);
#7651=VECTOR('',#11441,1.);
#7652=VECTOR('',#11442,1.);
#7653=VECTOR('',#11443,1.);
#7654=VECTOR('',#11444,1.);
#7655=VECTOR('',#11445,1.);
#7656=VECTOR('',#11448,1.);
#7657=VECTOR('',#11449,1.);
#7658=VECTOR('',#11452,1.);
#7659=VECTOR('',#11453,1.);
#7660=VECTOR('',#11456,1.);
#7661=VECTOR('',#11457,1.);
#7662=VECTOR('',#11460,1.);
#7663=VECTOR('',#11461,1.);
#7664=VECTOR('',#11464,1.);
#7665=VECTOR('',#11465,1.);
#7666=VECTOR('',#11468,1.);
#7667=VECTOR('',#11469,1.);
#7668=VECTOR('',#11472,1.);
#7669=VECTOR('',#11473,1.);
#7670=VECTOR('',#11474,1.);
#7671=VECTOR('',#11477,1.);
#7672=VECTOR('',#11478,1.);
#7673=VECTOR('',#11481,1.);
#7674=VECTOR('',#11482,1.);
#7675=VECTOR('',#11483,1.);
#7676=VECTOR('',#11484,1.);
#7677=VECTOR('',#11485,1.);
#7678=VECTOR('',#11490,1.);
#7679=VECTOR('',#11495,1.);
#7680=VECTOR('',#11496,1.);
#7681=VECTOR('',#11497,1.);
#7682=VECTOR('',#11502,1.);
#7683=VECTOR('',#11505,1.);
#7684=VECTOR('',#11506,1.);
#7685=VECTOR('',#11507,1.);
#7686=VECTOR('',#11510,1.);
#7687=VECTOR('',#11511,1.);
#7688=VECTOR('',#11514,1.);
#7689=VECTOR('',#11515,1.);
#7690=VECTOR('',#11518,1.);
#7691=VECTOR('',#11519,1.);
#7692=VECTOR('',#11520,1.);
#7693=VECTOR('',#11523,1.);
#7694=VECTOR('',#11524,1.);
#7695=VECTOR('',#11525,1.);
#7696=VECTOR('',#11526,1.);
#7697=VECTOR('',#11527,1.);
#7698=VECTOR('',#11528,1.);
#7699=VECTOR('',#11531,1.);
#7700=VECTOR('',#11532,1.);
#7701=VECTOR('',#11535,1.);
#7702=VECTOR('',#11536,1.);
#7703=VECTOR('',#11539,1.);
#7704=VECTOR('',#11540,1.);
#7705=VECTOR('',#11543,1.);
#7706=VECTOR('',#11544,1.);
#7707=VECTOR('',#11547,1.);
#7708=VECTOR('',#11548,1.);
#7709=VECTOR('',#11551,1.);
#7710=VECTOR('',#11552,1.);
#7711=VECTOR('',#11557,1.);
#7712=VECTOR('',#11558,1.);
#7713=VECTOR('',#11559,1.);
#7714=VECTOR('',#11560,1.);
#7715=VECTOR('',#11561,1.);
#7716=VECTOR('',#11562,1.);
#7717=VECTOR('',#11563,1.);
#7718=VECTOR('',#11564,1.);
#7719=VECTOR('',#11565,1.);
#7720=VECTOR('',#11566,1.);
#7721=VECTOR('',#11567,1.);
#7722=VECTOR('',#11568,1.);
#7723=VECTOR('',#11571,1.);
#7724=VECTOR('',#11572,1.);
#7725=VECTOR('',#11575,1.);
#7726=VECTOR('',#11576,1.);
#7727=VECTOR('',#11577,1.);
#7728=VECTOR('',#11578,1.);
#7729=VECTOR('',#11583,1.);
#7730=VECTOR('',#11586,1.);
#7731=VECTOR('',#11587,1.);
#7732=VECTOR('',#11590,1.);
#7733=VECTOR('',#11591,1.);
#7734=VECTOR('',#11592,1.);
#7735=VECTOR('',#11593,1.);
#7736=VECTOR('',#11596,1.);
#7737=VECTOR('',#11597,1.);
#7738=VECTOR('',#11600,1.);
#7739=VECTOR('',#11601,1.);
#7740=VECTOR('',#11604,1.);
#7741=VECTOR('',#11605,1.);
#7742=VECTOR('',#11608,1.);
#7743=VECTOR('',#11609,1.);
#7744=VECTOR('',#11612,1.);
#7745=VECTOR('',#11613,1.);
#7746=VECTOR('',#11616,1.);
#7747=VECTOR('',#11617,1.);
#7748=VECTOR('',#11620,1.);
#7749=VECTOR('',#11621,1.);
#7750=VECTOR('',#11624,1.);
#7751=VECTOR('',#11625,1.);
#7752=VECTOR('',#11628,1.);
#7753=VECTOR('',#11629,1.);
#7754=VECTOR('',#11632,1.);
#7755=VECTOR('',#11633,1.);
#7756=VECTOR('',#11636,1.);
#7757=VECTOR('',#11637,1.);
#7758=VECTOR('',#11640,1.);
#7759=VECTOR('',#11641,1.);
#7760=VECTOR('',#11644,1.);
#7761=VECTOR('',#11645,1.);
#7762=VECTOR('',#11646,1.);
#7763=VECTOR('',#11649,1.);
#7764=VECTOR('',#11650,1.);
#7765=VECTOR('',#11651,1.);
#7766=VECTOR('',#11652,1.);
#7767=VECTOR('',#11653,1.);
#7768=VECTOR('',#11654,1.);
#7769=VECTOR('',#11657,1.);
#7770=VECTOR('',#11658,1.);
#7771=VECTOR('',#11659,1.);
#7772=VECTOR('',#11660,1.);
#7773=VECTOR('',#11661,1.);
#7774=VECTOR('',#11662,1.);
#7775=VECTOR('',#11663,1.);
#7776=VECTOR('',#11664,1.);
#7777=VECTOR('',#11665,1.);
#7778=VECTOR('',#11666,1.);
#7779=VECTOR('',#11669,1.);
#7780=VECTOR('',#11670,1.);
#7781=VECTOR('',#11675,1.);
#7782=VECTOR('',#11680,1.);
#7783=VECTOR('',#11681,1.);
#7784=VECTOR('',#11682,1.);
#7785=VECTOR('',#11683,1.);
#7786=VECTOR('',#11684,1.);
#7787=VECTOR('',#11685,1.);
#7788=VECTOR('',#11686,1.);
#7789=VECTOR('',#11687,1.);
#7790=VECTOR('',#11688,1.);
#7791=VECTOR('',#11689,1.);
#7792=VECTOR('',#11690,1.);
#7793=VECTOR('',#11693,1.);
#7794=VECTOR('',#11694,1.);
#7795=VECTOR('',#11695,1.);
#7796=VECTOR('',#11696,1.);
#7797=VECTOR('',#11697,1.);
#7798=VECTOR('',#11698,1.);
#7799=VECTOR('',#11699,1.);
#7800=VECTOR('',#11700,1.);
#7801=VECTOR('',#11703,1.);
#7802=VECTOR('',#11704,1.);
#7803=VECTOR('',#11705,1.);
#7804=VECTOR('',#11708,1.);
#7805=VECTOR('',#11709,1.);
#7806=VECTOR('',#11712,1.);
#7807=VECTOR('',#11713,1.);
#7808=VECTOR('',#11718,1.);
#7809=VECTOR('',#11719,1.);
#7810=VECTOR('',#11724,1.);
#7811=VECTOR('',#11727,1.);
#7812=VECTOR('',#11728,1.);
#7813=VECTOR('',#11731,1.);
#7814=VECTOR('',#11732,1.);
#7815=VECTOR('',#11735,1.);
#7816=VECTOR('',#11736,1.);
#7817=VECTOR('',#11739,1.);
#7818=VECTOR('',#11740,1.);
#7819=VECTOR('',#11743,1.);
#7820=VECTOR('',#11744,1.);
#7821=VECTOR('',#11749,1.);
#7822=VECTOR('',#11754,1.);
#7823=VECTOR('',#11757,1.);
#7824=VECTOR('',#11758,1.);
#7825=VECTOR('',#11761,1.);
#7826=VECTOR('',#11762,1.);
#7827=VECTOR('',#11765,1.);
#7828=VECTOR('',#11766,1.);
#7829=VECTOR('',#11771,1.);
#7830=VECTOR('',#11772,1.);
#7831=VECTOR('',#11775,1.);
#7832=VECTOR('',#11776,1.);
#7833=VECTOR('',#11777,1.);
#7834=VECTOR('',#11778,1.);
#7835=VECTOR('',#11779,1.);
#7836=VECTOR('',#11780,1.);
#7837=VECTOR('',#11781,1.);
#7838=VECTOR('',#11784,1.);
#7839=VECTOR('',#11785,1.);
#7840=VECTOR('',#11790,1.);
#7841=VECTOR('',#11795,1.);
#7842=VECTOR('',#11796,1.);
#7843=VECTOR('',#11797,1.);
#7844=VECTOR('',#11798,1.);
#7845=VECTOR('',#11799,1.);
#7846=VECTOR('',#11800,1.);
#7847=VECTOR('',#11801,1.);
#7848=VECTOR('',#11802,1.);
#7849=VECTOR('',#11803,1.);
#7850=VECTOR('',#11804,1.);
#7851=VECTOR('',#11805,1.);
#7852=VECTOR('',#11808,1.);
#7853=VECTOR('',#11809,1.);
#7854=VECTOR('',#11810,1.);
#7855=VECTOR('',#11811,1.);
#7856=VECTOR('',#11812,1.);
#7857=VECTOR('',#11813,1.);
#7858=VECTOR('',#11814,1.);
#7859=VECTOR('',#11815,1.);
#7860=VECTOR('',#11818,1.);
#7861=VECTOR('',#11819,1.);
#7862=VECTOR('',#11820,1.);
#7863=VECTOR('',#11823,1.);
#7864=VECTOR('',#11824,1.);
#7865=VECTOR('',#11827,1.);
#7866=VECTOR('',#11828,1.);
#7867=VECTOR('',#11831,1.);
#7868=VECTOR('',#11832,1.);
#7869=VECTOR('',#11835,1.);
#7870=VECTOR('',#11836,1.);
#7871=VECTOR('',#11839,1.);
#7872=VECTOR('',#11840,1.);
#7873=VECTOR('',#11843,1.);
#7874=VECTOR('',#11844,1.);
#7875=VECTOR('',#11847,1.);
#7876=VECTOR('',#11848,1.);
#7877=VECTOR('',#11851,1.);
#7878=VECTOR('',#11852,1.);
#7879=VECTOR('',#11853,1.);
#7880=VECTOR('',#11856,1.);
#7881=VECTOR('',#11857,1.);
#7882=VECTOR('',#11860,1.);
#7883=VECTOR('',#11861,1.);
#7884=VECTOR('',#11862,1.);
#7885=VECTOR('',#11863,1.);
#7886=VECTOR('',#11864,1.);
#7887=VECTOR('',#11865,1.);
#7888=VECTOR('',#11866,1.);
#7889=VECTOR('',#11869,1.);
#7890=VECTOR('',#11870,1.);
#7891=VECTOR('',#11873,1.);
#7892=VECTOR('',#11874,1.);
#7893=VECTOR('',#11875,1.);
#7894=VECTOR('',#11876,1.);
#7895=VECTOR('',#11877,1.);
#7896=VECTOR('',#11880,1.);
#7897=VECTOR('',#11881,1.);
#7898=VECTOR('',#11886,1.);
#7899=VECTOR('',#11891,1.);
#7900=VECTOR('',#11892,1.);
#7901=VECTOR('',#11893,1.);
#7902=VECTOR('',#11896,1.);
#7903=VECTOR('',#11897,1.);
#7904=VECTOR('',#11898,1.);
#7905=VECTOR('',#11901,1.);
#7906=VECTOR('',#11902,1.);
#7907=VECTOR('',#11905,1.);
#7908=VECTOR('',#11906,1.);
#7909=VECTOR('',#11909,1.);
#7910=VECTOR('',#11910,1.);
#7911=VECTOR('',#11913,1.);
#7912=VECTOR('',#11914,1.);
#7913=VECTOR('',#11917,1.);
#7914=VECTOR('',#11918,1.);
#7915=VECTOR('',#11921,1.);
#7916=VECTOR('',#11922,1.);
#7917=VECTOR('',#11925,1.);
#7918=VECTOR('',#11926,1.);
#7919=VECTOR('',#11929,1.);
#7920=VECTOR('',#11930,1.);
#7921=VECTOR('',#11933,1.);
#7922=VECTOR('',#11934,1.);
#7923=VECTOR('',#11937,1.);
#7924=VECTOR('',#11938,1.);
#7925=VECTOR('',#11941,1.);
#7926=VECTOR('',#11942,1.);
#7927=VECTOR('',#11943,1.);
#7928=VECTOR('',#11946,1.);
#7929=VECTOR('',#11947,1.);
#7930=VECTOR('',#11950,1.);
#7931=VECTOR('',#11951,1.);
#7932=VECTOR('',#11956,1.);
#7933=VECTOR('',#11959,1.);
#7934=VECTOR('',#11960,1.);
#7935=VECTOR('',#11963,1.);
#7936=VECTOR('',#11964,1.);
#7937=VECTOR('',#11967,1.);
#7938=VECTOR('',#11968,1.);
#7939=VECTOR('',#11971,1.);
#7940=VECTOR('',#11972,1.);
#7941=VECTOR('',#11975,1.);
#7942=VECTOR('',#11976,1.);
#7943=VECTOR('',#11979,1.);
#7944=VECTOR('',#11980,1.);
#7945=VECTOR('',#11983,1.);
#7946=VECTOR('',#11984,1.);
#7947=VECTOR('',#11987,1.);
#7948=VECTOR('',#11988,1.);
#7949=VECTOR('',#11991,1.);
#7950=VECTOR('',#11992,1.);
#7951=VECTOR('',#11995,1.);
#7952=VECTOR('',#11996,1.);
#7953=VECTOR('',#11999,1.);
#7954=VECTOR('',#12000,1.);
#7955=VECTOR('',#12005,1.);
#7956=VECTOR('',#12008,1.);
#7957=VECTOR('',#12009,1.);
#7958=VECTOR('',#12012,1.);
#7959=VECTOR('',#12013,1.);
#7960=VECTOR('',#12014,1.);
#7961=VECTOR('',#12017,1.);
#7962=VECTOR('',#12018,1.);
#7963=VECTOR('',#12019,1.);
#7964=VECTOR('',#12020,1.);
#7965=VECTOR('',#12021,1.);
#7966=VECTOR('',#12022,1.);
#7967=VECTOR('',#12025,1.);
#7968=VECTOR('',#12026,1.);
#7969=VECTOR('',#12029,1.);
#7970=VECTOR('',#12030,1.);
#7971=VECTOR('',#12033,1.);
#7972=VECTOR('',#12034,1.);
#7973=VECTOR('',#12035,1.);
#7974=VECTOR('',#12036,1.);
#7975=VECTOR('',#12037,1.);
#7976=VECTOR('',#12038,1.);
#7977=VECTOR('',#12041,1.);
#7978=VECTOR('',#12042,1.);
#7979=VECTOR('',#12043,1.);
#7980=VECTOR('',#12046,1.);
#7981=VECTOR('',#12047,1.);
#7982=VECTOR('',#12050,1.);
#7983=VECTOR('',#12051,1.);
#7984=VECTOR('',#12054,1.);
#7985=VECTOR('',#12055,1.);
#7986=VECTOR('',#12058,1.);
#7987=VECTOR('',#12059,1.);
#7988=VECTOR('',#12062,1.);
#7989=VECTOR('',#12063,1.);
#7990=VECTOR('',#12066,1.);
#7991=VECTOR('',#12067,1.);
#7992=VECTOR('',#12070,1.);
#7993=VECTOR('',#12071,1.);
#7994=VECTOR('',#12074,1.);
#7995=VECTOR('',#12075,1.);
#7996=VECTOR('',#12076,1.);
#7997=VECTOR('',#12079,1.);
#7998=VECTOR('',#12080,1.);
#7999=VECTOR('',#12083,1.);
#8000=VECTOR('',#12084,1.);
#8001=VECTOR('',#12087,1.);
#8002=VECTOR('',#12088,1.);
#8003=VECTOR('',#12091,1.);
#8004=VECTOR('',#12092,1.);
#8005=VECTOR('',#12095,1.);
#8006=VECTOR('',#12096,1.);
#8007=VECTOR('',#12099,1.);
#8008=VECTOR('',#12100,1.);
#8009=VECTOR('',#12103,1.);
#8010=VECTOR('',#12104,1.);
#8011=VECTOR('',#12107,1.);
#8012=VECTOR('',#12108,1.);
#8013=VECTOR('',#12111,1.);
#8014=VECTOR('',#12112,1.);
#8015=VECTOR('',#12115,1.);
#8016=VECTOR('',#12116,1.);
#8017=VECTOR('',#12119,1.);
#8018=VECTOR('',#12120,1.);
#8019=VECTOR('',#12121,1.);
#8020=VECTOR('',#12124,1.);
#8021=VECTOR('',#12125,1.);
#8022=VECTOR('',#12128,1.);
#8023=VECTOR('',#12129,1.);
#8024=VECTOR('',#12132,1.);
#8025=VECTOR('',#12133,1.);
#8026=VECTOR('',#12136,1.);
#8027=VECTOR('',#12137,1.);
#8028=VECTOR('',#12140,1.);
#8029=VECTOR('',#12141,1.);
#8030=VECTOR('',#12144,1.);
#8031=VECTOR('',#12145,1.);
#8032=VECTOR('',#12148,1.);
#8033=VECTOR('',#12149,1.);
#8034=VECTOR('',#12150,1.);
#8035=VECTOR('',#12153,1.);
#8036=VECTOR('',#12154,1.);
#8037=VECTOR('',#12157,1.);
#8038=VECTOR('',#12158,1.);
#8039=VECTOR('',#12161,1.);
#8040=VECTOR('',#12162,1.);
#8041=VECTOR('',#12165,1.);
#8042=VECTOR('',#12166,1.);
#8043=VECTOR('',#12169,1.);
#8044=VECTOR('',#12170,1.);
#8045=VECTOR('',#12171,1.);
#8046=VECTOR('',#12174,1.);
#8047=VECTOR('',#12175,1.);
#8048=VECTOR('',#12178,1.);
#8049=VECTOR('',#12179,1.);
#8050=VECTOR('',#12182,1.);
#8051=VECTOR('',#12183,1.);
#8052=VECTOR('',#12186,1.);
#8053=VECTOR('',#12187,1.);
#8054=VECTOR('',#12188,1.);
#8055=VECTOR('',#12189,1.);
#8056=VECTOR('',#12190,1.);
#8057=VECTOR('',#12193,1.);
#8058=VECTOR('',#12194,1.);
#8059=VECTOR('',#12197,1.);
#8060=VECTOR('',#12198,1.);
#8061=VECTOR('',#12201,1.);
#8062=VECTOR('',#12202,1.);
#8063=VECTOR('',#12203,1.);
#8064=VECTOR('',#12206,1.);
#8065=VECTOR('',#12207,1.);
#8066=VECTOR('',#12210,1.);
#8067=VECTOR('',#12211,1.);
#8068=VECTOR('',#12214,1.);
#8069=VECTOR('',#12215,1.);
#8070=VECTOR('',#12218,1.);
#8071=VECTOR('',#12219,1.);
#8072=VECTOR('',#12222,1.);
#8073=VECTOR('',#12223,1.);
#8074=VECTOR('',#12226,1.);
#8075=VECTOR('',#12227,1.);
#8076=VECTOR('',#12228,1.);
#8077=VECTOR('',#12229,1.);
#8078=VECTOR('',#12230,1.);
#8079=VECTOR('',#12231,1.);
#8080=VECTOR('',#12232,1.);
#8081=VECTOR('',#12233,1.);
#8082=VECTOR('',#12234,1.);
#8083=VECTOR('',#12237,1.);
#8084=VECTOR('',#12238,1.);
#8085=VECTOR('',#12239,1.);
#8086=VECTOR('',#12240,1.);
#8087=VECTOR('',#12241,1.);
#8088=VECTOR('',#12242,1.);
#8089=VECTOR('',#12243,1.);
#8090=VECTOR('',#12244,1.);
#8091=VECTOR('',#12245,1.);
#8092=VECTOR('',#12248,1.);
#8093=VECTOR('',#12251,1.);
#8094=VECTOR('',#12254,1.);
#8095=VECTOR('',#12257,1.);
#8096=VECTOR('',#12264,1.);
#8097=VECTOR('',#12267,1.);
#8098=VECTOR('',#12270,1.);
#8099=VECTOR('',#12273,1.);
#8100=VECTOR('',#12276,1.);
#8101=VECTOR('',#12279,1.);
#8102=VECTOR('',#12282,1.);
#8103=VECTOR('',#12301,1.);
#8104=VECTOR('',#12304,1.);
#8105=VECTOR('',#12311,1.);
#8106=VECTOR('',#12314,1.);
#8107=VECTOR('',#12325,1.);
#8108=VECTOR('',#12328,1.);
#8109=VECTOR('',#12331,1.);
#8110=VECTOR('',#12334,1.);
#8111=VECTOR('',#12337,1.);
#8112=VECTOR('',#12340,1.);
#8113=VECTOR('',#12343,1.);
#8114=VECTOR('',#12346,1.);
#8115=VECTOR('',#12349,1.);
#8116=VECTOR('',#12352,1.);
#8117=VECTOR('',#12355,1.);
#8118=VECTOR('',#12358,1.);
#8119=VECTOR('',#12361,1.);
#8120=VECTOR('',#12364,1.);
#8121=VECTOR('',#12373,1.);
#8122=VECTOR('',#12374,1.);
#8123=VECTOR('',#12377,1.);
#8124=VECTOR('',#12380,1.);
#8125=VECTOR('',#12383,1.);
#8126=VECTOR('',#12386,1.);
#8127=EDGE_LOOP('',(#687,#688,#689,#690));
#8128=EDGE_LOOP('',(#691,#692,#693,#694));
#8129=EDGE_LOOP('',(#695,#696,#697,#698));
#8130=EDGE_LOOP('',(#699,#700,#701,#702));
#8131=EDGE_LOOP('',(#703,#704,#705,#706));
#8132=EDGE_LOOP('',(#707,#708,#709,#710));
#8133=EDGE_LOOP('',(#711,#712,#713,#714,#715,#716));
#8134=EDGE_LOOP('',(#717));
#8135=EDGE_LOOP('',(#718,#719,#720,#721,#722,#723));
#8136=EDGE_LOOP('',(#724,#725,#726,#727,#728,#729));
#8137=EDGE_LOOP('',(#730,#731,#732,#733,#734,#735,#736,#737,#738,#739,#740,
#741,#742,#743,#744));
#8138=EDGE_LOOP('',(#745,#746,#747,#748,#749,#750,#751,#752));
#8139=EDGE_LOOP('',(#753,#754,#755,#756,#757,#758,#759,#760,#761,#762,#763));
#8140=EDGE_LOOP('',(#764,#765,#766,#767,#768,#769));
#8141=EDGE_LOOP('',(#770,#771,#772,#773,#774,#775,#776,#777));
#8142=EDGE_LOOP('',(#778,#779,#780,#781,#782,#783,#784,#785,#786,#787,#788,
#789));
#8143=EDGE_LOOP('',(#790,#791,#792,#793,#794,#795,#796,#797,#798));
#8144=EDGE_LOOP('',(#799,#800,#801,#802,#803,#804,#805,#806,#807,#808,#809,
#810,#811,#812));
#8145=EDGE_LOOP('',(#813,#814,#815,#816,#817,#818,#819,#820,#821,#822,#823,
#824,#825,#826,#827,#828,#829,#830));
#8146=EDGE_LOOP('',(#831,#832,#833,#834,#835,#836,#837,#838,#839,#840,#841,
#842));
#8147=EDGE_LOOP('',(#843,#844,#845,#846,#847,#848,#849,#850,#851,#852,#853,
#854,#855,#856,#857,#858,#859,#860,#861));
#8148=EDGE_LOOP('',(#862,#863,#864,#865,#866,#867,#868,#869,#870));
#8149=EDGE_LOOP('',(#871,#872,#873,#874,#875,#876,#877,#878,#879,#880,#881,
#882,#883,#884,#885,#886,#887,#888,#889,#890,#891,#892,#893,#894,#895));
#8150=EDGE_LOOP('',(#896,#897,#898,#899,#900,#901,#902,#903,#904,#905,#906,
#907,#908,#909,#910,#911,#912,#913,#914,#915));
#8151=EDGE_LOOP('',(#916,#917,#918,#919,#920,#921,#922,#923,#924,#925,#926,
#927,#928,#929,#930,#931,#932,#933,#934,#935,#936,#937,#938,#939,#940));
#8152=EDGE_LOOP('',(#941,#942,#943,#944,#945,#946,#947,#948,#949,#950,#951));
#8153=EDGE_LOOP('',(#952,#953,#954,#955,#956,#957,#958,#959,#960,#961,#962,
#963,#964,#965,#966));
#8154=EDGE_LOOP('',(#967,#968,#969,#970,#971,#972,#973,#974,#975,#976,#977,
#978,#979,#980));
#8155=EDGE_LOOP('',(#981,#982,#983,#984,#985,#986,#987,#988,#989,#990,#991,
#992,#993,#994,#995,#996,#997));
#8156=EDGE_LOOP('',(#998,#999,#1000,#1001));
#8157=EDGE_LOOP('',(#1002,#1003,#1004,#1005,#1006,#1007,#1008,#1009));
#8158=EDGE_LOOP('',(#1010,#1011,#1012,#1013));
#8159=EDGE_LOOP('',(#1014,#1015,#1016,#1017,#1018,#1019,#1020,#1021,#1022,
#1023,#1024,#1025,#1026,#1027,#1028));
#8160=EDGE_LOOP('',(#1029));
#8161=EDGE_LOOP('',(#1030));
#8162=EDGE_LOOP('',(#1031));
#8163=EDGE_LOOP('',(#1032,#1033,#1034,#1035,#1036,#1037,#1038));
#8164=EDGE_LOOP('',(#1039,#1040,#1041,#1042));
#8165=EDGE_LOOP('',(#1043,#1044,#1045,#1046,#1047,#1048,#1049,#1050,#1051,
#1052,#1053));
#8166=EDGE_LOOP('',(#1054,#1055,#1056,#1057,#1058,#1059,#1060,#1061,#1062,
#1063,#1064,#1065,#1066,#1067,#1068,#1069,#1070,#1071,#1072));
#8167=EDGE_LOOP('',(#1073,#1074,#1075,#1076,#1077,#1078,#1079,#1080,#1081,
#1082,#1083,#1084,#1085,#1086,#1087));
#8168=EDGE_LOOP('',(#1088,#1089,#1090,#1091,#1092,#1093,#1094,#1095,#1096,
#1097,#1098,#1099,#1100,#1101,#1102,#1103,#1104));
#8169=EDGE_LOOP('',(#1105,#1106,#1107,#1108));
#8170=EDGE_LOOP('',(#1109,#1110,#1111,#1112,#1113,#1114,#1115,#1116,#1117,
#1118,#1119,#1120,#1121,#1122,#1123));
#8171=EDGE_LOOP('',(#1124,#1125,#1126,#1127,#1128,#1129,#1130,#1131,#1132,
#1133,#1134,#1135,#1136,#1137,#1138));
#8172=EDGE_LOOP('',(#1139,#1140,#1141,#1142,#1143,#1144,#1145,#1146,#1147,
#1148,#1149,#1150,#1151,#1152,#1153));
#8173=EDGE_LOOP('',(#1154,#1155,#1156,#1157,#1158,#1159,#1160,#1161));
#8174=EDGE_LOOP('',(#1162,#1163,#1164,#1165,#1166,#1167,#1168,#1169,#1170,
#1171,#1172,#1173));
#8175=EDGE_LOOP('',(#1174,#1175,#1176,#1177,#1178,#1179));
#8176=EDGE_LOOP('',(#1180,#1181,#1182,#1183,#1184,#1185));
#8177=EDGE_LOOP('',(#1186,#1187,#1188,#1189,#1190,#1191));
#8178=EDGE_LOOP('',(#1192,#1193,#1194,#1195,#1196,#1197));
#8179=EDGE_LOOP('',(#1198,#1199,#1200,#1201,#1202,#1203));
#8180=EDGE_LOOP('',(#1204));
#8181=EDGE_LOOP('',(#1205,#1206,#1207,#1208,#1209,#1210));
#8182=EDGE_LOOP('',(#1211));
#8183=EDGE_LOOP('',(#1212));
#8184=EDGE_LOOP('',(#1213,#1214,#1215,#1216));
#8185=EDGE_LOOP('',(#1217,#1218,#1219,#1220,#1221));
#8186=EDGE_LOOP('',(#1222,#1223,#1224,#1225));
#8187=EDGE_LOOP('',(#1226,#1227,#1228,#1229,#1230));
#8188=EDGE_LOOP('',(#1231,#1232,#1233,#1234));
#8189=EDGE_LOOP('',(#1235,#1236,#1237,#1238));
#8190=EDGE_LOOP('',(#1239,#1240,#1241,#1242,#1243));
#8191=EDGE_LOOP('',(#1244,#1245,#1246,#1247));
#8192=EDGE_LOOP('',(#1248,#1249,#1250,#1251));
#8193=EDGE_LOOP('',(#1252,#1253,#1254,#1255));
#8194=EDGE_LOOP('',(#1256,#1257,#1258,#1259,#1260));
#8195=EDGE_LOOP('',(#1261,#1262,#1263,#1264));
#8196=EDGE_LOOP('',(#1265,#1266,#1267,#1268));
#8197=EDGE_LOOP('',(#1269,#1270,#1271,#1272,#1273));
#8198=EDGE_LOOP('',(#1274,#1275,#1276,#1277));
#8199=EDGE_LOOP('',(#1278,#1279,#1280,#1281,#1282));
#8200=EDGE_LOOP('',(#1283,#1284,#1285,#1286));
#8201=EDGE_LOOP('',(#1287,#1288,#1289,#1290));
#8202=EDGE_LOOP('',(#1291,#1292,#1293,#1294));
#8203=EDGE_LOOP('',(#1295,#1296,#1297,#1298));
#8204=EDGE_LOOP('',(#1299,#1300,#1301,#1302));
#8205=EDGE_LOOP('',(#1303,#1304,#1305,#1306));
#8206=EDGE_LOOP('',(#1307,#1308,#1309,#1310));
#8207=EDGE_LOOP('',(#1311,#1312,#1313,#1314));
#8208=EDGE_LOOP('',(#1315,#1316,#1317,#1318));
#8209=EDGE_LOOP('',(#1319,#1320,#1321,#1322));
#8210=EDGE_LOOP('',(#1323,#1324,#1325,#1326));
#8211=EDGE_LOOP('',(#1327,#1328,#1329,#1330));
#8212=EDGE_LOOP('',(#1331,#1332,#1333,#1334));
#8213=EDGE_LOOP('',(#1335,#1336,#1337,#1338));
#8214=EDGE_LOOP('',(#1339,#1340,#1341,#1342));
#8215=EDGE_LOOP('',(#1343,#1344,#1345,#1346));
#8216=EDGE_LOOP('',(#1347,#1348,#1349,#1350));
#8217=EDGE_LOOP('',(#1351,#1352,#1353,#1354));
#8218=EDGE_LOOP('',(#1355,#1356,#1357,#1358));
#8219=EDGE_LOOP('',(#1359,#1360,#1361,#1362));
#8220=EDGE_LOOP('',(#1363,#1364,#1365,#1366));
#8221=EDGE_LOOP('',(#1367,#1368,#1369,#1370));
#8222=EDGE_LOOP('',(#1371,#1372,#1373,#1374));
#8223=EDGE_LOOP('',(#1375,#1376,#1377,#1378));
#8224=EDGE_LOOP('',(#1379,#1380,#1381,#1382));
#8225=EDGE_LOOP('',(#1383,#1384,#1385,#1386));
#8226=EDGE_LOOP('',(#1387,#1388,#1389,#1390));
#8227=EDGE_LOOP('',(#1391,#1392,#1393,#1394));
#8228=EDGE_LOOP('',(#1395,#1396,#1397,#1398));
#8229=EDGE_LOOP('',(#1399,#1400,#1401,#1402));
#8230=EDGE_LOOP('',(#1403,#1404,#1405,#1406));
#8231=EDGE_LOOP('',(#1407,#1408,#1409,#1410));
#8232=EDGE_LOOP('',(#1411,#1412,#1413,#1414));
#8233=EDGE_LOOP('',(#1415,#1416,#1417,#1418));
#8234=EDGE_LOOP('',(#1419,#1420,#1421,#1422));
#8235=EDGE_LOOP('',(#1423,#1424,#1425,#1426));
#8236=EDGE_LOOP('',(#1427,#1428,#1429,#1430));
#8237=EDGE_LOOP('',(#1431,#1432,#1433,#1434));
#8238=EDGE_LOOP('',(#1435,#1436,#1437,#1438));
#8239=EDGE_LOOP('',(#1439,#1440,#1441,#1442));
#8240=EDGE_LOOP('',(#1443,#1444,#1445,#1446));
#8241=EDGE_LOOP('',(#1447,#1448,#1449,#1450));
#8242=EDGE_LOOP('',(#1451,#1452,#1453,#1454));
#8243=EDGE_LOOP('',(#1455,#1456,#1457,#1458));
#8244=EDGE_LOOP('',(#1459,#1460,#1461,#1462));
#8245=EDGE_LOOP('',(#1463,#1464,#1465,#1466));
#8246=EDGE_LOOP('',(#1467,#1468,#1469,#1470));
#8247=EDGE_LOOP('',(#1471,#1472,#1473,#1474));
#8248=EDGE_LOOP('',(#1475,#1476,#1477,#1478));
#8249=EDGE_LOOP('',(#1479,#1480,#1481,#1482));
#8250=EDGE_LOOP('',(#1483,#1484,#1485,#1486));
#8251=EDGE_LOOP('',(#1487,#1488,#1489,#1490));
#8252=EDGE_LOOP('',(#1491,#1492,#1493,#1494));
#8253=EDGE_LOOP('',(#1495,#1496,#1497,#1498));
#8254=EDGE_LOOP('',(#1499,#1500,#1501,#1502));
#8255=EDGE_LOOP('',(#1503,#1504,#1505,#1506));
#8256=EDGE_LOOP('',(#1507,#1508,#1509,#1510));
#8257=EDGE_LOOP('',(#1511,#1512,#1513,#1514));
#8258=EDGE_LOOP('',(#1515,#1516,#1517,#1518));
#8259=EDGE_LOOP('',(#1519,#1520,#1521,#1522));
#8260=EDGE_LOOP('',(#1523,#1524,#1525,#1526));
#8261=EDGE_LOOP('',(#1527,#1528,#1529,#1530));
#8262=EDGE_LOOP('',(#1531,#1532,#1533,#1534));
#8263=EDGE_LOOP('',(#1535,#1536,#1537,#1538));
#8264=EDGE_LOOP('',(#1539,#1540,#1541,#1542));
#8265=EDGE_LOOP('',(#1543,#1544,#1545,#1546));
#8266=EDGE_LOOP('',(#1547,#1548,#1549,#1550));
#8267=EDGE_LOOP('',(#1551,#1552,#1553,#1554));
#8268=EDGE_LOOP('',(#1555,#1556,#1557,#1558));
#8269=EDGE_LOOP('',(#1559,#1560,#1561,#1562));
#8270=EDGE_LOOP('',(#1563,#1564,#1565,#1566));
#8271=EDGE_LOOP('',(#1567,#1568,#1569,#1570));
#8272=EDGE_LOOP('',(#1571,#1572,#1573,#1574));
#8273=EDGE_LOOP('',(#1575,#1576,#1577,#1578));
#8274=EDGE_LOOP('',(#1579,#1580,#1581,#1582));
#8275=EDGE_LOOP('',(#1583,#1584,#1585,#1586));
#8276=EDGE_LOOP('',(#1587,#1588,#1589,#1590));
#8277=EDGE_LOOP('',(#1591,#1592,#1593,#1594));
#8278=EDGE_LOOP('',(#1595,#1596,#1597,#1598));
#8279=EDGE_LOOP('',(#1599,#1600,#1601,#1602));
#8280=EDGE_LOOP('',(#1603,#1604,#1605,#1606));
#8281=EDGE_LOOP('',(#1607,#1608,#1609,#1610));
#8282=EDGE_LOOP('',(#1611,#1612,#1613,#1614));
#8283=EDGE_LOOP('',(#1615,#1616,#1617,#1618));
#8284=EDGE_LOOP('',(#1619,#1620,#1621,#1622));
#8285=EDGE_LOOP('',(#1623,#1624,#1625,#1626));
#8286=EDGE_LOOP('',(#1627,#1628,#1629,#1630));
#8287=EDGE_LOOP('',(#1631,#1632,#1633,#1634));
#8288=EDGE_LOOP('',(#1635,#1636,#1637,#1638));
#8289=EDGE_LOOP('',(#1639,#1640,#1641,#1642));
#8290=EDGE_LOOP('',(#1643,#1644,#1645,#1646));
#8291=EDGE_LOOP('',(#1647,#1648,#1649,#1650));
#8292=EDGE_LOOP('',(#1651,#1652,#1653,#1654));
#8293=EDGE_LOOP('',(#1655,#1656,#1657,#1658));
#8294=EDGE_LOOP('',(#1659,#1660,#1661,#1662));
#8295=EDGE_LOOP('',(#1663,#1664,#1665,#1666));
#8296=EDGE_LOOP('',(#1667,#1668,#1669,#1670));
#8297=EDGE_LOOP('',(#1671,#1672,#1673,#1674));
#8298=EDGE_LOOP('',(#1675,#1676,#1677,#1678));
#8299=EDGE_LOOP('',(#1679,#1680,#1681,#1682));
#8300=EDGE_LOOP('',(#1683,#1684,#1685,#1686));
#8301=EDGE_LOOP('',(#1687,#1688,#1689,#1690));
#8302=EDGE_LOOP('',(#1691,#1692,#1693,#1694));
#8303=EDGE_LOOP('',(#1695,#1696,#1697,#1698));
#8304=EDGE_LOOP('',(#1699,#1700,#1701,#1702));
#8305=EDGE_LOOP('',(#1703,#1704,#1705,#1706));
#8306=EDGE_LOOP('',(#1707,#1708,#1709,#1710));
#8307=EDGE_LOOP('',(#1711,#1712,#1713,#1714));
#8308=EDGE_LOOP('',(#1715,#1716,#1717,#1718));
#8309=EDGE_LOOP('',(#1719,#1720,#1721,#1722));
#8310=EDGE_LOOP('',(#1723,#1724,#1725,#1726));
#8311=EDGE_LOOP('',(#1727,#1728,#1729,#1730));
#8312=EDGE_LOOP('',(#1731,#1732,#1733,#1734));
#8313=EDGE_LOOP('',(#1735,#1736,#1737,#1738));
#8314=EDGE_LOOP('',(#1739,#1740,#1741,#1742));
#8315=EDGE_LOOP('',(#1743,#1744,#1745,#1746));
#8316=EDGE_LOOP('',(#1747,#1748,#1749,#1750));
#8317=EDGE_LOOP('',(#1751,#1752,#1753,#1754));
#8318=EDGE_LOOP('',(#1755,#1756,#1757,#1758));
#8319=EDGE_LOOP('',(#1759,#1760,#1761,#1762));
#8320=EDGE_LOOP('',(#1763,#1764,#1765,#1766));
#8321=EDGE_LOOP('',(#1767,#1768,#1769,#1770));
#8322=EDGE_LOOP('',(#1771,#1772,#1773,#1774));
#8323=EDGE_LOOP('',(#1775,#1776,#1777,#1778));
#8324=EDGE_LOOP('',(#1779,#1780,#1781,#1782));
#8325=EDGE_LOOP('',(#1783,#1784,#1785,#1786));
#8326=EDGE_LOOP('',(#1787,#1788,#1789,#1790));
#8327=EDGE_LOOP('',(#1791,#1792,#1793,#1794));
#8328=EDGE_LOOP('',(#1795,#1796,#1797,#1798));
#8329=EDGE_LOOP('',(#1799,#1800,#1801,#1802));
#8330=EDGE_LOOP('',(#1803,#1804,#1805,#1806));
#8331=EDGE_LOOP('',(#1807,#1808,#1809,#1810));
#8332=EDGE_LOOP('',(#1811,#1812,#1813,#1814));
#8333=EDGE_LOOP('',(#1815,#1816,#1817,#1818));
#8334=EDGE_LOOP('',(#1819,#1820,#1821,#1822));
#8335=EDGE_LOOP('',(#1823,#1824,#1825,#1826));
#8336=EDGE_LOOP('',(#1827,#1828,#1829,#1830));
#8337=EDGE_LOOP('',(#1831,#1832,#1833,#1834));
#8338=EDGE_LOOP('',(#1835,#1836,#1837,#1838));
#8339=EDGE_LOOP('',(#1839,#1840,#1841,#1842));
#8340=EDGE_LOOP('',(#1843,#1844,#1845,#1846));
#8341=EDGE_LOOP('',(#1847,#1848,#1849,#1850));
#8342=EDGE_LOOP('',(#1851,#1852,#1853,#1854));
#8343=EDGE_LOOP('',(#1855,#1856,#1857,#1858));
#8344=EDGE_LOOP('',(#1859,#1860,#1861,#1862));
#8345=EDGE_LOOP('',(#1863,#1864,#1865,#1866));
#8346=EDGE_LOOP('',(#1867,#1868,#1869,#1870));
#8347=EDGE_LOOP('',(#1871,#1872,#1873,#1874));
#8348=EDGE_LOOP('',(#1875,#1876,#1877,#1878));
#8349=EDGE_LOOP('',(#1879,#1880,#1881,#1882));
#8350=EDGE_LOOP('',(#1883,#1884,#1885,#1886));
#8351=EDGE_LOOP('',(#1887,#1888,#1889,#1890));
#8352=EDGE_LOOP('',(#1891,#1892,#1893,#1894));
#8353=EDGE_LOOP('',(#1895,#1896,#1897,#1898));
#8354=EDGE_LOOP('',(#1899,#1900,#1901,#1902));
#8355=EDGE_LOOP('',(#1903,#1904,#1905,#1906));
#8356=EDGE_LOOP('',(#1907,#1908,#1909,#1910));
#8357=EDGE_LOOP('',(#1911,#1912,#1913,#1914));
#8358=EDGE_LOOP('',(#1915,#1916,#1917,#1918));
#8359=EDGE_LOOP('',(#1919,#1920,#1921,#1922));
#8360=EDGE_LOOP('',(#1923,#1924,#1925,#1926));
#8361=EDGE_LOOP('',(#1927,#1928,#1929,#1930));
#8362=EDGE_LOOP('',(#1931,#1932,#1933,#1934));
#8363=EDGE_LOOP('',(#1935,#1936,#1937,#1938));
#8364=EDGE_LOOP('',(#1939,#1940,#1941,#1942));
#8365=EDGE_LOOP('',(#1943,#1944,#1945,#1946));
#8366=EDGE_LOOP('',(#1947,#1948,#1949,#1950));
#8367=EDGE_LOOP('',(#1951,#1952,#1953,#1954));
#8368=EDGE_LOOP('',(#1955,#1956,#1957,#1958));
#8369=EDGE_LOOP('',(#1959,#1960,#1961,#1962));
#8370=EDGE_LOOP('',(#1963,#1964,#1965,#1966));
#8371=EDGE_LOOP('',(#1967,#1968,#1969,#1970));
#8372=EDGE_LOOP('',(#1971,#1972,#1973,#1974));
#8373=EDGE_LOOP('',(#1975,#1976,#1977,#1978));
#8374=EDGE_LOOP('',(#1979,#1980,#1981,#1982));
#8375=EDGE_LOOP('',(#1983,#1984,#1985,#1986));
#8376=EDGE_LOOP('',(#1987,#1988,#1989,#1990));
#8377=EDGE_LOOP('',(#1991,#1992,#1993,#1994));
#8378=EDGE_LOOP('',(#1995,#1996,#1997,#1998));
#8379=EDGE_LOOP('',(#1999,#2000,#2001,#2002));
#8380=EDGE_LOOP('',(#2003,#2004,#2005,#2006));
#8381=EDGE_LOOP('',(#2007,#2008,#2009,#2010));
#8382=EDGE_LOOP('',(#2011,#2012,#2013,#2014));
#8383=EDGE_LOOP('',(#2015,#2016,#2017,#2018));
#8384=EDGE_LOOP('',(#2019,#2020,#2021,#2022));
#8385=EDGE_LOOP('',(#2023,#2024,#2025,#2026));
#8386=EDGE_LOOP('',(#2027,#2028,#2029,#2030));
#8387=EDGE_LOOP('',(#2031,#2032,#2033,#2034));
#8388=EDGE_LOOP('',(#2035,#2036,#2037,#2038));
#8389=EDGE_LOOP('',(#2039,#2040,#2041,#2042));
#8390=EDGE_LOOP('',(#2043,#2044,#2045,#2046));
#8391=EDGE_LOOP('',(#2047,#2048,#2049,#2050));
#8392=EDGE_LOOP('',(#2051,#2052,#2053,#2054));
#8393=EDGE_LOOP('',(#2055,#2056,#2057,#2058));
#8394=EDGE_LOOP('',(#2059,#2060,#2061,#2062));
#8395=EDGE_LOOP('',(#2063,#2064,#2065,#2066));
#8396=EDGE_LOOP('',(#2067,#2068,#2069,#2070));
#8397=EDGE_LOOP('',(#2071,#2072,#2073,#2074));
#8398=EDGE_LOOP('',(#2075,#2076,#2077,#2078));
#8399=EDGE_LOOP('',(#2079,#2080,#2081,#2082));
#8400=EDGE_LOOP('',(#2083,#2084,#2085,#2086));
#8401=EDGE_LOOP('',(#2087,#2088,#2089,#2090));
#8402=EDGE_LOOP('',(#2091,#2092,#2093,#2094));
#8403=EDGE_LOOP('',(#2095,#2096,#2097,#2098));
#8404=EDGE_LOOP('',(#2099,#2100,#2101,#2102));
#8405=EDGE_LOOP('',(#2103,#2104,#2105,#2106));
#8406=EDGE_LOOP('',(#2107,#2108,#2109,#2110));
#8407=EDGE_LOOP('',(#2111,#2112,#2113,#2114));
#8408=EDGE_LOOP('',(#2115,#2116,#2117,#2118));
#8409=EDGE_LOOP('',(#2119,#2120,#2121,#2122));
#8410=EDGE_LOOP('',(#2123,#2124,#2125,#2126));
#8411=EDGE_LOOP('',(#2127,#2128,#2129,#2130));
#8412=EDGE_LOOP('',(#2131,#2132,#2133,#2134));
#8413=EDGE_LOOP('',(#2135,#2136,#2137,#2138));
#8414=EDGE_LOOP('',(#2139,#2140,#2141,#2142));
#8415=EDGE_LOOP('',(#2143,#2144,#2145,#2146));
#8416=EDGE_LOOP('',(#2147,#2148,#2149,#2150));
#8417=EDGE_LOOP('',(#2151,#2152,#2153,#2154));
#8418=EDGE_LOOP('',(#2155,#2156,#2157,#2158));
#8419=EDGE_LOOP('',(#2159,#2160,#2161,#2162));
#8420=EDGE_LOOP('',(#2163,#2164,#2165,#2166));
#8421=EDGE_LOOP('',(#2167,#2168,#2169,#2170));
#8422=EDGE_LOOP('',(#2171,#2172,#2173,#2174));
#8423=EDGE_LOOP('',(#2175,#2176,#2177,#2178));
#8424=EDGE_LOOP('',(#2179,#2180,#2181,#2182));
#8425=EDGE_LOOP('',(#2183,#2184,#2185,#2186));
#8426=EDGE_LOOP('',(#2187,#2188,#2189,#2190));
#8427=EDGE_LOOP('',(#2191,#2192,#2193,#2194));
#8428=EDGE_LOOP('',(#2195,#2196,#2197,#2198));
#8429=EDGE_LOOP('',(#2199,#2200,#2201,#2202));
#8430=EDGE_LOOP('',(#2203,#2204,#2205,#2206));
#8431=EDGE_LOOP('',(#2207,#2208,#2209,#2210));
#8432=EDGE_LOOP('',(#2211,#2212,#2213,#2214));
#8433=EDGE_LOOP('',(#2215,#2216,#2217,#2218));
#8434=EDGE_LOOP('',(#2219,#2220,#2221,#2222));
#8435=EDGE_LOOP('',(#2223,#2224,#2225,#2226));
#8436=EDGE_LOOP('',(#2227,#2228,#2229,#2230));
#8437=EDGE_LOOP('',(#2231,#2232,#2233,#2234));
#8438=EDGE_LOOP('',(#2235,#2236,#2237,#2238));
#8439=EDGE_LOOP('',(#2239,#2240,#2241,#2242));
#8440=EDGE_LOOP('',(#2243,#2244,#2245,#2246));
#8441=EDGE_LOOP('',(#2247,#2248,#2249,#2250));
#8442=EDGE_LOOP('',(#2251,#2252,#2253,#2254));
#8443=EDGE_LOOP('',(#2255,#2256,#2257,#2258));
#8444=EDGE_LOOP('',(#2259,#2260,#2261,#2262));
#8445=EDGE_LOOP('',(#2263,#2264,#2265,#2266));
#8446=EDGE_LOOP('',(#2267,#2268,#2269,#2270));
#8447=EDGE_LOOP('',(#2271,#2272,#2273,#2274));
#8448=EDGE_LOOP('',(#2275,#2276,#2277,#2278));
#8449=EDGE_LOOP('',(#2279,#2280,#2281,#2282));
#8450=EDGE_LOOP('',(#2283,#2284,#2285,#2286));
#8451=EDGE_LOOP('',(#2287,#2288,#2289,#2290));
#8452=EDGE_LOOP('',(#2291,#2292,#2293,#2294));
#8453=EDGE_LOOP('',(#2295,#2296,#2297,#2298));
#8454=EDGE_LOOP('',(#2299,#2300,#2301,#2302));
#8455=EDGE_LOOP('',(#2303,#2304,#2305,#2306));
#8456=EDGE_LOOP('',(#2307,#2308,#2309,#2310));
#8457=EDGE_LOOP('',(#2311,#2312,#2313,#2314));
#8458=EDGE_LOOP('',(#2315,#2316,#2317,#2318));
#8459=EDGE_LOOP('',(#2319,#2320,#2321,#2322));
#8460=EDGE_LOOP('',(#2323,#2324,#2325,#2326));
#8461=EDGE_LOOP('',(#2327,#2328,#2329,#2330));
#8462=EDGE_LOOP('',(#2331,#2332,#2333,#2334));
#8463=EDGE_LOOP('',(#2335,#2336,#2337,#2338));
#8464=EDGE_LOOP('',(#2339,#2340,#2341,#2342));
#8465=EDGE_LOOP('',(#2343,#2344,#2345,#2346));
#8466=EDGE_LOOP('',(#2347,#2348,#2349,#2350));
#8467=EDGE_LOOP('',(#2351,#2352,#2353,#2354));
#8468=EDGE_LOOP('',(#2355,#2356,#2357,#2358));
#8469=EDGE_LOOP('',(#2359,#2360,#2361,#2362));
#8470=EDGE_LOOP('',(#2363,#2364,#2365,#2366));
#8471=EDGE_LOOP('',(#2367,#2368,#2369,#2370));
#8472=EDGE_LOOP('',(#2371,#2372,#2373,#2374));
#8473=EDGE_LOOP('',(#2375,#2376,#2377,#2378));
#8474=EDGE_LOOP('',(#2379,#2380,#2381,#2382));
#8475=EDGE_LOOP('',(#2383,#2384,#2385,#2386));
#8476=EDGE_LOOP('',(#2387,#2388,#2389,#2390));
#8477=EDGE_LOOP('',(#2391,#2392,#2393,#2394));
#8478=EDGE_LOOP('',(#2395,#2396,#2397,#2398));
#8479=EDGE_LOOP('',(#2399,#2400,#2401,#2402));
#8480=EDGE_LOOP('',(#2403,#2404,#2405,#2406));
#8481=EDGE_LOOP('',(#2407,#2408,#2409,#2410));
#8482=EDGE_LOOP('',(#2411,#2412,#2413,#2414));
#8483=EDGE_LOOP('',(#2415,#2416,#2417,#2418));
#8484=EDGE_LOOP('',(#2419,#2420,#2421,#2422));
#8485=EDGE_LOOP('',(#2423,#2424,#2425,#2426));
#8486=EDGE_LOOP('',(#2427,#2428,#2429,#2430));
#8487=EDGE_LOOP('',(#2431,#2432,#2433,#2434));
#8488=EDGE_LOOP('',(#2435,#2436,#2437,#2438));
#8489=EDGE_LOOP('',(#2439,#2440,#2441,#2442));
#8490=EDGE_LOOP('',(#2443,#2444,#2445,#2446));
#8491=EDGE_LOOP('',(#2447,#2448,#2449,#2450));
#8492=EDGE_LOOP('',(#2451,#2452,#2453,#2454));
#8493=EDGE_LOOP('',(#2455,#2456,#2457,#2458));
#8494=EDGE_LOOP('',(#2459,#2460,#2461,#2462));
#8495=EDGE_LOOP('',(#2463,#2464,#2465,#2466));
#8496=EDGE_LOOP('',(#2467,#2468,#2469,#2470));
#8497=EDGE_LOOP('',(#2471,#2472,#2473,#2474));
#8498=EDGE_LOOP('',(#2475,#2476,#2477,#2478));
#8499=EDGE_LOOP('',(#2479,#2480,#2481,#2482));
#8500=EDGE_LOOP('',(#2483,#2484,#2485,#2486));
#8501=EDGE_LOOP('',(#2487,#2488,#2489,#2490));
#8502=EDGE_LOOP('',(#2491,#2492,#2493,#2494));
#8503=EDGE_LOOP('',(#2495,#2496,#2497,#2498));
#8504=EDGE_LOOP('',(#2499,#2500,#2501,#2502));
#8505=EDGE_LOOP('',(#2503,#2504,#2505,#2506));
#8506=EDGE_LOOP('',(#2507,#2508,#2509,#2510));
#8507=EDGE_LOOP('',(#2511,#2512,#2513,#2514));
#8508=EDGE_LOOP('',(#2515,#2516,#2517,#2518));
#8509=EDGE_LOOP('',(#2519,#2520,#2521,#2522));
#8510=EDGE_LOOP('',(#2523,#2524,#2525,#2526));
#8511=EDGE_LOOP('',(#2527,#2528,#2529,#2530));
#8512=EDGE_LOOP('',(#2531,#2532,#2533,#2534));
#8513=EDGE_LOOP('',(#2535,#2536,#2537,#2538));
#8514=EDGE_LOOP('',(#2539,#2540,#2541,#2542));
#8515=EDGE_LOOP('',(#2543,#2544,#2545,#2546));
#8516=EDGE_LOOP('',(#2547,#2548,#2549,#2550));
#8517=EDGE_LOOP('',(#2551,#2552,#2553,#2554));
#8518=EDGE_LOOP('',(#2555,#2556,#2557,#2558));
#8519=EDGE_LOOP('',(#2559,#2560,#2561,#2562));
#8520=EDGE_LOOP('',(#2563,#2564,#2565,#2566));
#8521=EDGE_LOOP('',(#2567,#2568,#2569,#2570));
#8522=EDGE_LOOP('',(#2571,#2572,#2573,#2574));
#8523=EDGE_LOOP('',(#2575,#2576,#2577,#2578));
#8524=EDGE_LOOP('',(#2579,#2580,#2581,#2582));
#8525=EDGE_LOOP('',(#2583,#2584,#2585,#2586));
#8526=EDGE_LOOP('',(#2587,#2588,#2589,#2590));
#8527=EDGE_LOOP('',(#2591,#2592,#2593,#2594));
#8528=EDGE_LOOP('',(#2595,#2596,#2597,#2598));
#8529=EDGE_LOOP('',(#2599,#2600,#2601,#2602));
#8530=EDGE_LOOP('',(#2603,#2604,#2605,#2606));
#8531=EDGE_LOOP('',(#2607,#2608,#2609,#2610));
#8532=EDGE_LOOP('',(#2611,#2612,#2613,#2614));
#8533=EDGE_LOOP('',(#2615,#2616,#2617,#2618));
#8534=EDGE_LOOP('',(#2619,#2620,#2621,#2622));
#8535=EDGE_LOOP('',(#2623,#2624,#2625,#2626));
#8536=EDGE_LOOP('',(#2627,#2628,#2629,#2630));
#8537=EDGE_LOOP('',(#2631,#2632,#2633,#2634));
#8538=EDGE_LOOP('',(#2635,#2636,#2637,#2638));
#8539=EDGE_LOOP('',(#2639,#2640,#2641,#2642));
#8540=EDGE_LOOP('',(#2643,#2644,#2645,#2646));
#8541=EDGE_LOOP('',(#2647,#2648,#2649,#2650));
#8542=EDGE_LOOP('',(#2651,#2652,#2653,#2654));
#8543=EDGE_LOOP('',(#2655,#2656,#2657,#2658));
#8544=EDGE_LOOP('',(#2659,#2660,#2661,#2662));
#8545=EDGE_LOOP('',(#2663,#2664,#2665,#2666));
#8546=EDGE_LOOP('',(#2667,#2668,#2669,#2670));
#8547=EDGE_LOOP('',(#2671,#2672,#2673,#2674));
#8548=EDGE_LOOP('',(#2675,#2676,#2677,#2678));
#8549=EDGE_LOOP('',(#2679,#2680,#2681,#2682));
#8550=EDGE_LOOP('',(#2683,#2684,#2685,#2686));
#8551=EDGE_LOOP('',(#2687,#2688,#2689,#2690));
#8552=EDGE_LOOP('',(#2691,#2692,#2693,#2694));
#8553=EDGE_LOOP('',(#2695,#2696,#2697,#2698));
#8554=EDGE_LOOP('',(#2699,#2700,#2701,#2702));
#8555=EDGE_LOOP('',(#2703,#2704,#2705,#2706));
#8556=EDGE_LOOP('',(#2707,#2708,#2709,#2710));
#8557=EDGE_LOOP('',(#2711,#2712,#2713,#2714));
#8558=EDGE_LOOP('',(#2715,#2716,#2717,#2718));
#8559=EDGE_LOOP('',(#2719,#2720,#2721,#2722));
#8560=EDGE_LOOP('',(#2723,#2724,#2725,#2726));
#8561=EDGE_LOOP('',(#2727,#2728,#2729,#2730));
#8562=EDGE_LOOP('',(#2731,#2732,#2733,#2734));
#8563=EDGE_LOOP('',(#2735,#2736,#2737,#2738));
#8564=EDGE_LOOP('',(#2739,#2740,#2741,#2742));
#8565=EDGE_LOOP('',(#2743,#2744,#2745,#2746));
#8566=EDGE_LOOP('',(#2747,#2748,#2749,#2750));
#8567=EDGE_LOOP('',(#2751,#2752,#2753,#2754));
#8568=EDGE_LOOP('',(#2755,#2756,#2757,#2758));
#8569=EDGE_LOOP('',(#2759,#2760,#2761,#2762));
#8570=EDGE_LOOP('',(#2763,#2764,#2765,#2766));
#8571=EDGE_LOOP('',(#2767,#2768,#2769,#2770));
#8572=EDGE_LOOP('',(#2771,#2772,#2773,#2774));
#8573=EDGE_LOOP('',(#2775,#2776,#2777,#2778));
#8574=EDGE_LOOP('',(#2779,#2780,#2781,#2782));
#8575=EDGE_LOOP('',(#2783,#2784,#2785,#2786));
#8576=EDGE_LOOP('',(#2787,#2788,#2789,#2790));
#8577=EDGE_LOOP('',(#2791,#2792,#2793,#2794));
#8578=EDGE_LOOP('',(#2795,#2796,#2797,#2798));
#8579=EDGE_LOOP('',(#2799,#2800,#2801,#2802));
#8580=EDGE_LOOP('',(#2803,#2804,#2805,#2806));
#8581=EDGE_LOOP('',(#2807,#2808,#2809,#2810));
#8582=EDGE_LOOP('',(#2811,#2812,#2813,#2814));
#8583=EDGE_LOOP('',(#2815,#2816,#2817,#2818));
#8584=EDGE_LOOP('',(#2819,#2820,#2821,#2822));
#8585=EDGE_LOOP('',(#2823,#2824,#2825,#2826));
#8586=EDGE_LOOP('',(#2827,#2828,#2829,#2830));
#8587=EDGE_LOOP('',(#2831,#2832,#2833,#2834));
#8588=EDGE_LOOP('',(#2835,#2836,#2837,#2838));
#8589=EDGE_LOOP('',(#2839,#2840,#2841,#2842));
#8590=EDGE_LOOP('',(#2843,#2844,#2845,#2846));
#8591=EDGE_LOOP('',(#2847,#2848,#2849,#2850));
#8592=EDGE_LOOP('',(#2851,#2852,#2853,#2854));
#8593=EDGE_LOOP('',(#2855,#2856,#2857,#2858));
#8594=EDGE_LOOP('',(#2859,#2860,#2861,#2862));
#8595=EDGE_LOOP('',(#2863,#2864,#2865,#2866));
#8596=EDGE_LOOP('',(#2867,#2868,#2869,#2870));
#8597=EDGE_LOOP('',(#2871,#2872,#2873,#2874));
#8598=EDGE_LOOP('',(#2875,#2876,#2877,#2878));
#8599=EDGE_LOOP('',(#2879,#2880,#2881,#2882));
#8600=EDGE_LOOP('',(#2883,#2884,#2885,#2886));
#8601=EDGE_LOOP('',(#2887,#2888,#2889,#2890));
#8602=EDGE_LOOP('',(#2891,#2892,#2893,#2894));
#8603=EDGE_LOOP('',(#2895,#2896,#2897,#2898));
#8604=EDGE_LOOP('',(#2899,#2900,#2901,#2902));
#8605=EDGE_LOOP('',(#2903,#2904,#2905,#2906));
#8606=EDGE_LOOP('',(#2907,#2908,#2909,#2910));
#8607=EDGE_LOOP('',(#2911,#2912,#2913,#2914));
#8608=EDGE_LOOP('',(#2915,#2916,#2917,#2918));
#8609=EDGE_LOOP('',(#2919,#2920,#2921,#2922));
#8610=EDGE_LOOP('',(#2923,#2924,#2925,#2926));
#8611=EDGE_LOOP('',(#2927,#2928,#2929,#2930));
#8612=EDGE_LOOP('',(#2931,#2932,#2933,#2934));
#8613=EDGE_LOOP('',(#2935,#2936,#2937,#2938));
#8614=EDGE_LOOP('',(#2939,#2940,#2941,#2942));
#8615=EDGE_LOOP('',(#2943,#2944,#2945,#2946));
#8616=EDGE_LOOP('',(#2947,#2948,#2949,#2950));
#8617=EDGE_LOOP('',(#2951,#2952,#2953,#2954));
#8618=EDGE_LOOP('',(#2955,#2956,#2957,#2958));
#8619=EDGE_LOOP('',(#2959,#2960,#2961,#2962));
#8620=EDGE_LOOP('',(#2963,#2964,#2965,#2966));
#8621=EDGE_LOOP('',(#2967,#2968,#2969,#2970));
#8622=EDGE_LOOP('',(#2971,#2972,#2973,#2974));
#8623=EDGE_LOOP('',(#2975,#2976,#2977,#2978));
#8624=EDGE_LOOP('',(#2979,#2980,#2981,#2982));
#8625=EDGE_LOOP('',(#2983,#2984,#2985,#2986));
#8626=EDGE_LOOP('',(#2987,#2988,#2989,#2990));
#8627=EDGE_LOOP('',(#2991,#2992,#2993,#2994));
#8628=EDGE_LOOP('',(#2995,#2996,#2997,#2998));
#8629=EDGE_LOOP('',(#2999,#3000,#3001,#3002));
#8630=EDGE_LOOP('',(#3003,#3004,#3005,#3006));
#8631=EDGE_LOOP('',(#3007));
#8632=EDGE_LOOP('',(#3008));
#8633=EDGE_LOOP('',(#3009));
#8634=EDGE_LOOP('',(#3010));
#8635=EDGE_LOOP('',(#3011));
#8636=EDGE_LOOP('',(#3012));
#8637=EDGE_LOOP('',(#3013,#3014,#3015,#3016));
#8638=EDGE_LOOP('',(#3017,#3018,#3019,#3020));
#8639=EDGE_LOOP('',(#3021,#3022,#3023,#3024));
#8640=EDGE_LOOP('',(#3025,#3026,#3027,#3028));
#8641=EDGE_LOOP('',(#3029,#3030,#3031,#3032));
#8642=EDGE_LOOP('',(#3033,#3034,#3035,#3036));
#8643=EDGE_LOOP('',(#3037,#3038,#3039,#3040));
#8644=EDGE_LOOP('',(#3041,#3042,#3043,#3044));
#8645=EDGE_LOOP('',(#3045,#3046,#3047,#3048));
#8646=EDGE_LOOP('',(#3049,#3050,#3051,#3052));
#8647=EDGE_LOOP('',(#3053,#3054,#3055,#3056));
#8648=EDGE_LOOP('',(#3057,#3058,#3059,#3060));
#8649=EDGE_LOOP('',(#3061,#3062,#3063,#3064));
#8650=EDGE_LOOP('',(#3065,#3066,#3067,#3068));
#8651=EDGE_LOOP('',(#3069,#3070,#3071,#3072));
#8652=EDGE_LOOP('',(#3073,#3074,#3075,#3076));
#8653=EDGE_LOOP('',(#3077,#3078,#3079,#3080));
#8654=EDGE_LOOP('',(#3081,#3082,#3083,#3084));
#8655=EDGE_LOOP('',(#3085,#3086,#3087,#3088));
#8656=EDGE_LOOP('',(#3089,#3090,#3091,#3092));
#8657=EDGE_LOOP('',(#3093,#3094,#3095,#3096));
#8658=EDGE_LOOP('',(#3097,#3098,#3099,#3100));
#8659=EDGE_LOOP('',(#3101,#3102,#3103,#3104));
#8660=EDGE_LOOP('',(#3105,#3106,#3107,#3108));
#8661=EDGE_LOOP('',(#3109,#3110,#3111,#3112,#3113,#3114,#3115,#3116,#3117,
#3118,#3119,#3120,#3121,#3122,#3123));
#8662=EDGE_LOOP('',(#3124,#3125,#3126,#3127,#3128,#3129,#3130,#3131));
#8663=EDGE_LOOP('',(#3132,#3133,#3134,#3135,#3136,#3137,#3138,#3139,#3140,
#3141,#3142));
#8664=EDGE_LOOP('',(#3143,#3144,#3145,#3146,#3147,#3148));
#8665=EDGE_LOOP('',(#3149,#3150,#3151,#3152,#3153,#3154,#3155,#3156));
#8666=EDGE_LOOP('',(#3157,#3158,#3159,#3160,#3161,#3162,#3163,#3164,#3165,
#3166,#3167,#3168));
#8667=EDGE_LOOP('',(#3169,#3170,#3171,#3172,#3173,#3174,#3175,#3176,#3177));
#8668=EDGE_LOOP('',(#3178,#3179,#3180,#3181,#3182,#3183,#3184,#3185,#3186,
#3187,#3188,#3189,#3190,#3191));
#8669=EDGE_LOOP('',(#3192,#3193,#3194,#3195,#3196,#3197,#3198,#3199,#3200,
#3201,#3202,#3203,#3204,#3205,#3206,#3207,#3208,#3209));
#8670=EDGE_LOOP('',(#3210,#3211,#3212,#3213,#3214,#3215,#3216,#3217,#3218,
#3219,#3220,#3221));
#8671=EDGE_LOOP('',(#3222,#3223,#3224,#3225,#3226,#3227,#3228,#3229,#3230,
#3231,#3232,#3233,#3234,#3235,#3236,#3237,#3238,#3239,#3240));
#8672=EDGE_LOOP('',(#3241,#3242,#3243,#3244,#3245,#3246,#3247,#3248,#3249));
#8673=EDGE_LOOP('',(#3250,#3251,#3252,#3253,#3254,#3255,#3256,#3257,#3258,
#3259,#3260,#3261,#3262,#3263,#3264,#3265,#3266,#3267,#3268,#3269,#3270,
#3271,#3272,#3273,#3274));
#8674=EDGE_LOOP('',(#3275,#3276,#3277,#3278,#3279,#3280,#3281,#3282,#3283,
#3284,#3285,#3286,#3287,#3288,#3289,#3290,#3291,#3292,#3293,#3294));
#8675=EDGE_LOOP('',(#3295,#3296,#3297,#3298,#3299,#3300,#3301,#3302,#3303,
#3304,#3305,#3306,#3307,#3308,#3309,#3310,#3311,#3312,#3313,#3314,#3315,
#3316,#3317,#3318,#3319));
#8676=EDGE_LOOP('',(#3320,#3321,#3322,#3323,#3324,#3325,#3326,#3327,#3328,
#3329,#3330));
#8677=EDGE_LOOP('',(#3331,#3332,#3333,#3334,#3335,#3336,#3337,#3338,#3339,
#3340,#3341,#3342,#3343,#3344,#3345));
#8678=EDGE_LOOP('',(#3346,#3347,#3348,#3349,#3350,#3351,#3352,#3353,#3354,
#3355,#3356,#3357,#3358,#3359));
#8679=EDGE_LOOP('',(#3360,#3361,#3362,#3363,#3364,#3365,#3366,#3367,#3368,
#3369,#3370,#3371,#3372,#3373,#3374,#3375,#3376));
#8680=EDGE_LOOP('',(#3377,#3378,#3379,#3380));
#8681=EDGE_LOOP('',(#3381,#3382,#3383,#3384,#3385,#3386,#3387,#3388));
#8682=EDGE_LOOP('',(#3389,#3390,#3391,#3392));
#8683=EDGE_LOOP('',(#3393,#3394,#3395,#3396,#3397,#3398,#3399,#3400,#3401,
#3402,#3403,#3404,#3405,#3406,#3407));
#8684=EDGE_LOOP('',(#3408));
#8685=EDGE_LOOP('',(#3409));
#8686=EDGE_LOOP('',(#3410));
#8687=EDGE_LOOP('',(#3411,#3412,#3413,#3414,#3415,#3416));
#8688=EDGE_LOOP('',(#3417,#3418,#3419,#3420,#3421,#3422,#3423));
#8689=EDGE_LOOP('',(#3424,#3425,#3426,#3427));
#8690=EDGE_LOOP('',(#3428,#3429,#3430,#3431,#3432,#3433,#3434,#3435,#3436,
#3437,#3438));
#8691=EDGE_LOOP('',(#3439,#3440,#3441,#3442,#3443,#3444,#3445,#3446,#3447,
#3448,#3449,#3450,#3451,#3452,#3453,#3454,#3455,#3456,#3457));
#8692=EDGE_LOOP('',(#3458,#3459,#3460,#3461,#3462,#3463,#3464,#3465,#3466,
#3467,#3468,#3469,#3470,#3471,#3472));
#8693=EDGE_LOOP('',(#3473,#3474,#3475,#3476,#3477,#3478,#3479,#3480,#3481,
#3482,#3483,#3484,#3485,#3486,#3487,#3488,#3489));
#8694=EDGE_LOOP('',(#3490,#3491,#3492,#3493));
#8695=EDGE_LOOP('',(#3494,#3495,#3496,#3497,#3498,#3499,#3500,#3501,#3502,
#3503,#3504,#3505,#3506,#3507,#3508));
#8696=EDGE_LOOP('',(#3509,#3510,#3511,#3512,#3513,#3514,#3515,#3516,#3517,
#3518,#3519,#3520,#3521,#3522,#3523));
#8697=EDGE_LOOP('',(#3524,#3525,#3526,#3527,#3528,#3529,#3530,#3531,#3532,
#3533,#3534,#3535,#3536,#3537,#3538));
#8698=EDGE_LOOP('',(#3539,#3540,#3541,#3542,#3543,#3544,#3545,#3546));
#8699=EDGE_LOOP('',(#3547,#3548,#3549,#3550,#3551,#3552,#3553,#3554,#3555,
#3556,#3557,#3558));
#8700=EDGE_LOOP('',(#3559,#3560,#3561,#3562,#3563,#3564));
#8701=EDGE_LOOP('',(#3565,#3566,#3567,#3568,#3569,#3570));
#8702=EDGE_LOOP('',(#3571,#3572,#3573,#3574));
#8703=EDGE_LOOP('',(#3575,#3576,#3577,#3578));
#8704=EDGE_LOOP('',(#3579,#3580,#3581,#3582));
#8705=EDGE_LOOP('',(#3583,#3584,#3585,#3586));
#8706=EDGE_LOOP('',(#3587,#3588,#3589,#3590));
#8707=EDGE_LOOP('',(#3591,#3592,#3593,#3594));
#8708=EDGE_LOOP('',(#3595,#3596,#3597,#3598));
#8709=EDGE_LOOP('',(#3599,#3600,#3601,#3602));
#8710=EDGE_LOOP('',(#3603,#3604,#3605,#3606));
#8711=EDGE_LOOP('',(#3607,#3608,#3609,#3610));
#8712=EDGE_LOOP('',(#3611,#3612,#3613,#3614));
#8713=EDGE_LOOP('',(#3615,#3616,#3617,#3618));
#8714=EDGE_LOOP('',(#3619,#3620,#3621,#3622));
#8715=EDGE_LOOP('',(#3623,#3624,#3625,#3626));
#8716=EDGE_LOOP('',(#3627,#3628,#3629,#3630));
#8717=FACE_BOUND('',#8127,.T.);
#8718=FACE_BOUND('',#8128,.T.);
#8719=FACE_BOUND('',#8129,.T.);
#8720=FACE_BOUND('',#8130,.T.);
#8721=FACE_BOUND('',#8131,.T.);
#8722=FACE_BOUND('',#8132,.T.);
#8723=FACE_BOUND('',#8133,.T.);
#8724=FACE_BOUND('',#8134,.T.);
#8725=FACE_BOUND('',#8135,.T.);
#8726=FACE_BOUND('',#8136,.T.);
#8727=FACE_BOUND('',#8137,.T.);
#8728=FACE_BOUND('',#8138,.T.);
#8729=FACE_BOUND('',#8139,.T.);
#8730=FACE_BOUND('',#8140,.T.);
#8731=FACE_BOUND('',#8141,.T.);
#8732=FACE_BOUND('',#8142,.T.);
#8733=FACE_BOUND('',#8143,.T.);
#8734=FACE_BOUND('',#8144,.T.);
#8735=FACE_BOUND('',#8145,.T.);
#8736=FACE_BOUND('',#8146,.T.);
#8737=FACE_BOUND('',#8147,.T.);
#8738=FACE_BOUND('',#8148,.T.);
#8739=FACE_BOUND('',#8149,.T.);
#8740=FACE_BOUND('',#8150,.T.);
#8741=FACE_BOUND('',#8151,.T.);
#8742=FACE_BOUND('',#8152,.T.);
#8743=FACE_BOUND('',#8153,.T.);
#8744=FACE_BOUND('',#8154,.T.);
#8745=FACE_BOUND('',#8155,.T.);
#8746=FACE_BOUND('',#8156,.T.);
#8747=FACE_BOUND('',#8157,.T.);
#8748=FACE_BOUND('',#8158,.T.);
#8749=FACE_BOUND('',#8159,.T.);
#8750=FACE_BOUND('',#8160,.T.);
#8751=FACE_BOUND('',#8161,.T.);
#8752=FACE_BOUND('',#8162,.T.);
#8753=FACE_BOUND('',#8163,.T.);
#8754=FACE_BOUND('',#8164,.T.);
#8755=FACE_BOUND('',#8165,.T.);
#8756=FACE_BOUND('',#8166,.T.);
#8757=FACE_BOUND('',#8167,.T.);
#8758=FACE_BOUND('',#8168,.T.);
#8759=FACE_BOUND('',#8169,.T.);
#8760=FACE_BOUND('',#8170,.T.);
#8761=FACE_BOUND('',#8171,.T.);
#8762=FACE_BOUND('',#8172,.T.);
#8763=FACE_BOUND('',#8173,.T.);
#8764=FACE_BOUND('',#8174,.T.);
#8765=FACE_BOUND('',#8175,.T.);
#8766=FACE_BOUND('',#8176,.T.);
#8767=FACE_BOUND('',#8177,.T.);
#8768=FACE_BOUND('',#8178,.T.);
#8769=FACE_BOUND('',#8179,.T.);
#8770=FACE_BOUND('',#8180,.T.);
#8771=FACE_BOUND('',#8181,.T.);
#8772=FACE_BOUND('',#8182,.T.);
#8773=FACE_BOUND('',#8183,.T.);
#8774=FACE_BOUND('',#8184,.T.);
#8775=FACE_BOUND('',#8185,.T.);
#8776=FACE_BOUND('',#8186,.T.);
#8777=FACE_BOUND('',#8187,.T.);
#8778=FACE_BOUND('',#8188,.T.);
#8779=FACE_BOUND('',#8189,.T.);
#8780=FACE_BOUND('',#8190,.T.);
#8781=FACE_BOUND('',#8191,.T.);
#8782=FACE_BOUND('',#8192,.T.);
#8783=FACE_BOUND('',#8193,.T.);
#8784=FACE_BOUND('',#8194,.T.);
#8785=FACE_BOUND('',#8195,.T.);
#8786=FACE_BOUND('',#8196,.T.);
#8787=FACE_BOUND('',#8197,.T.);
#8788=FACE_BOUND('',#8198,.T.);
#8789=FACE_BOUND('',#8199,.T.);
#8790=FACE_BOUND('',#8200,.T.);
#8791=FACE_BOUND('',#8201,.T.);
#8792=FACE_BOUND('',#8202,.T.);
#8793=FACE_BOUND('',#8203,.T.);
#8794=FACE_BOUND('',#8204,.T.);
#8795=FACE_BOUND('',#8205,.T.);
#8796=FACE_BOUND('',#8206,.T.);
#8797=FACE_BOUND('',#8207,.T.);
#8798=FACE_BOUND('',#8208,.T.);
#8799=FACE_BOUND('',#8209,.T.);
#8800=FACE_BOUND('',#8210,.T.);
#8801=FACE_BOUND('',#8211,.T.);
#8802=FACE_BOUND('',#8212,.T.);
#8803=FACE_BOUND('',#8213,.T.);
#8804=FACE_BOUND('',#8214,.T.);
#8805=FACE_BOUND('',#8215,.T.);
#8806=FACE_BOUND('',#8216,.T.);
#8807=FACE_BOUND('',#8217,.T.);
#8808=FACE_BOUND('',#8218,.T.);
#8809=FACE_BOUND('',#8219,.T.);
#8810=FACE_BOUND('',#8220,.T.);
#8811=FACE_BOUND('',#8221,.T.);
#8812=FACE_BOUND('',#8222,.T.);
#8813=FACE_BOUND('',#8223,.T.);
#8814=FACE_BOUND('',#8224,.T.);
#8815=FACE_BOUND('',#8225,.T.);
#8816=FACE_BOUND('',#8226,.T.);
#8817=FACE_BOUND('',#8227,.T.);
#8818=FACE_BOUND('',#8228,.T.);
#8819=FACE_BOUND('',#8229,.T.);
#8820=FACE_BOUND('',#8230,.T.);
#8821=FACE_BOUND('',#8231,.T.);
#8822=FACE_BOUND('',#8232,.T.);
#8823=FACE_BOUND('',#8233,.T.);
#8824=FACE_BOUND('',#8234,.T.);
#8825=FACE_BOUND('',#8235,.T.);
#8826=FACE_BOUND('',#8236,.T.);
#8827=FACE_BOUND('',#8237,.T.);
#8828=FACE_BOUND('',#8238,.T.);
#8829=FACE_BOUND('',#8239,.T.);
#8830=FACE_BOUND('',#8240,.T.);
#8831=FACE_BOUND('',#8241,.T.);
#8832=FACE_BOUND('',#8242,.T.);
#8833=FACE_BOUND('',#8243,.T.);
#8834=FACE_BOUND('',#8244,.T.);
#8835=FACE_BOUND('',#8245,.T.);
#8836=FACE_BOUND('',#8246,.T.);
#8837=FACE_BOUND('',#8247,.T.);
#8838=FACE_BOUND('',#8248,.T.);
#8839=FACE_BOUND('',#8249,.T.);
#8840=FACE_BOUND('',#8250,.T.);
#8841=FACE_BOUND('',#8251,.T.);
#8842=FACE_BOUND('',#8252,.T.);
#8843=FACE_BOUND('',#8253,.T.);
#8844=FACE_BOUND('',#8254,.T.);
#8845=FACE_BOUND('',#8255,.T.);
#8846=FACE_BOUND('',#8256,.T.);
#8847=FACE_BOUND('',#8257,.T.);
#8848=FACE_BOUND('',#8258,.T.);
#8849=FACE_BOUND('',#8259,.T.);
#8850=FACE_BOUND('',#8260,.T.);
#8851=FACE_BOUND('',#8261,.T.);
#8852=FACE_BOUND('',#8262,.T.);
#8853=FACE_BOUND('',#8263,.T.);
#8854=FACE_BOUND('',#8264,.T.);
#8855=FACE_BOUND('',#8265,.T.);
#8856=FACE_BOUND('',#8266,.T.);
#8857=FACE_BOUND('',#8267,.T.);
#8858=FACE_BOUND('',#8268,.T.);
#8859=FACE_BOUND('',#8269,.T.);
#8860=FACE_BOUND('',#8270,.T.);
#8861=FACE_BOUND('',#8271,.T.);
#8862=FACE_BOUND('',#8272,.T.);
#8863=FACE_BOUND('',#8273,.T.);
#8864=FACE_BOUND('',#8274,.T.);
#8865=FACE_BOUND('',#8275,.T.);
#8866=FACE_BOUND('',#8276,.T.);
#8867=FACE_BOUND('',#8277,.T.);
#8868=FACE_BOUND('',#8278,.T.);
#8869=FACE_BOUND('',#8279,.T.);
#8870=FACE_BOUND('',#8280,.T.);
#8871=FACE_BOUND('',#8281,.T.);
#8872=FACE_BOUND('',#8282,.T.);
#8873=FACE_BOUND('',#8283,.T.);
#8874=FACE_BOUND('',#8284,.T.);
#8875=FACE_BOUND('',#8285,.T.);
#8876=FACE_BOUND('',#8286,.T.);
#8877=FACE_BOUND('',#8287,.T.);
#8878=FACE_BOUND('',#8288,.T.);
#8879=FACE_BOUND('',#8289,.T.);
#8880=FACE_BOUND('',#8290,.T.);
#8881=FACE_BOUND('',#8291,.T.);
#8882=FACE_BOUND('',#8292,.T.);
#8883=FACE_BOUND('',#8293,.T.);
#8884=FACE_BOUND('',#8294,.T.);
#8885=FACE_BOUND('',#8295,.T.);
#8886=FACE_BOUND('',#8296,.T.);
#8887=FACE_BOUND('',#8297,.T.);
#8888=FACE_BOUND('',#8298,.T.);
#8889=FACE_BOUND('',#8299,.T.);
#8890=FACE_BOUND('',#8300,.T.);
#8891=FACE_BOUND('',#8301,.T.);
#8892=FACE_BOUND('',#8302,.T.);
#8893=FACE_BOUND('',#8303,.T.);
#8894=FACE_BOUND('',#8304,.T.);
#8895=FACE_BOUND('',#8305,.T.);
#8896=FACE_BOUND('',#8306,.T.);
#8897=FACE_BOUND('',#8307,.T.);
#8898=FACE_BOUND('',#8308,.T.);
#8899=FACE_BOUND('',#8309,.T.);
#8900=FACE_BOUND('',#8310,.T.);
#8901=FACE_BOUND('',#8311,.T.);
#8902=FACE_BOUND('',#8312,.T.);
#8903=FACE_BOUND('',#8313,.T.);
#8904=FACE_BOUND('',#8314,.T.);
#8905=FACE_BOUND('',#8315,.T.);
#8906=FACE_BOUND('',#8316,.T.);
#8907=FACE_BOUND('',#8317,.T.);
#8908=FACE_BOUND('',#8318,.T.);
#8909=FACE_BOUND('',#8319,.T.);
#8910=FACE_BOUND('',#8320,.T.);
#8911=FACE_BOUND('',#8321,.T.);
#8912=FACE_BOUND('',#8322,.T.);
#8913=FACE_BOUND('',#8323,.T.);
#8914=FACE_BOUND('',#8324,.T.);
#8915=FACE_BOUND('',#8325,.T.);
#8916=FACE_BOUND('',#8326,.T.);
#8917=FACE_BOUND('',#8327,.T.);
#8918=FACE_BOUND('',#8328,.T.);
#8919=FACE_BOUND('',#8329,.T.);
#8920=FACE_BOUND('',#8330,.T.);
#8921=FACE_BOUND('',#8331,.T.);
#8922=FACE_BOUND('',#8332,.T.);
#8923=FACE_BOUND('',#8333,.T.);
#8924=FACE_BOUND('',#8334,.T.);
#8925=FACE_BOUND('',#8335,.T.);
#8926=FACE_BOUND('',#8336,.T.);
#8927=FACE_BOUND('',#8337,.T.);
#8928=FACE_BOUND('',#8338,.T.);
#8929=FACE_BOUND('',#8339,.T.);
#8930=FACE_BOUND('',#8340,.T.);
#8931=FACE_BOUND('',#8341,.T.);
#8932=FACE_BOUND('',#8342,.T.);
#8933=FACE_BOUND('',#8343,.T.);
#8934=FACE_BOUND('',#8344,.T.);
#8935=FACE_BOUND('',#8345,.T.);
#8936=FACE_BOUND('',#8346,.T.);
#8937=FACE_BOUND('',#8347,.T.);
#8938=FACE_BOUND('',#8348,.T.);
#8939=FACE_BOUND('',#8349,.T.);
#8940=FACE_BOUND('',#8350,.T.);
#8941=FACE_BOUND('',#8351,.T.);
#8942=FACE_BOUND('',#8352,.T.);
#8943=FACE_BOUND('',#8353,.T.);
#8944=FACE_BOUND('',#8354,.T.);
#8945=FACE_BOUND('',#8355,.T.);
#8946=FACE_BOUND('',#8356,.T.);
#8947=FACE_BOUND('',#8357,.T.);
#8948=FACE_BOUND('',#8358,.T.);
#8949=FACE_BOUND('',#8359,.T.);
#8950=FACE_BOUND('',#8360,.T.);
#8951=FACE_BOUND('',#8361,.T.);
#8952=FACE_BOUND('',#8362,.T.);
#8953=FACE_BOUND('',#8363,.T.);
#8954=FACE_BOUND('',#8364,.T.);
#8955=FACE_BOUND('',#8365,.T.);
#8956=FACE_BOUND('',#8366,.T.);
#8957=FACE_BOUND('',#8367,.T.);
#8958=FACE_BOUND('',#8368,.T.);
#8959=FACE_BOUND('',#8369,.T.);
#8960=FACE_BOUND('',#8370,.T.);
#8961=FACE_BOUND('',#8371,.T.);
#8962=FACE_BOUND('',#8372,.T.);
#8963=FACE_BOUND('',#8373,.T.);
#8964=FACE_BOUND('',#8374,.T.);
#8965=FACE_BOUND('',#8375,.T.);
#8966=FACE_BOUND('',#8376,.T.);
#8967=FACE_BOUND('',#8377,.T.);
#8968=FACE_BOUND('',#8378,.T.);
#8969=FACE_BOUND('',#8379,.T.);
#8970=FACE_BOUND('',#8380,.T.);
#8971=FACE_BOUND('',#8381,.T.);
#8972=FACE_BOUND('',#8382,.T.);
#8973=FACE_BOUND('',#8383,.T.);
#8974=FACE_BOUND('',#8384,.T.);
#8975=FACE_BOUND('',#8385,.T.);
#8976=FACE_BOUND('',#8386,.T.);
#8977=FACE_BOUND('',#8387,.T.);
#8978=FACE_BOUND('',#8388,.T.);
#8979=FACE_BOUND('',#8389,.T.);
#8980=FACE_BOUND('',#8390,.T.);
#8981=FACE_BOUND('',#8391,.T.);
#8982=FACE_BOUND('',#8392,.T.);
#8983=FACE_BOUND('',#8393,.T.);
#8984=FACE_BOUND('',#8394,.T.);
#8985=FACE_BOUND('',#8395,.T.);
#8986=FACE_BOUND('',#8396,.T.);
#8987=FACE_BOUND('',#8397,.T.);
#8988=FACE_BOUND('',#8398,.T.);
#8989=FACE_BOUND('',#8399,.T.);
#8990=FACE_BOUND('',#8400,.T.);
#8991=FACE_BOUND('',#8401,.T.);
#8992=FACE_BOUND('',#8402,.T.);
#8993=FACE_BOUND('',#8403,.T.);
#8994=FACE_BOUND('',#8404,.T.);
#8995=FACE_BOUND('',#8405,.T.);
#8996=FACE_BOUND('',#8406,.T.);
#8997=FACE_BOUND('',#8407,.T.);
#8998=FACE_BOUND('',#8408,.T.);
#8999=FACE_BOUND('',#8409,.T.);
#9000=FACE_BOUND('',#8410,.T.);
#9001=FACE_BOUND('',#8411,.T.);
#9002=FACE_BOUND('',#8412,.T.);
#9003=FACE_BOUND('',#8413,.T.);
#9004=FACE_BOUND('',#8414,.T.);
#9005=FACE_BOUND('',#8415,.T.);
#9006=FACE_BOUND('',#8416,.T.);
#9007=FACE_BOUND('',#8417,.T.);
#9008=FACE_BOUND('',#8418,.T.);
#9009=FACE_BOUND('',#8419,.T.);
#9010=FACE_BOUND('',#8420,.T.);
#9011=FACE_BOUND('',#8421,.T.);
#9012=FACE_BOUND('',#8422,.T.);
#9013=FACE_BOUND('',#8423,.T.);
#9014=FACE_BOUND('',#8424,.T.);
#9015=FACE_BOUND('',#8425,.T.);
#9016=FACE_BOUND('',#8426,.T.);
#9017=FACE_BOUND('',#8427,.T.);
#9018=FACE_BOUND('',#8428,.T.);
#9019=FACE_BOUND('',#8429,.T.);
#9020=FACE_BOUND('',#8430,.T.);
#9021=FACE_BOUND('',#8431,.T.);
#9022=FACE_BOUND('',#8432,.T.);
#9023=FACE_BOUND('',#8433,.T.);
#9024=FACE_BOUND('',#8434,.T.);
#9025=FACE_BOUND('',#8435,.T.);
#9026=FACE_BOUND('',#8436,.T.);
#9027=FACE_BOUND('',#8437,.T.);
#9028=FACE_BOUND('',#8438,.T.);
#9029=FACE_BOUND('',#8439,.T.);
#9030=FACE_BOUND('',#8440,.T.);
#9031=FACE_BOUND('',#8441,.T.);
#9032=FACE_BOUND('',#8442,.T.);
#9033=FACE_BOUND('',#8443,.T.);
#9034=FACE_BOUND('',#8444,.T.);
#9035=FACE_BOUND('',#8445,.T.);
#9036=FACE_BOUND('',#8446,.T.);
#9037=FACE_BOUND('',#8447,.T.);
#9038=FACE_BOUND('',#8448,.T.);
#9039=FACE_BOUND('',#8449,.T.);
#9040=FACE_BOUND('',#8450,.T.);
#9041=FACE_BOUND('',#8451,.T.);
#9042=FACE_BOUND('',#8452,.T.);
#9043=FACE_BOUND('',#8453,.T.);
#9044=FACE_BOUND('',#8454,.T.);
#9045=FACE_BOUND('',#8455,.T.);
#9046=FACE_BOUND('',#8456,.T.);
#9047=FACE_BOUND('',#8457,.T.);
#9048=FACE_BOUND('',#8458,.T.);
#9049=FACE_BOUND('',#8459,.T.);
#9050=FACE_BOUND('',#8460,.T.);
#9051=FACE_BOUND('',#8461,.T.);
#9052=FACE_BOUND('',#8462,.T.);
#9053=FACE_BOUND('',#8463,.T.);
#9054=FACE_BOUND('',#8464,.T.);
#9055=FACE_BOUND('',#8465,.T.);
#9056=FACE_BOUND('',#8466,.T.);
#9057=FACE_BOUND('',#8467,.T.);
#9058=FACE_BOUND('',#8468,.T.);
#9059=FACE_BOUND('',#8469,.T.);
#9060=FACE_BOUND('',#8470,.T.);
#9061=FACE_BOUND('',#8471,.T.);
#9062=FACE_BOUND('',#8472,.T.);
#9063=FACE_BOUND('',#8473,.T.);
#9064=FACE_BOUND('',#8474,.T.);
#9065=FACE_BOUND('',#8475,.T.);
#9066=FACE_BOUND('',#8476,.T.);
#9067=FACE_BOUND('',#8477,.T.);
#9068=FACE_BOUND('',#8478,.T.);
#9069=FACE_BOUND('',#8479,.T.);
#9070=FACE_BOUND('',#8480,.T.);
#9071=FACE_BOUND('',#8481,.T.);
#9072=FACE_BOUND('',#8482,.T.);
#9073=FACE_BOUND('',#8483,.T.);
#9074=FACE_BOUND('',#8484,.T.);
#9075=FACE_BOUND('',#8485,.T.);
#9076=FACE_BOUND('',#8486,.T.);
#9077=FACE_BOUND('',#8487,.T.);
#9078=FACE_BOUND('',#8488,.T.);
#9079=FACE_BOUND('',#8489,.T.);
#9080=FACE_BOUND('',#8490,.T.);
#9081=FACE_BOUND('',#8491,.T.);
#9082=FACE_BOUND('',#8492,.T.);
#9083=FACE_BOUND('',#8493,.T.);
#9084=FACE_BOUND('',#8494,.T.);
#9085=FACE_BOUND('',#8495,.T.);
#9086=FACE_BOUND('',#8496,.T.);
#9087=FACE_BOUND('',#8497,.T.);
#9088=FACE_BOUND('',#8498,.T.);
#9089=FACE_BOUND('',#8499,.T.);
#9090=FACE_BOUND('',#8500,.T.);
#9091=FACE_BOUND('',#8501,.T.);
#9092=FACE_BOUND('',#8502,.T.);
#9093=FACE_BOUND('',#8503,.T.);
#9094=FACE_BOUND('',#8504,.T.);
#9095=FACE_BOUND('',#8505,.T.);
#9096=FACE_BOUND('',#8506,.T.);
#9097=FACE_BOUND('',#8507,.T.);
#9098=FACE_BOUND('',#8508,.T.);
#9099=FACE_BOUND('',#8509,.T.);
#9100=FACE_BOUND('',#8510,.T.);
#9101=FACE_BOUND('',#8511,.T.);
#9102=FACE_BOUND('',#8512,.T.);
#9103=FACE_BOUND('',#8513,.T.);
#9104=FACE_BOUND('',#8514,.T.);
#9105=FACE_BOUND('',#8515,.T.);
#9106=FACE_BOUND('',#8516,.T.);
#9107=FACE_BOUND('',#8517,.T.);
#9108=FACE_BOUND('',#8518,.T.);
#9109=FACE_BOUND('',#8519,.T.);
#9110=FACE_BOUND('',#8520,.T.);
#9111=FACE_BOUND('',#8521,.T.);
#9112=FACE_BOUND('',#8522,.T.);
#9113=FACE_BOUND('',#8523,.T.);
#9114=FACE_BOUND('',#8524,.T.);
#9115=FACE_BOUND('',#8525,.T.);
#9116=FACE_BOUND('',#8526,.T.);
#9117=FACE_BOUND('',#8527,.T.);
#9118=FACE_BOUND('',#8528,.T.);
#9119=FACE_BOUND('',#8529,.T.);
#9120=FACE_BOUND('',#8530,.T.);
#9121=FACE_BOUND('',#8531,.T.);
#9122=FACE_BOUND('',#8532,.T.);
#9123=FACE_BOUND('',#8533,.T.);
#9124=FACE_BOUND('',#8534,.T.);
#9125=FACE_BOUND('',#8535,.T.);
#9126=FACE_BOUND('',#8536,.T.);
#9127=FACE_BOUND('',#8537,.T.);
#9128=FACE_BOUND('',#8538,.T.);
#9129=FACE_BOUND('',#8539,.T.);
#9130=FACE_BOUND('',#8540,.T.);
#9131=FACE_BOUND('',#8541,.T.);
#9132=FACE_BOUND('',#8542,.T.);
#9133=FACE_BOUND('',#8543,.T.);
#9134=FACE_BOUND('',#8544,.T.);
#9135=FACE_BOUND('',#8545,.T.);
#9136=FACE_BOUND('',#8546,.T.);
#9137=FACE_BOUND('',#8547,.T.);
#9138=FACE_BOUND('',#8548,.T.);
#9139=FACE_BOUND('',#8549,.T.);
#9140=FACE_BOUND('',#8550,.T.);
#9141=FACE_BOUND('',#8551,.T.);
#9142=FACE_BOUND('',#8552,.T.);
#9143=FACE_BOUND('',#8553,.T.);
#9144=FACE_BOUND('',#8554,.T.);
#9145=FACE_BOUND('',#8555,.T.);
#9146=FACE_BOUND('',#8556,.T.);
#9147=FACE_BOUND('',#8557,.T.);
#9148=FACE_BOUND('',#8558,.T.);
#9149=FACE_BOUND('',#8559,.T.);
#9150=FACE_BOUND('',#8560,.T.);
#9151=FACE_BOUND('',#8561,.T.);
#9152=FACE_BOUND('',#8562,.T.);
#9153=FACE_BOUND('',#8563,.T.);
#9154=FACE_BOUND('',#8564,.T.);
#9155=FACE_BOUND('',#8565,.T.);
#9156=FACE_BOUND('',#8566,.T.);
#9157=FACE_BOUND('',#8567,.T.);
#9158=FACE_BOUND('',#8568,.T.);
#9159=FACE_BOUND('',#8569,.T.);
#9160=FACE_BOUND('',#8570,.T.);
#9161=FACE_BOUND('',#8571,.T.);
#9162=FACE_BOUND('',#8572,.T.);
#9163=FACE_BOUND('',#8573,.T.);
#9164=FACE_BOUND('',#8574,.T.);
#9165=FACE_BOUND('',#8575,.T.);
#9166=FACE_BOUND('',#8576,.T.);
#9167=FACE_BOUND('',#8577,.T.);
#9168=FACE_BOUND('',#8578,.T.);
#9169=FACE_BOUND('',#8579,.T.);
#9170=FACE_BOUND('',#8580,.T.);
#9171=FACE_BOUND('',#8581,.T.);
#9172=FACE_BOUND('',#8582,.T.);
#9173=FACE_BOUND('',#8583,.T.);
#9174=FACE_BOUND('',#8584,.T.);
#9175=FACE_BOUND('',#8585,.T.);
#9176=FACE_BOUND('',#8586,.T.);
#9177=FACE_BOUND('',#8587,.T.);
#9178=FACE_BOUND('',#8588,.T.);
#9179=FACE_BOUND('',#8589,.T.);
#9180=FACE_BOUND('',#8590,.T.);
#9181=FACE_BOUND('',#8591,.T.);
#9182=FACE_BOUND('',#8592,.T.);
#9183=FACE_BOUND('',#8593,.T.);
#9184=FACE_BOUND('',#8594,.T.);
#9185=FACE_BOUND('',#8595,.T.);
#9186=FACE_BOUND('',#8596,.T.);
#9187=FACE_BOUND('',#8597,.T.);
#9188=FACE_BOUND('',#8598,.T.);
#9189=FACE_BOUND('',#8599,.T.);
#9190=FACE_BOUND('',#8600,.T.);
#9191=FACE_BOUND('',#8601,.T.);
#9192=FACE_BOUND('',#8602,.T.);
#9193=FACE_BOUND('',#8603,.T.);
#9194=FACE_BOUND('',#8604,.T.);
#9195=FACE_BOUND('',#8605,.T.);
#9196=FACE_BOUND('',#8606,.T.);
#9197=FACE_BOUND('',#8607,.T.);
#9198=FACE_BOUND('',#8608,.T.);
#9199=FACE_BOUND('',#8609,.T.);
#9200=FACE_BOUND('',#8610,.T.);
#9201=FACE_BOUND('',#8611,.T.);
#9202=FACE_BOUND('',#8612,.T.);
#9203=FACE_BOUND('',#8613,.T.);
#9204=FACE_BOUND('',#8614,.T.);
#9205=FACE_BOUND('',#8615,.T.);
#9206=FACE_BOUND('',#8616,.T.);
#9207=FACE_BOUND('',#8617,.T.);
#9208=FACE_BOUND('',#8618,.T.);
#9209=FACE_BOUND('',#8619,.T.);
#9210=FACE_BOUND('',#8620,.T.);
#9211=FACE_BOUND('',#8621,.T.);
#9212=FACE_BOUND('',#8622,.T.);
#9213=FACE_BOUND('',#8623,.T.);
#9214=FACE_BOUND('',#8624,.T.);
#9215=FACE_BOUND('',#8625,.T.);
#9216=FACE_BOUND('',#8626,.T.);
#9217=FACE_BOUND('',#8627,.T.);
#9218=FACE_BOUND('',#8628,.T.);
#9219=FACE_BOUND('',#8629,.T.);
#9220=FACE_BOUND('',#8630,.T.);
#9221=FACE_BOUND('',#8631,.T.);
#9222=FACE_BOUND('',#8632,.T.);
#9223=FACE_BOUND('',#8633,.T.);
#9224=FACE_BOUND('',#8634,.T.);
#9225=FACE_BOUND('',#8635,.T.);
#9226=FACE_BOUND('',#8636,.T.);
#9227=FACE_BOUND('',#8637,.T.);
#9228=FACE_BOUND('',#8638,.T.);
#9229=FACE_BOUND('',#8639,.T.);
#9230=FACE_BOUND('',#8640,.T.);
#9231=FACE_BOUND('',#8641,.T.);
#9232=FACE_BOUND('',#8642,.T.);
#9233=FACE_BOUND('',#8643,.T.);
#9234=FACE_BOUND('',#8644,.T.);
#9235=FACE_BOUND('',#8645,.T.);
#9236=FACE_BOUND('',#8646,.T.);
#9237=FACE_BOUND('',#8647,.T.);
#9238=FACE_BOUND('',#8648,.T.);
#9239=FACE_BOUND('',#8649,.T.);
#9240=FACE_BOUND('',#8650,.T.);
#9241=FACE_BOUND('',#8651,.T.);
#9242=FACE_BOUND('',#8652,.T.);
#9243=FACE_BOUND('',#8653,.T.);
#9244=FACE_BOUND('',#8654,.T.);
#9245=FACE_BOUND('',#8655,.T.);
#9246=FACE_BOUND('',#8656,.T.);
#9247=FACE_BOUND('',#8657,.T.);
#9248=FACE_BOUND('',#8658,.T.);
#9249=FACE_BOUND('',#8659,.T.);
#9250=FACE_BOUND('',#8660,.T.);
#9251=FACE_BOUND('',#8661,.T.);
#9252=FACE_BOUND('',#8662,.T.);
#9253=FACE_BOUND('',#8663,.T.);
#9254=FACE_BOUND('',#8664,.T.);
#9255=FACE_BOUND('',#8665,.T.);
#9256=FACE_BOUND('',#8666,.T.);
#9257=FACE_BOUND('',#8667,.T.);
#9258=FACE_BOUND('',#8668,.T.);
#9259=FACE_BOUND('',#8669,.T.);
#9260=FACE_BOUND('',#8670,.T.);
#9261=FACE_BOUND('',#8671,.T.);
#9262=FACE_BOUND('',#8672,.T.);
#9263=FACE_BOUND('',#8673,.T.);
#9264=FACE_BOUND('',#8674,.T.);
#9265=FACE_BOUND('',#8675,.T.);
#9266=FACE_BOUND('',#8676,.T.);
#9267=FACE_BOUND('',#8677,.T.);
#9268=FACE_BOUND('',#8678,.T.);
#9269=FACE_BOUND('',#8679,.T.);
#9270=FACE_BOUND('',#8680,.T.);
#9271=FACE_BOUND('',#8681,.T.);
#9272=FACE_BOUND('',#8682,.T.);
#9273=FACE_BOUND('',#8683,.T.);
#9274=FACE_BOUND('',#8684,.T.);
#9275=FACE_BOUND('',#8685,.T.);
#9276=FACE_BOUND('',#8686,.T.);
#9277=FACE_BOUND('',#8687,.T.);
#9278=FACE_BOUND('',#8688,.T.);
#9279=FACE_BOUND('',#8689,.T.);
#9280=FACE_BOUND('',#8690,.T.);
#9281=FACE_BOUND('',#8691,.T.);
#9282=FACE_BOUND('',#8692,.T.);
#9283=FACE_BOUND('',#8693,.T.);
#9284=FACE_BOUND('',#8694,.T.);
#9285=FACE_BOUND('',#8695,.T.);
#9286=FACE_BOUND('',#8696,.T.);
#9287=FACE_BOUND('',#8697,.T.);
#9288=FACE_BOUND('',#8698,.T.);
#9289=FACE_BOUND('',#8699,.T.);
#9290=FACE_BOUND('',#8700,.T.);
#9291=FACE_BOUND('',#8701,.T.);
#9292=FACE_BOUND('',#8702,.T.);
#9293=FACE_BOUND('',#8703,.T.);
#9294=FACE_BOUND('',#8704,.T.);
#9295=FACE_BOUND('',#8705,.T.);
#9296=FACE_BOUND('',#8706,.T.);
#9297=FACE_BOUND('',#8707,.T.);
#9298=FACE_BOUND('',#8708,.T.);
#9299=FACE_BOUND('',#8709,.T.);
#9300=FACE_BOUND('',#8710,.T.);
#9301=FACE_BOUND('',#8711,.T.);
#9302=FACE_BOUND('',#8712,.T.);
#9303=FACE_BOUND('',#8713,.T.);
#9304=FACE_BOUND('',#8714,.T.);
#9305=FACE_BOUND('',#8715,.T.);
#9306=FACE_BOUND('',#8716,.T.);
#9307=PLANE('',#10093);
#9308=PLANE('',#10097);
#9309=PLANE('',#10098);
#9310=PLANE('',#10105);
#9311=PLANE('',#10151);
#9312=PLANE('',#10163);
#9313=PLANE('',#10164);
#9314=PLANE('',#10166);
#9315=PLANE('',#10167);
#9316=PLANE('',#10170);
#9317=PLANE('',#10173);
#9318=PLANE('',#10174);
#9319=PLANE('',#10175);
#9320=PLANE('',#10179);
#9321=PLANE('',#10180);
#9322=PLANE('',#10181);
#9323=PLANE('',#10182);
#9324=PLANE('',#10184);
#9325=PLANE('',#10187);
#9326=PLANE('',#10190);
#9327=PLANE('',#10191);
#9328=PLANE('',#10192);
#9329=PLANE('',#10193);
#9330=PLANE('',#10194);
#9331=PLANE('',#10195);
#9332=PLANE('',#10196);
#9333=PLANE('',#10197);
#9334=PLANE('',#10198);
#9335=PLANE('',#10199);
#9336=PLANE('',#10200);
#9337=PLANE('',#10201);
#9338=PLANE('',#10202);
#9339=PLANE('',#10203);
#9340=PLANE('',#10204);
#9341=PLANE('',#10205);
#9342=PLANE('',#10206);
#9343=PLANE('',#10207);
#9344=PLANE('',#10208);
#9345=PLANE('',#10209);
#9346=PLANE('',#10210);
#9347=PLANE('',#10211);
#9348=PLANE('',#10212);
#9349=PLANE('',#10213);
#9350=PLANE('',#10216);
#9351=PLANE('',#10221);
#9352=PLANE('',#10222);
#9353=PLANE('',#10223);
#9354=PLANE('',#10224);
#9355=PLANE('',#10225);
#9356=PLANE('',#10226);
#9357=PLANE('',#10227);
#9358=PLANE('',#10228);
#9359=PLANE('',#10229);
#9360=PLANE('',#10230);
#9361=PLANE('',#10231);
#9362=PLANE('',#10232);
#9363=PLANE('',#10233);
#9364=PLANE('',#10234);
#9365=PLANE('',#10235);
#9366=PLANE('',#10236);
#9367=PLANE('',#10237);
#9368=PLANE('',#10238);
#9369=PLANE('',#10239);
#9370=PLANE('',#10240);
#9371=PLANE('',#10241);
#9372=PLANE('',#10242);
#9373=PLANE('',#10243);
#9374=PLANE('',#10244);
#9375=PLANE('',#10245);
#9376=PLANE('',#10252);
#9377=PLANE('',#10253);
#9378=PLANE('',#10254);
#9379=PLANE('',#10255);
#9380=PLANE('',#10256);
#9381=PLANE('',#10257);
#9382=PLANE('',#10260);
#9383=PLANE('',#10261);
#9384=PLANE('',#10262);
#9385=PLANE('',#10263);
#9386=PLANE('',#10264);
#9387=PLANE('',#10265);
#9388=PLANE('',#10270);
#9389=PLANE('',#10271);
#9390=PLANE('',#10272);
#9391=PLANE('',#10273);
#9392=PLANE('',#10274);
#9393=PLANE('',#10275);
#9394=PLANE('',#10276);
#9395=PLANE('',#10277);
#9396=PLANE('',#10278);
#9397=PLANE('',#10279);
#9398=PLANE('',#10280);
#9399=PLANE('',#10281);
#9400=PLANE('',#10282);
#9401=PLANE('',#10283);
#9402=PLANE('',#10284);
#9403=PLANE('',#10285);
#9404=PLANE('',#10286);
#9405=PLANE('',#10293);
#9406=PLANE('',#10294);
#9407=PLANE('',#10295);
#9408=PLANE('',#10296);
#9409=PLANE('',#10297);
#9410=PLANE('',#10298);
#9411=PLANE('',#10299);
#9412=PLANE('',#10300);
#9413=PLANE('',#10301);
#9414=PLANE('',#10302);
#9415=PLANE('',#10303);
#9416=PLANE('',#10306);
#9417=PLANE('',#10307);
#9418=PLANE('',#10310);
#9419=PLANE('',#10311);
#9420=PLANE('',#10312);
#9421=PLANE('',#10313);
#9422=PLANE('',#10314);
#9423=PLANE('',#10315);
#9424=PLANE('',#10316);
#9425=PLANE('',#10317);
#9426=PLANE('',#10318);
#9427=PLANE('',#10319);
#9428=PLANE('',#10320);
#9429=PLANE('',#10321);
#9430=PLANE('',#10322);
#9431=PLANE('',#10323);
#9432=PLANE('',#10324);
#9433=PLANE('',#10325);
#9434=PLANE('',#10326);
#9435=PLANE('',#10327);
#9436=PLANE('',#10332);
#9437=PLANE('',#10333);
#9438=PLANE('',#10334);
#9439=PLANE('',#10335);
#9440=PLANE('',#10340);
#9441=PLANE('',#10341);
#9442=PLANE('',#10342);
#9443=PLANE('',#10343);
#9444=PLANE('',#10344);
#9445=PLANE('',#10349);
#9446=PLANE('',#10350);
#9447=PLANE('',#10351);
#9448=PLANE('',#10354);
#9449=PLANE('',#10355);
#9450=PLANE('',#10360);
#9451=PLANE('',#10361);
#9452=PLANE('',#10362);
#9453=PLANE('',#10363);
#9454=PLANE('',#10364);
#9455=PLANE('',#10365);
#9456=PLANE('',#10366);
#9457=PLANE('',#10367);
#9458=PLANE('',#10368);
#9459=PLANE('',#10369);
#9460=PLANE('',#10370);
#9461=PLANE('',#10371);
#9462=PLANE('',#10372);
#9463=PLANE('',#10373);
#9464=PLANE('',#10374);
#9465=PLANE('',#10379);
#9466=PLANE('',#10380);
#9467=PLANE('',#10381);
#9468=PLANE('',#10382);
#9469=PLANE('',#10383);
#9470=PLANE('',#10384);
#9471=PLANE('',#10385);
#9472=PLANE('',#10386);
#9473=PLANE('',#10387);
#9474=PLANE('',#10388);
#9475=PLANE('',#10389);
#9476=PLANE('',#10390);
#9477=PLANE('',#10391);
#9478=PLANE('',#10392);
#9479=PLANE('',#10395);
#9480=PLANE('',#10396);
#9481=PLANE('',#10397);
#9482=PLANE('',#10398);
#9483=PLANE('',#10399);
#9484=PLANE('',#10400);
#9485=PLANE('',#10401);
#9486=PLANE('',#10402);
#9487=PLANE('',#10403);
#9488=PLANE('',#10404);
#9489=PLANE('',#10405);
#9490=PLANE('',#10408);
#9491=PLANE('',#10409);
#9492=PLANE('',#10410);
#9493=PLANE('',#10411);
#9494=PLANE('',#10412);
#9495=PLANE('',#10413);
#9496=PLANE('',#10414);
#9497=PLANE('',#10415);
#9498=PLANE('',#10416);
#9499=PLANE('',#10417);
#9500=PLANE('',#10418);
#9501=PLANE('',#10419);
#9502=PLANE('',#10420);
#9503=PLANE('',#10421);
#9504=PLANE('',#10422);
#9505=PLANE('',#10423);
#9506=PLANE('',#10424);
#9507=PLANE('',#10425);
#9508=PLANE('',#10426);
#9509=PLANE('',#10427);
#9510=PLANE('',#10428);
#9511=PLANE('',#10429);
#9512=PLANE('',#10430);
#9513=PLANE('',#10431);
#9514=PLANE('',#10432);
#9515=PLANE('',#10433);
#9516=PLANE('',#10434);
#9517=PLANE('',#10435);
#9518=PLANE('',#10436);
#9519=PLANE('',#10437);
#9520=PLANE('',#10438);
#9521=PLANE('',#10439);
#9522=PLANE('',#10440);
#9523=PLANE('',#10441);
#9524=PLANE('',#10442);
#9525=PLANE('',#10443);
#9526=PLANE('',#10444);
#9527=PLANE('',#10445);
#9528=PLANE('',#10446);
#9529=PLANE('',#10447);
#9530=PLANE('',#10448);
#9531=PLANE('',#10449);
#9532=PLANE('',#10450);
#9533=PLANE('',#10451);
#9534=PLANE('',#10452);
#9535=PLANE('',#10453);
#9536=PLANE('',#10454);
#9537=PLANE('',#10455);
#9538=PLANE('',#10456);
#9539=PLANE('',#10457);
#9540=PLANE('',#10458);
#9541=PLANE('',#10459);
#9542=PLANE('',#10460);
#9543=PLANE('',#10461);
#9544=PLANE('',#10462);
#9545=PLANE('',#10463);
#9546=PLANE('',#10466);
#9547=PLANE('',#10467);
#9548=PLANE('',#10468);
#9549=PLANE('',#10469);
#9550=PLANE('',#10470);
#9551=PLANE('',#10471);
#9552=PLANE('',#10472);
#9553=PLANE('',#10481);
#9554=PLANE('',#10482);
#9555=PLANE('',#10485);
#9556=PLANE('',#10486);
#9557=PLANE('',#10491);
#9558=PLANE('',#10492);
#9559=PLANE('',#10493);
#9560=PLANE('',#10494);
#9561=PLANE('',#10495);
#9562=PLANE('',#10496);
#9563=PLANE('',#10497);
#9564=PLANE('',#10498);
#9565=PLANE('',#10499);
#9566=PLANE('',#10500);
#9567=PLANE('',#10501);
#9568=PLANE('',#10502);
#9569=PLANE('',#10503);
#9570=PLANE('',#10504);
#9571=PLANE('',#10507);
#9572=PLANE('',#10509);
#9573=PLANE('',#10510);
#9574=PLANE('',#10513);
#9575=PLANE('',#10517);
#9576=PLANE('',#10518);
#9577=PLANE('',#10519);
#9578=PLANE('',#10520);
#9579=PLANE('',#10521);
#9580=PLANE('',#10522);
#9581=ADVANCED_FACE('',(#8717),#9307,.F.);
#9582=ADVANCED_FACE('',(#8718),#639,.T.);
#9583=ADVANCED_FACE('',(#8719),#9308,.F.);
#9584=ADVANCED_FACE('',(#8720),#9309,.F.);
#9585=ADVANCED_FACE('',(#8721),#640,.T.);
#9586=ADVANCED_FACE('',(#8722),#641,.T.);
#9587=ADVANCED_FACE('',(#8723,#8724,#8725,#8726,#8727,#8728,#8729,#8730,
#8731,#8732,#8733,#8734,#8735,#8736,#8737,#8738,#8739,#8740,#8741,#8742,
#8743,#8744,#8745,#8746,#8747,#8748,#8749,#8750,#8751,#8752,#8753,#8754,
#8755,#8756,#8757,#8758,#8759,#8760,#8761,#8762,#8763,#8764,#8765,#8766),
#9310,.T.);
#9588=ADVANCED_FACE('',(#8767,#8768,#8769,#8770,#8771),#9311,.F.);
#9589=ADVANCED_FACE('',(#8772,#8773),#642,.F.);
#9590=ADVANCED_FACE('',(#8774),#9312,.T.);
#9591=ADVANCED_FACE('',(#8775),#9313,.T.);
#9592=ADVANCED_FACE('',(#8776),#643,.F.);
#9593=ADVANCED_FACE('',(#8777),#9314,.T.);
#9594=ADVANCED_FACE('',(#8778),#9315,.F.);
#9595=ADVANCED_FACE('',(#8779),#644,.T.);
#9596=ADVANCED_FACE('',(#8780),#9316,.T.);
#9597=ADVANCED_FACE('',(#8781),#645,.T.);
#9598=ADVANCED_FACE('',(#8782),#9317,.F.);
#9599=ADVANCED_FACE('',(#8783),#9318,.T.);
#9600=ADVANCED_FACE('',(#8784),#9319,.T.);
#9601=ADVANCED_FACE('',(#8785),#646,.F.);
#9602=ADVANCED_FACE('',(#8786),#647,.T.);
#9603=ADVANCED_FACE('',(#8787),#9320,.T.);
#9604=ADVANCED_FACE('',(#8788),#9321,.T.);
#9605=ADVANCED_FACE('',(#8789),#9322,.T.);
#9606=ADVANCED_FACE('',(#8790),#9323,.F.);
#9607=ADVANCED_FACE('',(#8791),#648,.F.);
#9608=ADVANCED_FACE('',(#8792),#9324,.T.);
#9609=ADVANCED_FACE('',(#8793),#649,.T.);
#9610=ADVANCED_FACE('',(#8794),#9325,.T.);
#9611=ADVANCED_FACE('',(#8795),#650,.T.);
#9612=ADVANCED_FACE('',(#8796),#9326,.T.);
#9613=ADVANCED_FACE('',(#8797),#9327,.T.);
#9614=ADVANCED_FACE('',(#8798),#9328,.T.);
#9615=ADVANCED_FACE('',(#8799),#9329,.T.);
#9616=ADVANCED_FACE('',(#8800),#9330,.T.);
#9617=ADVANCED_FACE('',(#8801),#9331,.T.);
#9618=ADVANCED_FACE('',(#8802),#9332,.T.);
#9619=ADVANCED_FACE('',(#8803),#9333,.T.);
#9620=ADVANCED_FACE('',(#8804),#9334,.T.);
#9621=ADVANCED_FACE('',(#8805),#9335,.T.);
#9622=ADVANCED_FACE('',(#8806),#9336,.T.);
#9623=ADVANCED_FACE('',(#8807),#9337,.T.);
#9624=ADVANCED_FACE('',(#8808),#9338,.T.);
#9625=ADVANCED_FACE('',(#8809),#9339,.T.);
#9626=ADVANCED_FACE('',(#8810),#9340,.T.);
#9627=ADVANCED_FACE('',(#8811),#9341,.T.);
#9628=ADVANCED_FACE('',(#8812),#9342,.T.);
#9629=ADVANCED_FACE('',(#8813),#9343,.T.);
#9630=ADVANCED_FACE('',(#8814),#9344,.T.);
#9631=ADVANCED_FACE('',(#8815),#9345,.T.);
#9632=ADVANCED_FACE('',(#8816),#9346,.T.);
#9633=ADVANCED_FACE('',(#8817),#9347,.T.);
#9634=ADVANCED_FACE('',(#8818),#9348,.T.);
#9635=ADVANCED_FACE('',(#8819),#9349,.T.);
#9636=ADVANCED_FACE('',(#8820),#18,.T.);
#9637=ADVANCED_FACE('',(#8821),#19,.T.);
#9638=ADVANCED_FACE('',(#8822),#20,.T.);
#9639=ADVANCED_FACE('',(#8823),#21,.T.);
#9640=ADVANCED_FACE('',(#8824),#22,.T.);
#9641=ADVANCED_FACE('',(#8825),#651,.F.);
#9642=ADVANCED_FACE('',(#8826),#23,.T.);
#9643=ADVANCED_FACE('',(#8827),#9350,.T.);
#9644=ADVANCED_FACE('',(#8828),#652,.T.);
#9645=ADVANCED_FACE('',(#8829),#653,.T.);
#9646=ADVANCED_FACE('',(#8830),#24,.T.);
#9647=ADVANCED_FACE('',(#8831),#25,.T.);
#9648=ADVANCED_FACE('',(#8832),#26,.T.);
#9649=ADVANCED_FACE('',(#8833),#27,.T.);
#9650=ADVANCED_FACE('',(#8834),#9351,.T.);
#9651=ADVANCED_FACE('',(#8835),#28,.T.);
#9652=ADVANCED_FACE('',(#8836),#9352,.T.);
#9653=ADVANCED_FACE('',(#8837),#9353,.T.);
#9654=ADVANCED_FACE('',(#8838),#9354,.T.);
#9655=ADVANCED_FACE('',(#8839),#9355,.T.);
#9656=ADVANCED_FACE('',(#8840),#9356,.T.);
#9657=ADVANCED_FACE('',(#8841),#9357,.T.);
#9658=ADVANCED_FACE('',(#8842),#9358,.T.);
#9659=ADVANCED_FACE('',(#8843),#9359,.T.);
#9660=ADVANCED_FACE('',(#8844),#9360,.T.);
#9661=ADVANCED_FACE('',(#8845),#9361,.T.);
#9662=ADVANCED_FACE('',(#8846),#9362,.T.);
#9663=ADVANCED_FACE('',(#8847),#9363,.T.);
#9664=ADVANCED_FACE('',(#8848),#29,.T.);
#9665=ADVANCED_FACE('',(#8849),#30,.T.);
#9666=ADVANCED_FACE('',(#8850),#31,.T.);
#9667=ADVANCED_FACE('',(#8851),#32,.T.);
#9668=ADVANCED_FACE('',(#8852),#33,.T.);
#9669=ADVANCED_FACE('',(#8853),#34,.T.);
#9670=ADVANCED_FACE('',(#8854),#9364,.T.);
#9671=ADVANCED_FACE('',(#8855),#35,.T.);
#9672=ADVANCED_FACE('',(#8856),#36,.T.);
#9673=ADVANCED_FACE('',(#8857),#37,.T.);
#9674=ADVANCED_FACE('',(#8858),#38,.T.);
#9675=ADVANCED_FACE('',(#8859),#39,.T.);
#9676=ADVANCED_FACE('',(#8860),#40,.T.);
#9677=ADVANCED_FACE('',(#8861),#41,.T.);
#9678=ADVANCED_FACE('',(#8862),#9365,.T.);
#9679=ADVANCED_FACE('',(#8863),#9366,.T.);
#9680=ADVANCED_FACE('',(#8864),#9367,.T.);
#9681=ADVANCED_FACE('',(#8865),#9368,.T.);
#9682=ADVANCED_FACE('',(#8866),#9369,.T.);
#9683=ADVANCED_FACE('',(#8867),#42,.T.);
#9684=ADVANCED_FACE('',(#8868),#43,.T.);
#9685=ADVANCED_FACE('',(#8869),#44,.T.);
#9686=ADVANCED_FACE('',(#8870),#45,.T.);
#9687=ADVANCED_FACE('',(#8871),#9370,.T.);
#9688=ADVANCED_FACE('',(#8872),#9371,.T.);
#9689=ADVANCED_FACE('',(#8873),#9372,.T.);
#9690=ADVANCED_FACE('',(#8874),#9373,.T.);
#9691=ADVANCED_FACE('',(#8875),#9374,.T.);
#9692=ADVANCED_FACE('',(#8876),#9375,.T.);
#9693=ADVANCED_FACE('',(#8877),#654,.F.);
#9694=ADVANCED_FACE('',(#8878),#46,.T.);
#9695=ADVANCED_FACE('',(#8879),#47,.T.);
#9696=ADVANCED_FACE('',(#8880),#48,.T.);
#9697=ADVANCED_FACE('',(#8881),#49,.T.);
#9698=ADVANCED_FACE('',(#8882),#50,.T.);
#9699=ADVANCED_FACE('',(#8883),#51,.T.);
#9700=ADVANCED_FACE('',(#8884),#52,.T.);
#9701=ADVANCED_FACE('',(#8885),#53,.T.);
#9702=ADVANCED_FACE('',(#8886),#655,.F.);
#9703=ADVANCED_FACE('',(#8887),#656,.F.);
#9704=ADVANCED_FACE('',(#8888),#9376,.T.);
#9705=ADVANCED_FACE('',(#8889),#9377,.T.);
#9706=ADVANCED_FACE('',(#8890),#9378,.T.);
#9707=ADVANCED_FACE('',(#8891),#9379,.T.);
#9708=ADVANCED_FACE('',(#8892),#9380,.T.);
#9709=ADVANCED_FACE('',(#8893),#9381,.T.);
#9710=ADVANCED_FACE('',(#8894),#657,.F.);
#9711=ADVANCED_FACE('',(#8895),#9382,.T.);
#9712=ADVANCED_FACE('',(#8896),#9383,.T.);
#9713=ADVANCED_FACE('',(#8897),#9384,.T.);
#9714=ADVANCED_FACE('',(#8898),#54,.T.);
#9715=ADVANCED_FACE('',(#8899),#55,.T.);
#9716=ADVANCED_FACE('',(#8900),#56,.T.);
#9717=ADVANCED_FACE('',(#8901),#57,.T.);
#9718=ADVANCED_FACE('',(#8902),#58,.T.);
#9719=ADVANCED_FACE('',(#8903),#9385,.T.);
#9720=ADVANCED_FACE('',(#8904),#9386,.T.);
#9721=ADVANCED_FACE('',(#8905),#59,.T.);
#9722=ADVANCED_FACE('',(#8906),#60,.T.);
#9723=ADVANCED_FACE('',(#8907),#61,.T.);
#9724=ADVANCED_FACE('',(#8908),#9387,.T.);
#9725=ADVANCED_FACE('',(#8909),#658,.F.);
#9726=ADVANCED_FACE('',(#8910),#659,.F.);
#9727=ADVANCED_FACE('',(#8911),#62,.T.);
#9728=ADVANCED_FACE('',(#8912),#63,.T.);
#9729=ADVANCED_FACE('',(#8913),#9388,.T.);
#9730=ADVANCED_FACE('',(#8914),#9389,.T.);
#9731=ADVANCED_FACE('',(#8915),#64,.T.);
#9732=ADVANCED_FACE('',(#8916),#65,.T.);
#9733=ADVANCED_FACE('',(#8917),#66,.T.);
#9734=ADVANCED_FACE('',(#8918),#67,.T.);
#9735=ADVANCED_FACE('',(#8919),#9390,.T.);
#9736=ADVANCED_FACE('',(#8920),#68,.T.);
#9737=ADVANCED_FACE('',(#8921),#69,.T.);
#9738=ADVANCED_FACE('',(#8922),#70,.T.);
#9739=ADVANCED_FACE('',(#8923),#9391,.T.);
#9740=ADVANCED_FACE('',(#8924),#9392,.T.);
#9741=ADVANCED_FACE('',(#8925),#9393,.T.);
#9742=ADVANCED_FACE('',(#8926),#71,.T.);
#9743=ADVANCED_FACE('',(#8927),#72,.T.);
#9744=ADVANCED_FACE('',(#8928),#73,.T.);
#9745=ADVANCED_FACE('',(#8929),#74,.T.);
#9746=ADVANCED_FACE('',(#8930),#75,.T.);
#9747=ADVANCED_FACE('',(#8931),#76,.T.);
#9748=ADVANCED_FACE('',(#8932),#9394,.T.);
#9749=ADVANCED_FACE('',(#8933),#9395,.T.);
#9750=ADVANCED_FACE('',(#8934),#77,.T.);
#9751=ADVANCED_FACE('',(#8935),#78,.T.);
#9752=ADVANCED_FACE('',(#8936),#79,.T.);
#9753=ADVANCED_FACE('',(#8937),#80,.T.);
#9754=ADVANCED_FACE('',(#8938),#81,.T.);
#9755=ADVANCED_FACE('',(#8939),#82,.T.);
#9756=ADVANCED_FACE('',(#8940),#9396,.T.);
#9757=ADVANCED_FACE('',(#8941),#9397,.T.);
#9758=ADVANCED_FACE('',(#8942),#9398,.T.);
#9759=ADVANCED_FACE('',(#8943),#9399,.T.);
#9760=ADVANCED_FACE('',(#8944),#9400,.T.);
#9761=ADVANCED_FACE('',(#8945),#9401,.T.);
#9762=ADVANCED_FACE('',(#8946),#9402,.T.);
#9763=ADVANCED_FACE('',(#8947),#9403,.T.);
#9764=ADVANCED_FACE('',(#8948),#9404,.T.);
#9765=ADVANCED_FACE('',(#8949),#83,.T.);
#9766=ADVANCED_FACE('',(#8950),#84,.T.);
#9767=ADVANCED_FACE('',(#8951),#660,.F.);
#9768=ADVANCED_FACE('',(#8952),#661,.F.);
#9769=ADVANCED_FACE('',(#8953),#85,.T.);
#9770=ADVANCED_FACE('',(#8954),#86,.T.);
#9771=ADVANCED_FACE('',(#8955),#662,.F.);
#9772=ADVANCED_FACE('',(#8956),#9405,.T.);
#9773=ADVANCED_FACE('',(#8957),#9406,.T.);
#9774=ADVANCED_FACE('',(#8958),#9407,.T.);
#9775=ADVANCED_FACE('',(#8959),#9408,.T.);
#9776=ADVANCED_FACE('',(#8960),#9409,.T.);
#9777=ADVANCED_FACE('',(#8961),#87,.T.);
#9778=ADVANCED_FACE('',(#8962),#88,.T.);
#9779=ADVANCED_FACE('',(#8963),#89,.T.);
#9780=ADVANCED_FACE('',(#8964),#90,.T.);
#9781=ADVANCED_FACE('',(#8965),#9410,.T.);
#9782=ADVANCED_FACE('',(#8966),#9411,.T.);
#9783=ADVANCED_FACE('',(#8967),#9412,.T.);
#9784=ADVANCED_FACE('',(#8968),#9413,.T.);
#9785=ADVANCED_FACE('',(#8969),#9414,.T.);
#9786=ADVANCED_FACE('',(#8970),#9415,.T.);
#9787=ADVANCED_FACE('',(#8971),#663,.F.);
#9788=ADVANCED_FACE('',(#8972),#91,.T.);
#9789=ADVANCED_FACE('',(#8973),#92,.T.);
#9790=ADVANCED_FACE('',(#8974),#93,.T.);
#9791=ADVANCED_FACE('',(#8975),#94,.T.);
#9792=ADVANCED_FACE('',(#8976),#95,.T.);
#9793=ADVANCED_FACE('',(#8977),#96,.T.);
#9794=ADVANCED_FACE('',(#8978),#97,.T.);
#9795=ADVANCED_FACE('',(#8979),#98,.T.);
#9796=ADVANCED_FACE('',(#8980),#99,.T.);
#9797=ADVANCED_FACE('',(#8981),#100,.T.);
#9798=ADVANCED_FACE('',(#8982),#9416,.T.);
#9799=ADVANCED_FACE('',(#8983),#9417,.T.);
#9800=ADVANCED_FACE('',(#8984),#101,.T.);
#9801=ADVANCED_FACE('',(#8985),#102,.T.);
#9802=ADVANCED_FACE('',(#8986),#664,.T.);
#9803=ADVANCED_FACE('',(#8987),#9418,.T.);
#9804=ADVANCED_FACE('',(#8988),#9419,.T.);
#9805=ADVANCED_FACE('',(#8989),#103,.T.);
#9806=ADVANCED_FACE('',(#8990),#9420,.T.);
#9807=ADVANCED_FACE('',(#8991),#9421,.T.);
#9808=ADVANCED_FACE('',(#8992),#9422,.T.);
#9809=ADVANCED_FACE('',(#8993),#9423,.T.);
#9810=ADVANCED_FACE('',(#8994),#9424,.T.);
#9811=ADVANCED_FACE('',(#8995),#9425,.T.);
#9812=ADVANCED_FACE('',(#8996),#9426,.T.);
#9813=ADVANCED_FACE('',(#8997),#9427,.T.);
#9814=ADVANCED_FACE('',(#8998),#9428,.T.);
#9815=ADVANCED_FACE('',(#8999),#9429,.T.);
#9816=ADVANCED_FACE('',(#9000),#9430,.T.);
#9817=ADVANCED_FACE('',(#9001),#9431,.T.);
#9818=ADVANCED_FACE('',(#9002),#9432,.T.);
#9819=ADVANCED_FACE('',(#9003),#9433,.T.);
#9820=ADVANCED_FACE('',(#9004),#104,.T.);
#9821=ADVANCED_FACE('',(#9005),#105,.T.);
#9822=ADVANCED_FACE('',(#9006),#106,.T.);
#9823=ADVANCED_FACE('',(#9007),#107,.T.);
#9824=ADVANCED_FACE('',(#9008),#9434,.T.);
#9825=ADVANCED_FACE('',(#9009),#108,.T.);
#9826=ADVANCED_FACE('',(#9010),#109,.T.);
#9827=ADVANCED_FACE('',(#9011),#110,.T.);
#9828=ADVANCED_FACE('',(#9012),#111,.T.);
#9829=ADVANCED_FACE('',(#9013),#112,.T.);
#9830=ADVANCED_FACE('',(#9014),#113,.T.);
#9831=ADVANCED_FACE('',(#9015),#114,.T.);
#9832=ADVANCED_FACE('',(#9016),#9435,.T.);
#9833=ADVANCED_FACE('',(#9017),#665,.T.);
#9834=ADVANCED_FACE('',(#9018),#666,.T.);
#9835=ADVANCED_FACE('',(#9019),#115,.T.);
#9836=ADVANCED_FACE('',(#9020),#116,.T.);
#9837=ADVANCED_FACE('',(#9021),#117,.T.);
#9838=ADVANCED_FACE('',(#9022),#118,.T.);
#9839=ADVANCED_FACE('',(#9023),#119,.T.);
#9840=ADVANCED_FACE('',(#9024),#120,.T.);
#9841=ADVANCED_FACE('',(#9025),#121,.T.);
#9842=ADVANCED_FACE('',(#9026),#122,.T.);
#9843=ADVANCED_FACE('',(#9027),#123,.T.);
#9844=ADVANCED_FACE('',(#9028),#124,.T.);
#9845=ADVANCED_FACE('',(#9029),#9436,.T.);
#9846=ADVANCED_FACE('',(#9030),#125,.T.);
#9847=ADVANCED_FACE('',(#9031),#126,.T.);
#9848=ADVANCED_FACE('',(#9032),#127,.T.);
#9849=ADVANCED_FACE('',(#9033),#128,.T.);
#9850=ADVANCED_FACE('',(#9034),#129,.T.);
#9851=ADVANCED_FACE('',(#9035),#130,.T.);
#9852=ADVANCED_FACE('',(#9036),#9437,.T.);
#9853=ADVANCED_FACE('',(#9037),#9438,.T.);
#9854=ADVANCED_FACE('',(#9038),#9439,.T.);
#9855=ADVANCED_FACE('',(#9039),#667,.F.);
#9856=ADVANCED_FACE('',(#9040),#131,.T.);
#9857=ADVANCED_FACE('',(#9041),#668,.F.);
#9858=ADVANCED_FACE('',(#9042),#9440,.T.);
#9859=ADVANCED_FACE('',(#9043),#9441,.T.);
#9860=ADVANCED_FACE('',(#9044),#9442,.T.);
#9861=ADVANCED_FACE('',(#9045),#9443,.T.);
#9862=ADVANCED_FACE('',(#9046),#9444,.T.);
#9863=ADVANCED_FACE('',(#9047),#669,.F.);
#9864=ADVANCED_FACE('',(#9048),#670,.F.);
#9865=ADVANCED_FACE('',(#9049),#9445,.T.);
#9866=ADVANCED_FACE('',(#9050),#9446,.T.);
#9867=ADVANCED_FACE('',(#9051),#9447,.T.);
#9868=ADVANCED_FACE('',(#9052),#671,.F.);
#9869=ADVANCED_FACE('',(#9053),#132,.T.);
#9870=ADVANCED_FACE('',(#9054),#9448,.T.);
#9871=ADVANCED_FACE('',(#9055),#133,.T.);
#9872=ADVANCED_FACE('',(#9056),#134,.T.);
#9873=ADVANCED_FACE('',(#9057),#135,.T.);
#9874=ADVANCED_FACE('',(#9058),#136,.T.);
#9875=ADVANCED_FACE('',(#9059),#9449,.T.);
#9876=ADVANCED_FACE('',(#9060),#672,.T.);
#9877=ADVANCED_FACE('',(#9061),#673,.T.);
#9878=ADVANCED_FACE('',(#9062),#137,.T.);
#9879=ADVANCED_FACE('',(#9063),#138,.T.);
#9880=ADVANCED_FACE('',(#9064),#139,.T.);
#9881=ADVANCED_FACE('',(#9065),#140,.T.);
#9882=ADVANCED_FACE('',(#9066),#141,.T.);
#9883=ADVANCED_FACE('',(#9067),#142,.T.);
#9884=ADVANCED_FACE('',(#9068),#143,.T.);
#9885=ADVANCED_FACE('',(#9069),#144,.T.);
#9886=ADVANCED_FACE('',(#9070),#145,.T.);
#9887=ADVANCED_FACE('',(#9071),#146,.T.);
#9888=ADVANCED_FACE('',(#9072),#9450,.T.);
#9889=ADVANCED_FACE('',(#9073),#147,.T.);
#9890=ADVANCED_FACE('',(#9074),#148,.T.);
#9891=ADVANCED_FACE('',(#9075),#149,.T.);
#9892=ADVANCED_FACE('',(#9076),#150,.T.);
#9893=ADVANCED_FACE('',(#9077),#151,.T.);
#9894=ADVANCED_FACE('',(#9078),#152,.T.);
#9895=ADVANCED_FACE('',(#9079),#9451,.T.);
#9896=ADVANCED_FACE('',(#9080),#9452,.T.);
#9897=ADVANCED_FACE('',(#9081),#9453,.T.);
#9898=ADVANCED_FACE('',(#9082),#9454,.T.);
#9899=ADVANCED_FACE('',(#9083),#9455,.T.);
#9900=ADVANCED_FACE('',(#9084),#9456,.T.);
#9901=ADVANCED_FACE('',(#9085),#9457,.T.);
#9902=ADVANCED_FACE('',(#9086),#9458,.T.);
#9903=ADVANCED_FACE('',(#9087),#9459,.T.);
#9904=ADVANCED_FACE('',(#9088),#9460,.T.);
#9905=ADVANCED_FACE('',(#9089),#9461,.T.);
#9906=ADVANCED_FACE('',(#9090),#153,.T.);
#9907=ADVANCED_FACE('',(#9091),#154,.T.);
#9908=ADVANCED_FACE('',(#9092),#155,.T.);
#9909=ADVANCED_FACE('',(#9093),#156,.T.);
#9910=ADVANCED_FACE('',(#9094),#157,.T.);
#9911=ADVANCED_FACE('',(#9095),#9462,.T.);
#9912=ADVANCED_FACE('',(#9096),#9463,.T.);
#9913=ADVANCED_FACE('',(#9097),#158,.T.);
#9914=ADVANCED_FACE('',(#9098),#159,.T.);
#9915=ADVANCED_FACE('',(#9099),#160,.T.);
#9916=ADVANCED_FACE('',(#9100),#9464,.T.);
#9917=ADVANCED_FACE('',(#9101),#674,.F.);
#9918=ADVANCED_FACE('',(#9102),#675,.F.);
#9919=ADVANCED_FACE('',(#9103),#161,.T.);
#9920=ADVANCED_FACE('',(#9104),#162,.T.);
#9921=ADVANCED_FACE('',(#9105),#9465,.T.);
#9922=ADVANCED_FACE('',(#9106),#9466,.T.);
#9923=ADVANCED_FACE('',(#9107),#9467,.T.);
#9924=ADVANCED_FACE('',(#9108),#9468,.T.);
#9925=ADVANCED_FACE('',(#9109),#9469,.T.);
#9926=ADVANCED_FACE('',(#9110),#9470,.T.);
#9927=ADVANCED_FACE('',(#9111),#9471,.T.);
#9928=ADVANCED_FACE('',(#9112),#9472,.T.);
#9929=ADVANCED_FACE('',(#9113),#9473,.T.);
#9930=ADVANCED_FACE('',(#9114),#9474,.T.);
#9931=ADVANCED_FACE('',(#9115),#9475,.T.);
#9932=ADVANCED_FACE('',(#9116),#9476,.T.);
#9933=ADVANCED_FACE('',(#9117),#9477,.T.);
#9934=ADVANCED_FACE('',(#9118),#9478,.T.);
#9935=ADVANCED_FACE('',(#9119),#676,.F.);
#9936=ADVANCED_FACE('',(#9120),#9479,.T.);
#9937=ADVANCED_FACE('',(#9121),#9480,.T.);
#9938=ADVANCED_FACE('',(#9122),#9481,.T.);
#9939=ADVANCED_FACE('',(#9123),#9482,.T.);
#9940=ADVANCED_FACE('',(#9124),#9483,.T.);
#9941=ADVANCED_FACE('',(#9125),#9484,.T.);
#9942=ADVANCED_FACE('',(#9126),#9485,.T.);
#9943=ADVANCED_FACE('',(#9127),#9486,.T.);
#9944=ADVANCED_FACE('',(#9128),#9487,.T.);
#9945=ADVANCED_FACE('',(#9129),#9488,.T.);
#9946=ADVANCED_FACE('',(#9130),#9489,.T.);
#9947=ADVANCED_FACE('',(#9131),#677,.F.);
#9948=ADVANCED_FACE('',(#9132),#9490,.T.);
#9949=ADVANCED_FACE('',(#9133),#9491,.T.);
#9950=ADVANCED_FACE('',(#9134),#9492,.T.);
#9951=ADVANCED_FACE('',(#9135),#163,.T.);
#9952=ADVANCED_FACE('',(#9136),#164,.T.);
#9953=ADVANCED_FACE('',(#9137),#165,.T.);
#9954=ADVANCED_FACE('',(#9138),#166,.T.);
#9955=ADVANCED_FACE('',(#9139),#9493,.T.);
#9956=ADVANCED_FACE('',(#9140),#9494,.T.);
#9957=ADVANCED_FACE('',(#9141),#9495,.T.);
#9958=ADVANCED_FACE('',(#9142),#167,.T.);
#9959=ADVANCED_FACE('',(#9143),#168,.T.);
#9960=ADVANCED_FACE('',(#9144),#169,.T.);
#9961=ADVANCED_FACE('',(#9145),#170,.T.);
#9962=ADVANCED_FACE('',(#9146),#9496,.T.);
#9963=ADVANCED_FACE('',(#9147),#9497,.T.);
#9964=ADVANCED_FACE('',(#9148),#9498,.T.);
#9965=ADVANCED_FACE('',(#9149),#9499,.T.);
#9966=ADVANCED_FACE('',(#9150),#9500,.T.);
#9967=ADVANCED_FACE('',(#9151),#9501,.T.);
#9968=ADVANCED_FACE('',(#9152),#9502,.T.);
#9969=ADVANCED_FACE('',(#9153),#9503,.T.);
#9970=ADVANCED_FACE('',(#9154),#9504,.T.);
#9971=ADVANCED_FACE('',(#9155),#9505,.T.);
#9972=ADVANCED_FACE('',(#9156),#9506,.T.);
#9973=ADVANCED_FACE('',(#9157),#9507,.T.);
#9974=ADVANCED_FACE('',(#9158),#9508,.T.);
#9975=ADVANCED_FACE('',(#9159),#9509,.T.);
#9976=ADVANCED_FACE('',(#9160),#9510,.T.);
#9977=ADVANCED_FACE('',(#9161),#9511,.T.);
#9978=ADVANCED_FACE('',(#9162),#9512,.T.);
#9979=ADVANCED_FACE('',(#9163),#9513,.T.);
#9980=ADVANCED_FACE('',(#9164),#9514,.T.);
#9981=ADVANCED_FACE('',(#9165),#9515,.T.);
#9982=ADVANCED_FACE('',(#9166),#9516,.T.);
#9983=ADVANCED_FACE('',(#9167),#9517,.T.);
#9984=ADVANCED_FACE('',(#9168),#9518,.T.);
#9985=ADVANCED_FACE('',(#9169),#9519,.T.);
#9986=ADVANCED_FACE('',(#9170),#9520,.T.);
#9987=ADVANCED_FACE('',(#9171),#9521,.T.);
#9988=ADVANCED_FACE('',(#9172),#9522,.T.);
#9989=ADVANCED_FACE('',(#9173),#9523,.T.);
#9990=ADVANCED_FACE('',(#9174),#9524,.T.);
#9991=ADVANCED_FACE('',(#9175),#9525,.T.);
#9992=ADVANCED_FACE('',(#9176),#9526,.T.);
#9993=ADVANCED_FACE('',(#9177),#9527,.T.);
#9994=ADVANCED_FACE('',(#9178),#9528,.T.);
#9995=ADVANCED_FACE('',(#9179),#9529,.T.);
#9996=ADVANCED_FACE('',(#9180),#9530,.T.);
#9997=ADVANCED_FACE('',(#9181),#9531,.T.);
#9998=ADVANCED_FACE('',(#9182),#171,.T.);
#9999=ADVANCED_FACE('',(#9183),#172,.T.);
#10000=ADVANCED_FACE('',(#9184),#173,.T.);
#10001=ADVANCED_FACE('',(#9185),#9532,.T.);
#10002=ADVANCED_FACE('',(#9186),#9533,.T.);
#10003=ADVANCED_FACE('',(#9187),#9534,.T.);
#10004=ADVANCED_FACE('',(#9188),#9535,.T.);
#10005=ADVANCED_FACE('',(#9189),#9536,.T.);
#10006=ADVANCED_FACE('',(#9190),#9537,.T.);
#10007=ADVANCED_FACE('',(#9191),#9538,.T.);
#10008=ADVANCED_FACE('',(#9192),#9539,.T.);
#10009=ADVANCED_FACE('',(#9193),#9540,.T.);
#10010=ADVANCED_FACE('',(#9194),#174,.T.);
#10011=ADVANCED_FACE('',(#9195),#175,.T.);
#10012=ADVANCED_FACE('',(#9196),#176,.T.);
#10013=ADVANCED_FACE('',(#9197),#177,.T.);
#10014=ADVANCED_FACE('',(#9198),#178,.T.);
#10015=ADVANCED_FACE('',(#9199),#179,.T.);
#10016=ADVANCED_FACE('',(#9200),#9541,.T.);
#10017=ADVANCED_FACE('',(#9201),#180,.T.);
#10018=ADVANCED_FACE('',(#9202),#181,.T.);
#10019=ADVANCED_FACE('',(#9203),#182,.T.);
#10020=ADVANCED_FACE('',(#9204),#183,.T.);
#10021=ADVANCED_FACE('',(#9205),#184,.T.);
#10022=ADVANCED_FACE('',(#9206),#185,.T.);
#10023=ADVANCED_FACE('',(#9207),#186,.T.);
#10024=ADVANCED_FACE('',(#9208),#9542,.T.);
#10025=ADVANCED_FACE('',(#9209),#9543,.T.);
#10026=ADVANCED_FACE('',(#9210),#9544,.T.);
#10027=ADVANCED_FACE('',(#9211),#9545,.T.);
#10028=ADVANCED_FACE('',(#9212),#678,.F.);
#10029=ADVANCED_FACE('',(#9213),#9546,.T.);
#10030=ADVANCED_FACE('',(#9214),#9547,.T.);
#10031=ADVANCED_FACE('',(#9215),#9548,.T.);
#10032=ADVANCED_FACE('',(#9216),#9549,.T.);
#10033=ADVANCED_FACE('',(#9217),#9550,.T.);
#10034=ADVANCED_FACE('',(#9218),#9551,.T.);
#10035=ADVANCED_FACE('',(#9219),#9552,.T.);
#10036=ADVANCED_FACE('',(#9220),#679,.F.);
#10037=ADVANCED_FACE('',(#9221,#9222),#680,.F.);
#10038=ADVANCED_FACE('',(#9223,#9224),#681,.F.);
#10039=ADVANCED_FACE('',(#9225,#9226),#682,.F.);
#10040=ADVANCED_FACE('',(#9227),#9553,.T.);
#10041=ADVANCED_FACE('',(#9228),#9554,.T.);
#10042=ADVANCED_FACE('',(#9229),#683,.F.);
#10043=ADVANCED_FACE('',(#9230),#9555,.T.);
#10044=ADVANCED_FACE('',(#9231),#9556,.T.);
#10045=ADVANCED_FACE('',(#9232),#684,.F.);
#10046=ADVANCED_FACE('',(#9233),#685,.F.);
#10047=ADVANCED_FACE('',(#9234),#9557,.T.);
#10048=ADVANCED_FACE('',(#9235),#187,.T.);
#10049=ADVANCED_FACE('',(#9236),#9558,.T.);
#10050=ADVANCED_FACE('',(#9237),#188,.T.);
#10051=ADVANCED_FACE('',(#9238),#9559,.T.);
#10052=ADVANCED_FACE('',(#9239),#9560,.T.);
#10053=ADVANCED_FACE('',(#9240),#9561,.T.);
#10054=ADVANCED_FACE('',(#9241),#9562,.T.);
#10055=ADVANCED_FACE('',(#9242),#9563,.T.);
#10056=ADVANCED_FACE('',(#9243),#9564,.T.);
#10057=ADVANCED_FACE('',(#9244),#9565,.T.);
#10058=ADVANCED_FACE('',(#9245),#9566,.T.);
#10059=ADVANCED_FACE('',(#9246),#9567,.T.);
#10060=ADVANCED_FACE('',(#9247),#9568,.T.);
#10061=ADVANCED_FACE('',(#9248),#9569,.T.);
#10062=ADVANCED_FACE('',(#9249),#9570,.T.);
#10063=ADVANCED_FACE('',(#9250),#686,.T.);
#10064=ADVANCED_FACE('',(#9251,#9252,#9253,#9254,#9255,#9256,#9257,#9258,
#9259,#9260,#9261,#9262,#9263,#9264,#9265,#9266,#9267,#9268,#9269,#9270,
#9271,#9272,#9273,#9274,#9275,#9276,#9277,#9278,#9279,#9280,#9281,#9282,
#9283,#9284,#9285,#9286,#9287,#9288,#9289,#9290,#9291),#9571,.F.);
#10065=ADVANCED_FACE('',(#9292),#12,.T.);
#10066=ADVANCED_FACE('',(#9293),#9572,.F.);
#10067=ADVANCED_FACE('',(#9294),#9573,.F.);
#10068=ADVANCED_FACE('',(#9295),#13,.T.);
#10069=ADVANCED_FACE('',(#9296),#14,.T.);
#10070=ADVANCED_FACE('',(#9297),#9574,.F.);
#10071=ADVANCED_FACE('',(#9298),#15,.T.);
#10072=ADVANCED_FACE('',(#9299),#16,.T.);
#10073=ADVANCED_FACE('',(#9300),#17,.T.);
#10074=ADVANCED_FACE('',(#9301),#9575,.F.);
#10075=ADVANCED_FACE('',(#9302),#9576,.T.);
#10076=ADVANCED_FACE('',(#9303),#9577,.T.);
#10077=ADVANCED_FACE('',(#9304),#9578,.F.);
#10078=ADVANCED_FACE('',(#9305),#9579,.F.);
#10079=ADVANCED_FACE('',(#9306),#9580,.T.);
#10080=CLOSED_SHELL('',(#9581,#9582,#9583,#9584,#9585,#9586,#9587,#9588,
#9589,#9590,#9591,#9592,#9593,#9594,#9595,#9596,#9597,#9598,#9599,#9600,
#9601,#9602,#9603,#9604,#9605,#9606,#9607,#9608,#9609,#9610,#9611,#9612,
#9613,#9614,#9615,#9616,#9617,#9618,#9619,#9620,#9621,#9622,#9623,#9624,
#9625,#9626,#9627,#9628,#9629,#9630,#9631,#9632,#9633,#9634,#9635,#9636,
#9637,#9638,#9639,#9640,#9641,#9642,#9643,#9644,#9645,#9646,#9647,#9648,
#9649,#9650,#9651,#9652,#9653,#9654,#9655,#9656,#9657,#9658,#9659,#9660,
#9661,#9662,#9663,#9664,#9665,#9666,#9667,#9668,#9669,#9670,#9671,#9672,
#9673,#9674,#9675,#9676,#9677,#9678,#9679,#9680,#9681,#9682,#9683,#9684,
#9685,#9686,#9687,#9688,#9689,#9690,#9691,#9692,#9693,#9694,#9695,#9696,
#9697,#9698,#9699,#9700,#9701,#9702,#9703,#9704,#9705,#9706,#9707,#9708,
#9709,#9710,#9711,#9712,#9713,#9714,#9715,#9716,#9717,#9718,#9719,#9720,
#9721,#9722,#9723,#9724,#9725,#9726,#9727,#9728,#9729,#9730,#9731,#9732,
#9733,#9734,#9735,#9736,#9737,#9738,#9739,#9740,#9741,#9742,#9743,#9744,
#9745,#9746,#9747,#9748,#9749,#9750,#9751,#9752,#9753,#9754,#9755,#9756,
#9757,#9758,#9759,#9760,#9761,#9762,#9763,#9764,#9765,#9766,#9767,#9768,
#9769,#9770,#9771,#9772,#9773,#9774,#9775,#9776,#9777,#9778,#9779,#9780,
#9781,#9782,#9783,#9784,#9785,#9786,#9787,#9788,#9789,#9790,#9791,#9792,
#9793,#9794,#9795,#9796,#9797,#9798,#9799,#9800,#9801,#9802,#9803,#9804,
#9805,#9806,#9807,#9808,#9809,#9810,#9811,#9812,#9813,#9814,#9815,#9816,
#9817,#9818,#9819,#9820,#9821,#9822,#9823,#9824,#9825,#9826,#9827,#9828,
#9829,#9830,#9831,#9832,#9833,#9834,#9835,#9836,#9837,#9838,#9839,#9840,
#9841,#9842,#9843,#9844,#9845,#9846,#9847,#9848,#9849,#9850,#9851,#9852,
#9853,#9854,#9855,#9856,#9857,#9858,#9859,#9860,#9861,#9862,#9863,#9864,
#9865,#9866,#9867,#9868,#9869,#9870,#9871,#9872,#9873,#9874,#9875,#9876,
#9877,#9878,#9879,#9880,#9881,#9882,#9883,#9884,#9885,#9886,#9887,#9888,
#9889,#9890,#9891,#9892,#9893,#9894,#9895,#9896,#9897,#9898,#9899,#9900,
#9901,#9902,#9903,#9904,#9905,#9906,#9907,#9908,#9909,#9910,#9911,#9912,
#9913,#9914,#9915,#9916,#9917,#9918,#9919,#9920,#9921,#9922,#9923,#9924,
#9925,#9926,#9927,#9928,#9929,#9930,#9931,#9932,#9933,#9934,#9935,#9936,
#9937,#9938,#9939,#9940,#9941,#9942,#9943,#9944,#9945,#9946,#9947,#9948,
#9949,#9950,#9951,#9952,#9953,#9954,#9955,#9956,#9957,#9958,#9959,#9960,
#9961,#9962,#9963,#9964,#9965,#9966,#9967,#9968,#9969,#9970,#9971,#9972,
#9973,#9974,#9975,#9976,#9977,#9978,#9979,#9980,#9981,#9982,#9983,#9984,
#9985,#9986,#9987,#9988,#9989,#9990,#9991,#9992,#9993,#9994,#9995,#9996,
#9997,#9998,#9999,#10000,#10001,#10002,#10003,#10004,#10005,#10006,#10007,
#10008,#10009,#10010,#10011,#10012,#10013,#10014,#10015,#10016,#10017,#10018,
#10019,#10020,#10021,#10022,#10023,#10024,#10025,#10026,#10027,#10028,#10029,
#10030,#10031,#10032,#10033,#10034,#10035,#10036,#10037,#10038,#10039,#10040,
#10041,#10042,#10043,#10044,#10045,#10046,#10047,#10048,#10049,#10050,#10051,
#10052,#10053,#10054,#10055,#10056,#10057,#10058,#10059,#10060,#10061,#10062,
#10063,#10064,#10065,#10066,#10067,#10068,#10069,#10070,#10071,#10072,#10073,
#10074,#10075,#10076,#10077,#10078,#10079));
#10081=STYLED_ITEM('',(#10082),#10089);
#10082=PRESENTATION_STYLE_ASSIGNMENT((#10083));
#10083=SURFACE_STYLE_USAGE(.BOTH.,#10084);
#10084=SURFACE_SIDE_STYLE('',(#10085));
#10085=SURFACE_STYLE_FILL_AREA(#10086);
#10086=FILL_AREA_STYLE('',(#10087));
#10087=FILL_AREA_STYLE_COLOUR('',#10088);
#10088=COLOUR_RGB('',0.615686274509804,0.811764705882353,0.929411764705882);
#10089=MANIFOLD_SOLID_BREP('Part 1',#10080);
#10090=SHAPE_DEFINITION_REPRESENTATION(#17264,#10091);
#10091=SHAPE_REPRESENTATION('Part 1',(#10092),#17259);
#10092=AXIS2_PLACEMENT_3D('',#12407,#10523,#10524);
#10093=AXIS2_PLACEMENT_3D('',#12408,#10525,#10526);
#10094=AXIS2_PLACEMENT_3D('',#12417,#10531,#10532);
#10095=AXIS2_PLACEMENT_3D('',#12418,#10533,#10534);
#10096=AXIS2_PLACEMENT_3D('',#12422,#10536,#10537);
#10097=AXIS2_PLACEMENT_3D('',#12423,#10538,#10539);
#10098=AXIS2_PLACEMENT_3D('',#12429,#10543,#10544);
#10099=AXIS2_PLACEMENT_3D('',#12438,#10549,#10550);
#10100=AXIS2_PLACEMENT_3D('',#12439,#10551,#10552);
#10101=AXIS2_PLACEMENT_3D('',#12440,#10553,#10554);
#10102=AXIS2_PLACEMENT_3D('',#12441,#10555,#10556);
#10103=AXIS2_PLACEMENT_3D('',#12442,#10557,#10558);
#10104=AXIS2_PLACEMENT_3D('',#12443,#10559,#10560);
#10105=AXIS2_PLACEMENT_3D('',#12444,#10561,#10562);
#10106=AXIS2_PLACEMENT_3D('',#12448,#10564,#10565);
#10107=AXIS2_PLACEMENT_3D('',#12454,#10568,#10569);
#10108=AXIS2_PLACEMENT_3D('',#12457,#10571,#10572);
#10109=AXIS2_PLACEMENT_3D('',#12459,#10573,#10574);
#10110=AXIS2_PLACEMENT_3D('',#12466,#10577,#10578);
#10111=AXIS2_PLACEMENT_3D('',#12474,#10582,#10583);
#10112=AXIS2_PLACEMENT_3D('',#12480,#10586,#10587);
#10113=AXIS2_PLACEMENT_3D('',#12704,#10651,#10652);
#10114=AXIS2_PLACEMENT_3D('',#12728,#10664,#10665);
#10115=AXIS2_PLACEMENT_3D('',#12802,#10686,#10687);
#10116=AXIS2_PLACEMENT_3D('',#12804,#10688,#10689);
#10117=AXIS2_PLACEMENT_3D('',#12852,#10701,#10702);
#10118=AXIS2_PLACEMENT_3D('',#12854,#10703,#10704);
#10119=AXIS2_PLACEMENT_3D('',#12932,#10709,#10710);
#10120=AXIS2_PLACEMENT_3D('',#12938,#10711,#10712);
#10121=AXIS2_PLACEMENT_3D('',#12950,#10718,#10719);
#10122=AXIS2_PLACEMENT_3D('',#12952,#10720,#10721);
#10123=AXIS2_PLACEMENT_3D('',#12960,#10725,#10726);
#10124=AXIS2_PLACEMENT_3D('',#12988,#10730,#10731);
#10125=AXIS2_PLACEMENT_3D('',#12990,#10732,#10733);
#10126=AXIS2_PLACEMENT_3D('',#13128,#10752,#10753);
#10127=AXIS2_PLACEMENT_3D('',#13170,#10756,#10757);
#10128=AXIS2_PLACEMENT_3D('',#13174,#10759,#10760);
#10129=AXIS2_PLACEMENT_3D('',#13208,#10769,#10770);
#10130=AXIS2_PLACEMENT_3D('',#13240,#10776,#10777);
#10131=AXIS2_PLACEMENT_3D('',#13242,#10778,#10779);
#10132=AXIS2_PLACEMENT_3D('',#13252,#10780,#10781);
#10133=AXIS2_PLACEMENT_3D('',#13254,#10782,#10783);
#10134=AXIS2_PLACEMENT_3D('',#13305,#10797,#10798);
#10135=AXIS2_PLACEMENT_3D('',#13307,#10799,#10800);
#10136=AXIS2_PLACEMENT_3D('',#13309,#10801,#10802);
#10137=AXIS2_PLACEMENT_3D('',#13336,#10803,#10804);
#10138=AXIS2_PLACEMENT_3D('',#13426,#10819,#10820);
#10139=AXIS2_PLACEMENT_3D('',#13428,#10821,#10822);
#10140=AXIS2_PLACEMENT_3D('',#13460,#10824,#10825);
#10141=AXIS2_PLACEMENT_3D('',#13462,#10826,#10827);
#10142=AXIS2_PLACEMENT_3D('',#13476,#10834,#10835);
#10143=AXIS2_PLACEMENT_3D('',#13512,#10845,#10846);
#10144=AXIS2_PLACEMENT_3D('',#13622,#10867,#10868);
#10145=AXIS2_PLACEMENT_3D('',#13644,#10869,#10870);
#10146=AXIS2_PLACEMENT_3D('',#13652,#10872,#10873);
#10147=AXIS2_PLACEMENT_3D('',#13654,#10874,#10875);
#10148=AXIS2_PLACEMENT_3D('',#13728,#10904,#10905);
#10149=AXIS2_PLACEMENT_3D('',#13732,#10907,#10908);
#10150=AXIS2_PLACEMENT_3D('',#13736,#10910,#10911);
#10151=AXIS2_PLACEMENT_3D('',#13737,#10912,#10913);
#10152=AXIS2_PLACEMENT_3D('',#13738,#10914,#10915);
#10153=AXIS2_PLACEMENT_3D('',#13743,#10917,#10918);
#10154=AXIS2_PLACEMENT_3D('',#13747,#10920,#10921);
#10155=AXIS2_PLACEMENT_3D('',#13755,#10925,#10926);
#10156=AXIS2_PLACEMENT_3D('',#13761,#10929,#10930);
#10157=AXIS2_PLACEMENT_3D('',#13767,#10933,#10934);
#10158=AXIS2_PLACEMENT_3D('',#13773,#10937,#10938);
#10159=AXIS2_PLACEMENT_3D('',#13774,#10939,#10940);
#10160=AXIS2_PLACEMENT_3D('',#13781,#10943,#10944);
#10161=AXIS2_PLACEMENT_3D('',#13787,#10947,#10948);
#10162=AXIS2_PLACEMENT_3D('',#13788,#10949,#10950);
#10163=AXIS2_PLACEMENT_3D('',#13789,#10951,#10952);
#10164=AXIS2_PLACEMENT_3D('',#13795,#10956,#10957);
#10165=AXIS2_PLACEMENT_3D('',#13798,#10960,#10961);
#10166=AXIS2_PLACEMENT_3D('',#13800,#10963,#10964);
#10167=AXIS2_PLACEMENT_3D('',#13804,#10967,#10968);
#10168=AXIS2_PLACEMENT_3D('',#13808,#10971,#10972);
#10169=AXIS2_PLACEMENT_3D('',#13809,#10973,#10974);
#10170=AXIS2_PLACEMENT_3D('',#13810,#10975,#10976);
#10171=AXIS2_PLACEMENT_3D('',#13815,#10980,#10981);
#10172=AXIS2_PLACEMENT_3D('',#13818,#10983,#10984);
#10173=AXIS2_PLACEMENT_3D('',#13821,#10986,#10987);
#10174=AXIS2_PLACEMENT_3D('',#13823,#10989,#10990);
#10175=AXIS2_PLACEMENT_3D('',#13827,#10993,#10994);
#10176=AXIS2_PLACEMENT_3D('',#13830,#10997,#10998);
#10177=AXIS2_PLACEMENT_3D('',#13831,#10999,#11000);
#10178=AXIS2_PLACEMENT_3D('',#13834,#11002,#11003);
#10179=AXIS2_PLACEMENT_3D('',#13837,#11005,#11006);
#10180=AXIS2_PLACEMENT_3D('',#13842,#11010,#11011);
#10181=AXIS2_PLACEMENT_3D('',#13844,#11013,#11014);
#10182=AXIS2_PLACEMENT_3D('',#13849,#11018,#11019);
#10183=AXIS2_PLACEMENT_3D('',#13851,#11021,#11022);
#10184=AXIS2_PLACEMENT_3D('',#13852,#11023,#11024);
#10185=AXIS2_PLACEMENT_3D('',#13858,#11028,#11029);
#10186=AXIS2_PLACEMENT_3D('',#13859,#11030,#11031);
#10187=AXIS2_PLACEMENT_3D('',#13862,#11033,#11034);
#10188=AXIS2_PLACEMENT_3D('',#13866,#11037,#11038);
#10189=AXIS2_PLACEMENT_3D('',#13867,#11039,#11040);
#10190=AXIS2_PLACEMENT_3D('',#13870,#11042,#11043);
#10191=AXIS2_PLACEMENT_3D('',#13874,#11046,#11047);
#10192=AXIS2_PLACEMENT_3D('',#13880,#11051,#11052);
#10193=AXIS2_PLACEMENT_3D('',#13884,#11055,#11056);
#10194=AXIS2_PLACEMENT_3D('',#13888,#11059,#11060);
#10195=AXIS2_PLACEMENT_3D('',#13892,#11063,#11064);
#10196=AXIS2_PLACEMENT_3D('',#13896,#11067,#11068);
#10197=AXIS2_PLACEMENT_3D('',#13902,#11072,#11073);
#10198=AXIS2_PLACEMENT_3D('',#13906,#11076,#11077);
#10199=AXIS2_PLACEMENT_3D('',#13910,#11080,#11081);
#10200=AXIS2_PLACEMENT_3D('',#13914,#11084,#11085);
#10201=AXIS2_PLACEMENT_3D('',#13918,#11088,#11089);
#10202=AXIS2_PLACEMENT_3D('',#13922,#11092,#11093);
#10203=AXIS2_PLACEMENT_3D('',#13926,#11096,#11097);
#10204=AXIS2_PLACEMENT_3D('',#13930,#11100,#11101);
#10205=AXIS2_PLACEMENT_3D('',#13934,#11104,#11105);
#10206=AXIS2_PLACEMENT_3D('',#13938,#11108,#11109);
#10207=AXIS2_PLACEMENT_3D('',#13942,#11112,#11113);
#10208=AXIS2_PLACEMENT_3D('',#13948,#11117,#11118);
#10209=AXIS2_PLACEMENT_3D('',#13952,#11121,#11122);
#10210=AXIS2_PLACEMENT_3D('',#13956,#11125,#11126);
#10211=AXIS2_PLACEMENT_3D('',#13960,#11129,#11130);
#10212=AXIS2_PLACEMENT_3D('',#13964,#11133,#11134);
#10213=AXIS2_PLACEMENT_3D('',#13968,#11137,#11138);
#10214=AXIS2_PLACEMENT_3D('',#14039,#11147,#11148);
#10215=AXIS2_PLACEMENT_3D('',#14040,#11149,#11150);
#10216=AXIS2_PLACEMENT_3D('',#14056,#11153,#11154);
#10217=AXIS2_PLACEMENT_3D('',#14060,#11157,#11158);
#10218=AXIS2_PLACEMENT_3D('',#14061,#11159,#11160);
#10219=AXIS2_PLACEMENT_3D('',#14064,#11162,#11163);
#10220=AXIS2_PLACEMENT_3D('',#14065,#11164,#11165);
#10221=AXIS2_PLACEMENT_3D('',#14120,#11171,#11172);
#10222=AXIS2_PLACEMENT_3D('',#14139,#11177,#11178);
#10223=AXIS2_PLACEMENT_3D('',#14143,#11181,#11182);
#10224=AXIS2_PLACEMENT_3D('',#14147,#11185,#11186);
#10225=AXIS2_PLACEMENT_3D('',#14151,#11189,#11190);
#10226=AXIS2_PLACEMENT_3D('',#14155,#11193,#11194);
#10227=AXIS2_PLACEMENT_3D('',#14159,#11197,#11198);
#10228=AXIS2_PLACEMENT_3D('',#14163,#11201,#11202);
#10229=AXIS2_PLACEMENT_3D('',#14167,#11205,#11206);
#10230=AXIS2_PLACEMENT_3D('',#14171,#11209,#11210);
#10231=AXIS2_PLACEMENT_3D('',#14175,#11213,#11214);
#10232=AXIS2_PLACEMENT_3D('',#14179,#11217,#11218);
#10233=AXIS2_PLACEMENT_3D('',#14183,#11221,#11222);
#10234=AXIS2_PLACEMENT_3D('',#14267,#11232,#11233);
#10235=AXIS2_PLACEMENT_3D('',#14362,#11243,#11244);
#10236=AXIS2_PLACEMENT_3D('',#14368,#11248,#11249);
#10237=AXIS2_PLACEMENT_3D('',#14372,#11252,#11253);
#10238=AXIS2_PLACEMENT_3D('',#14376,#11256,#11257);
#10239=AXIS2_PLACEMENT_3D('',#14382,#11261,#11262);
#10240=AXIS2_PLACEMENT_3D('',#14438,#11269,#11270);
#10241=AXIS2_PLACEMENT_3D('',#14442,#11273,#11274);
#10242=AXIS2_PLACEMENT_3D('',#14446,#11277,#11278);
#10243=AXIS2_PLACEMENT_3D('',#14450,#11281,#11282);
#10244=AXIS2_PLACEMENT_3D('',#14454,#11285,#11286);
#10245=AXIS2_PLACEMENT_3D('',#14458,#11289,#11290);
#10246=AXIS2_PLACEMENT_3D('',#14462,#11293,#11294);
#10247=AXIS2_PLACEMENT_3D('',#14463,#11295,#11296);
#10248=AXIS2_PLACEMENT_3D('',#14572,#11307,#11308);
#10249=AXIS2_PLACEMENT_3D('',#14573,#11309,#11310);
#10250=AXIS2_PLACEMENT_3D('',#14576,#11312,#11313);
#10251=AXIS2_PLACEMENT_3D('',#14577,#11314,#11315);
#10252=AXIS2_PLACEMENT_3D('',#14580,#11317,#11318);
#10253=AXIS2_PLACEMENT_3D('',#14584,#11321,#11322);
#10254=AXIS2_PLACEMENT_3D('',#14588,#11325,#11326);
#10255=AXIS2_PLACEMENT_3D('',#14592,#11329,#11330);
#10256=AXIS2_PLACEMENT_3D('',#14596,#11333,#11334);
#10257=AXIS2_PLACEMENT_3D('',#14600,#11337,#11338);
#10258=AXIS2_PLACEMENT_3D('',#14604,#11341,#11342);
#10259=AXIS2_PLACEMENT_3D('',#14605,#11343,#11344);
#10260=AXIS2_PLACEMENT_3D('',#14608,#11346,#11347);
#10261=AXIS2_PLACEMENT_3D('',#14614,#11351,#11352);
#10262=AXIS2_PLACEMENT_3D('',#14618,#11355,#11356);
#10263=AXIS2_PLACEMENT_3D('',#14687,#11364,#11365);
#10264=AXIS2_PLACEMENT_3D('',#14691,#11368,#11369);
#10265=AXIS2_PLACEMENT_3D('',#14734,#11375,#11376);
#10266=AXIS2_PLACEMENT_3D('',#14738,#11379,#11380);
#10267=AXIS2_PLACEMENT_3D('',#14739,#11381,#11382);
#10268=AXIS2_PLACEMENT_3D('',#14742,#11384,#11385);
#10269=AXIS2_PLACEMENT_3D('',#14743,#11386,#11387);
#10270=AXIS2_PLACEMENT_3D('',#14772,#11391,#11392);
#10271=AXIS2_PLACEMENT_3D('',#14778,#11396,#11397);
#10272=AXIS2_PLACEMENT_3D('',#14834,#11404,#11405);
#10273=AXIS2_PLACEMENT_3D('',#14877,#11411,#11412);
#10274=AXIS2_PLACEMENT_3D('',#14883,#11416,#11417);
#10275=AXIS2_PLACEMENT_3D('',#14887,#11420,#11421);
#10276=AXIS2_PLACEMENT_3D('',#14971,#11431,#11432);
#10277=AXIS2_PLACEMENT_3D('',#14977,#11436,#11437);
#10278=AXIS2_PLACEMENT_3D('',#15059,#11446,#11447);
#10279=AXIS2_PLACEMENT_3D('',#15063,#11450,#11451);
#10280=AXIS2_PLACEMENT_3D('',#15067,#11454,#11455);
#10281=AXIS2_PLACEMENT_3D('',#15071,#11458,#11459);
#10282=AXIS2_PLACEMENT_3D('',#15075,#11462,#11463);
#10283=AXIS2_PLACEMENT_3D('',#15079,#11466,#11467);
#10284=AXIS2_PLACEMENT_3D('',#15083,#11470,#11471);
#10285=AXIS2_PLACEMENT_3D('',#15089,#11475,#11476);
#10286=AXIS2_PLACEMENT_3D('',#15093,#11479,#11480);
#10287=AXIS2_PLACEMENT_3D('',#15125,#11486,#11487);
#10288=AXIS2_PLACEMENT_3D('',#15126,#11488,#11489);
#10289=AXIS2_PLACEMENT_3D('',#15129,#11491,#11492);
#10290=AXIS2_PLACEMENT_3D('',#15130,#11493,#11494);
#10291=AXIS2_PLACEMENT_3D('',#15159,#11498,#11499);
#10292=AXIS2_PLACEMENT_3D('',#15160,#11500,#11501);
#10293=AXIS2_PLACEMENT_3D('',#15163,#11503,#11504);
#10294=AXIS2_PLACEMENT_3D('',#15169,#11508,#11509);
#10295=AXIS2_PLACEMENT_3D('',#15173,#11512,#11513);
#10296=AXIS2_PLACEMENT_3D('',#15177,#11516,#11517);
#10297=AXIS2_PLACEMENT_3D('',#15183,#11521,#11522);
#10298=AXIS2_PLACEMENT_3D('',#15239,#11529,#11530);
#10299=AXIS2_PLACEMENT_3D('',#15243,#11533,#11534);
#10300=AXIS2_PLACEMENT_3D('',#15247,#11537,#11538);
#10301=AXIS2_PLACEMENT_3D('',#15251,#11541,#11542);
#10302=AXIS2_PLACEMENT_3D('',#15255,#11545,#11546);
#10303=AXIS2_PLACEMENT_3D('',#15259,#11549,#11550);
#10304=AXIS2_PLACEMENT_3D('',#15263,#11553,#11554);
#10305=AXIS2_PLACEMENT_3D('',#15264,#11555,#11556);
#10306=AXIS2_PLACEMENT_3D('',#15399,#11569,#11570);
#10307=AXIS2_PLACEMENT_3D('',#15403,#11573,#11574);
#10308=AXIS2_PLACEMENT_3D('',#15433,#11579,#11580);
#10309=AXIS2_PLACEMENT_3D('',#15434,#11581,#11582);
#10310=AXIS2_PLACEMENT_3D('',#15437,#11584,#11585);
#10311=AXIS2_PLACEMENT_3D('',#15441,#11588,#11589);
#10312=AXIS2_PLACEMENT_3D('',#15460,#11594,#11595);
#10313=AXIS2_PLACEMENT_3D('',#15464,#11598,#11599);
#10314=AXIS2_PLACEMENT_3D('',#15468,#11602,#11603);
#10315=AXIS2_PLACEMENT_3D('',#15472,#11606,#11607);
#10316=AXIS2_PLACEMENT_3D('',#15476,#11610,#11611);
#10317=AXIS2_PLACEMENT_3D('',#15480,#11614,#11615);
#10318=AXIS2_PLACEMENT_3D('',#15484,#11618,#11619);
#10319=AXIS2_PLACEMENT_3D('',#15488,#11622,#11623);
#10320=AXIS2_PLACEMENT_3D('',#15492,#11626,#11627);
#10321=AXIS2_PLACEMENT_3D('',#15496,#11630,#11631);
#10322=AXIS2_PLACEMENT_3D('',#15500,#11634,#11635);
#10323=AXIS2_PLACEMENT_3D('',#15504,#11638,#11639);
#10324=AXIS2_PLACEMENT_3D('',#15508,#11642,#11643);
#10325=AXIS2_PLACEMENT_3D('',#15514,#11647,#11648);
#10326=AXIS2_PLACEMENT_3D('',#15570,#11655,#11656);
#10327=AXIS2_PLACEMENT_3D('',#15667,#11667,#11668);
#10328=AXIS2_PLACEMENT_3D('',#15671,#11671,#11672);
#10329=AXIS2_PLACEMENT_3D('',#15672,#11673,#11674);
#10330=AXIS2_PLACEMENT_3D('',#15675,#11676,#11677);
#10331=AXIS2_PLACEMENT_3D('',#15676,#11678,#11679);
#10332=AXIS2_PLACEMENT_3D('',#15809,#11691,#11692);
#10333=AXIS2_PLACEMENT_3D('',#15891,#11701,#11702);
#10334=AXIS2_PLACEMENT_3D('',#15897,#11706,#11707);
#10335=AXIS2_PLACEMENT_3D('',#15901,#11710,#11711);
#10336=AXIS2_PLACEMENT_3D('',#15905,#11714,#11715);
#10337=AXIS2_PLACEMENT_3D('',#15906,#11716,#11717);
#10338=AXIS2_PLACEMENT_3D('',#15922,#11720,#11721);
#10339=AXIS2_PLACEMENT_3D('',#15923,#11722,#11723);
#10340=AXIS2_PLACEMENT_3D('',#15926,#11725,#11726);
#10341=AXIS2_PLACEMENT_3D('',#15930,#11729,#11730);
#10342=AXIS2_PLACEMENT_3D('',#15934,#11733,#11734);
#10343=AXIS2_PLACEMENT_3D('',#15938,#11737,#11738);
#10344=AXIS2_PLACEMENT_3D('',#15942,#11741,#11742);
#10345=AXIS2_PLACEMENT_3D('',#15946,#11745,#11746);
#10346=AXIS2_PLACEMENT_3D('',#15947,#11747,#11748);
#10347=AXIS2_PLACEMENT_3D('',#15950,#11750,#11751);
#10348=AXIS2_PLACEMENT_3D('',#15951,#11752,#11753);
#10349=AXIS2_PLACEMENT_3D('',#15954,#11755,#11756);
#10350=AXIS2_PLACEMENT_3D('',#15958,#11759,#11760);
#10351=AXIS2_PLACEMENT_3D('',#15962,#11763,#11764);
#10352=AXIS2_PLACEMENT_3D('',#15966,#11767,#11768);
#10353=AXIS2_PLACEMENT_3D('',#15967,#11769,#11770);
#10354=AXIS2_PLACEMENT_3D('',#15983,#11773,#11774);
#10355=AXIS2_PLACEMENT_3D('',#16041,#11782,#11783);
#10356=AXIS2_PLACEMENT_3D('',#16045,#11786,#11787);
#10357=AXIS2_PLACEMENT_3D('',#16046,#11788,#11789);
#10358=AXIS2_PLACEMENT_3D('',#16049,#11791,#11792);
#10359=AXIS2_PLACEMENT_3D('',#16050,#11793,#11794);
#10360=AXIS2_PLACEMENT_3D('',#16183,#11806,#11807);
#10361=AXIS2_PLACEMENT_3D('',#16265,#11816,#11817);
#10362=AXIS2_PLACEMENT_3D('',#16271,#11821,#11822);
#10363=AXIS2_PLACEMENT_3D('',#16275,#11825,#11826);
#10364=AXIS2_PLACEMENT_3D('',#16279,#11829,#11830);
#10365=AXIS2_PLACEMENT_3D('',#16283,#11833,#11834);
#10366=AXIS2_PLACEMENT_3D('',#16287,#11837,#11838);
#10367=AXIS2_PLACEMENT_3D('',#16291,#11841,#11842);
#10368=AXIS2_PLACEMENT_3D('',#16295,#11845,#11846);
#10369=AXIS2_PLACEMENT_3D('',#16299,#11849,#11850);
#10370=AXIS2_PLACEMENT_3D('',#16305,#11854,#11855);
#10371=AXIS2_PLACEMENT_3D('',#16309,#11858,#11859);
#10372=AXIS2_PLACEMENT_3D('',#16378,#11867,#11868);
#10373=AXIS2_PLACEMENT_3D('',#16382,#11871,#11872);
#10374=AXIS2_PLACEMENT_3D('',#16425,#11878,#11879);
#10375=AXIS2_PLACEMENT_3D('',#16429,#11882,#11883);
#10376=AXIS2_PLACEMENT_3D('',#16430,#11884,#11885);
#10377=AXIS2_PLACEMENT_3D('',#16433,#11887,#11888);
#10378=AXIS2_PLACEMENT_3D('',#16434,#11889,#11890);
#10379=AXIS2_PLACEMENT_3D('',#16463,#11894,#11895);
#10380=AXIS2_PLACEMENT_3D('',#16469,#11899,#11900);
#10381=AXIS2_PLACEMENT_3D('',#16473,#11903,#11904);
#10382=AXIS2_PLACEMENT_3D('',#16477,#11907,#11908);
#10383=AXIS2_PLACEMENT_3D('',#16481,#11911,#11912);
#10384=AXIS2_PLACEMENT_3D('',#16485,#11915,#11916);
#10385=AXIS2_PLACEMENT_3D('',#16489,#11919,#11920);
#10386=AXIS2_PLACEMENT_3D('',#16493,#11923,#11924);
#10387=AXIS2_PLACEMENT_3D('',#16497,#11927,#11928);
#10388=AXIS2_PLACEMENT_3D('',#16501,#11931,#11932);
#10389=AXIS2_PLACEMENT_3D('',#16505,#11935,#11936);
#10390=AXIS2_PLACEMENT_3D('',#16509,#11939,#11940);
#10391=AXIS2_PLACEMENT_3D('',#16515,#11944,#11945);
#10392=AXIS2_PLACEMENT_3D('',#16519,#11948,#11949);
#10393=AXIS2_PLACEMENT_3D('',#16523,#11952,#11953);
#10394=AXIS2_PLACEMENT_3D('',#16524,#11954,#11955);
#10395=AXIS2_PLACEMENT_3D('',#16527,#11957,#11958);
#10396=AXIS2_PLACEMENT_3D('',#16531,#11961,#11962);
#10397=AXIS2_PLACEMENT_3D('',#16535,#11965,#11966);
#10398=AXIS2_PLACEMENT_3D('',#16539,#11969,#11970);
#10399=AXIS2_PLACEMENT_3D('',#16543,#11973,#11974);
#10400=AXIS2_PLACEMENT_3D('',#16547,#11977,#11978);
#10401=AXIS2_PLACEMENT_3D('',#16551,#11981,#11982);
#10402=AXIS2_PLACEMENT_3D('',#16555,#11985,#11986);
#10403=AXIS2_PLACEMENT_3D('',#16559,#11989,#11990);
#10404=AXIS2_PLACEMENT_3D('',#16563,#11993,#11994);
#10405=AXIS2_PLACEMENT_3D('',#16567,#11997,#11998);
#10406=AXIS2_PLACEMENT_3D('',#16571,#12001,#12002);
#10407=AXIS2_PLACEMENT_3D('',#16572,#12003,#12004);
#10408=AXIS2_PLACEMENT_3D('',#16575,#12006,#12007);
#10409=AXIS2_PLACEMENT_3D('',#16579,#12010,#12011);
#10410=AXIS2_PLACEMENT_3D('',#16585,#12015,#12016);
#10411=AXIS2_PLACEMENT_3D('',#16641,#12023,#12024);
#10412=AXIS2_PLACEMENT_3D('',#16645,#12027,#12028);
#10413=AXIS2_PLACEMENT_3D('',#16649,#12031,#12032);
#10414=AXIS2_PLACEMENT_3D('',#16705,#12039,#12040);
#10415=AXIS2_PLACEMENT_3D('',#16711,#12044,#12045);
#10416=AXIS2_PLACEMENT_3D('',#16715,#12048,#12049);
#10417=AXIS2_PLACEMENT_3D('',#16719,#12052,#12053);
#10418=AXIS2_PLACEMENT_3D('',#16723,#12056,#12057);
#10419=AXIS2_PLACEMENT_3D('',#16727,#12060,#12061);
#10420=AXIS2_PLACEMENT_3D('',#16731,#12064,#12065);
#10421=AXIS2_PLACEMENT_3D('',#16735,#12068,#12069);
#10422=AXIS2_PLACEMENT_3D('',#16739,#12072,#12073);
#10423=AXIS2_PLACEMENT_3D('',#16745,#12077,#12078);
#10424=AXIS2_PLACEMENT_3D('',#16749,#12081,#12082);
#10425=AXIS2_PLACEMENT_3D('',#16753,#12085,#12086);
#10426=AXIS2_PLACEMENT_3D('',#16757,#12089,#12090);
#10427=AXIS2_PLACEMENT_3D('',#16761,#12093,#12094);
#10428=AXIS2_PLACEMENT_3D('',#16765,#12097,#12098);
#10429=AXIS2_PLACEMENT_3D('',#16769,#12101,#12102);
#10430=AXIS2_PLACEMENT_3D('',#16773,#12105,#12106);
#10431=AXIS2_PLACEMENT_3D('',#16777,#12109,#12110);
#10432=AXIS2_PLACEMENT_3D('',#16781,#12113,#12114);
#10433=AXIS2_PLACEMENT_3D('',#16785,#12117,#12118);
#10434=AXIS2_PLACEMENT_3D('',#16791,#12122,#12123);
#10435=AXIS2_PLACEMENT_3D('',#16795,#12126,#12127);
#10436=AXIS2_PLACEMENT_3D('',#16799,#12130,#12131);
#10437=AXIS2_PLACEMENT_3D('',#16803,#12134,#12135);
#10438=AXIS2_PLACEMENT_3D('',#16807,#12138,#12139);
#10439=AXIS2_PLACEMENT_3D('',#16811,#12142,#12143);
#10440=AXIS2_PLACEMENT_3D('',#16815,#12146,#12147);
#10441=AXIS2_PLACEMENT_3D('',#16821,#12151,#12152);
#10442=AXIS2_PLACEMENT_3D('',#16825,#12155,#12156);
#10443=AXIS2_PLACEMENT_3D('',#16829,#12159,#12160);
#10444=AXIS2_PLACEMENT_3D('',#16833,#12163,#12164);
#10445=AXIS2_PLACEMENT_3D('',#16837,#12167,#12168);
#10446=AXIS2_PLACEMENT_3D('',#16843,#12172,#12173);
#10447=AXIS2_PLACEMENT_3D('',#16847,#12176,#12177);
#10448=AXIS2_PLACEMENT_3D('',#16851,#12180,#12181);
#10449=AXIS2_PLACEMENT_3D('',#16855,#12184,#12185);
#10450=AXIS2_PLACEMENT_3D('',#16898,#12191,#12192);
#10451=AXIS2_PLACEMENT_3D('',#16902,#12195,#12196);
#10452=AXIS2_PLACEMENT_3D('',#16906,#12199,#12200);
#10453=AXIS2_PLACEMENT_3D('',#16912,#12204,#12205);
#10454=AXIS2_PLACEMENT_3D('',#16916,#12208,#12209);
#10455=AXIS2_PLACEMENT_3D('',#16920,#12212,#12213);
#10456=AXIS2_PLACEMENT_3D('',#16924,#12216,#12217);
#10457=AXIS2_PLACEMENT_3D('',#16928,#12220,#12221);
#10458=AXIS2_PLACEMENT_3D('',#16932,#12224,#12225);
#10459=AXIS2_PLACEMENT_3D('',#17016,#12235,#12236);
#10460=AXIS2_PLACEMENT_3D('',#17111,#12246,#12247);
#10461=AXIS2_PLACEMENT_3D('',#17113,#12249,#12250);
#10462=AXIS2_PLACEMENT_3D('',#17115,#12252,#12253);
#10463=AXIS2_PLACEMENT_3D('',#17117,#12255,#12256);
#10464=AXIS2_PLACEMENT_3D('',#17119,#12258,#12259);
#10465=AXIS2_PLACEMENT_3D('',#17120,#12260,#12261);
#10466=AXIS2_PLACEMENT_3D('',#17121,#12262,#12263);
#10467=AXIS2_PLACEMENT_3D('',#17123,#12265,#12266);
#10468=AXIS2_PLACEMENT_3D('',#17125,#12268,#12269);
#10469=AXIS2_PLACEMENT_3D('',#17127,#12271,#12272);
#10470=AXIS2_PLACEMENT_3D('',#17129,#12274,#12275);
#10471=AXIS2_PLACEMENT_3D('',#17131,#12277,#12278);
#10472=AXIS2_PLACEMENT_3D('',#17133,#12280,#12281);
#10473=AXIS2_PLACEMENT_3D('',#17135,#12283,#12284);
#10474=AXIS2_PLACEMENT_3D('',#17136,#12285,#12286);
#10475=AXIS2_PLACEMENT_3D('',#17137,#12287,#12288);
#10476=AXIS2_PLACEMENT_3D('',#17138,#12289,#12290);
#10477=AXIS2_PLACEMENT_3D('',#17140,#12291,#12292);
#10478=AXIS2_PLACEMENT_3D('',#17141,#12293,#12294);
#10479=AXIS2_PLACEMENT_3D('',#17143,#12295,#12296);
#10480=AXIS2_PLACEMENT_3D('',#17144,#12297,#12298);
#10481=AXIS2_PLACEMENT_3D('',#17146,#12299,#12300);
#10482=AXIS2_PLACEMENT_3D('',#17148,#12302,#12303);
#10483=AXIS2_PLACEMENT_3D('',#17150,#12305,#12306);
#10484=AXIS2_PLACEMENT_3D('',#17151,#12307,#12308);
#10485=AXIS2_PLACEMENT_3D('',#17152,#12309,#12310);
#10486=AXIS2_PLACEMENT_3D('',#17154,#12312,#12313);
#10487=AXIS2_PLACEMENT_3D('',#17156,#12315,#12316);
#10488=AXIS2_PLACEMENT_3D('',#17157,#12317,#12318);
#10489=AXIS2_PLACEMENT_3D('',#17158,#12319,#12320);
#10490=AXIS2_PLACEMENT_3D('',#17159,#12321,#12322);
#10491=AXIS2_PLACEMENT_3D('',#17160,#12323,#12324);
#10492=AXIS2_PLACEMENT_3D('',#17173,#12326,#12327);
#10493=AXIS2_PLACEMENT_3D('',#17186,#12329,#12330);
#10494=AXIS2_PLACEMENT_3D('',#17188,#12332,#12333);
#10495=AXIS2_PLACEMENT_3D('',#17190,#12335,#12336);
#10496=AXIS2_PLACEMENT_3D('',#17192,#12338,#12339);
#10497=AXIS2_PLACEMENT_3D('',#17194,#12341,#12342);
#10498=AXIS2_PLACEMENT_3D('',#17196,#12344,#12345);
#10499=AXIS2_PLACEMENT_3D('',#17198,#12347,#12348);
#10500=AXIS2_PLACEMENT_3D('',#17200,#12350,#12351);
#10501=AXIS2_PLACEMENT_3D('',#17202,#12353,#12354);
#10502=AXIS2_PLACEMENT_3D('',#17204,#12356,#12357);
#10503=AXIS2_PLACEMENT_3D('',#17206,#12359,#12360);
#10504=AXIS2_PLACEMENT_3D('',#17208,#12362,#12363);
#10505=AXIS2_PLACEMENT_3D('',#17210,#12365,#12366);
#10506=AXIS2_PLACEMENT_3D('',#17211,#12367,#12368);
#10507=AXIS2_PLACEMENT_3D('',#17212,#12369,#12370);
#10508=AXIS2_PLACEMENT_3D('',#17213,#12371,#12372);
#10509=AXIS2_PLACEMENT_3D('',#17216,#12375,#12376);
#10510=AXIS2_PLACEMENT_3D('',#17218,#12378,#12379);
#10511=AXIS2_PLACEMENT_3D('',#17220,#12381,#12382);
#10512=AXIS2_PLACEMENT_3D('',#17222,#12384,#12385);
#10513=AXIS2_PLACEMENT_3D('',#17224,#12387,#12388);
#10514=AXIS2_PLACEMENT_3D('',#17225,#12389,#12390);
#10515=AXIS2_PLACEMENT_3D('',#17234,#12391,#12392);
#10516=AXIS2_PLACEMENT_3D('',#17243,#12393,#12394);
#10517=AXIS2_PLACEMENT_3D('',#17252,#12395,#12396);
#10518=AXIS2_PLACEMENT_3D('',#17253,#12397,#12398);
#10519=AXIS2_PLACEMENT_3D('',#17254,#12399,#12400);
#10520=AXIS2_PLACEMENT_3D('',#17255,#12401,#12402);
#10521=AXIS2_PLACEMENT_3D('',#17256,#12403,#12404);
#10522=AXIS2_PLACEMENT_3D('',#17257,#12405,#12406);
#10523=DIRECTION('',(0.,0.,1.));
#10524=DIRECTION('',(1.,0.,0.));
#10525=DIRECTION('',(-0.866025403784439,-0.5,-1.06057523872491E-16));
#10526=DIRECTION('',(-0.5,0.866025403784439,-6.12323399573677E-17));
#10527=DIRECTION('',(-1.22464679914735E-16,0.,1.));
#10528=DIRECTION('',(0.5,-0.866025403784439,6.12323399573677E-17));
#10529=DIRECTION('',(-1.22464679914735E-16,0.,1.));
#10530=DIRECTION('',(0.5,-0.866025403784439,6.12323399573677E-17));
#10531=DIRECTION('',(-1.22464679914735E-16,0.,1.));
#10532=DIRECTION('',(1.,0.,1.22464679914735E-16));
#10533=DIRECTION('',(1.22464679914735E-16,0.,-1.));
#10534=DIRECTION('',(-1.,0.,-1.22464679914735E-16));
#10535=DIRECTION('',(-1.22464679914735E-16,0.,1.));
#10536=DIRECTION('',(1.22464679914735E-16,0.,-1.));
#10537=DIRECTION('',(-1.,0.,-1.22464679914735E-16));
#10538=DIRECTION('',(0.,1.,0.));
#10539=DIRECTION('',(1.22464679914735E-16,0.,-1.));
#10540=DIRECTION('',(-1.,0.,-1.22464679914735E-16));
#10541=DIRECTION('',(-1.22464679914735E-16,0.,1.));
#10542=DIRECTION('',(-1.,0.,-1.22464679914735E-16));
#10543=DIRECTION('',(0.866025403784439,-0.5,1.06057523872491E-16));
#10544=DIRECTION('',(-0.5,-0.866025403784439,-6.12323399573676E-17));
#10545=DIRECTION('',(-1.22464679914735E-16,0.,1.));
#10546=DIRECTION('',(0.5,0.866025403784439,6.12323399573676E-17));
#10547=DIRECTION('',(-1.22464679914735E-16,0.,1.));
#10548=DIRECTION('',(0.5,0.866025403784439,6.12323399573676E-17));
#10549=DIRECTION('',(-1.22464679914735E-16,0.,1.));
#10550=DIRECTION('',(1.,0.,1.22464679914735E-16));
#10551=DIRECTION('',(1.22464679914735E-16,0.,-1.));
#10552=DIRECTION('',(-1.,0.,-1.22464679914735E-16));
#10553=DIRECTION('',(1.22464679914735E-16,0.,-1.));
#10554=DIRECTION('',(-1.,0.,-1.22464679914735E-16));
#10555=DIRECTION('',(-1.22464679914735E-16,0.,1.));
#10556=DIRECTION('',(1.,0.,1.22464679914735E-16));
#10557=DIRECTION('',(1.22464679914735E-16,0.,-1.));
#10558=DIRECTION('',(-1.,0.,-1.22464679914735E-16));
#10559=DIRECTION('',(1.22464679914735E-16,0.,-1.));
#10560=DIRECTION('',(-1.,0.,-1.22464679914735E-16));
#10561=DIRECTION('',(1.22464679914735E-16,0.,-1.));
#10562=DIRECTION('',(-1.,0.,-1.22464679914735E-16));
#10563=DIRECTION('',(0.866025403784439,0.5,1.06057523872491E-16));
#10564=DIRECTION('',(1.22464679914735E-16,0.,-1.));
#10565=DIRECTION('',(-1.,0.,-1.22464679914735E-16));
#10566=DIRECTION('',(0.,-1.,0.));
#10567=DIRECTION('',(-1.,0.,-1.22464679914735E-16));
#10568=DIRECTION('',(1.22464679914735E-16,0.,-1.));
#10569=DIRECTION('',(-1.,0.,-1.22464679914735E-16));
#10570=DIRECTION('',(0.5,-0.866025403784439,6.12323399573677E-17));
#10571=DIRECTION('',(1.22464679914735E-16,0.,-1.));
#10572=DIRECTION('',(-1.,0.,-1.22464679914735E-16));
#10573=DIRECTION('',(1.22464679914735E-16,0.,-1.));
#10574=DIRECTION('',(-1.,0.,-1.22464679914735E-16));
#10575=DIRECTION('',(0.866025403784439,0.5,1.06057523872491E-16));
#10576=DIRECTION('',(0.5,-0.866025403784439,6.12323399573677E-17));
#10577=DIRECTION('',(1.22464679914735E-16,0.,-1.));
#10578=DIRECTION('',(-1.,0.,-1.22464679914735E-16));
#10579=DIRECTION('',(0.5,0.866025403784439,6.12323399573676E-17));
#10580=DIRECTION('',(-0.866025403784439,0.5,-1.06057523872491E-16));
#10581=DIRECTION('',(0.,-1.,0.));
#10582=DIRECTION('',(1.22464679914735E-16,0.,-1.));
#10583=DIRECTION('',(-1.,0.,-1.22464679914735E-16));
#10584=DIRECTION('',(-0.866025403784439,0.5,-1.06057523872491E-16));
#10585=DIRECTION('',(0.5,0.866025403784439,6.12323399573676E-17));
#10586=DIRECTION('',(1.22464679914735E-16,0.,-1.));
#10587=DIRECTION('',(-1.,0.,-1.22464679914735E-16));
#10588=DIRECTION('',(-1.,0.,-1.22464679914735E-16));
#10589=DIRECTION('',(0.,-1.,0.));
#10590=DIRECTION('',(0.442487502117004,-0.896774670957122,5.41890903130297E-17));
#10591=DIRECTION('',(0.,-1.,0.));
#10592=DIRECTION('',(1.,0.,1.22464679914735E-16));
#10593=DIRECTION('',(0.,1.,0.));
#10594=DIRECTION('',(1.,0.,1.22464679914735E-16));
#10595=DIRECTION('',(0.,1.,0.));
#10596=DIRECTION('',(-1.,0.,-1.22464679914735E-16));
#10597=DIRECTION('',(0.,-1.,0.));
#10598=DIRECTION('',(1.,0.,1.22464679914735E-16));
#10599=DIRECTION('',(1.,0.,1.22464679914735E-16));
#10600=DIRECTION('',(0.,-1.,0.));
#10601=DIRECTION('',(1.,0.,1.22464679914735E-16));
#10602=DIRECTION('',(0.,1.,0.));
#10603=DIRECTION('',(-1.,0.,-1.22464679914735E-16));
#10604=DIRECTION('',(-0.517312852015986,-0.855796361957146,-6.33525528379166E-17));
#10605=DIRECTION('',(1.,0.,1.22464679914735E-16));
#10606=DIRECTION('',(0.503078927228833,0.864240471731269,6.16093997949275E-17));
#10607=DIRECTION('',(1.,0.,1.22464679914735E-16));
#10608=DIRECTION('',(0.,1.,0.));
#10609=DIRECTION('',(-1.,0.,-1.22464679914735E-16));
#10610=DIRECTION('',(0.,-1.,0.));
#10611=DIRECTION('',(-1.,0.,-1.22464679914735E-16));
#10612=DIRECTION('',(0.,-1.,0.));
#10613=DIRECTION('',(0.,-1.,0.));
#10614=DIRECTION('',(1.,0.,1.22464679914735E-16));
#10615=DIRECTION('',(0.,1.,0.));
#10616=DIRECTION('',(1.,0.,1.22464679914735E-16));
#10617=DIRECTION('',(0.,1.,0.));
#10618=DIRECTION('',(-1.,0.,-1.22464679914735E-16));
#10619=DIRECTION('',(0.,-1.,0.));
#10620=DIRECTION('',(1.,0.,1.22464679914735E-16));
#10621=DIRECTION('',(0.,-1.,0.));
#10622=DIRECTION('',(-1.,0.,-1.22464679914735E-16));
#10623=DIRECTION('',(0.,-1.,0.));
#10624=DIRECTION('',(1.,0.,1.22464679914735E-16));
#10625=DIRECTION('',(0.,-1.,0.));
#10626=DIRECTION('',(1.,0.,1.22464679914735E-16));
#10627=DIRECTION('',(0.,1.,0.));
#10628=DIRECTION('',(1.,0.,1.22464679914735E-16));
#10629=DIRECTION('',(0.,1.,0.));
#10630=DIRECTION('',(-1.,0.,-1.22464679914735E-16));
#10631=DIRECTION('',(0.,1.,0.));
#10632=DIRECTION('',(-1.,0.,-1.22464679914735E-16));
#10633=DIRECTION('',(-0.467976567749168,-0.883740873807311,-5.73106005769983E-17));
#10634=DIRECTION('',(-0.470387774953977,0.88245982411317,-5.76058882955434E-17));
#10635=DIRECTION('',(-1.,0.,-1.22464679914735E-16));
#10636=DIRECTION('',(0.478698172146047,-0.877979532781963,5.86236184276345E-17));
#10637=DIRECTION('',(0.,-1.,0.));
#10638=DIRECTION('',(1.,0.,1.22464679914735E-16));
#10639=DIRECTION('',(0.,1.,0.));
#10640=DIRECTION('',(0.474694878827021,0.880150425788342,5.81333563927152E-17));
#10641=DIRECTION('',(-1.,0.,-1.22464679914735E-16));
#10642=DIRECTION('',(-1.,0.,-1.22464679914735E-16));
#10643=DIRECTION('',(0.,-1.,0.));
#10644=DIRECTION('',(0.,1.,0.));
#10645=DIRECTION('',(-1.,0.,-1.22464679914735E-16));
#10646=DIRECTION('',(0.,-1.,0.));
#10647=DIRECTION('',(0.,1.,0.));
#10648=DIRECTION('',(1.,0.,1.22464679914735E-16));
#10649=DIRECTION('',(0.357433315245117,0.93393866241466,4.37729565423559E-17));
#10650=DIRECTION('',(1.,0.,1.22464679914735E-16));
#10651=DIRECTION('',(1.22464679914735E-16,0.,-1.));
#10652=DIRECTION('',(-1.,0.,-1.22464679914735E-16));
#10653=DIRECTION('',(0.,-1.,0.));
#10654=DIRECTION('',(1.,0.,1.22464679914735E-16));
#10655=DIRECTION('',(0.,1.,0.));
#10656=DIRECTION('',(-1.,0.,-1.22464679914735E-16));
#10657=DIRECTION('',(-0.358414677639012,-0.933562487920826,-4.38931387738046E-17));
#10658=DIRECTION('',(-1.,0.,-1.22464679914735E-16));
#10659=DIRECTION('',(-0.361001044035784,0.932565411220615,-4.42098773067276E-17));
#10660=DIRECTION('',(-1.,0.,-1.22464679914735E-16));
#10661=DIRECTION('',(0.,-1.,0.));
#10662=DIRECTION('',(1.,0.,1.22464679914735E-16));
#10663=DIRECTION('',(0.,1.,0.));
#10664=DIRECTION('',(1.22464679914735E-16,0.,-1.));
#10665=DIRECTION('',(-1.,0.,-1.22464679914735E-16));
#10666=DIRECTION('',(1.,0.,1.22464679914735E-16));
#10667=DIRECTION('',(0.360508745614237,-0.932755833182323,4.41495881381102E-17));
#10668=DIRECTION('',(-0.863822273803685,0.503796664618407,-1.05787718264587E-16));
#10669=DIRECTION('',(-0.503796664618411,-0.863822273803683,-6.16972972746049E-17));
#10670=DIRECTION('',(0.863822273803685,-0.503796664618408,1.05787718264587E-16));
#10671=DIRECTION('',(-0.503796664618407,-0.863822273803685,-6.16972972746045E-17));
#10672=DIRECTION('',(-0.863822273803685,0.503796664618408,-1.05787718264587E-16));
#10673=DIRECTION('',(-0.503796664618406,-0.863822273803685,-6.16972972746044E-17));
#10674=DIRECTION('',(0.863822273803685,-0.503796664618407,1.05787718264587E-16));
#10675=DIRECTION('',(0.503796664618406,0.863822273803685,6.16972972746044E-17));
#10676=DIRECTION('',(-0.863822273803685,0.503796664618407,-1.05787718264587E-16));
#10677=DIRECTION('',(0.503796664618407,0.863822273803685,6.16972972746045E-17));
#10678=DIRECTION('',(0.863822273803685,-0.503796664618407,1.05787718264587E-16));
#10679=DIRECTION('',(0.503796664618406,0.863822273803685,6.16972972746044E-17));
#10680=DIRECTION('',(-0.503796664618406,-0.863822273803686,-6.16972972746043E-17));
#10681=DIRECTION('',(0.741159188121293,-0.671329321468522,9.07658227391393E-17));
#10682=DIRECTION('',(-0.503796664618478,-0.863822273803644,-6.16972972746131E-17));
#10683=DIRECTION('',(0.531761319334354,0.846894266871483,6.5121979763319E-17));
#10684=DIRECTION('',(0.863822273803687,-0.503796664618403,1.05787718264587E-16));
#10685=DIRECTION('',(0.612878685694995,-0.790177016003867,7.50559920702012E-17));
#10686=DIRECTION('',(1.22464679914735E-16,0.,-1.));
#10687=DIRECTION('',(-1.,0.,-1.22464679914735E-16));
#10688=DIRECTION('',(1.22464679914735E-16,0.,-1.));
#10689=DIRECTION('',(-1.,0.,-1.22464679914735E-16));
#10690=DIRECTION('',(-0.863822273803685,0.503796664618406,-1.05787718264587E-16));
#10691=DIRECTION('',(-0.527630017113886,0.84947428745101,-6.46160411592584E-17));
#10692=DIRECTION('',(0.999268243904926,-0.0382488787177607,1.22375065638776E-16));
#10693=DIRECTION('',(0.503796664618405,0.863822273803686,6.16972972746042E-17));
#10694=DIRECTION('',(-0.999584818846919,0.0288130166899134,-1.22413834887717E-16));
#10695=DIRECTION('',(-0.863822273803685,0.503796664618407,-1.05787718264587E-16));
#10696=DIRECTION('',(-0.503796664618408,-0.863822273803684,-6.16972972746046E-17));
#10697=DIRECTION('',(0.863822273803685,-0.503796664618407,1.05787718264587E-16));
#10698=DIRECTION('',(0.521143845429274,-0.85346885846596,6.38217142200304E-17));
#10699=DIRECTION('',(0.503796664618407,0.863822273803685,6.16972972746045E-17));
#10700=DIRECTION('',(0.863822273803685,-0.503796664618408,1.05787718264587E-16));
#10701=DIRECTION('',(1.22464679914735E-16,0.,-1.));
#10702=DIRECTION('',(-1.,0.,-1.22464679914735E-16));
#10703=DIRECTION('',(1.22464679914735E-16,0.,-1.));
#10704=DIRECTION('',(-1.,0.,-1.22464679914735E-16));
#10705=DIRECTION('',(-0.983293788911648,0.182025615471491,-1.20418759121212E-16));
#10706=DIRECTION('',(-0.964658903532683,0.26350180233752,-1.1813664384803E-16));
#10707=DIRECTION('',(-0.503796664618409,-0.863822273803684,-6.16972972746048E-17));
#10708=DIRECTION('',(0.681684157766861,-0.731646573865883,8.34822321838646E-17));
#10709=DIRECTION('',(1.22464679914735E-16,0.,-1.));
#10710=DIRECTION('',(-1.,0.,-1.22464679914735E-16));
#10711=DIRECTION('',(1.22464679914735E-16,0.,-1.));
#10712=DIRECTION('',(-1.,0.,-1.22464679914735E-16));
#10713=DIRECTION('',(-0.970845875426477,0.239704581031315,-1.18894329380644E-16));
#10714=DIRECTION('',(-0.503796664618406,-0.863822273803685,-6.16972972746044E-17));
#10715=DIRECTION('',(0.705193513843181,-0.709014885621951,8.63612979507526E-17));
#10716=DIRECTION('',(0.503796664618408,0.863822273803685,6.16972972746046E-17));
#10717=DIRECTION('',(-0.711994065975372,0.702185481205541,-8.71941253908649E-17));
#10718=DIRECTION('',(1.22464679914735E-16,0.,-1.));
#10719=DIRECTION('',(-1.,0.,-1.22464679914735E-16));
#10720=DIRECTION('',(1.22464679914735E-16,0.,-1.));
#10721=DIRECTION('',(-1.,0.,-1.22464679914735E-16));
#10722=DIRECTION('',(0.970950395301573,-0.239280859793923,1.18907129373693E-16));
#10723=DIRECTION('',(0.503796664618408,0.863822273803685,6.16972972746046E-17));
#10724=DIRECTION('',(-0.678293389636842,0.734791179570742,-8.30669828501568E-17));
#10725=DIRECTION('',(1.22464679914735E-16,0.,-1.));
#10726=DIRECTION('',(-1.,0.,-1.22464679914735E-16));
#10727=DIRECTION('',(0.961605500419286,-0.274435532618092,1.17762709813097E-16));
#10728=DIRECTION('',(0.503796664618408,0.863822273803685,6.16972972746046E-17));
#10729=DIRECTION('',(0.863822273803684,-0.503796664618409,1.05787718264587E-16));
#10730=DIRECTION('',(1.22464679914735E-16,0.,-1.));
#10731=DIRECTION('',(-1.,0.,-1.22464679914735E-16));
#10732=DIRECTION('',(1.22464679914735E-16,0.,-1.));
#10733=DIRECTION('',(-1.,0.,-1.22464679914735E-16));
#10734=DIRECTION('',(-0.983293788911648,0.182025615471491,-1.20418759121212E-16));
#10735=DIRECTION('',(-0.866025403784439,-0.5,-1.06057523872491E-16));
#10736=DIRECTION('',(0.5,-0.866025403784438,6.12323399573678E-17));
#10737=DIRECTION('',(0.866025403784423,0.500000000000027,1.06057523872489E-16));
#10738=DIRECTION('',(-0.5,0.866025403784438,-6.12323399573678E-17));
#10739=DIRECTION('',(0.499999999999981,-0.86602540378445,6.12323399573653E-17));
#10740=DIRECTION('',(-0.286684305260289,-0.95802510881366,-3.51087016802796E-17));
#10741=DIRECTION('',(0.5,-0.866025403784439,6.12323399573676E-17));
#10742=DIRECTION('',(0.282819883559038,0.95917303624719,3.46354465135803E-17));
#10743=DIRECTION('',(0.992406742944987,-0.1229994168983,1.21534774119983E-16));
#10744=DIRECTION('',(-0.5,0.866025403784438,-6.12323399573679E-17));
#10745=DIRECTION('',(-0.993020131111193,0.117944983818342,-1.21609892505421E-16));
#10746=DIRECTION('',(0.189341942589157,0.981911212267466,2.31877003936153E-17));
#10747=DIRECTION('',(0.866025403784439,0.5,1.06057523872491E-16));
#10748=DIRECTION('',(-0.5,0.866025403784438,-6.12323399573678E-17));
#10749=DIRECTION('',(-0.866025403784438,-0.5,-1.06057523872491E-16));
#10750=DIRECTION('',(0.5,-0.866025403784438,6.12323399573678E-17));
#10751=DIRECTION('',(0.866025403784438,0.5,1.06057523872491E-16));
#10752=DIRECTION('',(1.22464679914735E-16,0.,-1.));
#10753=DIRECTION('',(-1.,0.,-1.22464679914735E-16));
#10754=DIRECTION('',(0.866025403784438,0.5,1.06057523872491E-16));
#10755=DIRECTION('',(-0.5,0.866025403784438,-6.12323399573677E-17));
#10756=DIRECTION('',(1.22464679914735E-16,0.,-1.));
#10757=DIRECTION('',(-1.,0.,-1.22464679914735E-16));
#10758=DIRECTION('',(0.866025403784438,0.5,1.06057523872491E-16));
#10759=DIRECTION('',(1.22464679914735E-16,0.,-1.));
#10760=DIRECTION('',(-1.,0.,-1.22464679914735E-16));
#10761=DIRECTION('',(0.5,-0.866025403784437,6.1232339957368E-17));
#10762=DIRECTION('',(0.866025403784438,0.5,1.06057523872491E-16));
#10763=DIRECTION('',(-0.866025403784438,-0.5,-1.06057523872491E-16));
#10764=DIRECTION('',(0.5,-0.866025403784438,6.12323399573679E-17));
#10765=DIRECTION('',(0.866025403784438,0.5,1.06057523872491E-16));
#10766=DIRECTION('',(-0.5,0.866025403784438,-6.12323399573679E-17));
#10767=DIRECTION('',(-0.935320869966169,-0.353800607978179,-1.14543770957979E-16));
#10768=DIRECTION('',(-0.500000000000011,0.866025403784432,-6.1232339957369E-17));
#10769=DIRECTION('',(1.22464679914735E-16,0.,-1.));
#10770=DIRECTION('',(-1.,0.,-1.22464679914735E-16));
#10771=DIRECTION('',(-0.866025403784438,-0.5,-1.06057523872491E-16));
#10772=DIRECTION('',(0.866025403784438,0.5,1.06057523872491E-16));
#10773=DIRECTION('',(-0.5,0.866025403784437,-6.1232339957368E-17));
#10774=DIRECTION('',(-0.866025403784438,-0.5,-1.06057523872491E-16));
#10775=DIRECTION('',(0.5,-0.866025403784439,6.12323399573677E-17));
#10776=DIRECTION('',(1.22464679914735E-16,0.,-1.));
#10777=DIRECTION('',(-1.,0.,-1.22464679914735E-16));
#10778=DIRECTION('',(1.22464679914735E-16,0.,-1.));
#10779=DIRECTION('',(-1.,0.,-1.22464679914735E-16));
#10780=DIRECTION('',(1.22464679914735E-16,0.,-1.));
#10781=DIRECTION('',(-1.,0.,-1.22464679914735E-16));
#10782=DIRECTION('',(1.22464679914735E-16,0.,-1.));
#10783=DIRECTION('',(-1.,0.,-1.22464679914735E-16));
#10784=DIRECTION('',(0.866025403784438,0.5,1.06057523872491E-16));
#10785=DIRECTION('',(-0.5,0.866025403784436,-6.12323399573683E-17));
#10786=DIRECTION('',(-0.866025403784438,-0.5,-1.06057523872491E-16));
#10787=DIRECTION('',(0.5,-0.866025403784439,6.12323399573676E-17));
#10788=DIRECTION('',(-0.930731154024975,-0.365704141249916,-1.13981692864341E-16));
#10789=DIRECTION('',(-0.500000000000061,0.866025403784403,-6.12323399573752E-17));
#10790=DIRECTION('',(0.50000000000005,-0.86602540378441,6.12323399573738E-17));
#10791=DIRECTION('',(-0.906969314004089,-0.421196703993457,-1.11071706731998E-16));
#10792=DIRECTION('',(-0.891699997569929,-0.452626904120589,-1.09201754782372E-16));
#10793=DIRECTION('',(-0.866025403784438,-0.5,-1.06057523872491E-16));
#10794=DIRECTION('',(0.5,-0.866025403784436,6.12323399573683E-17));
#10795=DIRECTION('',(0.866025403784438,0.5,1.06057523872491E-16));
#10796=DIRECTION('',(-0.5,0.866025403784437,-6.1232339957368E-17));
#10797=DIRECTION('',(1.22464679914735E-16,0.,-1.));
#10798=DIRECTION('',(-1.,0.,-1.22464679914735E-16));
#10799=DIRECTION('',(1.22464679914735E-16,0.,-1.));
#10800=DIRECTION('',(-1.,0.,-1.22464679914735E-16));
#10801=DIRECTION('',(1.22464679914735E-16,0.,-1.));
#10802=DIRECTION('',(-1.,0.,-1.22464679914735E-16));
#10803=DIRECTION('',(1.22464679914735E-16,0.,-1.));
#10804=DIRECTION('',(-1.,0.,-1.22464679914735E-16));
#10805=DIRECTION('',(0.841037496704769,0.540976828650336,1.0299738783024E-16));
#10806=DIRECTION('',(-0.5,0.86602540378444,-6.12323399573674E-17));
#10807=DIRECTION('',(-0.889156393710381,-0.457603439152232,-1.08890253149882E-16));
#10808=DIRECTION('',(0.5,-0.866025403784437,6.1232339957368E-17));
#10809=DIRECTION('',(-0.866025403784438,-0.5,-1.06057523872491E-16));
#10810=DIRECTION('',(0.5,-0.866025403784438,6.12323399573679E-17));
#10811=DIRECTION('',(0.866025403784432,0.500000000000011,1.0605752387249E-16));
#10812=DIRECTION('',(-0.5,0.866025403784438,-6.12323399573678E-17));
#10813=DIRECTION('',(-0.5,0.866025403784436,-6.12323399573682E-17));
#10814=DIRECTION('',(-0.950614590707726,-0.310373806777542,-1.16416711573299E-16));
#10815=DIRECTION('',(-0.499999999999981,0.86602540378445,-6.12323399573653E-17));
#10816=DIRECTION('',(0.471427018313536,-0.881905077887643,5.77331589009253E-17));
#10817=DIRECTION('',(-0.866025403784441,-0.5,-1.06057523872491E-16));
#10818=DIRECTION('',(-0.990147589783046,-0.140027677431377,-1.21258107651127E-16));
#10819=DIRECTION('',(1.22464679914735E-16,0.,-1.));
#10820=DIRECTION('',(-1.,0.,-1.22464679914735E-16));
#10821=DIRECTION('',(1.22464679914735E-16,0.,-1.));
#10822=DIRECTION('',(-1.,0.,-1.22464679914735E-16));
#10823=DIRECTION('',(0.866025403784438,0.5,1.06057523872491E-16));
#10824=DIRECTION('',(1.22464679914735E-16,0.,-1.));
#10825=DIRECTION('',(-1.,0.,-1.22464679914735E-16));
#10826=DIRECTION('',(1.22464679914735E-16,0.,-1.));
#10827=DIRECTION('',(-1.,0.,-1.22464679914735E-16));
#10828=DIRECTION('',(-0.503796664618391,-0.863822273803695,-6.16972972746025E-17));
#10829=DIRECTION('',(-0.959470467100816,0.281809195664978,-1.17501243641143E-16));
#10830=DIRECTION('',(-0.503796664618407,-0.863822273803685,-6.16972972746045E-17));
#10831=DIRECTION('',(0.863822273803685,-0.503796664618407,1.05787718264587E-16));
#10832=DIRECTION('',(0.503796664618406,0.863822273803686,6.16972972746044E-17));
#10833=DIRECTION('',(-0.863822273803685,0.503796664618407,-1.05787718264587E-16));
#10834=DIRECTION('',(1.22464679914735E-16,0.,-1.));
#10835=DIRECTION('',(-1.,0.,-1.22464679914735E-16));
#10836=DIRECTION('',(0.503796664618382,0.863822273803699,6.16972972746015E-17));
#10837=DIRECTION('',(0.503796664618408,0.863822273803684,6.16972972746046E-17));
#10838=DIRECTION('',(-0.863822273803685,0.503796664618407,-1.05787718264587E-16));
#10839=DIRECTION('',(0.863822273803685,-0.503796664618407,1.05787718264587E-16));
#10840=DIRECTION('',(0.503796664618406,0.863822273803685,6.16972972746044E-17));
#10841=DIRECTION('',(-0.863822273803685,0.503796664618407,-1.05787718264587E-16));
#10842=DIRECTION('',(-0.503796664618407,-0.863822273803685,-6.16972972746045E-17));
#10843=DIRECTION('',(0.771274203493201,-0.636503026721734,9.44538484572873E-17));
#10844=DIRECTION('',(-0.503796664618379,-0.863822273803702,-6.1697297274601E-17));
#10845=DIRECTION('',(1.22464679914735E-16,0.,-1.));
#10846=DIRECTION('',(-1.,0.,-1.22464679914735E-16));
#10847=DIRECTION('',(0.863822273803685,-0.503796664618407,1.05787718264587E-16));
#10848=DIRECTION('',(-0.863822273803685,0.503796664618407,-1.05787718264587E-16));
#10849=DIRECTION('',(-0.503796664618406,-0.863822273803685,-6.16972972746044E-17));
#10850=DIRECTION('',(0.863822273803685,-0.503796664618407,1.05787718264587E-16));
#10851=DIRECTION('',(0.503796664618408,0.863822273803684,6.16972972746046E-17));
#10852=DIRECTION('',(-0.863822273803685,0.503796664618407,-1.05787718264587E-16));
#10853=DIRECTION('',(-0.997577663057609,0.0695615279340503,-1.2216802919644E-16));
#10854=DIRECTION('',(0.503796664618478,0.863822273803644,6.16972972746131E-17));
#10855=DIRECTION('',(0.974019695498473,0.226463314426558,1.19283010239868E-16));
#10856=DIRECTION('',(0.503796664618406,0.863822273803685,6.16972972746044E-17));
#10857=DIRECTION('',(-0.973098837988748,-0.230388045490534,-1.19170237719693E-16));
#10858=DIRECTION('',(-0.385636423936644,0.922650826983511,-4.72268412208643E-17));
#10859=DIRECTION('',(-0.50379666461841,-0.863822273803684,-6.16972972746048E-17));
#10860=DIRECTION('',(0.390329101959974,-0.920675399998892,4.78015285329343E-17));
#10861=DIRECTION('',(-0.946457226277625,-0.322829240972475,-1.15907581269078E-16));
#10862=DIRECTION('',(-0.863822273803685,0.503796664618407,-1.05787718264587E-16));
#10863=DIRECTION('',(-0.50379666461841,-0.863822273803683,-6.16972972746049E-17));
#10864=DIRECTION('',(0.863822273803685,-0.503796664618407,1.05787718264587E-16));
#10865=DIRECTION('',(0.50379666461841,0.863822273803683,6.16972972746049E-17));
#10866=DIRECTION('',(-0.863822273803685,0.503796664618408,-1.05787718264587E-16));
#10867=DIRECTION('',(1.22464679914735E-16,0.,-1.));
#10868=DIRECTION('',(-1.,0.,-1.22464679914735E-16));
#10869=DIRECTION('',(1.22464679914735E-16,0.,-1.));
#10870=DIRECTION('',(-1.,0.,-1.22464679914735E-16));
#10871=DIRECTION('',(-0.983623441213918,0.180235750877818,-1.20459129884893E-16));
#10872=DIRECTION('',(1.22464679914735E-16,0.,-1.));
#10873=DIRECTION('',(-1.,0.,-1.22464679914735E-16));
#10874=DIRECTION('',(1.22464679914735E-16,0.,-1.));
#10875=DIRECTION('',(-1.,0.,-1.22464679914735E-16));
#10876=DIRECTION('',(-0.863822273803686,0.503796664618406,-1.05787718264587E-16));
#10877=DIRECTION('',(1.,0.,1.22464679914735E-16));
#10878=DIRECTION('',(0.364640966502903,0.931148197414262,4.46556392465777E-17));
#10879=DIRECTION('',(1.,0.,1.22464679914735E-16));
#10880=DIRECTION('',(0.360741980673224,-0.93266565465871,4.4178151194954E-17));
#10881=DIRECTION('',(1.,0.,1.22464679914735E-16));
#10882=DIRECTION('',(-0.366279776202125,0.930504769222233,-4.48563355518342E-17));
#10883=DIRECTION('',(-1.,0.,-1.22464679914735E-16));
#10884=DIRECTION('',(-0.364697763408864,-0.931125953544725,-4.46625948614864E-17));
#10885=DIRECTION('',(0.,-1.,0.));
#10886=DIRECTION('',(-1.,0.,-1.22464679914735E-16));
#10887=DIRECTION('',(0.,-1.,0.));
#10888=DIRECTION('',(1.,0.,1.22464679914735E-16));
#10889=DIRECTION('',(0.,-1.,0.));
#10890=DIRECTION('',(1.,0.,1.22464679914735E-16));
#10891=DIRECTION('',(0.,1.,0.));
#10892=DIRECTION('',(1.,0.,1.22464679914735E-16));
#10893=DIRECTION('',(0.,1.,0.));
#10894=DIRECTION('',(-1.,0.,-1.22464679914735E-16));
#10895=DIRECTION('',(0.,1.,0.));
#10896=DIRECTION('',(-1.,0.,-1.22464679914735E-16));
#10897=DIRECTION('',(1.,0.,1.22464679914735E-16));
#10898=DIRECTION('',(0.,1.,0.));
#10899=DIRECTION('',(-1.,0.,-1.22464679914735E-16));
#10900=DIRECTION('',(0.,-1.,0.));
#10901=DIRECTION('',(-1.,0.,-1.22464679914735E-16));
#10902=DIRECTION('',(0.,-1.,0.));
#10903=DIRECTION('',(0.5,0.866025403784439,6.12323399573676E-17));
#10904=DIRECTION('',(1.22464679914735E-16,0.,-1.));
#10905=DIRECTION('',(-1.,0.,-1.22464679914735E-16));
#10906=DIRECTION('',(0.5,-0.866025403784439,6.12323399573677E-17));
#10907=DIRECTION('',(1.22464679914735E-16,0.,-1.));
#10908=DIRECTION('',(-1.,0.,-1.22464679914735E-16));
#10909=DIRECTION('',(-1.,0.,-1.22464679914735E-16));
#10910=DIRECTION('',(1.22464679914735E-16,0.,-1.));
#10911=DIRECTION('',(-1.,0.,-1.22464679914735E-16));
#10912=DIRECTION('',(1.22464679914735E-16,0.,-1.));
#10913=DIRECTION('',(-1.,0.,-1.22464679914735E-16));
#10914=DIRECTION('',(1.22464679914735E-16,0.,-1.));
#10915=DIRECTION('',(-1.,0.,-1.22464679914735E-16));
#10916=DIRECTION('',(-0.5,-0.866025403784439,-6.12323399573676E-17));
#10917=DIRECTION('',(1.22464679914735E-16,0.,-1.));
#10918=DIRECTION('',(-1.,0.,-1.22464679914735E-16));
#10919=DIRECTION('',(1.,0.,1.22464679914735E-16));
#10920=DIRECTION('',(1.22464679914735E-16,0.,-1.));
#10921=DIRECTION('',(-1.,0.,-1.22464679914735E-16));
#10922=DIRECTION('',(-0.5,0.866025403784439,-6.12323399573677E-17));
#10923=DIRECTION('',(-0.866025403784439,0.5,-1.06057523872491E-16));
#10924=DIRECTION('',(0.5,0.866025403784439,6.12323399573676E-17));
#10925=DIRECTION('',(1.22464679914735E-16,0.,-1.));
#10926=DIRECTION('',(-1.,0.,-1.22464679914735E-16));
#10927=DIRECTION('',(0.5,-0.866025403784439,6.12323399573677E-17));
#10928=DIRECTION('',(-0.866025403784439,-0.5,-1.06057523872491E-16));
#10929=DIRECTION('',(1.22464679914735E-16,0.,-1.));
#10930=DIRECTION('',(-1.,0.,-1.22464679914735E-16));
#10931=DIRECTION('',(-1.,0.,-1.22464679914735E-16));
#10932=DIRECTION('',(0.,1.,0.));
#10933=DIRECTION('',(1.22464679914735E-16,0.,-1.));
#10934=DIRECTION('',(-1.,0.,-1.22464679914735E-16));
#10935=DIRECTION('',(0.866025403784439,0.5,1.06057523872491E-16));
#10936=DIRECTION('',(0.5,-0.866025403784439,6.12323399573677E-17));
#10937=DIRECTION('',(1.22464679914735E-16,0.,-1.));
#10938=DIRECTION('',(-1.,0.,-1.22464679914735E-16));
#10939=DIRECTION('',(1.22464679914735E-16,0.,-1.));
#10940=DIRECTION('',(-1.,0.,-1.22464679914735E-16));
#10941=DIRECTION('',(0.5,0.866025403784439,6.12323399573676E-17));
#10942=DIRECTION('',(0.866025403784439,-0.5,1.06057523872491E-16));
#10943=DIRECTION('',(1.22464679914735E-16,0.,-1.));
#10944=DIRECTION('',(-1.,0.,-1.22464679914735E-16));
#10945=DIRECTION('',(0.,-1.,0.));
#10946=DIRECTION('',(-1.,0.,-1.22464679914735E-16));
#10947=DIRECTION('',(1.22464679914735E-16,0.,-1.));
#10948=DIRECTION('',(-1.,0.,-1.22464679914735E-16));
#10949=DIRECTION('',(-1.22464679914735E-16,0.,1.));
#10950=DIRECTION('',(1.,0.,1.22464679914735E-16));
#10951=DIRECTION('',(0.5,-0.866025403784439,6.12323399573677E-17));
#10952=DIRECTION('',(-0.866025403784439,-0.5,-1.06057523872491E-16));
#10953=DIRECTION('',(-1.22464679914735E-16,0.,1.));
#10954=DIRECTION('',(-0.866025403784439,-0.5,-1.06057523872491E-16));
#10955=DIRECTION('',(-1.22464679914735E-16,0.,1.));
#10956=DIRECTION('',(-0.866025403784439,-0.5,-1.06057523872491E-16));
#10957=DIRECTION('',(-0.5,0.866025403784439,-6.12323399573677E-17));
#10958=DIRECTION('',(0.0199840191744358,-0.0346133365495533,-0.999200958721789));
#10959=DIRECTION('',(-1.22464679914735E-16,0.,1.));
#10960=DIRECTION('',(-1.22464679914735E-16,0.,1.));
#10961=DIRECTION('',(1.,0.,1.22464679914735E-16));
#10962=DIRECTION('',(1.22464679914735E-16,0.,-1.));
#10963=DIRECTION('',(0.,1.,0.));
#10964=DIRECTION('',(1.22464679914735E-16,0.,-1.));
#10965=DIRECTION('',(-1.22464679914735E-16,0.,1.));
#10966=DIRECTION('',(0.0399680383488717,0.,-0.999200958721789));
#10967=DIRECTION('',(-1.,0.,-1.22464679914735E-16));
#10968=DIRECTION('',(-1.22464679914735E-16,0.,1.));
#10969=DIRECTION('',(-1.22464679914735E-16,0.,1.));
#10970=DIRECTION('',(0.,-1.,0.));
#10971=DIRECTION('',(-1.22464679914735E-16,0.,1.));
#10972=DIRECTION('',(1.,0.,1.22464679914735E-16));
#10973=DIRECTION('',(1.22464679914735E-16,0.,-1.));
#10974=DIRECTION('',(-1.,0.,-1.22464679914735E-16));
#10975=DIRECTION('',(-0.866025403784439,-0.5,-1.06057523872491E-16));
#10976=DIRECTION('',(-0.5,0.866025403784439,-6.12323399573677E-17));
#10977=DIRECTION('',(1.22464679914735E-16,0.,-1.));
#10978=DIRECTION('',(1.22464679914735E-16,0.,-1.));
#10979=DIRECTION('',(-0.0199840191744357,0.0346133365495535,-0.999200958721789));
#10980=DIRECTION('',(-1.22464679914735E-16,0.,1.));
#10981=DIRECTION('',(1.,0.,1.22464679914735E-16));
#10982=DIRECTION('',(-1.22464679914735E-16,0.,1.));
#10983=DIRECTION('',(1.22464679914735E-16,0.,-1.));
#10984=DIRECTION('',(-1.,0.,-1.22464679914735E-16));
#10985=DIRECTION('',(-1.22464679914735E-16,0.,1.));
#10986=DIRECTION('',(0.5,-0.866025403784439,6.12323399573677E-17));
#10987=DIRECTION('',(-0.866025403784439,-0.5,-1.06057523872491E-16));
#10988=DIRECTION('',(0.866025403784439,0.5,1.06057523872491E-16));
#10989=DIRECTION('',(0.5,0.866025403784439,6.12323399573676E-17));
#10990=DIRECTION('',(0.866025403784439,-0.5,1.06057523872491E-16));
#10991=DIRECTION('',(-1.22464679914735E-16,0.,1.));
#10992=DIRECTION('',(0.866025403784439,-0.5,1.06057523872491E-16));
#10993=DIRECTION('',(0.866025403784439,-0.5,1.06057523872491E-16));
#10994=DIRECTION('',(-0.5,-0.866025403784439,-6.12323399573676E-17));
#10995=DIRECTION('',(0.019984019174436,0.0346133365495535,-0.999200958721789));
#10996=DIRECTION('',(-1.22464679914735E-16,0.,1.));
#10997=DIRECTION('',(-1.22464679914735E-16,0.,1.));
#10998=DIRECTION('',(1.,0.,1.22464679914735E-16));
#10999=DIRECTION('',(-1.22464679914735E-16,0.,1.));
#11000=DIRECTION('',(1.,0.,1.22464679914735E-16));
#11001=DIRECTION('',(-1.22464679914735E-16,0.,1.));
#11002=DIRECTION('',(1.22464679914735E-16,0.,-1.));
#11003=DIRECTION('',(-1.,0.,-1.22464679914735E-16));
#11004=DIRECTION('',(-1.22464679914735E-16,0.,1.));
#11005=DIRECTION('',(0.,1.,0.));
#11006=DIRECTION('',(1.22464679914735E-16,0.,-1.));
#11007=DIRECTION('',(-1.22464679914735E-16,0.,1.));
#11008=DIRECTION('',(-0.0399680383488714,0.,-0.999200958721789));
#11009=DIRECTION('',(-1.22464679914735E-16,0.,1.));
#11010=DIRECTION('',(-1.,0.,-1.22464679914735E-16));
#11011=DIRECTION('',(-1.22464679914735E-16,0.,1.));
#11012=DIRECTION('',(0.,1.,0.));
#11013=DIRECTION('',(0.866025403784439,-0.5,1.06057523872491E-16));
#11014=DIRECTION('',(-0.5,-0.866025403784439,-6.12323399573676E-17));
#11015=DIRECTION('',(1.22464679914735E-16,0.,-1.));
#11016=DIRECTION('',(1.22464679914735E-16,0.,-1.));
#11017=DIRECTION('',(-0.0199840191744357,-0.0346133365495536,-0.999200958721789));
#11018=DIRECTION('',(0.5,0.866025403784439,6.12323399573676E-17));
#11019=DIRECTION('',(0.866025403784439,-0.5,1.06057523872491E-16));
#11020=DIRECTION('',(-0.866025403784439,0.5,-1.06057523872491E-16));
#11021=DIRECTION('',(-1.22464679914735E-16,0.,1.));
#11022=DIRECTION('',(1.,0.,1.22464679914735E-16));
#11023=DIRECTION('',(-0.866025403784439,0.5,-1.06057523872491E-16));
#11024=DIRECTION('',(0.5,0.866025403784439,6.12323399573676E-17));
#11025=DIRECTION('',(1.22464679914735E-16,0.,-1.));
#11026=DIRECTION('',(0.5,0.866025403784439,6.12323399573676E-17));
#11027=DIRECTION('',(1.22464679914735E-16,0.,-1.));
#11028=DIRECTION('',(1.22464679914735E-16,0.,-1.));
#11029=DIRECTION('',(-1.,0.,-1.22464679914735E-16));
#11030=DIRECTION('',(1.22464679914735E-16,0.,-1.));
#11031=DIRECTION('',(-1.,0.,-1.22464679914735E-16));
#11032=DIRECTION('',(1.22464679914735E-16,0.,-1.));
#11033=DIRECTION('',(0.866025403784439,0.5,1.06057523872491E-16));
#11034=DIRECTION('',(0.5,-0.866025403784439,6.12323399573677E-17));
#11035=DIRECTION('',(0.5,-0.866025403784439,6.12323399573677E-17));
#11036=DIRECTION('',(1.22464679914735E-16,0.,-1.));
#11037=DIRECTION('',(1.22464679914735E-16,0.,-1.));
#11038=DIRECTION('',(-1.,0.,-1.22464679914735E-16));
#11039=DIRECTION('',(1.22464679914735E-16,0.,-1.));
#11040=DIRECTION('',(-1.,0.,-1.22464679914735E-16));
#11041=DIRECTION('',(1.22464679914735E-16,0.,-1.));
#11042=DIRECTION('',(0.,-1.,0.));
#11043=DIRECTION('',(-1.22464679914735E-16,0.,1.));
#11044=DIRECTION('',(-1.,0.,-1.22464679914735E-16));
#11045=DIRECTION('',(1.22464679914735E-16,0.,-1.));
#11046=DIRECTION('',(0.,1.,0.));
#11047=DIRECTION('',(1.22464679914735E-16,0.,-1.));
#11048=DIRECTION('',(1.22464679914735E-16,0.,-1.));
#11049=DIRECTION('',(1.,0.,1.22464679914735E-16));
#11050=DIRECTION('',(1.22464679914735E-16,0.,-1.));
#11051=DIRECTION('',(-1.,0.,-1.22464679914735E-16));
#11052=DIRECTION('',(-1.22464679914735E-16,0.,1.));
#11053=DIRECTION('',(0.,1.,0.));
#11054=DIRECTION('',(1.22464679914735E-16,0.,-1.));
#11055=DIRECTION('',(0.,-1.,0.));
#11056=DIRECTION('',(-1.22464679914735E-16,0.,1.));
#11057=DIRECTION('',(-1.,0.,-1.22464679914735E-16));
#11058=DIRECTION('',(1.22464679914735E-16,0.,-1.));
#11059=DIRECTION('',(1.,0.,1.22464679914735E-16));
#11060=DIRECTION('',(1.22464679914735E-16,0.,-1.));
#11061=DIRECTION('',(0.,-1.,0.));
#11062=DIRECTION('',(1.22464679914735E-16,0.,-1.));
#11063=DIRECTION('',(0.,-1.,0.));
#11064=DIRECTION('',(-1.22464679914735E-16,0.,1.));
#11065=DIRECTION('',(-1.,0.,-1.22464679914735E-16));
#11066=DIRECTION('',(1.22464679914735E-16,0.,-1.));
#11067=DIRECTION('',(1.,0.,1.22464679914735E-16));
#11068=DIRECTION('',(1.22464679914735E-16,0.,-1.));
#11069=DIRECTION('',(1.22464679914735E-16,0.,-1.));
#11070=DIRECTION('',(0.,-1.,0.));
#11071=DIRECTION('',(1.22464679914735E-16,0.,-1.));
#11072=DIRECTION('',(0.,-1.,0.));
#11073=DIRECTION('',(-1.22464679914735E-16,0.,1.));
#11074=DIRECTION('',(-1.,0.,-1.22464679914735E-16));
#11075=DIRECTION('',(1.22464679914735E-16,0.,-1.));
#11076=DIRECTION('',(1.,0.,1.22464679914735E-16));
#11077=DIRECTION('',(1.22464679914735E-16,0.,-1.));
#11078=DIRECTION('',(0.,-1.,0.));
#11079=DIRECTION('',(1.22464679914735E-16,0.,-1.));
#11080=DIRECTION('',(0.,1.,0.));
#11081=DIRECTION('',(1.22464679914735E-16,0.,-1.));
#11082=DIRECTION('',(1.,0.,1.22464679914735E-16));
#11083=DIRECTION('',(1.22464679914735E-16,0.,-1.));
#11084=DIRECTION('',(1.,0.,1.22464679914735E-16));
#11085=DIRECTION('',(1.22464679914735E-16,0.,-1.));
#11086=DIRECTION('',(0.,-1.,0.));
#11087=DIRECTION('',(1.22464679914735E-16,0.,-1.));
#11088=DIRECTION('',(0.,1.,0.));
#11089=DIRECTION('',(1.22464679914735E-16,0.,-1.));
#11090=DIRECTION('',(1.,0.,1.22464679914735E-16));
#11091=DIRECTION('',(1.22464679914735E-16,0.,-1.));
#11092=DIRECTION('',(-1.,0.,-1.22464679914735E-16));
#11093=DIRECTION('',(-1.22464679914735E-16,0.,1.));
#11094=DIRECTION('',(0.,1.,0.));
#11095=DIRECTION('',(1.22464679914735E-16,0.,-1.));
#11096=DIRECTION('',(0.,1.,0.));
#11097=DIRECTION('',(1.22464679914735E-16,0.,-1.));
#11098=DIRECTION('',(1.,0.,1.22464679914735E-16));
#11099=DIRECTION('',(1.22464679914735E-16,0.,-1.));
#11100=DIRECTION('',(-1.,0.,-1.22464679914735E-16));
#11101=DIRECTION('',(-1.22464679914735E-16,0.,1.));
#11102=DIRECTION('',(0.,1.,0.));
#11103=DIRECTION('',(1.22464679914735E-16,0.,-1.));
#11104=DIRECTION('',(0.,-1.,0.));
#11105=DIRECTION('',(-1.22464679914735E-16,0.,1.));
#11106=DIRECTION('',(-1.,0.,-1.22464679914735E-16));
#11107=DIRECTION('',(1.22464679914735E-16,0.,-1.));
#11108=DIRECTION('',(-1.,0.,-1.22464679914735E-16));
#11109=DIRECTION('',(-1.22464679914735E-16,0.,1.));
#11110=DIRECTION('',(0.,1.,0.));
#11111=DIRECTION('',(1.22464679914735E-16,0.,-1.));
#11112=DIRECTION('',(0.,1.,0.));
#11113=DIRECTION('',(1.22464679914735E-16,0.,-1.));
#11114=DIRECTION('',(1.22464679914735E-16,0.,-1.));
#11115=DIRECTION('',(1.,0.,1.22464679914735E-16));
#11116=DIRECTION('',(1.22464679914735E-16,0.,-1.));
#11117=DIRECTION('',(-0.931148197414262,0.364640966502903,-1.1403276594952E-16));
#11118=DIRECTION('',(0.364640966502903,0.931148197414262,4.46556392465777E-17));
#11119=DIRECTION('',(0.364640966502903,0.931148197414262,4.46556392465777E-17));
#11120=DIRECTION('',(1.22464679914735E-16,0.,-1.));
#11121=DIRECTION('',(0.,1.,0.));
#11122=DIRECTION('',(1.22464679914735E-16,0.,-1.));
#11123=DIRECTION('',(1.,0.,1.22464679914735E-16));
#11124=DIRECTION('',(1.22464679914735E-16,0.,-1.));
#11125=DIRECTION('',(0.93266565465871,0.360741980673224,1.14218600865246E-16));
#11126=DIRECTION('',(0.360741980673224,-0.93266565465871,4.4178151194954E-17));
#11127=DIRECTION('',(0.360741980673224,-0.93266565465871,4.4178151194954E-17));
#11128=DIRECTION('',(1.22464679914735E-16,0.,-1.));
#11129=DIRECTION('',(0.,1.,0.));
#11130=DIRECTION('',(1.22464679914735E-16,0.,-1.));
#11131=DIRECTION('',(1.,0.,1.22464679914735E-16));
#11132=DIRECTION('',(1.22464679914735E-16,0.,-1.));
#11133=DIRECTION('',(-0.930504769222233,-0.366279776202125,-1.13953968721935E-16));
#11134=DIRECTION('',(-0.366279776202125,0.930504769222233,-4.48563355518342E-17));
#11135=DIRECTION('',(-0.366279776202125,0.930504769222233,-4.48563355518342E-17));
#11136=DIRECTION('',(1.22464679914735E-16,0.,-1.));
#11137=DIRECTION('',(0.,-1.,0.));
#11138=DIRECTION('',(-1.22464679914735E-16,0.,1.));
#11139=DIRECTION('',(-1.,0.,-1.22464679914735E-16));
#11140=DIRECTION('',(1.22464679914735E-16,0.,-1.));
#11141=DIRECTION('',(1.22464679914735E-16,0.,-1.));
#11142=DIRECTION('',(1.22464679914735E-16,0.,-1.));
#11143=DIRECTION('',(1.22464679914735E-16,0.,-1.));
#11144=DIRECTION('',(1.22464679914735E-16,0.,-1.));
#11145=DIRECTION('',(1.22464679914735E-16,0.,-1.));
#11146=DIRECTION('',(1.22464679914735E-16,0.,-1.));
#11147=DIRECTION('',(1.22464679914735E-16,0.,-1.));
#11148=DIRECTION('',(0.91287751549932,-0.408233562676796,0.));
#11149=DIRECTION('',(1.22464679914735E-16,0.,-1.));
#11150=DIRECTION('',(-1.,0.,-1.22464679914735E-16));
#11151=DIRECTION('',(1.22464679914735E-16,0.,-1.));
#11152=DIRECTION('',(1.22464679914735E-16,0.,-1.));
#11153=DIRECTION('',(-0.180235750877818,-0.983623441213918,-2.20725135404439E-17));
#11154=DIRECTION('',(-0.983623441213918,0.180235750877818,-1.20459129884893E-16));
#11155=DIRECTION('',(-0.983623441213918,0.180235750877818,-1.20459129884893E-16));
#11156=DIRECTION('',(1.22464679914735E-16,0.,-1.));
#11157=DIRECTION('',(1.22464679914735E-16,0.,-1.));
#11158=DIRECTION('',(0.973367041972378,-0.229252266296196,0.));
#11159=DIRECTION('',(1.22464679914735E-16,0.,-1.));
#11160=DIRECTION('',(-1.,0.,-1.22464679914735E-16));
#11161=DIRECTION('',(1.22464679914735E-16,0.,-1.));
#11162=DIRECTION('',(1.22464679914735E-16,0.,-1.));
#11163=DIRECTION('',(0.917770223311552,-0.39711184470205,0.));
#11164=DIRECTION('',(1.22464679914735E-16,0.,-1.));
#11165=DIRECTION('',(-1.,0.,-1.22464679914735E-16));
#11166=DIRECTION('',(1.22464679914735E-16,0.,-1.));
#11167=DIRECTION('',(1.22464679914735E-16,0.,-1.));
#11168=DIRECTION('',(1.22464679914735E-16,0.,-1.));
#11169=DIRECTION('',(1.22464679914735E-16,0.,-1.));
#11170=DIRECTION('',(1.22464679914735E-16,0.,-1.));
#11171=DIRECTION('',(-0.863822273803644,0.503796664618478,-1.05787718264582E-16));
#11172=DIRECTION('',(0.503796664618478,0.863822273803644,6.16972972746131E-17));
#11173=DIRECTION('',(1.22464679914735E-16,0.,-1.));
#11174=DIRECTION('',(0.503796664618478,0.863822273803644,6.16972972746131E-17));
#11175=DIRECTION('',(1.22464679914735E-16,0.,-1.));
#11176=DIRECTION('',(1.22464679914735E-16,0.,-1.));
#11177=DIRECTION('',(-0.226463314426558,0.974019695498473,-2.77337573136784E-17));
#11178=DIRECTION('',(0.974019695498473,0.226463314426558,1.19283010239868E-16));
#11179=DIRECTION('',(0.974019695498473,0.226463314426558,1.19283010239868E-16));
#11180=DIRECTION('',(1.22464679914735E-16,0.,-1.));
#11181=DIRECTION('',(-0.863822273803685,0.503796664618406,-1.05787718264587E-16));
#11182=DIRECTION('',(0.503796664618406,0.863822273803685,6.16972972746044E-17));
#11183=DIRECTION('',(0.503796664618406,0.863822273803685,6.16972972746044E-17));
#11184=DIRECTION('',(1.22464679914735E-16,0.,-1.));
#11185=DIRECTION('',(0.230388045490534,-0.973098837988748,2.82143982471796E-17));
#11186=DIRECTION('',(-0.973098837988748,-0.230388045490534,-1.19170237719693E-16));
#11187=DIRECTION('',(-0.973098837988748,-0.230388045490534,-1.19170237719693E-16));
#11188=DIRECTION('',(1.22464679914735E-16,0.,-1.));
#11189=DIRECTION('',(-0.922650826983511,-0.385636423936644,-1.12992138199601E-16));
#11190=DIRECTION('',(-0.385636423936644,0.922650826983511,-4.72268412208643E-17));
#11191=DIRECTION('',(-0.385636423936644,0.922650826983511,-4.72268412208643E-17));
#11192=DIRECTION('',(1.22464679914735E-16,0.,-1.));
#11193=DIRECTION('',(0.863822273803684,-0.50379666461841,1.05787718264587E-16));
#11194=DIRECTION('',(-0.50379666461841,-0.863822273803684,-6.16972972746048E-17));
#11195=DIRECTION('',(-0.50379666461841,-0.863822273803684,-6.16972972746048E-17));
#11196=DIRECTION('',(1.22464679914735E-16,0.,-1.));
#11197=DIRECTION('',(0.920675399998892,0.390329101959974,1.12750218166235E-16));
#11198=DIRECTION('',(0.390329101959974,-0.920675399998892,4.78015285329343E-17));
#11199=DIRECTION('',(0.390329101959974,-0.920675399998892,4.78015285329343E-17));
#11200=DIRECTION('',(1.22464679914735E-16,0.,-1.));
#11201=DIRECTION('',(0.322829240972475,-0.946457226277625,3.9535179662811E-17));
#11202=DIRECTION('',(-0.946457226277625,-0.322829240972475,-1.15907581269078E-16));
#11203=DIRECTION('',(-0.946457226277625,-0.322829240972475,-1.15907581269078E-16));
#11204=DIRECTION('',(1.22464679914735E-16,0.,-1.));
#11205=DIRECTION('',(-0.503796664618407,-0.863822273803685,-6.16972972746044E-17));
#11206=DIRECTION('',(-0.863822273803685,0.503796664618407,-1.05787718264587E-16));
#11207=DIRECTION('',(-0.863822273803685,0.503796664618407,-1.05787718264587E-16));
#11208=DIRECTION('',(1.22464679914735E-16,0.,-1.));
#11209=DIRECTION('',(0.863822273803683,-0.50379666461841,1.05787718264587E-16));
#11210=DIRECTION('',(-0.50379666461841,-0.863822273803683,-6.16972972746049E-17));
#11211=DIRECTION('',(-0.50379666461841,-0.863822273803683,-6.16972972746049E-17));
#11212=DIRECTION('',(1.22464679914735E-16,0.,-1.));
#11213=DIRECTION('',(0.503796664618407,0.863822273803685,6.16972972746045E-17));
#11214=DIRECTION('',(0.863822273803685,-0.503796664618407,1.05787718264587E-16));
#11215=DIRECTION('',(0.863822273803685,-0.503796664618407,1.05787718264587E-16));
#11216=DIRECTION('',(1.22464679914735E-16,0.,-1.));
#11217=DIRECTION('',(-0.863822273803683,0.50379666461841,-1.05787718264587E-16));
#11218=DIRECTION('',(0.50379666461841,0.863822273803683,6.16972972746049E-17));
#11219=DIRECTION('',(0.50379666461841,0.863822273803683,6.16972972746049E-17));
#11220=DIRECTION('',(1.22464679914735E-16,0.,-1.));
#11221=DIRECTION('',(-0.503796664618408,-0.863822273803685,-6.16972972746046E-17));
#11222=DIRECTION('',(-0.863822273803685,0.503796664618408,-1.05787718264587E-16));
#11223=DIRECTION('',(-0.863822273803685,0.503796664618408,-1.05787718264587E-16));
#11224=DIRECTION('',(1.22464679914735E-16,0.,-1.));
#11225=DIRECTION('',(1.22464679914735E-16,0.,-1.));
#11226=DIRECTION('',(1.22464679914735E-16,0.,-1.));
#11227=DIRECTION('',(1.22464679914735E-16,0.,-1.));
#11228=DIRECTION('',(1.22464679914735E-16,0.,-1.));
#11229=DIRECTION('',(1.22464679914735E-16,0.,-1.));
#11230=DIRECTION('',(1.22464679914735E-16,0.,-1.));
#11231=DIRECTION('',(1.22464679914735E-16,0.,-1.));
#11232=DIRECTION('',(-0.503796664618407,-0.863822273803685,-6.16972972746045E-17));
#11233=DIRECTION('',(-0.863822273803685,0.503796664618407,-1.05787718264587E-16));
#11234=DIRECTION('',(-0.863822273803685,0.503796664618407,-1.05787718264587E-16));
#11235=DIRECTION('',(1.22464679914735E-16,0.,-1.));
#11236=DIRECTION('',(1.22464679914735E-16,0.,-1.));
#11237=DIRECTION('',(1.22464679914735E-16,0.,-1.));
#11238=DIRECTION('',(1.22464679914735E-16,0.,-1.));
#11239=DIRECTION('',(1.22464679914735E-16,0.,-1.));
#11240=DIRECTION('',(1.22464679914735E-16,0.,-1.));
#11241=DIRECTION('',(1.22464679914735E-16,0.,-1.));
#11242=DIRECTION('',(1.22464679914735E-16,0.,-1.));
#11243=DIRECTION('',(-0.503796664618407,-0.863822273803685,-6.16972972746045E-17));
#11244=DIRECTION('',(-0.863822273803685,0.503796664618407,-1.05787718264587E-16));
#11245=DIRECTION('',(1.22464679914735E-16,0.,-1.));
#11246=DIRECTION('',(-0.863822273803685,0.503796664618407,-1.05787718264587E-16));
#11247=DIRECTION('',(1.22464679914735E-16,0.,-1.));
#11248=DIRECTION('',(0.863822273803685,-0.503796664618406,1.05787718264587E-16));
#11249=DIRECTION('',(-0.503796664618406,-0.863822273803685,-6.16972972746044E-17));
#11250=DIRECTION('',(-0.503796664618406,-0.863822273803685,-6.16972972746044E-17));
#11251=DIRECTION('',(1.22464679914735E-16,0.,-1.));
#11252=DIRECTION('',(0.503796664618407,0.863822273803685,6.16972972746045E-17));
#11253=DIRECTION('',(0.863822273803685,-0.503796664618407,1.05787718264587E-16));
#11254=DIRECTION('',(0.863822273803685,-0.503796664618407,1.05787718264587E-16));
#11255=DIRECTION('',(1.22464679914735E-16,0.,-1.));
#11256=DIRECTION('',(-0.863822273803684,0.503796664618408,-1.05787718264587E-16));
#11257=DIRECTION('',(0.503796664618408,0.863822273803684,6.16972972746046E-17));
#11258=DIRECTION('',(1.22464679914735E-16,0.,-1.));
#11259=DIRECTION('',(0.503796664618408,0.863822273803684,6.16972972746046E-17));
#11260=DIRECTION('',(1.22464679914735E-16,0.,-1.));
#11261=DIRECTION('',(-0.503796664618407,-0.863822273803685,-6.16972972746045E-17));
#11262=DIRECTION('',(-0.863822273803685,0.503796664618407,-1.05787718264587E-16));
#11263=DIRECTION('',(-0.863822273803685,0.503796664618407,-1.05787718264587E-16));
#11264=DIRECTION('',(1.22464679914735E-16,0.,-1.));
#11265=DIRECTION('',(1.22464679914735E-16,0.,-1.));
#11266=DIRECTION('',(1.22464679914735E-16,0.,-1.));
#11267=DIRECTION('',(1.22464679914735E-16,0.,-1.));
#11268=DIRECTION('',(1.22464679914735E-16,0.,-1.));
#11269=DIRECTION('',(0.503796664618407,0.863822273803685,6.16972972746045E-17));
#11270=DIRECTION('',(0.863822273803685,-0.503796664618407,1.05787718264587E-16));
#11271=DIRECTION('',(0.863822273803685,-0.503796664618407,1.05787718264587E-16));
#11272=DIRECTION('',(1.22464679914735E-16,0.,-1.));
#11273=DIRECTION('',(-0.863822273803685,0.503796664618406,-1.05787718264587E-16));
#11274=DIRECTION('',(0.503796664618406,0.863822273803685,6.16972972746044E-17));
#11275=DIRECTION('',(0.503796664618406,0.863822273803685,6.16972972746044E-17));
#11276=DIRECTION('',(1.22464679914735E-16,0.,-1.));
#11277=DIRECTION('',(-0.503796664618407,-0.863822273803685,-6.16972972746045E-17));
#11278=DIRECTION('',(-0.863822273803685,0.503796664618407,-1.05787718264587E-16));
#11279=DIRECTION('',(-0.863822273803685,0.503796664618407,-1.05787718264587E-16));
#11280=DIRECTION('',(1.22464679914735E-16,0.,-1.));
#11281=DIRECTION('',(0.863822273803685,-0.503796664618407,1.05787718264587E-16));
#11282=DIRECTION('',(-0.503796664618407,-0.863822273803685,-6.16972972746045E-17));
#11283=DIRECTION('',(-0.503796664618407,-0.863822273803685,-6.16972972746045E-17));
#11284=DIRECTION('',(1.22464679914735E-16,0.,-1.));
#11285=DIRECTION('',(0.636503026721734,0.771274203493201,7.79491394322374E-17));
#11286=DIRECTION('',(0.771274203493201,-0.636503026721734,9.44538484572873E-17));
#11287=DIRECTION('',(0.771274203493201,-0.636503026721734,9.44538484572873E-17));
#11288=DIRECTION('',(1.22464679914735E-16,0.,-1.));
#11289=DIRECTION('',(0.863822273803702,-0.503796664618379,1.05787718264589E-16));
#11290=DIRECTION('',(-0.503796664618379,-0.863822273803702,-6.1697297274601E-17));
#11291=DIRECTION('',(-0.503796664618379,-0.863822273803702,-6.1697297274601E-17));
#11292=DIRECTION('',(1.22464679914735E-16,0.,-1.));
#11293=DIRECTION('',(1.22464679914735E-16,0.,-1.));
#11294=DIRECTION('',(-0.315131593372582,0.949047985540488,0.));
#11295=DIRECTION('',(1.22464679914735E-16,0.,-1.));
#11296=DIRECTION('',(-1.,0.,-1.22464679914735E-16));
#11297=DIRECTION('',(1.22464679914735E-16,0.,-1.));
#11298=DIRECTION('',(1.22464679914735E-16,0.,-1.));
#11299=DIRECTION('',(1.22464679914735E-16,0.,-1.));
#11300=DIRECTION('',(1.22464679914735E-16,0.,-1.));
#11301=DIRECTION('',(1.22464679914735E-16,0.,-1.));
#11302=DIRECTION('',(1.22464679914735E-16,0.,-1.));
#11303=DIRECTION('',(1.22464679914735E-16,0.,-1.));
#11304=DIRECTION('',(1.22464679914735E-16,0.,-1.));
#11305=DIRECTION('',(1.22464679914735E-16,0.,-1.));
#11306=DIRECTION('',(1.22464679914735E-16,0.,-1.));
#11307=DIRECTION('',(1.22464679914735E-16,0.,-1.));
#11308=DIRECTION('',(-0.947636880497478,0.319349875091581,0.));
#11309=DIRECTION('',(1.22464679914735E-16,0.,-1.));
#11310=DIRECTION('',(-1.,0.,-1.22464679914735E-16));
#11311=DIRECTION('',(1.22464679914735E-16,0.,-1.));
#11312=DIRECTION('',(1.22464679914735E-16,0.,-1.));
#11313=DIRECTION('',(-0.987679105232142,-0.156492763691601,0.));
#11314=DIRECTION('',(1.22464679914735E-16,0.,-1.));
#11315=DIRECTION('',(-1.,0.,-1.22464679914735E-16));
#11316=DIRECTION('',(1.22464679914735E-16,0.,-1.));
#11317=DIRECTION('',(0.863822273803694,-0.503796664618391,1.05787718264588E-16));
#11318=DIRECTION('',(-0.503796664618391,-0.863822273803695,-6.16972972746025E-17));
#11319=DIRECTION('',(-0.503796664618391,-0.863822273803695,-6.16972972746025E-17));
#11320=DIRECTION('',(1.22464679914735E-16,0.,-1.));
#11321=DIRECTION('',(-0.281809195664978,-0.959470467100816,-3.45116729441406E-17));
#11322=DIRECTION('',(-0.959470467100816,0.281809195664978,-1.17501243641143E-16));
#11323=DIRECTION('',(-0.959470467100816,0.281809195664978,-1.17501243641143E-16));
#11324=DIRECTION('',(1.22464679914735E-16,0.,-1.));
#11325=DIRECTION('',(0.863822273803685,-0.503796664618407,1.05787718264587E-16));
#11326=DIRECTION('',(-0.503796664618407,-0.863822273803685,-6.16972972746045E-17));
#11327=DIRECTION('',(-0.503796664618407,-0.863822273803685,-6.16972972746045E-17));
#11328=DIRECTION('',(1.22464679914735E-16,0.,-1.));
#11329=DIRECTION('',(0.503796664618407,0.863822273803685,6.16972972746045E-17));
#11330=DIRECTION('',(0.863822273803685,-0.503796664618407,1.05787718264587E-16));
#11331=DIRECTION('',(0.863822273803685,-0.503796664618407,1.05787718264587E-16));
#11332=DIRECTION('',(1.22464679914735E-16,0.,-1.));
#11333=DIRECTION('',(-0.863822273803686,0.503796664618406,-1.05787718264587E-16));
#11334=DIRECTION('',(0.503796664618406,0.863822273803686,6.16972972746044E-17));
#11335=DIRECTION('',(0.503796664618406,0.863822273803686,6.16972972746044E-17));
#11336=DIRECTION('',(1.22464679914735E-16,0.,-1.));
#11337=DIRECTION('',(-0.503796664618407,-0.863822273803685,-6.16972972746045E-17));
#11338=DIRECTION('',(-0.863822273803685,0.503796664618407,-1.05787718264587E-16));
#11339=DIRECTION('',(-0.863822273803685,0.503796664618407,-1.05787718264587E-16));
#11340=DIRECTION('',(1.22464679914735E-16,0.,-1.));
#11341=DIRECTION('',(1.22464679914735E-16,0.,-1.));
#11342=DIRECTION('',(0.471882651035406,0.881661365634106,0.));
#11343=DIRECTION('',(1.22464679914735E-16,0.,-1.));
#11344=DIRECTION('',(-1.,0.,-1.22464679914735E-16));
#11345=DIRECTION('',(1.22464679914735E-16,0.,-1.));
#11346=DIRECTION('',(-0.866025403784436,-0.5,-1.0605752387249E-16));
#11347=DIRECTION('',(-0.5,0.866025403784436,-6.12323399573682E-17));
#11348=DIRECTION('',(1.22464679914735E-16,0.,-1.));
#11349=DIRECTION('',(-0.5,0.866025403784436,-6.12323399573682E-17));
#11350=DIRECTION('',(1.22464679914735E-16,0.,-1.));
#11351=DIRECTION('',(0.310373806777542,-0.950614590707726,3.80098289009296E-17));
#11352=DIRECTION('',(-0.950614590707726,-0.310373806777542,-1.16416711573299E-16));
#11353=DIRECTION('',(-0.950614590707726,-0.310373806777542,-1.16416711573299E-16));
#11354=DIRECTION('',(1.22464679914735E-16,0.,-1.));
#11355=DIRECTION('',(-0.86602540378445,-0.499999999999981,-1.06057523872492E-16));
#11356=DIRECTION('',(-0.499999999999981,0.86602540378445,-6.12323399573653E-17));
#11357=DIRECTION('',(-0.499999999999981,0.86602540378445,-6.12323399573653E-17));
#11358=DIRECTION('',(1.22464679914735E-16,0.,-1.));
#11359=DIRECTION('',(1.22464679914735E-16,0.,-1.));
#11360=DIRECTION('',(1.22464679914735E-16,0.,-1.));
#11361=DIRECTION('',(1.22464679914735E-16,0.,-1.));
#11362=DIRECTION('',(1.22464679914735E-16,0.,-1.));
#11363=DIRECTION('',(1.22464679914735E-16,0.,-1.));
#11364=DIRECTION('',(0.881905077887643,0.471427018313536,1.0800222307869E-16));
#11365=DIRECTION('',(0.471427018313536,-0.881905077887643,5.77331589009253E-17));
#11366=DIRECTION('',(0.471427018313536,-0.881905077887643,5.77331589009253E-17));
#11367=DIRECTION('',(1.22464679914735E-16,0.,-1.));
#11368=DIRECTION('',(0.5,-0.866025403784441,6.12323399573671E-17));
#11369=DIRECTION('',(-0.866025403784441,-0.5,-1.06057523872491E-16));
#11370=DIRECTION('',(-0.866025403784441,-0.5,-1.06057523872491E-16));
#11371=DIRECTION('',(1.22464679914735E-16,0.,-1.));
#11372=DIRECTION('',(1.22464679914735E-16,0.,-1.));
#11373=DIRECTION('',(1.22464679914735E-16,0.,-1.));
#11374=DIRECTION('',(1.22464679914735E-16,0.,-1.));
#11375=DIRECTION('',(0.140027677431377,-0.990147589783046,1.71484446958373E-17));
#11376=DIRECTION('',(-0.990147589783046,-0.140027677431377,-1.21258107651127E-16));
#11377=DIRECTION('',(-0.990147589783046,-0.140027677431377,-1.21258107651127E-16));
#11378=DIRECTION('',(1.22464679914735E-16,0.,-1.));
#11379=DIRECTION('',(1.22464679914735E-16,0.,-1.));
#11380=DIRECTION('',(-0.988455731652707,-0.151509955326086,0.));
#11381=DIRECTION('',(1.22464679914735E-16,0.,-1.));
#11382=DIRECTION('',(-1.,0.,-1.22464679914735E-16));
#11383=DIRECTION('',(1.22464679914735E-16,0.,-1.));
#11384=DIRECTION('',(1.22464679914735E-16,0.,-1.));
#11385=DIRECTION('',(-0.922611758553969,-0.385729883439115,0.));
#11386=DIRECTION('',(1.22464679914735E-16,0.,-1.));
#11387=DIRECTION('',(-1.,0.,-1.22464679914735E-16));
#11388=DIRECTION('',(1.22464679914735E-16,0.,-1.));
#11389=DIRECTION('',(1.22464679914735E-16,0.,-1.));
#11390=DIRECTION('',(1.22464679914735E-16,0.,-1.));
#11391=DIRECTION('',(0.5,-0.866025403784438,6.12323399573678E-17));
#11392=DIRECTION('',(-0.866025403784438,-0.5,-1.06057523872491E-16));
#11393=DIRECTION('',(1.22464679914735E-16,0.,-1.));
#11394=DIRECTION('',(-0.866025403784438,-0.5,-1.06057523872491E-16));
#11395=DIRECTION('',(1.22464679914735E-16,0.,-1.));
#11396=DIRECTION('',(0.866025403784438,0.5,1.06057523872491E-16));
#11397=DIRECTION('',(0.5,-0.866025403784438,6.12323399573679E-17));
#11398=DIRECTION('',(0.5,-0.866025403784438,6.12323399573679E-17));
#11399=DIRECTION('',(1.22464679914735E-16,0.,-1.));
#11400=DIRECTION('',(1.22464679914735E-16,0.,-1.));
#11401=DIRECTION('',(1.22464679914735E-16,0.,-1.));
#11402=DIRECTION('',(1.22464679914735E-16,0.,-1.));
#11403=DIRECTION('',(1.22464679914735E-16,0.,-1.));
#11404=DIRECTION('',(-0.500000000000011,0.866025403784432,-6.1232339957369E-17));
#11405=DIRECTION('',(0.866025403784432,0.500000000000011,1.0605752387249E-16));
#11406=DIRECTION('',(0.866025403784432,0.500000000000011,1.0605752387249E-16));
#11407=DIRECTION('',(1.22464679914735E-16,0.,-1.));
#11408=DIRECTION('',(1.22464679914735E-16,0.,-1.));
#11409=DIRECTION('',(1.22464679914735E-16,0.,-1.));
#11410=DIRECTION('',(1.22464679914735E-16,0.,-1.));
#11411=DIRECTION('',(-0.540976828650336,0.841037496704769,-6.62505541619521E-17));
#11412=DIRECTION('',(0.841037496704769,0.540976828650336,1.0299738783024E-16));
#11413=DIRECTION('',(1.22464679914735E-16,0.,-1.));
#11414=DIRECTION('',(0.841037496704769,0.540976828650336,1.0299738783024E-16));
#11415=DIRECTION('',(1.22464679914735E-16,0.,-1.));
#11416=DIRECTION('',(-0.86602540378444,-0.5,-1.06057523872491E-16));
#11417=DIRECTION('',(-0.5,0.86602540378444,-6.12323399573674E-17));
#11418=DIRECTION('',(-0.5,0.86602540378444,-6.12323399573674E-17));
#11419=DIRECTION('',(1.22464679914735E-16,0.,-1.));
#11420=DIRECTION('',(0.457603439152232,-0.889156393710381,5.60402587036602E-17));
#11421=DIRECTION('',(-0.889156393710381,-0.457603439152232,-1.08890253149882E-16));
#11422=DIRECTION('',(-0.889156393710381,-0.457603439152232,-1.08890253149882E-16));
#11423=DIRECTION('',(1.22464679914735E-16,0.,-1.));
#11424=DIRECTION('',(1.22464679914735E-16,0.,-1.));
#11425=DIRECTION('',(1.22464679914735E-16,0.,-1.));
#11426=DIRECTION('',(1.22464679914735E-16,0.,-1.));
#11427=DIRECTION('',(1.22464679914735E-16,0.,-1.));
#11428=DIRECTION('',(1.22464679914735E-16,0.,-1.));
#11429=DIRECTION('',(1.22464679914735E-16,0.,-1.));
#11430=DIRECTION('',(1.22464679914735E-16,0.,-1.));
#11431=DIRECTION('',(0.365704141249916,-0.930731154024975,4.47858406016641E-17));
#11432=DIRECTION('',(-0.930731154024975,-0.365704141249916,-1.13981692864341E-16));
#11433=DIRECTION('',(1.22464679914735E-16,0.,-1.));
#11434=DIRECTION('',(-0.930731154024975,-0.365704141249916,-1.13981692864341E-16));
#11435=DIRECTION('',(1.22464679914735E-16,0.,-1.));
#11436=DIRECTION('',(-0.866025403784403,-0.500000000000061,-1.06057523872486E-16));
#11437=DIRECTION('',(-0.500000000000061,0.866025403784403,-6.12323399573752E-17));
#11438=DIRECTION('',(-0.500000000000061,0.866025403784403,-6.12323399573752E-17));
#11439=DIRECTION('',(1.22464679914735E-16,0.,-1.));
#11440=DIRECTION('',(1.22464679914735E-16,0.,-1.));
#11441=DIRECTION('',(1.22464679914735E-16,0.,-1.));
#11442=DIRECTION('',(1.22464679914735E-16,0.,-1.));
#11443=DIRECTION('',(1.22464679914735E-16,0.,-1.));
#11444=DIRECTION('',(1.22464679914735E-16,0.,-1.));
#11445=DIRECTION('',(1.22464679914735E-16,0.,-1.));
#11446=DIRECTION('',(0.86602540378441,0.50000000000005,1.06057523872487E-16));
#11447=DIRECTION('',(0.50000000000005,-0.86602540378441,6.12323399573738E-17));
#11448=DIRECTION('',(0.50000000000005,-0.86602540378441,6.12323399573738E-17));
#11449=DIRECTION('',(1.22464679914735E-16,0.,-1.));
#11450=DIRECTION('',(0.421196703993457,-0.906969314004089,5.15817195357003E-17));
#11451=DIRECTION('',(-0.906969314004089,-0.421196703993457,-1.11071706731998E-16));
#11452=DIRECTION('',(-0.906969314004089,-0.421196703993457,-1.11071706731998E-16));
#11453=DIRECTION('',(1.22464679914735E-16,0.,-1.));
#11454=DIRECTION('',(0.452626904120589,-0.891699997569929,5.54308089339255E-17));
#11455=DIRECTION('',(-0.891699997569929,-0.452626904120589,-1.09201754782372E-16));
#11456=DIRECTION('',(-0.891699997569929,-0.452626904120589,-1.09201754782372E-16));
#11457=DIRECTION('',(1.22464679914735E-16,0.,-1.));
#11458=DIRECTION('',(0.5,-0.866025403784438,6.12323399573678E-17));
#11459=DIRECTION('',(-0.866025403784438,-0.5,-1.06057523872491E-16));
#11460=DIRECTION('',(-0.866025403784438,-0.5,-1.06057523872491E-16));
#11461=DIRECTION('',(1.22464679914735E-16,0.,-1.));
#11462=DIRECTION('',(0.866025403784436,0.5,1.0605752387249E-16));
#11463=DIRECTION('',(0.5,-0.866025403784436,6.12323399573683E-17));
#11464=DIRECTION('',(0.5,-0.866025403784436,6.12323399573683E-17));
#11465=DIRECTION('',(1.22464679914735E-16,0.,-1.));
#11466=DIRECTION('',(-0.5,0.866025403784438,-6.12323399573678E-17));
#11467=DIRECTION('',(0.866025403784438,0.5,1.06057523872491E-16));
#11468=DIRECTION('',(0.866025403784438,0.5,1.06057523872491E-16));
#11469=DIRECTION('',(1.22464679914735E-16,0.,-1.));
#11470=DIRECTION('',(-0.5,0.866025403784438,-6.12323399573678E-17));
#11471=DIRECTION('',(0.866025403784438,0.5,1.06057523872491E-16));
#11472=DIRECTION('',(1.22464679914735E-16,0.,-1.));
#11473=DIRECTION('',(0.866025403784438,0.5,1.06057523872491E-16));
#11474=DIRECTION('',(1.22464679914735E-16,0.,-1.));
#11475=DIRECTION('',(-0.866025403784436,-0.5,-1.0605752387249E-16));
#11476=DIRECTION('',(-0.5,0.866025403784436,-6.12323399573683E-17));
#11477=DIRECTION('',(-0.5,0.866025403784436,-6.12323399573683E-17));
#11478=DIRECTION('',(1.22464679914735E-16,0.,-1.));
#11479=DIRECTION('',(0.5,-0.866025403784438,6.12323399573678E-17));
#11480=DIRECTION('',(-0.866025403784438,-0.5,-1.06057523872491E-16));
#11481=DIRECTION('',(-0.866025403784438,-0.5,-1.06057523872491E-16));
#11482=DIRECTION('',(1.22464679914735E-16,0.,-1.));
#11483=DIRECTION('',(1.22464679914735E-16,0.,-1.));
#11484=DIRECTION('',(1.22464679914735E-16,0.,-1.));
#11485=DIRECTION('',(1.22464679914735E-16,0.,-1.));
#11486=DIRECTION('',(1.22464679914735E-16,0.,-1.));
#11487=DIRECTION('',(-0.987939769052837,-0.154838666759398,0.));
#11488=DIRECTION('',(1.22464679914735E-16,0.,-1.));
#11489=DIRECTION('',(-1.,0.,-1.22464679914735E-16));
#11490=DIRECTION('',(1.22464679914735E-16,0.,-1.));
#11491=DIRECTION('',(1.22464679914735E-16,0.,-1.));
#11492=DIRECTION('',(-0.623193518528893,-0.782067668724119,0.));
#11493=DIRECTION('',(1.22464679914735E-16,0.,-1.));
#11494=DIRECTION('',(-1.,0.,-1.22464679914735E-16));
#11495=DIRECTION('',(1.22464679914735E-16,0.,-1.));
#11496=DIRECTION('',(1.22464679914735E-16,0.,-1.));
#11497=DIRECTION('',(1.22464679914735E-16,0.,-1.));
#11498=DIRECTION('',(1.22464679914735E-16,0.,-1.));
#11499=DIRECTION('',(0.989678413279627,0.14330609996898,0.));
#11500=DIRECTION('',(1.22464679914735E-16,0.,-1.));
#11501=DIRECTION('',(-1.,0.,-1.22464679914735E-16));
#11502=DIRECTION('',(1.22464679914735E-16,0.,-1.));
#11503=DIRECTION('',(-0.5,0.866025403784438,-6.12323399573678E-17));
#11504=DIRECTION('',(0.866025403784438,0.5,1.06057523872491E-16));
#11505=DIRECTION('',(1.22464679914735E-16,0.,-1.));
#11506=DIRECTION('',(0.866025403784438,0.5,1.06057523872491E-16));
#11507=DIRECTION('',(1.22464679914735E-16,0.,-1.));
#11508=DIRECTION('',(-0.866025403784437,-0.5,-1.0605752387249E-16));
#11509=DIRECTION('',(-0.5,0.866025403784437,-6.1232339957368E-17));
#11510=DIRECTION('',(-0.5,0.866025403784437,-6.1232339957368E-17));
#11511=DIRECTION('',(1.22464679914735E-16,0.,-1.));
#11512=DIRECTION('',(0.5,-0.866025403784438,6.12323399573678E-17));
#11513=DIRECTION('',(-0.866025403784438,-0.5,-1.06057523872491E-16));
#11514=DIRECTION('',(-0.866025403784438,-0.5,-1.06057523872491E-16));
#11515=DIRECTION('',(1.22464679914735E-16,0.,-1.));
#11516=DIRECTION('',(0.866025403784437,0.5,1.0605752387249E-16));
#11517=DIRECTION('',(0.5,-0.866025403784437,6.1232339957368E-17));
#11518=DIRECTION('',(1.22464679914735E-16,0.,-1.));
#11519=DIRECTION('',(0.5,-0.866025403784437,6.1232339957368E-17));
#11520=DIRECTION('',(1.22464679914735E-16,0.,-1.));
#11521=DIRECTION('',(-0.5,0.866025403784438,-6.12323399573678E-17));
#11522=DIRECTION('',(0.866025403784438,0.5,1.06057523872491E-16));
#11523=DIRECTION('',(0.866025403784438,0.5,1.06057523872491E-16));
#11524=DIRECTION('',(1.22464679914735E-16,0.,-1.));
#11525=DIRECTION('',(1.22464679914735E-16,0.,-1.));
#11526=DIRECTION('',(1.22464679914735E-16,0.,-1.));
#11527=DIRECTION('',(1.22464679914735E-16,0.,-1.));
#11528=DIRECTION('',(1.22464679914735E-16,0.,-1.));
#11529=DIRECTION('',(0.5,-0.866025403784438,6.12323399573678E-17));
#11530=DIRECTION('',(-0.866025403784438,-0.5,-1.06057523872491E-16));
#11531=DIRECTION('',(-0.866025403784438,-0.5,-1.06057523872491E-16));
#11532=DIRECTION('',(1.22464679914735E-16,0.,-1.));
#11533=DIRECTION('',(0.866025403784437,0.5,1.0605752387249E-16));
#11534=DIRECTION('',(0.5,-0.866025403784437,6.12323399573679E-17));
#11535=DIRECTION('',(0.5,-0.866025403784438,6.12323399573679E-17));
#11536=DIRECTION('',(1.22464679914735E-16,0.,-1.));
#11537=DIRECTION('',(-0.5,0.866025403784438,-6.12323399573678E-17));
#11538=DIRECTION('',(0.866025403784438,0.5,1.06057523872491E-16));
#11539=DIRECTION('',(0.866025403784438,0.5,1.06057523872491E-16));
#11540=DIRECTION('',(1.22464679914735E-16,0.,-1.));
#11541=DIRECTION('',(-0.866025403784438,-0.5,-1.06057523872491E-16));
#11542=DIRECTION('',(-0.5,0.866025403784437,-6.12323399573679E-17));
#11543=DIRECTION('',(-0.5,0.866025403784438,-6.12323399573679E-17));
#11544=DIRECTION('',(1.22464679914735E-16,0.,-1.));
#11545=DIRECTION('',(0.353800607978179,-0.935320869966169,4.33280782096865E-17));
#11546=DIRECTION('',(-0.935320869966169,-0.353800607978179,-1.14543770957979E-16));
#11547=DIRECTION('',(-0.935320869966169,-0.353800607978179,-1.14543770957979E-16));
#11548=DIRECTION('',(1.22464679914735E-16,0.,-1.));
#11549=DIRECTION('',(-0.866025403784432,-0.500000000000011,-1.0605752387249E-16));
#11550=DIRECTION('',(-0.500000000000011,0.866025403784432,-6.1232339957369E-17));
#11551=DIRECTION('',(-0.500000000000011,0.866025403784432,-6.1232339957369E-17));
#11552=DIRECTION('',(1.22464679914735E-16,0.,-1.));
#11553=DIRECTION('',(1.22464679914735E-16,0.,-1.));
#11554=DIRECTION('',(0.980341015898886,-0.197310649855351,0.));
#11555=DIRECTION('',(1.22464679914735E-16,0.,-1.));
#11556=DIRECTION('',(-1.,0.,-1.22464679914735E-16));
#11557=DIRECTION('',(1.22464679914735E-16,0.,-1.));
#11558=DIRECTION('',(1.22464679914735E-16,0.,-1.));
#11559=DIRECTION('',(1.22464679914735E-16,0.,-1.));
#11560=DIRECTION('',(1.22464679914735E-16,0.,-1.));
#11561=DIRECTION('',(1.22464679914735E-16,0.,-1.));
#11562=DIRECTION('',(1.22464679914735E-16,0.,-1.));
#11563=DIRECTION('',(1.22464679914735E-16,0.,-1.));
#11564=DIRECTION('',(1.22464679914735E-16,0.,-1.));
#11565=DIRECTION('',(1.22464679914735E-16,0.,-1.));
#11566=DIRECTION('',(1.22464679914735E-16,0.,-1.));
#11567=DIRECTION('',(1.22464679914735E-16,0.,-1.));
#11568=DIRECTION('',(1.22464679914735E-16,0.,-1.));
#11569=DIRECTION('',(-0.5,0.866025403784438,-6.12323399573678E-17));
#11570=DIRECTION('',(0.866025403784438,0.5,1.06057523872491E-16));
#11571=DIRECTION('',(0.866025403784438,0.5,1.06057523872491E-16));
#11572=DIRECTION('',(1.22464679914735E-16,0.,-1.));
#11573=DIRECTION('',(-0.866025403784438,-0.5,-1.06057523872491E-16));
#11574=DIRECTION('',(-0.5,0.866025403784438,-6.12323399573677E-17));
#11575=DIRECTION('',(-0.5,0.866025403784438,-6.12323399573677E-17));
#11576=DIRECTION('',(1.22464679914735E-16,0.,-1.));
#11577=DIRECTION('',(1.22464679914735E-16,0.,-1.));
#11578=DIRECTION('',(1.22464679914735E-16,0.,-1.));
#11579=DIRECTION('',(1.22464679914735E-16,0.,-1.));
#11580=DIRECTION('',(0.950043861144046,0.312116423634694,0.));
#11581=DIRECTION('',(1.22464679914735E-16,0.,-1.));
#11582=DIRECTION('',(-1.,0.,-1.22464679914735E-16));
#11583=DIRECTION('',(1.22464679914735E-16,0.,-1.));
#11584=DIRECTION('',(-0.5,0.866025403784438,-6.12323399573677E-17));
#11585=DIRECTION('',(0.866025403784438,0.5,1.06057523872491E-16));
#11586=DIRECTION('',(0.866025403784438,0.5,1.06057523872491E-16));
#11587=DIRECTION('',(1.22464679914735E-16,0.,-1.));
#11588=DIRECTION('',(0.86602540378445,0.499999999999981,1.06057523872492E-16));
#11589=DIRECTION('',(0.499999999999981,-0.86602540378445,6.12323399573653E-17));
#11590=DIRECTION('',(1.22464679914735E-16,0.,-1.));
#11591=DIRECTION('',(0.499999999999981,-0.86602540378445,6.12323399573653E-17));
#11592=DIRECTION('',(1.22464679914735E-16,0.,-1.));
#11593=DIRECTION('',(1.22464679914735E-16,0.,-1.));
#11594=DIRECTION('',(0.95802510881366,-0.286684305260289,1.17324238301144E-16));
#11595=DIRECTION('',(-0.286684305260289,-0.95802510881366,-3.51087016802796E-17));
#11596=DIRECTION('',(-0.286684305260289,-0.95802510881366,-3.51087016802796E-17));
#11597=DIRECTION('',(1.22464679914735E-16,0.,-1.));
#11598=DIRECTION('',(0.866025403784439,0.5,1.06057523872491E-16));
#11599=DIRECTION('',(0.5,-0.866025403784439,6.12323399573676E-17));
#11600=DIRECTION('',(0.5,-0.866025403784439,6.12323399573676E-17));
#11601=DIRECTION('',(1.22464679914735E-16,0.,-1.));
#11602=DIRECTION('',(-0.95917303624719,0.282819883559038,-1.17464818866857E-16));
#11603=DIRECTION('',(0.282819883559038,0.95917303624719,3.46354465135803E-17));
#11604=DIRECTION('',(0.282819883559038,0.95917303624719,3.46354465135803E-17));
#11605=DIRECTION('',(1.22464679914735E-16,0.,-1.));
#11606=DIRECTION('',(0.1229994168983,0.992406742944987,1.50630842201494E-17));
#11607=DIRECTION('',(0.992406742944987,-0.1229994168983,1.21534774119983E-16));
#11608=DIRECTION('',(0.992406742944987,-0.1229994168983,1.21534774119983E-16));
#11609=DIRECTION('',(1.22464679914735E-16,0.,-1.));
#11610=DIRECTION('',(-0.866025403784438,-0.5,-1.06057523872491E-16));
#11611=DIRECTION('',(-0.5,0.866025403784438,-6.12323399573679E-17));
#11612=DIRECTION('',(-0.5,0.866025403784438,-6.12323399573679E-17));
#11613=DIRECTION('',(1.22464679914735E-16,0.,-1.));
#11614=DIRECTION('',(-0.117944983818342,-0.993020131111193,-1.44440946908619E-17));
#11615=DIRECTION('',(-0.993020131111193,0.117944983818342,-1.21609892505421E-16));
#11616=DIRECTION('',(-0.993020131111193,0.117944983818342,-1.21609892505421E-16));
#11617=DIRECTION('',(1.22464679914735E-16,0.,-1.));
#11618=DIRECTION('',(-0.981911212267466,0.189341942589157,-1.20249442315025E-16));
#11619=DIRECTION('',(0.189341942589157,0.981911212267466,2.31877003936153E-17));
#11620=DIRECTION('',(0.189341942589157,0.981911212267466,2.31877003936153E-17));
#11621=DIRECTION('',(1.22464679914735E-16,0.,-1.));
#11622=DIRECTION('',(-0.5,0.866025403784438,-6.12323399573677E-17));
#11623=DIRECTION('',(0.866025403784438,0.5,1.06057523872491E-16));
#11624=DIRECTION('',(0.866025403784439,0.5,1.06057523872491E-16));
#11625=DIRECTION('',(1.22464679914735E-16,0.,-1.));
#11626=DIRECTION('',(-0.866025403784438,-0.5,-1.06057523872491E-16));
#11627=DIRECTION('',(-0.5,0.866025403784438,-6.12323399573678E-17));
#11628=DIRECTION('',(-0.5,0.866025403784438,-6.12323399573678E-17));
#11629=DIRECTION('',(1.22464679914735E-16,0.,-1.));
#11630=DIRECTION('',(0.5,-0.866025403784438,6.12323399573678E-17));
#11631=DIRECTION('',(-0.866025403784438,-0.5,-1.06057523872491E-16));
#11632=DIRECTION('',(-0.866025403784438,-0.5,-1.06057523872491E-16));
#11633=DIRECTION('',(1.22464679914735E-16,0.,-1.));
#11634=DIRECTION('',(0.866025403784438,0.5,1.06057523872491E-16));
#11635=DIRECTION('',(0.5,-0.866025403784438,6.12323399573678E-17));
#11636=DIRECTION('',(0.5,-0.866025403784438,6.12323399573678E-17));
#11637=DIRECTION('',(1.22464679914735E-16,0.,-1.));
#11638=DIRECTION('',(-0.5,0.866025403784438,-6.12323399573678E-17));
#11639=DIRECTION('',(0.866025403784438,0.5,1.06057523872491E-16));
#11640=DIRECTION('',(0.866025403784438,0.5,1.06057523872491E-16));
#11641=DIRECTION('',(1.22464679914735E-16,0.,-1.));
#11642=DIRECTION('',(0.5,-0.866025403784438,6.12323399573677E-17));
#11643=DIRECTION('',(-0.866025403784438,-0.5,-1.06057523872491E-16));
#11644=DIRECTION('',(1.22464679914735E-16,0.,-1.));
#11645=DIRECTION('',(-0.866025403784439,-0.5,-1.06057523872491E-16));
#11646=DIRECTION('',(1.22464679914735E-16,0.,-1.));
#11647=DIRECTION('',(0.866025403784438,0.5,1.06057523872491E-16));
#11648=DIRECTION('',(0.5,-0.866025403784438,6.12323399573678E-17));
#11649=DIRECTION('',(0.5,-0.866025403784438,6.12323399573678E-17));
#11650=DIRECTION('',(1.22464679914735E-16,0.,-1.));
#11651=DIRECTION('',(1.22464679914735E-16,0.,-1.));
#11652=DIRECTION('',(1.22464679914735E-16,0.,-1.));
#11653=DIRECTION('',(1.22464679914735E-16,0.,-1.));
#11654=DIRECTION('',(1.22464679914735E-16,0.,-1.));
#11655=DIRECTION('',(-0.500000000000027,0.866025403784423,-6.1232339957371E-17));
#11656=DIRECTION('',(0.866025403784423,0.500000000000027,1.06057523872489E-16));
#11657=DIRECTION('',(0.866025403784423,0.500000000000027,1.06057523872489E-16));
#11658=DIRECTION('',(1.22464679914735E-16,0.,-1.));
#11659=DIRECTION('',(1.22464679914735E-16,0.,-1.));
#11660=DIRECTION('',(1.22464679914735E-16,0.,-1.));
#11661=DIRECTION('',(1.22464679914735E-16,0.,-1.));
#11662=DIRECTION('',(1.22464679914735E-16,0.,-1.));
#11663=DIRECTION('',(1.22464679914735E-16,0.,-1.));
#11664=DIRECTION('',(1.22464679914735E-16,0.,-1.));
#11665=DIRECTION('',(1.22464679914735E-16,0.,-1.));
#11666=DIRECTION('',(1.22464679914735E-16,0.,-1.));
#11667=DIRECTION('',(0.503796664618409,0.863822273803684,6.16972972746047E-17));
#11668=DIRECTION('',(0.863822273803684,-0.503796664618409,1.05787718264587E-16));
#11669=DIRECTION('',(0.863822273803684,-0.503796664618409,1.05787718264587E-16));
#11670=DIRECTION('',(1.22464679914735E-16,0.,-1.));
#11671=DIRECTION('',(1.22464679914735E-16,0.,-1.));
#11672=DIRECTION('',(-0.973597939799141,0.228269690539216,0.));
#11673=DIRECTION('',(1.22464679914735E-16,0.,-1.));
#11674=DIRECTION('',(-1.,0.,-1.22464679914735E-16));
#11675=DIRECTION('',(1.22464679914735E-16,0.,-1.));
#11676=DIRECTION('',(1.22464679914735E-16,0.,-1.));
#11677=DIRECTION('',(-0.911504102711787,0.411290980620266,0.));
#11678=DIRECTION('',(1.22464679914735E-16,0.,-1.));
#11679=DIRECTION('',(-1.,0.,-1.22464679914735E-16));
#11680=DIRECTION('',(1.22464679914735E-16,0.,-1.));
#11681=DIRECTION('',(1.22464679914735E-16,0.,-1.));
#11682=DIRECTION('',(1.22464679914735E-16,0.,-1.));
#11683=DIRECTION('',(1.22464679914735E-16,0.,-1.));
#11684=DIRECTION('',(1.22464679914735E-16,0.,-1.));
#11685=DIRECTION('',(1.22464679914735E-16,0.,-1.));
#11686=DIRECTION('',(1.22464679914735E-16,0.,-1.));
#11687=DIRECTION('',(1.22464679914735E-16,0.,-1.));
#11688=DIRECTION('',(1.22464679914735E-16,0.,-1.));
#11689=DIRECTION('',(1.22464679914735E-16,0.,-1.));
#11690=DIRECTION('',(1.22464679914735E-16,0.,-1.));
#11691=DIRECTION('',(-0.182025615471491,-0.983293788911648,-2.22917087349987E-17));
#11692=DIRECTION('',(-0.983293788911648,0.182025615471491,-1.20418759121212E-16));
#11693=DIRECTION('',(-0.983293788911648,0.182025615471491,-1.20418759121212E-16));
#11694=DIRECTION('',(1.22464679914735E-16,0.,-1.));
#11695=DIRECTION('',(1.22464679914735E-16,0.,-1.));
#11696=DIRECTION('',(1.22464679914735E-16,0.,-1.));
#11697=DIRECTION('',(1.22464679914735E-16,0.,-1.));
#11698=DIRECTION('',(1.22464679914735E-16,0.,-1.));
#11699=DIRECTION('',(1.22464679914735E-16,0.,-1.));
#11700=DIRECTION('',(1.22464679914735E-16,0.,-1.));
#11701=DIRECTION('',(-0.26350180233752,-0.964658903532683,-3.22696638802202E-17));
#11702=DIRECTION('',(-0.964658903532683,0.26350180233752,-1.1813664384803E-16));
#11703=DIRECTION('',(1.22464679914735E-16,0.,-1.));
#11704=DIRECTION('',(-0.964658903532683,0.26350180233752,-1.1813664384803E-16));
#11705=DIRECTION('',(1.22464679914735E-16,0.,-1.));
#11706=DIRECTION('',(0.863822273803684,-0.503796664618409,1.05787718264587E-16));
#11707=DIRECTION('',(-0.503796664618409,-0.863822273803684,-6.16972972746048E-17));
#11708=DIRECTION('',(-0.503796664618409,-0.863822273803684,-6.16972972746048E-17));
#11709=DIRECTION('',(1.22464679914735E-16,0.,-1.));
#11710=DIRECTION('',(0.731646573865883,0.681684157766861,8.96008634791982E-17));
#11711=DIRECTION('',(0.681684157766861,-0.731646573865883,8.34822321838646E-17));
#11712=DIRECTION('',(0.681684157766861,-0.731646573865883,8.34822321838646E-17));
#11713=DIRECTION('',(1.22464679914735E-16,0.,-1.));
#11714=DIRECTION('',(1.22464679914735E-16,0.,-1.));
#11715=DIRECTION('',(-0.723467246445816,-0.690358706268059,0.));
#11716=DIRECTION('',(1.22464679914735E-16,0.,-1.));
#11717=DIRECTION('',(-1.,0.,-1.22464679914735E-16));
#11718=DIRECTION('',(1.22464679914735E-16,0.,-1.));
#11719=DIRECTION('',(1.22464679914735E-16,0.,-1.));
#11720=DIRECTION('',(1.22464679914735E-16,0.,-1.));
#11721=DIRECTION('',(0.28808577556304,0.957604608342212,0.));
#11722=DIRECTION('',(1.22464679914735E-16,0.,-1.));
#11723=DIRECTION('',(-1.,0.,-1.22464679914735E-16));
#11724=DIRECTION('',(1.22464679914735E-16,0.,-1.));
#11725=DIRECTION('',(-0.239704581031315,-0.970845875426477,-2.93553447900957E-17));
#11726=DIRECTION('',(-0.970845875426477,0.239704581031315,-1.18894329380644E-16));
#11727=DIRECTION('',(-0.970845875426477,0.239704581031315,-1.18894329380644E-16));
#11728=DIRECTION('',(1.22464679914735E-16,0.,-1.));
#11729=DIRECTION('',(0.863822273803685,-0.503796664618406,1.05787718264587E-16));
#11730=DIRECTION('',(-0.503796664618406,-0.863822273803685,-6.16972972746044E-17));
#11731=DIRECTION('',(-0.503796664618406,-0.863822273803685,-6.16972972746044E-17));
#11732=DIRECTION('',(1.22464679914735E-16,0.,-1.));
#11733=DIRECTION('',(0.709014885621951,0.705193513843181,8.68292810224749E-17));
#11734=DIRECTION('',(0.705193513843181,-0.709014885621951,8.63612979507526E-17));
#11735=DIRECTION('',(0.705193513843181,-0.709014885621951,8.63612979507526E-17));
#11736=DIRECTION('',(1.22464679914735E-16,0.,-1.));
#11737=DIRECTION('',(-0.863822273803685,0.503796664618408,-1.05787718264587E-16));
#11738=DIRECTION('',(0.503796664618408,0.863822273803685,6.16972972746046E-17));
#11739=DIRECTION('',(0.503796664618408,0.863822273803685,6.16972972746046E-17));
#11740=DIRECTION('',(1.22464679914735E-16,0.,-1.));
#11741=DIRECTION('',(-0.702185481205541,-0.711994065975372,-8.5992920196611E-17));
#11742=DIRECTION('',(-0.711994065975372,0.702185481205541,-8.71941253908649E-17));
#11743=DIRECTION('',(-0.711994065975372,0.702185481205541,-8.71941253908649E-17));
#11744=DIRECTION('',(1.22464679914735E-16,0.,-1.));
#11745=DIRECTION('',(1.22464679914735E-16,0.,-1.));
#11746=DIRECTION('',(0.664621715602883,0.747180015223293,0.));
#11747=DIRECTION('',(1.22464679914735E-16,0.,-1.));
#11748=DIRECTION('',(-1.,0.,-1.22464679914735E-16));
#11749=DIRECTION('',(1.22464679914735E-16,0.,-1.));
#11750=DIRECTION('',(1.22464679914735E-16,0.,-1.));
#11751=DIRECTION('',(-0.303195612841513,-0.952928339568962,0.));
#11752=DIRECTION('',(1.22464679914735E-16,0.,-1.));
#11753=DIRECTION('',(-1.,0.,-1.22464679914735E-16));
#11754=DIRECTION('',(1.22464679914735E-16,0.,-1.));
#11755=DIRECTION('',(0.239280859793923,0.970950395301573,2.93034539043855E-17));
#11756=DIRECTION('',(0.970950395301573,-0.239280859793923,1.18907129373693E-16));
#11757=DIRECTION('',(0.970950395301573,-0.239280859793923,1.18907129373693E-16));
#11758=DIRECTION('',(1.22464679914735E-16,0.,-1.));
#11759=DIRECTION('',(-0.863822273803685,0.503796664618408,-1.05787718264587E-16));
#11760=DIRECTION('',(0.503796664618408,0.863822273803685,6.16972972746046E-17));
#11761=DIRECTION('',(0.503796664618408,0.863822273803685,6.16972972746046E-17));
#11762=DIRECTION('',(1.22464679914735E-16,0.,-1.));
#11763=DIRECTION('',(-0.734791179570742,-0.678293389636843,-8.99859666103018E-17));
#11764=DIRECTION('',(-0.678293389636843,0.734791179570742,-8.30669828501568E-17));
#11765=DIRECTION('',(-0.678293389636842,0.734791179570742,-8.30669828501568E-17));
#11766=DIRECTION('',(1.22464679914735E-16,0.,-1.));
#11767=DIRECTION('',(1.22464679914735E-16,0.,-1.));
#11768=DIRECTION('',(0.687018084087699,0.726640318270647,0.));
#11769=DIRECTION('',(1.22464679914735E-16,0.,-1.));
#11770=DIRECTION('',(-1.,0.,-1.22464679914735E-16));
#11771=DIRECTION('',(1.22464679914735E-16,0.,-1.));
#11772=DIRECTION('',(1.22464679914735E-16,0.,-1.));
#11773=DIRECTION('',(0.274435532618092,0.961605500419285,3.36086596593045E-17));
#11774=DIRECTION('',(0.961605500419285,-0.274435532618092,1.17762709813097E-16));
#11775=DIRECTION('',(0.961605500419286,-0.274435532618092,1.17762709813097E-16));
#11776=DIRECTION('',(1.22464679914735E-16,0.,-1.));
#11777=DIRECTION('',(1.22464679914735E-16,0.,-1.));
#11778=DIRECTION('',(1.22464679914735E-16,0.,-1.));
#11779=DIRECTION('',(1.22464679914735E-16,0.,-1.));
#11780=DIRECTION('',(1.22464679914735E-16,0.,-1.));
#11781=DIRECTION('',(1.22464679914735E-16,0.,-1.));
#11782=DIRECTION('',(0.503796664618408,0.863822273803685,6.16972972746046E-17));
#11783=DIRECTION('',(0.863822273803685,-0.503796664618408,1.05787718264587E-16));
#11784=DIRECTION('',(0.863822273803685,-0.503796664618408,1.05787718264587E-16));
#11785=DIRECTION('',(1.22464679914735E-16,0.,-1.));
#11786=DIRECTION('',(1.22464679914735E-16,0.,-1.));
#11787=DIRECTION('',(-0.97359793979914,0.228269690539219,0.));
#11788=DIRECTION('',(1.22464679914735E-16,0.,-1.));
#11789=DIRECTION('',(-1.,0.,-1.22464679914735E-16));
#11790=DIRECTION('',(1.22464679914735E-16,0.,-1.));
#11791=DIRECTION('',(1.22464679914735E-16,0.,-1.));
#11792=DIRECTION('',(-0.911504102712391,0.411290980618928,0.));
#11793=DIRECTION('',(1.22464679914735E-16,0.,-1.));
#11794=DIRECTION('',(-1.,0.,-1.22464679914735E-16));
#11795=DIRECTION('',(1.22464679914735E-16,0.,-1.));
#11796=DIRECTION('',(1.22464679914735E-16,0.,-1.));
#11797=DIRECTION('',(1.22464679914735E-16,0.,-1.));
#11798=DIRECTION('',(1.22464679914735E-16,0.,-1.));
#11799=DIRECTION('',(1.22464679914735E-16,0.,-1.));
#11800=DIRECTION('',(1.22464679914735E-16,0.,-1.));
#11801=DIRECTION('',(1.22464679914735E-16,0.,-1.));
#11802=DIRECTION('',(1.22464679914735E-16,0.,-1.));
#11803=DIRECTION('',(1.22464679914735E-16,0.,-1.));
#11804=DIRECTION('',(1.22464679914735E-16,0.,-1.));
#11805=DIRECTION('',(1.22464679914735E-16,0.,-1.));
#11806=DIRECTION('',(-0.182025615471491,-0.983293788911648,-2.22917087349988E-17));
#11807=DIRECTION('',(-0.983293788911648,0.182025615471491,-1.20418759121212E-16));
#11808=DIRECTION('',(-0.983293788911648,0.182025615471491,-1.20418759121212E-16));
#11809=DIRECTION('',(1.22464679914735E-16,0.,-1.));
#11810=DIRECTION('',(1.22464679914735E-16,0.,-1.));
#11811=DIRECTION('',(1.22464679914735E-16,0.,-1.));
#11812=DIRECTION('',(1.22464679914735E-16,0.,-1.));
#11813=DIRECTION('',(1.22464679914735E-16,0.,-1.));
#11814=DIRECTION('',(1.22464679914735E-16,0.,-1.));
#11815=DIRECTION('',(1.22464679914735E-16,0.,-1.));
#11816=DIRECTION('',(-0.849474287451009,-0.527630017113886,-1.04030596708486E-16));
#11817=DIRECTION('',(-0.527630017113886,0.849474287451009,-6.46160411592584E-17));
#11818=DIRECTION('',(1.22464679914735E-16,0.,-1.));
#11819=DIRECTION('',(-0.527630017113886,0.84947428745101,-6.46160411592584E-17));
#11820=DIRECTION('',(1.22464679914735E-16,0.,-1.));
#11821=DIRECTION('',(0.0382488787177607,0.999268243904926,4.6841366892681E-18));
#11822=DIRECTION('',(0.999268243904926,-0.0382488787177607,1.22375065638776E-16));
#11823=DIRECTION('',(0.999268243904926,-0.0382488787177607,1.22375065638776E-16));
#11824=DIRECTION('',(1.22464679914735E-16,0.,-1.));
#11825=DIRECTION('',(-0.863822273803686,0.503796664618405,-1.05787718264587E-16));
#11826=DIRECTION('',(0.503796664618405,0.863822273803686,6.16972972746042E-17));
#11827=DIRECTION('',(0.503796664618405,0.863822273803686,6.16972972746042E-17));
#11828=DIRECTION('',(1.22464679914735E-16,0.,-1.));
#11829=DIRECTION('',(-0.0288130166899134,-0.999584818846919,-3.52857686630817E-18));
#11830=DIRECTION('',(-0.999584818846919,0.0288130166899134,-1.22413834887717E-16));
#11831=DIRECTION('',(-0.999584818846919,0.0288130166899134,-1.22413834887717E-16));
#11832=DIRECTION('',(1.22464679914735E-16,0.,-1.));
#11833=DIRECTION('',(-0.503796664618407,-0.863822273803685,-6.16972972746045E-17));
#11834=DIRECTION('',(-0.863822273803685,0.503796664618407,-1.05787718264587E-16));
#11835=DIRECTION('',(-0.863822273803685,0.503796664618407,-1.05787718264587E-16));
#11836=DIRECTION('',(1.22464679914735E-16,0.,-1.));
#11837=DIRECTION('',(0.863822273803684,-0.503796664618408,1.05787718264587E-16));
#11838=DIRECTION('',(-0.503796664618408,-0.863822273803684,-6.16972972746046E-17));
#11839=DIRECTION('',(-0.503796664618408,-0.863822273803684,-6.16972972746046E-17));
#11840=DIRECTION('',(1.22464679914735E-16,0.,-1.));
#11841=DIRECTION('',(0.503796664618407,0.863822273803685,6.16972972746045E-17));
#11842=DIRECTION('',(0.863822273803685,-0.503796664618407,1.05787718264587E-16));
#11843=DIRECTION('',(0.863822273803685,-0.503796664618407,1.05787718264587E-16));
#11844=DIRECTION('',(1.22464679914735E-16,0.,-1.));
#11845=DIRECTION('',(0.85346885846596,0.521143845429274,1.04519790569228E-16));
#11846=DIRECTION('',(0.521143845429274,-0.85346885846596,6.38217142200304E-17));
#11847=DIRECTION('',(0.521143845429274,-0.85346885846596,6.38217142200304E-17));
#11848=DIRECTION('',(1.22464679914735E-16,0.,-1.));
#11849=DIRECTION('',(0.863822273803686,-0.503796664618406,1.05787718264587E-16));
#11850=DIRECTION('',(-0.503796664618406,-0.863822273803686,-6.16972972746043E-17));
#11851=DIRECTION('',(1.22464679914735E-16,0.,-1.));
#11852=DIRECTION('',(-0.503796664618406,-0.863822273803686,-6.16972972746043E-17));
#11853=DIRECTION('',(1.22464679914735E-16,0.,-1.));
#11854=DIRECTION('',(0.671329321468522,0.741159188121293,8.2214130471019E-17));
#11855=DIRECTION('',(0.741159188121293,-0.671329321468522,9.07658227391393E-17));
#11856=DIRECTION('',(0.741159188121293,-0.671329321468522,9.07658227391393E-17));
#11857=DIRECTION('',(1.22464679914735E-16,0.,-1.));
#11858=DIRECTION('',(0.863822273803644,-0.503796664618478,1.05787718264582E-16));
#11859=DIRECTION('',(-0.503796664618478,-0.863822273803644,-6.16972972746131E-17));
#11860=DIRECTION('',(-0.503796664618478,-0.863822273803644,-6.16972972746131E-17));
#11861=DIRECTION('',(1.22464679914735E-16,0.,-1.));
#11862=DIRECTION('',(1.22464679914735E-16,0.,-1.));
#11863=DIRECTION('',(1.22464679914735E-16,0.,-1.));
#11864=DIRECTION('',(1.22464679914735E-16,0.,-1.));
#11865=DIRECTION('',(1.22464679914735E-16,0.,-1.));
#11866=DIRECTION('',(1.22464679914735E-16,0.,-1.));
#11867=DIRECTION('',(-0.846894266871483,0.531761319334354,-1.03714635314041E-16));
#11868=DIRECTION('',(0.531761319334354,0.846894266871483,6.5121979763319E-17));
#11869=DIRECTION('',(0.531761319334354,0.846894266871483,6.5121979763319E-17));
#11870=DIRECTION('',(1.22464679914735E-16,0.,-1.));
#11871=DIRECTION('',(0.503796664618403,0.863822273803687,6.1697297274604E-17));
#11872=DIRECTION('',(0.863822273803687,-0.503796664618403,1.05787718264587E-16));
#11873=DIRECTION('',(0.863822273803687,-0.503796664618403,1.05787718264587E-16));
#11874=DIRECTION('',(1.22464679914735E-16,0.,-1.));
#11875=DIRECTION('',(1.22464679914735E-16,0.,-1.));
#11876=DIRECTION('',(1.22464679914735E-16,0.,-1.));
#11877=DIRECTION('',(1.22464679914735E-16,0.,-1.));
#11878=DIRECTION('',(0.790177016003867,0.612878685694995,9.67687753408943E-17));
#11879=DIRECTION('',(0.612878685694995,-0.790177016003867,7.50559920702012E-17));
#11880=DIRECTION('',(0.612878685694995,-0.790177016003867,7.50559920702012E-17));
#11881=DIRECTION('',(1.22464679914735E-16,0.,-1.));
#11882=DIRECTION('',(1.22464679914735E-16,0.,-1.));
#11883=DIRECTION('',(0.62200824604394,-0.783010690765677,0.));
#11884=DIRECTION('',(1.22464679914735E-16,0.,-1.));
#11885=DIRECTION('',(-1.,0.,-1.22464679914735E-16));
#11886=DIRECTION('',(1.22464679914735E-16,0.,-1.));
#11887=DIRECTION('',(1.22464679914735E-16,0.,-1.));
#11888=DIRECTION('',(0.792689397678182,-0.609625720264985,0.));
#11889=DIRECTION('',(1.22464679914735E-16,0.,-1.));
#11890=DIRECTION('',(-1.,0.,-1.22464679914735E-16));
#11891=DIRECTION('',(1.22464679914735E-16,0.,-1.));
#11892=DIRECTION('',(1.22464679914735E-16,0.,-1.));
#11893=DIRECTION('',(1.22464679914735E-16,0.,-1.));
#11894=DIRECTION('',(-0.503796664618407,-0.863822273803685,-6.16972972746045E-17));
#11895=DIRECTION('',(-0.863822273803685,0.503796664618407,-1.05787718264587E-16));
#11896=DIRECTION('',(1.22464679914735E-16,0.,-1.));
#11897=DIRECTION('',(-0.863822273803685,0.503796664618407,-1.05787718264587E-16));
#11898=DIRECTION('',(1.22464679914735E-16,0.,-1.));
#11899=DIRECTION('',(0.863822273803683,-0.503796664618411,1.05787718264587E-16));
#11900=DIRECTION('',(-0.503796664618411,-0.863822273803683,-6.16972972746049E-17));
#11901=DIRECTION('',(-0.503796664618411,-0.863822273803683,-6.16972972746049E-17));
#11902=DIRECTION('',(1.22464679914735E-16,0.,-1.));
#11903=DIRECTION('',(0.503796664618408,0.863822273803685,6.16972972746046E-17));
#11904=DIRECTION('',(0.863822273803685,-0.503796664618408,1.05787718264587E-16));
#11905=DIRECTION('',(0.863822273803685,-0.503796664618408,1.05787718264587E-16));
#11906=DIRECTION('',(1.22464679914735E-16,0.,-1.));
#11907=DIRECTION('',(0.863822273803685,-0.503796664618407,1.05787718264587E-16));
#11908=DIRECTION('',(-0.503796664618407,-0.863822273803685,-6.16972972746045E-17));
#11909=DIRECTION('',(-0.503796664618407,-0.863822273803685,-6.16972972746045E-17));
#11910=DIRECTION('',(1.22464679914735E-16,0.,-1.));
#11911=DIRECTION('',(-0.503796664618408,-0.863822273803685,-6.16972972746046E-17));
#11912=DIRECTION('',(-0.863822273803685,0.503796664618408,-1.05787718264587E-16));
#11913=DIRECTION('',(-0.863822273803685,0.503796664618408,-1.05787718264587E-16));
#11914=DIRECTION('',(1.22464679914735E-16,0.,-1.));
#11915=DIRECTION('',(0.863822273803685,-0.503796664618406,1.05787718264587E-16));
#11916=DIRECTION('',(-0.503796664618406,-0.863822273803685,-6.16972972746044E-17));
#11917=DIRECTION('',(-0.503796664618406,-0.863822273803685,-6.16972972746044E-17));
#11918=DIRECTION('',(1.22464679914735E-16,0.,-1.));
#11919=DIRECTION('',(0.503796664618407,0.863822273803685,6.16972972746045E-17));
#11920=DIRECTION('',(0.863822273803685,-0.503796664618407,1.05787718264587E-16));
#11921=DIRECTION('',(0.863822273803685,-0.503796664618407,1.05787718264587E-16));
#11922=DIRECTION('',(1.22464679914735E-16,0.,-1.));
#11923=DIRECTION('',(-0.863822273803685,0.503796664618406,-1.05787718264587E-16));
#11924=DIRECTION('',(0.503796664618406,0.863822273803685,6.16972972746044E-17));
#11925=DIRECTION('',(0.503796664618406,0.863822273803685,6.16972972746044E-17));
#11926=DIRECTION('',(1.22464679914735E-16,0.,-1.));
#11927=DIRECTION('',(-0.503796664618407,-0.863822273803685,-6.16972972746045E-17));
#11928=DIRECTION('',(-0.863822273803685,0.503796664618407,-1.05787718264587E-16));
#11929=DIRECTION('',(-0.863822273803685,0.503796664618407,-1.05787718264587E-16));
#11930=DIRECTION('',(1.22464679914735E-16,0.,-1.));
#11931=DIRECTION('',(-0.863822273803685,0.503796664618407,-1.05787718264587E-16));
#11932=DIRECTION('',(0.503796664618407,0.863822273803685,6.16972972746045E-17));
#11933=DIRECTION('',(0.503796664618407,0.863822273803685,6.16972972746045E-17));
#11934=DIRECTION('',(1.22464679914735E-16,0.,-1.));
#11935=DIRECTION('',(0.503796664618407,0.863822273803685,6.16972972746045E-17));
#11936=DIRECTION('',(0.863822273803685,-0.503796664618407,1.05787718264587E-16));
#11937=DIRECTION('',(0.863822273803685,-0.503796664618407,1.05787718264587E-16));
#11938=DIRECTION('',(1.22464679914735E-16,0.,-1.));
#11939=DIRECTION('',(0.,1.,0.));
#11940=DIRECTION('',(1.22464679914735E-16,0.,-1.));
#11941=DIRECTION('',(1.22464679914735E-16,0.,-1.));
#11942=DIRECTION('',(1.,0.,1.22464679914735E-16));
#11943=DIRECTION('',(1.22464679914735E-16,0.,-1.));
#11944=DIRECTION('',(-0.93393866241466,0.357433315245117,-1.14374499352607E-16));
#11945=DIRECTION('',(0.357433315245117,0.93393866241466,4.37729565423559E-17));
#11946=DIRECTION('',(0.357433315245117,0.93393866241466,4.37729565423559E-17));
#11947=DIRECTION('',(1.22464679914735E-16,0.,-1.));
#11948=DIRECTION('',(0.,1.,0.));
#11949=DIRECTION('',(1.22464679914735E-16,0.,-1.));
#11950=DIRECTION('',(1.,0.,1.22464679914735E-16));
#11951=DIRECTION('',(1.22464679914735E-16,0.,-1.));
#11952=DIRECTION('',(1.22464679914735E-16,0.,-1.));
#11953=DIRECTION('',(-0.999170132367396,0.0407313955680398,-2.0617246713565E-16));
#11954=DIRECTION('',(1.22464679914735E-16,0.,-1.));
#11955=DIRECTION('',(-1.,0.,-1.22464679914735E-16));
#11956=DIRECTION('',(1.22464679914735E-16,0.,-1.));
#11957=DIRECTION('',(1.,0.,1.22464679914735E-16));
#11958=DIRECTION('',(1.22464679914735E-16,0.,-1.));
#11959=DIRECTION('',(0.,-1.,0.));
#11960=DIRECTION('',(1.22464679914735E-16,0.,-1.));
#11961=DIRECTION('',(0.,1.,0.));
#11962=DIRECTION('',(1.22464679914735E-16,0.,-1.));
#11963=DIRECTION('',(1.,0.,1.22464679914735E-16));
#11964=DIRECTION('',(1.22464679914735E-16,0.,-1.));
#11965=DIRECTION('',(-1.,0.,-1.22464679914735E-16));
#11966=DIRECTION('',(-1.22464679914735E-16,0.,1.));
#11967=DIRECTION('',(0.,1.,0.));
#11968=DIRECTION('',(1.22464679914735E-16,0.,-1.));
#11969=DIRECTION('',(0.,-1.,0.));
#11970=DIRECTION('',(-1.22464679914735E-16,0.,1.));
#11971=DIRECTION('',(-1.,0.,-1.22464679914735E-16));
#11972=DIRECTION('',(1.22464679914735E-16,0.,-1.));
#11973=DIRECTION('',(0.933562487920826,-0.358414677639012,1.14328431263628E-16));
#11974=DIRECTION('',(-0.358414677639012,-0.933562487920826,-4.38931387738046E-17));
#11975=DIRECTION('',(-0.358414677639012,-0.933562487920826,-4.38931387738046E-17));
#11976=DIRECTION('',(1.22464679914735E-16,0.,-1.));
#11977=DIRECTION('',(0.,-1.,0.));
#11978=DIRECTION('',(-1.22464679914735E-16,0.,1.));
#11979=DIRECTION('',(-1.,0.,-1.22464679914735E-16));
#11980=DIRECTION('',(1.22464679914735E-16,0.,-1.));
#11981=DIRECTION('',(-0.932565411220615,-0.361001044035784,-1.14206324584686E-16));
#11982=DIRECTION('',(-0.361001044035784,0.932565411220615,-4.42098773067276E-17));
#11983=DIRECTION('',(-0.361001044035784,0.932565411220615,-4.42098773067276E-17));
#11984=DIRECTION('',(1.22464679914735E-16,0.,-1.));
#11985=DIRECTION('',(0.,-1.,0.));
#11986=DIRECTION('',(-1.22464679914735E-16,0.,1.));
#11987=DIRECTION('',(-1.,0.,-1.22464679914735E-16));
#11988=DIRECTION('',(1.22464679914735E-16,0.,-1.));
#11989=DIRECTION('',(1.,0.,1.22464679914735E-16));
#11990=DIRECTION('',(1.22464679914735E-16,0.,-1.));
#11991=DIRECTION('',(0.,-1.,0.));
#11992=DIRECTION('',(1.22464679914735E-16,0.,-1.));
#11993=DIRECTION('',(0.,1.,0.));
#11994=DIRECTION('',(1.22464679914735E-16,0.,-1.));
#11995=DIRECTION('',(1.,0.,1.22464679914735E-16));
#11996=DIRECTION('',(1.22464679914735E-16,0.,-1.));
#11997=DIRECTION('',(-1.,0.,-1.22464679914735E-16));
#11998=DIRECTION('',(-1.22464679914735E-16,0.,1.));
#11999=DIRECTION('',(0.,1.,0.));
#12000=DIRECTION('',(1.22464679914735E-16,0.,-1.));
#12001=DIRECTION('',(1.22464679914735E-16,0.,-1.));
#12002=DIRECTION('',(0.999239931362856,0.0389815285738543,1.77582462195102E-16));
#12003=DIRECTION('',(1.22464679914735E-16,0.,-1.));
#12004=DIRECTION('',(-1.,0.,-1.22464679914735E-16));
#12005=DIRECTION('',(1.22464679914735E-16,0.,-1.));
#12006=DIRECTION('',(0.,1.,0.));
#12007=DIRECTION('',(1.22464679914735E-16,0.,-1.));
#12008=DIRECTION('',(1.,0.,1.22464679914735E-16));
#12009=DIRECTION('',(1.22464679914735E-16,0.,-1.));
#12010=DIRECTION('',(0.,-1.,0.));
#12011=DIRECTION('',(-1.22464679914735E-16,0.,1.));
#12012=DIRECTION('',(1.22464679914735E-16,0.,-1.));
#12013=DIRECTION('',(-1.,0.,-1.22464679914735E-16));
#12014=DIRECTION('',(1.22464679914735E-16,0.,-1.));
#12015=DIRECTION('',(1.,0.,1.22464679914735E-16));
#12016=DIRECTION('',(1.22464679914735E-16,0.,-1.));
#12017=DIRECTION('',(0.,-1.,0.));
#12018=DIRECTION('',(1.22464679914735E-16,0.,-1.));
#12019=DIRECTION('',(1.22464679914735E-16,0.,-1.));
#12020=DIRECTION('',(1.22464679914735E-16,0.,-1.));
#12021=DIRECTION('',(1.22464679914735E-16,0.,-1.));
#12022=DIRECTION('',(1.22464679914735E-16,0.,-1.));
#12023=DIRECTION('',(-1.,0.,-1.22464679914735E-16));
#12024=DIRECTION('',(-1.22464679914735E-16,0.,1.));
#12025=DIRECTION('',(0.,1.,0.));
#12026=DIRECTION('',(1.22464679914735E-16,0.,-1.));
#12027=DIRECTION('',(0.,-1.,0.));
#12028=DIRECTION('',(-1.22464679914735E-16,0.,1.));
#12029=DIRECTION('',(-1.,0.,-1.22464679914735E-16));
#12030=DIRECTION('',(1.22464679914735E-16,0.,-1.));
#12031=DIRECTION('',(1.,0.,1.22464679914735E-16));
#12032=DIRECTION('',(1.22464679914735E-16,0.,-1.));
#12033=DIRECTION('',(0.,-1.,0.));
#12034=DIRECTION('',(1.22464679914735E-16,0.,-1.));
#12035=DIRECTION('',(1.22464679914735E-16,0.,-1.));
#12036=DIRECTION('',(1.22464679914735E-16,0.,-1.));
#12037=DIRECTION('',(1.22464679914735E-16,0.,-1.));
#12038=DIRECTION('',(1.22464679914735E-16,0.,-1.));
#12039=DIRECTION('',(0.883740873807311,-0.467976567749168,1.08227043238381E-16));
#12040=DIRECTION('',(-0.467976567749168,-0.883740873807311,-5.73106005769983E-17));
#12041=DIRECTION('',(1.22464679914735E-16,0.,-1.));
#12042=DIRECTION('',(-0.467976567749168,-0.883740873807311,-5.73106005769983E-17));
#12043=DIRECTION('',(1.22464679914735E-16,0.,-1.));
#12044=DIRECTION('',(-0.88245982411317,-0.470387774953977,-1.08070159897633E-16));
#12045=DIRECTION('',(-0.470387774953977,0.88245982411317,-5.76058882955434E-17));
#12046=DIRECTION('',(-0.470387774953977,0.88245982411317,-5.76058882955434E-17));
#12047=DIRECTION('',(1.22464679914735E-16,0.,-1.));
#12048=DIRECTION('',(0.,-1.,0.));
#12049=DIRECTION('',(-1.22464679914735E-16,0.,1.));
#12050=DIRECTION('',(-1.,0.,-1.22464679914735E-16));
#12051=DIRECTION('',(1.22464679914735E-16,0.,-1.));
#12052=DIRECTION('',(0.877979532781963,0.478698172146047,1.07521482453832E-16));
#12053=DIRECTION('',(0.478698172146047,-0.877979532781963,5.86236184276345E-17));
#12054=DIRECTION('',(0.478698172146047,-0.877979532781963,5.86236184276345E-17));
#12055=DIRECTION('',(1.22464679914735E-16,0.,-1.));
#12056=DIRECTION('',(1.,0.,1.22464679914735E-16));
#12057=DIRECTION('',(1.22464679914735E-16,0.,-1.));
#12058=DIRECTION('',(0.,-1.,0.));
#12059=DIRECTION('',(1.22464679914735E-16,0.,-1.));
#12060=DIRECTION('',(0.,1.,0.));
#12061=DIRECTION('',(1.22464679914735E-16,0.,-1.));
#12062=DIRECTION('',(1.,0.,1.22464679914735E-16));
#12063=DIRECTION('',(1.22464679914735E-16,0.,-1.));
#12064=DIRECTION('',(-1.,0.,-1.22464679914735E-16));
#12065=DIRECTION('',(-1.22464679914735E-16,0.,1.));
#12066=DIRECTION('',(0.,1.,0.));
#12067=DIRECTION('',(1.22464679914735E-16,0.,-1.));
#12068=DIRECTION('',(-0.880150425788342,0.474694878827021,-1.07787340170987E-16));
#12069=DIRECTION('',(0.474694878827021,0.880150425788342,5.81333563927152E-17));
#12070=DIRECTION('',(0.474694878827021,0.880150425788342,5.81333563927152E-17));
#12071=DIRECTION('',(1.22464679914735E-16,0.,-1.));
#12072=DIRECTION('',(1.,0.,1.22464679914735E-16));
#12073=DIRECTION('',(1.22464679914735E-16,0.,-1.));
#12074=DIRECTION('',(1.22464679914735E-16,0.,-1.));
#12075=DIRECTION('',(0.,-1.,0.));
#12076=DIRECTION('',(1.22464679914735E-16,0.,-1.));
#12077=DIRECTION('',(0.,-1.,0.));
#12078=DIRECTION('',(-1.22464679914735E-16,0.,1.));
#12079=DIRECTION('',(-1.,0.,-1.22464679914735E-16));
#12080=DIRECTION('',(1.22464679914735E-16,0.,-1.));
#12081=DIRECTION('',(1.,0.,1.22464679914735E-16));
#12082=DIRECTION('',(1.22464679914735E-16,0.,-1.));
#12083=DIRECTION('',(0.,-1.,0.));
#12084=DIRECTION('',(1.22464679914735E-16,0.,-1.));
#12085=DIRECTION('',(0.,1.,0.));
#12086=DIRECTION('',(1.22464679914735E-16,0.,-1.));
#12087=DIRECTION('',(1.,0.,1.22464679914735E-16));
#12088=DIRECTION('',(1.22464679914735E-16,0.,-1.));
#12089=DIRECTION('',(1.,0.,1.22464679914735E-16));
#12090=DIRECTION('',(1.22464679914735E-16,0.,-1.));
#12091=DIRECTION('',(0.,-1.,0.));
#12092=DIRECTION('',(1.22464679914735E-16,0.,-1.));
#12093=DIRECTION('',(0.,1.,0.));
#12094=DIRECTION('',(1.22464679914735E-16,0.,-1.));
#12095=DIRECTION('',(1.,0.,1.22464679914735E-16));
#12096=DIRECTION('',(1.22464679914735E-16,0.,-1.));
#12097=DIRECTION('',(-1.,0.,-1.22464679914735E-16));
#12098=DIRECTION('',(-1.22464679914735E-16,0.,1.));
#12099=DIRECTION('',(0.,1.,0.));
#12100=DIRECTION('',(1.22464679914735E-16,0.,-1.));
#12101=DIRECTION('',(0.,1.,0.));
#12102=DIRECTION('',(1.22464679914735E-16,0.,-1.));
#12103=DIRECTION('',(1.,0.,1.22464679914735E-16));
#12104=DIRECTION('',(1.22464679914735E-16,0.,-1.));
#12105=DIRECTION('',(-1.,0.,-1.22464679914735E-16));
#12106=DIRECTION('',(-1.22464679914735E-16,0.,1.));
#12107=DIRECTION('',(0.,1.,0.));
#12108=DIRECTION('',(1.22464679914735E-16,0.,-1.));
#12109=DIRECTION('',(0.,-1.,0.));
#12110=DIRECTION('',(-1.22464679914735E-16,0.,1.));
#12111=DIRECTION('',(-1.,0.,-1.22464679914735E-16));
#12112=DIRECTION('',(1.22464679914735E-16,0.,-1.));
#12113=DIRECTION('',(-1.,0.,-1.22464679914735E-16));
#12114=DIRECTION('',(-1.22464679914735E-16,0.,1.));
#12115=DIRECTION('',(0.,1.,0.));
#12116=DIRECTION('',(1.22464679914735E-16,0.,-1.));
#12117=DIRECTION('',(1.,0.,1.22464679914735E-16));
#12118=DIRECTION('',(1.22464679914735E-16,0.,-1.));
#12119=DIRECTION('',(1.22464679914735E-16,0.,-1.));
#12120=DIRECTION('',(0.,-1.,0.));
#12121=DIRECTION('',(1.22464679914735E-16,0.,-1.));
#12122=DIRECTION('',(0.,1.,0.));
#12123=DIRECTION('',(1.22464679914735E-16,0.,-1.));
#12124=DIRECTION('',(1.,0.,1.22464679914735E-16));
#12125=DIRECTION('',(1.22464679914735E-16,0.,-1.));
#12126=DIRECTION('',(-1.,0.,-1.22464679914735E-16));
#12127=DIRECTION('',(-1.22464679914735E-16,0.,1.));
#12128=DIRECTION('',(0.,1.,0.));
#12129=DIRECTION('',(1.22464679914735E-16,0.,-1.));
#12130=DIRECTION('',(0.,1.,0.));
#12131=DIRECTION('',(1.22464679914735E-16,0.,-1.));
#12132=DIRECTION('',(1.,0.,1.22464679914735E-16));
#12133=DIRECTION('',(1.22464679914735E-16,0.,-1.));
#12134=DIRECTION('',(-1.,0.,-1.22464679914735E-16));
#12135=DIRECTION('',(-1.22464679914735E-16,0.,1.));
#12136=DIRECTION('',(0.,1.,0.));
#12137=DIRECTION('',(1.22464679914735E-16,0.,-1.));
#12138=DIRECTION('',(0.,-1.,0.));
#12139=DIRECTION('',(-1.22464679914735E-16,0.,1.));
#12140=DIRECTION('',(-1.,0.,-1.22464679914735E-16));
#12141=DIRECTION('',(1.22464679914735E-16,0.,-1.));
#12142=DIRECTION('',(1.,0.,1.22464679914735E-16));
#12143=DIRECTION('',(1.22464679914735E-16,0.,-1.));
#12144=DIRECTION('',(0.,-1.,0.));
#12145=DIRECTION('',(1.22464679914735E-16,0.,-1.));
#12146=DIRECTION('',(0.,1.,0.));
#12147=DIRECTION('',(1.22464679914735E-16,0.,-1.));
#12148=DIRECTION('',(1.22464679914735E-16,0.,-1.));
#12149=DIRECTION('',(1.,0.,1.22464679914735E-16));
#12150=DIRECTION('',(1.22464679914735E-16,0.,-1.));
#12151=DIRECTION('',(-1.,0.,-1.22464679914735E-16));
#12152=DIRECTION('',(-1.22464679914735E-16,0.,1.));
#12153=DIRECTION('',(0.,1.,0.));
#12154=DIRECTION('',(1.22464679914735E-16,0.,-1.));
#12155=DIRECTION('',(0.,-1.,0.));
#12156=DIRECTION('',(-1.22464679914735E-16,0.,1.));
#12157=DIRECTION('',(-1.,0.,-1.22464679914735E-16));
#12158=DIRECTION('',(1.22464679914735E-16,0.,-1.));
#12159=DIRECTION('',(1.,0.,1.22464679914735E-16));
#12160=DIRECTION('',(1.22464679914735E-16,0.,-1.));
#12161=DIRECTION('',(0.,-1.,0.));
#12162=DIRECTION('',(1.22464679914735E-16,0.,-1.));
#12163=DIRECTION('',(0.,-1.,0.));
#12164=DIRECTION('',(-1.22464679914735E-16,0.,1.));
#12165=DIRECTION('',(-1.,0.,-1.22464679914735E-16));
#12166=DIRECTION('',(1.22464679914735E-16,0.,-1.));
#12167=DIRECTION('',(0.,1.,0.));
#12168=DIRECTION('',(1.22464679914735E-16,0.,-1.));
#12169=DIRECTION('',(1.22464679914735E-16,0.,-1.));
#12170=DIRECTION('',(1.,0.,1.22464679914735E-16));
#12171=DIRECTION('',(1.22464679914735E-16,0.,-1.));
#12172=DIRECTION('',(1.,0.,1.22464679914735E-16));
#12173=DIRECTION('',(1.22464679914735E-16,0.,-1.));
#12174=DIRECTION('',(0.,-1.,0.));
#12175=DIRECTION('',(1.22464679914735E-16,0.,-1.));
#12176=DIRECTION('',(0.,1.,0.));
#12177=DIRECTION('',(1.22464679914735E-16,0.,-1.));
#12178=DIRECTION('',(1.,0.,1.22464679914735E-16));
#12179=DIRECTION('',(1.22464679914735E-16,0.,-1.));
#12180=DIRECTION('',(-1.,0.,-1.22464679914735E-16));
#12181=DIRECTION('',(-1.22464679914735E-16,0.,1.));
#12182=DIRECTION('',(0.,1.,0.));
#12183=DIRECTION('',(1.22464679914735E-16,0.,-1.));
#12184=DIRECTION('',(0.,-1.,0.));
#12185=DIRECTION('',(-1.22464679914735E-16,0.,1.));
#12186=DIRECTION('',(-1.,0.,-1.22464679914735E-16));
#12187=DIRECTION('',(1.22464679914735E-16,0.,-1.));
#12188=DIRECTION('',(1.22464679914735E-16,0.,-1.));
#12189=DIRECTION('',(1.22464679914735E-16,0.,-1.));
#12190=DIRECTION('',(1.22464679914735E-16,0.,-1.));
#12191=DIRECTION('',(0.855796361957146,-0.517312852015986,1.04804827539277E-16));
#12192=DIRECTION('',(-0.517312852015986,-0.855796361957146,-6.33525528379166E-17));
#12193=DIRECTION('',(-0.517312852015986,-0.855796361957146,-6.33525528379166E-17));
#12194=DIRECTION('',(1.22464679914735E-16,0.,-1.));
#12195=DIRECTION('',(0.,1.,0.));
#12196=DIRECTION('',(1.22464679914735E-16,0.,-1.));
#12197=DIRECTION('',(1.,0.,1.22464679914735E-16));
#12198=DIRECTION('',(1.22464679914735E-16,0.,-1.));
#12199=DIRECTION('',(1.,0.,1.22464679914735E-16));
#12200=DIRECTION('',(1.22464679914735E-16,0.,-1.));
#12201=DIRECTION('',(1.22464679914735E-16,0.,-1.));
#12202=DIRECTION('',(0.,-1.,0.));
#12203=DIRECTION('',(1.22464679914735E-16,0.,-1.));
#12204=DIRECTION('',(0.,1.,0.));
#12205=DIRECTION('',(1.22464679914735E-16,0.,-1.));
#12206=DIRECTION('',(1.,0.,1.22464679914735E-16));
#12207=DIRECTION('',(1.22464679914735E-16,0.,-1.));
#12208=DIRECTION('',(-1.,0.,-1.22464679914735E-16));
#12209=DIRECTION('',(-1.22464679914735E-16,0.,1.));
#12210=DIRECTION('',(0.,1.,0.));
#12211=DIRECTION('',(1.22464679914735E-16,0.,-1.));
#12212=DIRECTION('',(0.,1.,0.));
#12213=DIRECTION('',(1.22464679914735E-16,0.,-1.));
#12214=DIRECTION('',(1.,0.,1.22464679914735E-16));
#12215=DIRECTION('',(1.22464679914735E-16,0.,-1.));
#12216=DIRECTION('',(-1.,0.,-1.22464679914735E-16));
#12217=DIRECTION('',(-1.22464679914735E-16,0.,1.));
#12218=DIRECTION('',(0.,1.,0.));
#12219=DIRECTION('',(1.22464679914735E-16,0.,-1.));
#12220=DIRECTION('',(0.,-1.,0.));
#12221=DIRECTION('',(-1.22464679914735E-16,0.,1.));
#12222=DIRECTION('',(-1.,0.,-1.22464679914735E-16));
#12223=DIRECTION('',(1.22464679914735E-16,0.,-1.));
#12224=DIRECTION('',(1.,0.,1.22464679914735E-16));
#12225=DIRECTION('',(1.22464679914735E-16,0.,-1.));
#12226=DIRECTION('',(0.,-1.,0.));
#12227=DIRECTION('',(1.22464679914735E-16,0.,-1.));
#12228=DIRECTION('',(1.22464679914735E-16,0.,-1.));
#12229=DIRECTION('',(1.22464679914735E-16,0.,-1.));
#12230=DIRECTION('',(1.22464679914735E-16,0.,-1.));
#12231=DIRECTION('',(1.22464679914735E-16,0.,-1.));
#12232=DIRECTION('',(1.22464679914735E-16,0.,-1.));
#12233=DIRECTION('',(1.22464679914735E-16,0.,-1.));
#12234=DIRECTION('',(1.22464679914735E-16,0.,-1.));
#12235=DIRECTION('',(1.,0.,1.22464679914735E-16));
#12236=DIRECTION('',(1.22464679914735E-16,0.,-1.));
#12237=DIRECTION('',(0.,-1.,0.));
#12238=DIRECTION('',(1.22464679914735E-16,0.,-1.));
#12239=DIRECTION('',(1.22464679914735E-16,0.,-1.));
#12240=DIRECTION('',(1.22464679914735E-16,0.,-1.));
#12241=DIRECTION('',(1.22464679914735E-16,0.,-1.));
#12242=DIRECTION('',(1.22464679914735E-16,0.,-1.));
#12243=DIRECTION('',(1.22464679914735E-16,0.,-1.));
#12244=DIRECTION('',(1.22464679914735E-16,0.,-1.));
#12245=DIRECTION('',(1.22464679914735E-16,0.,-1.));
#12246=DIRECTION('',(1.,0.,1.22464679914735E-16));
#12247=DIRECTION('',(1.22464679914735E-16,0.,-1.));
#12248=DIRECTION('',(0.,-1.,0.));
#12249=DIRECTION('',(0.,-1.,0.));
#12250=DIRECTION('',(-1.22464679914735E-16,0.,1.));
#12251=DIRECTION('',(-1.,0.,-1.22464679914735E-16));
#12252=DIRECTION('',(0.931125953544725,-0.364697763408864,1.14030041861157E-16));
#12253=DIRECTION('',(-0.364697763408864,-0.931125953544724,-4.46625948614864E-17));
#12254=DIRECTION('',(-0.364697763408864,-0.931125953544725,-4.46625948614864E-17));
#12255=DIRECTION('',(-0.503796664618406,-0.863822273803686,-6.16972972746044E-17));
#12256=DIRECTION('',(-0.863822273803686,0.503796664618406,-1.05787718264587E-16));
#12257=DIRECTION('',(-0.863822273803686,0.503796664618406,-1.05787718264587E-16));
#12258=DIRECTION('',(1.22464679914735E-16,0.,-1.));
#12259=DIRECTION('',(0.465679498419046,0.884953447788179,0.));
#12260=DIRECTION('',(1.22464679914735E-16,0.,-1.));
#12261=DIRECTION('',(-1.,0.,-1.22464679914735E-16));
#12262=DIRECTION('',(-0.0695615279340503,-0.997577663057609,-8.51883025282339E-18));
#12263=DIRECTION('',(-0.997577663057609,0.0695615279340503,-1.2216802919644E-16));
#12264=DIRECTION('',(-0.997577663057609,0.0695615279340503,-1.2216802919644E-16));
#12265=DIRECTION('',(-0.863822273803684,0.503796664618408,-1.05787718264587E-16));
#12266=DIRECTION('',(0.503796664618408,0.863822273803684,6.16972972746046E-17));
#12267=DIRECTION('',(0.503796664618408,0.863822273803684,6.16972972746046E-17));
#12268=DIRECTION('',(0.503796664618407,0.863822273803685,6.16972972746045E-17));
#12269=DIRECTION('',(0.863822273803685,-0.503796664618407,1.05787718264587E-16));
#12270=DIRECTION('',(0.863822273803685,-0.503796664618407,1.05787718264587E-16));
#12271=DIRECTION('',(-0.863822273803699,0.503796664618382,-1.05787718264589E-16));
#12272=DIRECTION('',(0.503796664618382,0.8638222738037,6.16972972746015E-17));
#12273=DIRECTION('',(0.503796664618382,0.863822273803699,6.16972972746015E-17));
#12274=DIRECTION('',(-0.5,0.866025403784438,-6.12323399573678E-17));
#12275=DIRECTION('',(0.866025403784438,0.5,1.06057523872491E-16));
#12276=DIRECTION('',(0.866025403784438,0.5,1.06057523872491E-16));
#12277=DIRECTION('',(-0.866025403784438,-0.5,-1.06057523872491E-16));
#12278=DIRECTION('',(-0.5,0.866025403784438,-6.12323399573678E-17));
#12279=DIRECTION('',(-0.5,0.866025403784438,-6.12323399573678E-17));
#12280=DIRECTION('',(0.866025403784437,0.5,1.0605752387249E-16));
#12281=DIRECTION('',(0.5,-0.866025403784437,6.1232339957368E-17));
#12282=DIRECTION('',(0.5,-0.866025403784437,6.1232339957368E-17));
#12283=DIRECTION('',(1.22464679914735E-16,0.,-1.));
#12284=DIRECTION('',(0.634750008848336,0.772717559181256,0.));
#12285=DIRECTION('',(1.22464679914735E-16,0.,-1.));
#12286=DIRECTION('',(-1.,0.,-1.22464679914735E-16));
#12287=DIRECTION('',(1.22464679914735E-16,0.,-1.));
#12288=DIRECTION('',(-1.,0.,-1.22464679914735E-16));
#12289=DIRECTION('',(1.22464679914735E-16,0.,-1.));
#12290=DIRECTION('',(-1.,0.,-1.22464679914735E-16));
#12291=DIRECTION('',(1.22464679914735E-16,0.,-1.));
#12292=DIRECTION('',(-1.,0.,-1.22464679914735E-16));
#12293=DIRECTION('',(1.22464679914735E-16,0.,-1.));
#12294=DIRECTION('',(-1.,0.,-1.22464679914735E-16));
#12295=DIRECTION('',(1.22464679914735E-16,0.,-1.));
#12296=DIRECTION('',(-1.,0.,-1.22464679914735E-16));
#12297=DIRECTION('',(1.22464679914735E-16,0.,-1.));
#12298=DIRECTION('',(-1.,0.,-1.22464679914735E-16));
#12299=DIRECTION('',(-0.866025403784437,-0.5,-1.0605752387249E-16));
#12300=DIRECTION('',(-0.5,0.866025403784438,-6.1232339957368E-17));
#12301=DIRECTION('',(-0.5,0.866025403784437,-6.1232339957368E-17));
#12302=DIRECTION('',(0.866025403784439,0.5,1.06057523872491E-16));
#12303=DIRECTION('',(0.5,-0.866025403784439,6.12323399573676E-17));
#12304=DIRECTION('',(0.5,-0.866025403784439,6.12323399573676E-17));
#12305=DIRECTION('',(1.22464679914735E-16,0.,-1.));
#12306=DIRECTION('',(0.619606341363768,0.784912722372243,0.));
#12307=DIRECTION('',(1.22464679914735E-16,0.,-1.));
#12308=DIRECTION('',(-1.,0.,-1.22464679914735E-16));
#12309=DIRECTION('',(0.866025403784439,0.5,1.06057523872491E-16));
#12310=DIRECTION('',(0.5,-0.866025403784439,6.12323399573677E-17));
#12311=DIRECTION('',(0.5,-0.866025403784439,6.12323399573677E-17));
#12312=DIRECTION('',(0.5,-0.866025403784438,6.12323399573678E-17));
#12313=DIRECTION('',(-0.866025403784438,-0.5,-1.06057523872491E-16));
#12314=DIRECTION('',(-0.866025403784438,-0.5,-1.06057523872491E-16));
#12315=DIRECTION('',(1.22464679914735E-16,0.,-1.));
#12316=DIRECTION('',(0.977924996410575,0.208956218848298,0.));
#12317=DIRECTION('',(1.22464679914735E-16,0.,-1.));
#12318=DIRECTION('',(-1.,0.,-1.22464679914735E-16));
#12319=DIRECTION('',(1.22464679914735E-16,0.,-1.));
#12320=DIRECTION('',(0.537259833364396,-0.843416783952787,0.));
#12321=DIRECTION('',(1.22464679914735E-16,0.,-1.));
#12322=DIRECTION('',(-1.,0.,-1.22464679914735E-16));
#12323=DIRECTION('',(-0.866025403784438,-0.5,-1.06057523872491E-16));
#12324=DIRECTION('',(-0.5,0.866025403784438,-6.12323399573678E-17));
#12325=DIRECTION('',(-0.5,0.866025403784438,-6.12323399573678E-17));
#12326=DIRECTION('',(-0.863822273803685,0.503796664618408,-1.05787718264587E-16));
#12327=DIRECTION('',(0.503796664618408,0.863822273803685,6.16972972746046E-17));
#12328=DIRECTION('',(0.503796664618408,0.863822273803685,6.16972972746046E-17));
#12329=DIRECTION('',(-0.863822273803685,0.503796664618407,-1.05787718264587E-16));
#12330=DIRECTION('',(0.503796664618407,0.863822273803685,6.16972972746045E-17));
#12331=DIRECTION('',(0.503796664618407,0.863822273803685,6.16972972746045E-17));
#12332=DIRECTION('',(-0.503796664618406,-0.863822273803685,-6.16972972746044E-17));
#12333=DIRECTION('',(-0.863822273803685,0.503796664618406,-1.05787718264587E-16));
#12334=DIRECTION('',(-0.863822273803685,0.503796664618406,-1.05787718264587E-16));
#12335=DIRECTION('',(-0.863822273803685,0.503796664618406,-1.05787718264587E-16));
#12336=DIRECTION('',(0.503796664618406,0.863822273803685,6.16972972746044E-17));
#12337=DIRECTION('',(0.503796664618406,0.863822273803685,6.16972972746044E-17));
#12338=DIRECTION('',(0.932755833182323,0.360508745614237,1.14229644549275E-16));
#12339=DIRECTION('',(0.360508745614237,-0.932755833182323,4.41495881381102E-17));
#12340=DIRECTION('',(0.360508745614237,-0.932755833182323,4.41495881381102E-17));
#12341=DIRECTION('',(-1.,0.,-1.22464679914735E-16));
#12342=DIRECTION('',(-1.22464679914735E-16,0.,1.));
#12343=DIRECTION('',(0.,1.,0.));
#12344=DIRECTION('',(0.,-1.,0.));
#12345=DIRECTION('',(-1.22464679914735E-16,0.,1.));
#12346=DIRECTION('',(-1.,0.,-1.22464679914735E-16));
#12347=DIRECTION('',(0.,-1.,0.));
#12348=DIRECTION('',(-1.22464679914735E-16,0.,1.));
#12349=DIRECTION('',(-1.,0.,-1.22464679914735E-16));
#12350=DIRECTION('',(0.,1.,0.));
#12351=DIRECTION('',(1.22464679914735E-16,0.,-1.));
#12352=DIRECTION('',(1.,0.,1.22464679914735E-16));
#12353=DIRECTION('',(1.,0.,1.22464679914735E-16));
#12354=DIRECTION('',(1.22464679914735E-16,0.,-1.));
#12355=DIRECTION('',(0.,-1.,0.));
#12356=DIRECTION('',(-0.864240471731269,0.503078927228833,-1.0583893273993E-16));
#12357=DIRECTION('',(0.503078927228833,0.864240471731269,6.16093997949275E-17));
#12358=DIRECTION('',(0.503078927228833,0.864240471731269,6.16093997949275E-17));
#12359=DIRECTION('',(0.,1.,0.));
#12360=DIRECTION('',(1.22464679914735E-16,0.,-1.));
#12361=DIRECTION('',(1.,0.,1.22464679914735E-16));
#12362=DIRECTION('',(0.896774670957122,0.442487502117004,1.09823223034406E-16));
#12363=DIRECTION('',(0.442487502117004,-0.896774670957122,5.41890903130297E-17));
#12364=DIRECTION('',(0.442487502117004,-0.896774670957122,5.41890903130297E-17));
#12365=DIRECTION('',(1.22464679914735E-16,0.,-1.));
#12366=DIRECTION('',(-1.,0.,-1.22464679914735E-16));
#12367=DIRECTION('',(1.22464679914735E-16,0.,-1.));
#12368=DIRECTION('',(-1.,0.,-1.22464679914735E-16));
#12369=DIRECTION('',(1.22464679914735E-16,0.,-1.));
#12370=DIRECTION('',(-1.,0.,-1.22464679914735E-16));
#12371=DIRECTION('',(1.22464679914735E-16,0.,-1.));
#12372=DIRECTION('',(-1.,0.,-1.22464679914735E-16));
#12373=DIRECTION('',(0.0690613883274193,0.0398726111414447,-0.996815278536125));
#12374=DIRECTION('',(-1.22074664020044E-16,0.0797452222828895,0.996815278536125));
#12375=DIRECTION('',(9.76597312160357E-18,0.996815278536125,-0.0797452222828902));
#12376=DIRECTION('',(-1.,0.,-1.22464679914735E-16));
#12377=DIRECTION('',(-1.22074664020044E-16,0.0797452222828902,0.996815278536125));
#12378=DIRECTION('',(-0.863267354092745,-0.498407639268063,-0.07974522228289));
#12379=DIRECTION('',(0.5,-0.866025403784439,6.12323399573677E-17));
#12380=DIRECTION('',(0.0690613883274195,0.0398726111414451,-0.996815278536125));
#12381=DIRECTION('',(1.22464679914735E-16,0.,-1.));
#12382=DIRECTION('',(-1.,0.,-1.22464679914735E-16));
#12383=DIRECTION('',(0.0690613883274197,-0.0398726111414447,0.996815278536125));
#12384=DIRECTION('',(1.22464679914735E-16,0.,-1.));
#12385=DIRECTION('',(-1.,0.,-1.22464679914735E-16));
#12386=DIRECTION('',(-0.0690613883274194,0.0398726111414447,-0.996815278536125));
#12387=DIRECTION('',(0.863267354092746,-0.498407639268062,-0.0797452222828894));
#12388=DIRECTION('',(0.5,0.866025403784439,6.12323399573676E-17));
#12389=DIRECTION('',(1.22464679914735E-16,0.,-1.));
#12390=DIRECTION('',(-1.,0.,-1.22464679914735E-16));
#12391=DIRECTION('',(1.22464679914735E-16,0.,-1.));
#12392=DIRECTION('',(-1.,0.,-1.22464679914735E-16));
#12393=DIRECTION('',(1.22464679914735E-16,0.,-1.));
#12394=DIRECTION('',(-1.,0.,-1.22464679914735E-16));
#12395=DIRECTION('',(0.499600479360894,0.865333413738836,-0.0399680383488717));
#12396=DIRECTION('',(-0.866025403784439,0.5,-1.06057523872491E-16));
#12397=DIRECTION('',(-0.999200958721789,0.,0.0399680383488714));
#12398=DIRECTION('',(0.,1.,0.));
#12399=DIRECTION('',(0.499600479360894,0.865333413738836,0.0399680383488717));
#12400=DIRECTION('',(0.866025403784439,-0.5,1.06057523872491E-16));
#12401=DIRECTION('',(0.499600479360895,-0.865333413738836,-0.0399680383488716));
#12402=DIRECTION('',(0.866025403784439,0.5,1.06057523872491E-16));
#12403=DIRECTION('',(-0.999200958721789,0.,-0.0399680383488717));
#12404=DIRECTION('',(0.,-1.,0.));
#12405=DIRECTION('',(0.499600479360895,-0.865333413738836,0.0399680383488715));
#12406=DIRECTION('',(-0.866025403784439,-0.5,-1.06057523872491E-16));
#12407=CARTESIAN_POINT('',(0.,0.,0.));
#12408=CARTESIAN_POINT('',(0.0295980023064587,-0.0167731097895156,0.0168));
#12409=CARTESIAN_POINT('',(0.00747899538708234,0.0215381340078118,0.0168));
#12410=CARTESIAN_POINT('',(0.00747899538708234,0.0215381340078118,0.02));
#12411=CARTESIAN_POINT('',(0.00747899538708234,0.0215381340078118,0.0268));
#12412=CARTESIAN_POINT('',(0.0295980023064587,-0.0167731097895156,0.0268));
#12413=CARTESIAN_POINT('',(0.0369710046129176,-0.0295435243886248,0.0268));
#12414=CARTESIAN_POINT('',(0.0369710046129176,-0.0295435243886248,0.0168));
#12415=CARTESIAN_POINT('',(0.0369710046129176,-0.0295435243886248,0.02));
#12416=CARTESIAN_POINT('',(0.0295980023064587,-0.0167731097895156,0.02));
#12417=CARTESIAN_POINT('',(0.0294920092258351,-0.0338615243886248,0.0168));
#12418=CARTESIAN_POINT('',(0.0294920092258351,-0.0338615243886248,0.0268));
#12419=CARTESIAN_POINT('',(0.0294920092258351,-0.0424975243886248,0.0268));
#12420=CARTESIAN_POINT('',(0.0294920092258351,-0.0424975243886248,0.0168));
#12421=CARTESIAN_POINT('',(0.0294920092258351,-0.0424975243886248,0.02));
#12422=CARTESIAN_POINT('',(0.0294920092258351,-0.0338615243886248,0.02));
#12423=CARTESIAN_POINT('',(0.0147460046129175,-0.0424975243886248,0.0168));
#12424=CARTESIAN_POINT('',(0.0147460046129175,-0.0424975243886248,0.0268));
#12425=CARTESIAN_POINT('',(-0.0294920092258352,-0.0424975243886248,0.0268));
#12426=CARTESIAN_POINT('',(-0.0294920092258352,-0.0424975243886248,0.0168));
#12427=CARTESIAN_POINT('',(-0.0294920092258352,-0.0424975243886248,0.02));
#12428=CARTESIAN_POINT('',(0.0147460046129175,-0.0424975243886248,0.02));
#12429=CARTESIAN_POINT('',(-0.0148519976935413,0.00876771940870266,0.0168));
#12430=CARTESIAN_POINT('',(-0.0369710046129176,-0.0295435243886248,0.0168));
#12431=CARTESIAN_POINT('',(-0.0369710046129176,-0.0295435243886248,0.02));
#12432=CARTESIAN_POINT('',(-0.0369710046129176,-0.0295435243886248,0.0268));
#12433=CARTESIAN_POINT('',(-0.0148519976935413,0.00876771940870266,0.0268));
#12434=CARTESIAN_POINT('',(-0.00747899538708248,0.0215381340078118,0.0268));
#12435=CARTESIAN_POINT('',(-0.00747899538708248,0.0215381340078118,0.0168));
#12436=CARTESIAN_POINT('',(-0.00747899538708248,0.0215381340078118,0.02));
#12437=CARTESIAN_POINT('',(-0.0148519976935413,0.00876771940870266,0.02));
#12438=CARTESIAN_POINT('',(-6.39888251232783E-17,0.0172201340078118,0.0168));
#12439=CARTESIAN_POINT('',(-6.52134719224257E-17,0.0172201340078118,0.0268));
#12440=CARTESIAN_POINT('',(-6.43807120990054E-17,0.0172201340078118,0.02));
#12441=CARTESIAN_POINT('',(-0.0294920092258352,-0.0338615243886248,0.0168));
#12442=CARTESIAN_POINT('',(-0.0294920092258352,-0.0338615243886248,0.0268));
#12443=CARTESIAN_POINT('',(-0.0294920092258352,-0.0338615243886248,0.02));
#12444=CARTESIAN_POINT('',(-4.49068668875334E-17,-0.00832069519040648,0.0168));
#12445=CARTESIAN_POINT('',(0.0164993422866609,-0.00961780628924887,0.0168));
#12446=CARTESIAN_POINT('',(0.0113619725869789,-0.0125838680682869,0.0168));
#12447=CARTESIAN_POINT('',(0.021492949192431,-0.00673474599797534,0.0168));
#12448=CARTESIAN_POINT('',(-6.24077885587022E-17,-0.0168343049231459,0.0168));
#12449=CARTESIAN_POINT('',(0.00199999999999993,-0.0287992802480016,0.0168));
#12450=CARTESIAN_POINT('',(0.00199999999999993,-0.0347314038060777,0.0168));
#12451=CARTESIAN_POINT('',(0.00199999999999993,-0.0404975243886248,0.0168));
#12452=CARTESIAN_POINT('',(0.0147460046129175,-0.0404975243886248,0.0168));
#12453=CARTESIAN_POINT('',(0.0294920092258351,-0.0404975243886248,0.0168));
#12454=CARTESIAN_POINT('',(0.0294920092258351,-0.0338615243886248,0.0168));
#12455=CARTESIAN_POINT('',(0.0352389538053487,-0.0305435243886248,0.0168));
#12456=CARTESIAN_POINT('',(0.0278659514988898,-0.0177731097895156,0.0168));
#12457=CARTESIAN_POINT('',(-6.24077885587022E-17,-0.0168343049231459,0.0168));
#12458=CARTESIAN_POINT('',(-0.0101309783003848,-0.0168343049231459,0.0168));
#12459=CARTESIAN_POINT('',(-6.24077885587022E-17,-0.0168343049231459,0.0168));
#12460=CARTESIAN_POINT('',(-0.00936197258697906,-0.00911976645314921,0.0168));
#12461=CARTESIAN_POINT('',(0.0105057353808909,-0.0107688157729535,0.0168));
#12462=CARTESIAN_POINT('',(0.0154993422866609,-0.00788575548168,0.0168));
#12463=CARTESIAN_POINT('',(0.0204929491924311,-0.00500269519040646,0.0168));
#12464=CARTESIAN_POINT('',(0.0278659514988898,-0.0177731097895156,0.0168));
#12465=CARTESIAN_POINT('',(0.00574694457951346,0.0205381340078118,0.0168));
#12466=CARTESIAN_POINT('',(-6.39888251232783E-17,0.0172201340078118,0.0168));
#12467=CARTESIAN_POINT('',(-0.0057469445795136,0.0205381340078118,0.0168));
#12468=CARTESIAN_POINT('',(-0.0131199468859724,0.00776771940870266,0.0168));
#12469=CARTESIAN_POINT('',(-0.0194929491924312,-0.00327064438283763,0.0168));
#12470=CARTESIAN_POINT('',(-0.0144993422866611,-0.00615370467411115,0.0168));
#12471=CARTESIAN_POINT('',(-6.57235485992551E-17,-0.0347314038060777,0.0168));
#12472=CARTESIAN_POINT('',(-6.57235485992551E-17,-0.0289652832235307,0.0168));
#12473=CARTESIAN_POINT('',(-6.57235485992551E-17,-0.0404975243886248,0.0168));
#12474=CARTESIAN_POINT('',(-6.24077885587022E-17,-0.0168343049231459,0.0168));
#12475=CARTESIAN_POINT('',(-0.010505735380891,-0.0107688157729536,0.0168));
#12476=CARTESIAN_POINT('',(-0.0154993422866611,-0.00788575548168003,0.0168));
#12477=CARTESIAN_POINT('',(-0.0204929491924312,-0.00500269519040651,0.0168));
#12478=CARTESIAN_POINT('',(-0.0131199468859724,0.00776771940870266,0.0168));
#12479=CARTESIAN_POINT('',(-0.0352389538053487,-0.0305435243886248,0.0168));
#12480=CARTESIAN_POINT('',(-0.0294920092258352,-0.0338615243886248,0.0168));
#12481=CARTESIAN_POINT('',(-0.0294920092258352,-0.0404975243886248,0.0168));
#12482=CARTESIAN_POINT('',(0.0147460046129175,-0.0404975243886248,0.0168));
#12483=CARTESIAN_POINT('',(0.0296410834143559,-0.0454906058708827,0.0168));
#12484=CARTESIAN_POINT('',(0.0303168646643559,-0.0451741996208827,0.0168));
#12485=CARTESIAN_POINT('',(0.0309926459143559,-0.0451741996208827,0.0168));
#12486=CARTESIAN_POINT('',(0.0296410834143559,-0.0454906058708827,0.0168));
#12487=CARTESIAN_POINT('',(0.0309926459143559,-0.0451741996208827,0.0168));
#12488=CARTESIAN_POINT('',(0.0309926459143559,-0.0451741996208827,0.0168));
#12489=CARTESIAN_POINT('',(0.0319731146643558,-0.0451741996208827,0.0168));
#12490=CARTESIAN_POINT('',(0.0325408229976892,-0.0458271944125493,0.0168));
#12491=CARTESIAN_POINT('',(0.0325408229976892,-0.0458271944125493,0.0168));
#12492=CARTESIAN_POINT('',(0.0325408229976892,-0.0458271944125493,0.0168));
#12493=CARTESIAN_POINT('',(0.0331085313310225,-0.046480189204216,0.0168));
#12494=CARTESIAN_POINT('',(0.0331085313310225,-0.0476156058708827,0.0168));
#12495=CARTESIAN_POINT('',(0.0331085313310225,-0.0476156058708827,0.0168));
#12496=CARTESIAN_POINT('',(0.0331085313310225,-0.0476156058708827,0.0168));
#12497=CARTESIAN_POINT('',(0.0331085313310225,-0.0487822725375493,0.0168));
#12498=CARTESIAN_POINT('',(0.0325610052893558,-0.049419642329216,0.0168));
#12499=CARTESIAN_POINT('',(0.0325610052893558,-0.049419642329216,0.0168));
#12500=CARTESIAN_POINT('',(0.0325610052893558,-0.049419642329216,0.0168));
#12501=CARTESIAN_POINT('',(0.0320134792476892,-0.0500570121208827,0.0168));
#12502=CARTESIAN_POINT('',(0.0310004584143558,-0.0500570121208827,0.0168));
#12503=CARTESIAN_POINT('',(0.0310004584143558,-0.0500570121208827,0.0168));
#12504=CARTESIAN_POINT('',(0.0310004584143558,-0.0500570121208827,0.0168));
#12505=CARTESIAN_POINT('',(0.0303780625810225,-0.0500570121208827,0.0168));
#12506=CARTESIAN_POINT('',(0.0295798854976892,-0.0498330537875493,0.0168));
#12507=CARTESIAN_POINT('',(0.0295798854976892,-0.0498330537875493,0.0168));
#12508=CARTESIAN_POINT('',(0.0295798854976892,-0.0501357881625493,0.0168));
#12509=CARTESIAN_POINT('',(0.0295798854976892,-0.0504385225375493,0.0168));
#12510=CARTESIAN_POINT('',(0.0295798854976892,-0.0504385225375493,0.0168));
#12511=CARTESIAN_POINT('',(0.0301983750810225,-0.050671595454216,0.0168));
#12512=CARTESIAN_POINT('',(0.0311059271643559,-0.050671595454216,0.0168));
#12513=CARTESIAN_POINT('',(0.0311059271643559,-0.050671595454216,0.0168));
#12514=CARTESIAN_POINT('',(0.0311059271643559,-0.050671595454216,0.0168));
#12515=CARTESIAN_POINT('',(0.0324197292476891,-0.050671595454216,0.0168));
#12516=CARTESIAN_POINT('',(0.0331339219560225,-0.0498734183708827,0.0168));
#12517=CARTESIAN_POINT('',(0.0331339219560225,-0.0498734183708827,0.0168));
#12518=CARTESIAN_POINT('',(0.0331339219560225,-0.0498734183708827,0.0168));
#12519=CARTESIAN_POINT('',(0.0338481146643558,-0.0490752412875493,0.0168));
#12520=CARTESIAN_POINT('',(0.0338481146643558,-0.0476064912875493,0.0168));
#12521=CARTESIAN_POINT('',(0.0338481146643558,-0.0476064912875493,0.0168));
#12522=CARTESIAN_POINT('',(0.0338481146643558,-0.0476064912875493,0.0168));
#12523=CARTESIAN_POINT('',(0.0338481146643558,-0.046687220454216,0.0168));
#12524=CARTESIAN_POINT('',(0.0335043646643558,-0.045995814204216,0.0168));
#12525=CARTESIAN_POINT('',(0.0335043646643558,-0.045995814204216,0.0168));
#12526=CARTESIAN_POINT('',(0.0335043646643558,-0.045995814204216,0.0168));
#12527=CARTESIAN_POINT('',(0.0331606146643558,-0.045304407954216,0.0168));
#12528=CARTESIAN_POINT('',(0.0325115261226891,-0.0449300589958826,0.0168));
#12529=CARTESIAN_POINT('',(0.0325115261226891,-0.0449300589958826,0.0168));
#12530=CARTESIAN_POINT('',(0.0325115261226891,-0.0449300589958826,0.0168));
#12531=CARTESIAN_POINT('',(0.0318624375810225,-0.0445557100375494,0.0168));
#12532=CARTESIAN_POINT('',(0.0309835313310225,-0.0445557100375494,0.0168));
#12533=CARTESIAN_POINT('',(0.0309835313310225,-0.0445557100375494,0.0168));
#12534=CARTESIAN_POINT('',(0.0309835313310225,-0.0445557100375494,0.0168));
#12535=CARTESIAN_POINT('',(0.0300486354976892,-0.0445557100375494,0.0168));
#12536=CARTESIAN_POINT('',(0.0293481146643558,-0.0448968558708827,0.0168));
#12537=CARTESIAN_POINT('',(0.0293481146643558,-0.0448968558708827,0.0168));
#12538=CARTESIAN_POINT('',(0.0294945990393558,-0.0451937308708827,0.0168));
#12539=CARTESIAN_POINT('',(0.0264509792476892,-0.0479222464958827,0.0168));
#12540=CARTESIAN_POINT('',(0.0264509792476892,-0.0452549287875493,0.0168));
#12541=CARTESIAN_POINT('',(0.0264509792476892,-0.050589564204216,0.0168));
#12542=CARTESIAN_POINT('',(0.0267966823726892,-0.050589564204216,0.0168));
#12543=CARTESIAN_POINT('',(0.0271423854976892,-0.050589564204216,0.0168));
#12544=CARTESIAN_POINT('',(0.0271423854976892,-0.0479222464958827,0.0168));
#12545=CARTESIAN_POINT('',(0.0271423854976892,-0.0452549287875493,0.0168));
#12546=CARTESIAN_POINT('',(0.0280844427893558,-0.0452549287875493,0.0168));
#12547=CARTESIAN_POINT('',(0.0290265000810225,-0.0452549287875493,0.0168));
#12548=CARTESIAN_POINT('',(0.0290265000810225,-0.0449476371208826,0.0168));
#12549=CARTESIAN_POINT('',(0.0290265000810225,-0.044640345454216,0.0168));
#12550=CARTESIAN_POINT('',(0.0267966823726892,-0.044640345454216,0.0168));
#12551=CARTESIAN_POINT('',(0.0245668646643558,-0.044640345454216,0.0168));
#12552=CARTESIAN_POINT('',(0.0245668646643558,-0.0449476371208826,0.0168));
#12553=CARTESIAN_POINT('',(0.0245668646643558,-0.0452549287875493,0.0168));
#12554=CARTESIAN_POINT('',(0.0255089219560225,-0.0452549287875493,0.0168));
#12555=CARTESIAN_POINT('',(0.0223585313310225,-0.0481156058708827,0.0168));
#12556=CARTESIAN_POINT('',(0.0217374375810225,-0.0481156058708827,0.0168));
#12557=CARTESIAN_POINT('',(0.0229796250810225,-0.0481156058708827,0.0168));
#12558=CARTESIAN_POINT('',(0.0229796250810225,-0.0493525850375493,0.0168));
#12559=CARTESIAN_POINT('',(0.0229796250810225,-0.050589564204216,0.0168));
#12560=CARTESIAN_POINT('',(0.0233253282060225,-0.050589564204216,0.0168));
#12561=CARTESIAN_POINT('',(0.0236710313310225,-0.050589564204216,0.0168));
#12562=CARTESIAN_POINT('',(0.0236710313310225,-0.047614954829216,0.0168));
#12563=CARTESIAN_POINT('',(0.0236710313310225,-0.044640345454216,0.0168));
#12564=CARTESIAN_POINT('',(0.0228552761226892,-0.044640345454216,0.0168));
#12565=CARTESIAN_POINT('',(0.0220395209143559,-0.044640345454216,0.0168));
#12566=CARTESIAN_POINT('',(0.0220395209143559,-0.044640345454216,0.0168));
#12567=CARTESIAN_POINT('',(0.0209444688310225,-0.044640345454216,0.0168));
#12568=CARTESIAN_POINT('',(0.0204216823726892,-0.0450596162875493,0.0168));
#12569=CARTESIAN_POINT('',(0.0204216823726892,-0.0450596162875493,0.0168));
#12570=CARTESIAN_POINT('',(0.0204216823726892,-0.0450596162875493,0.0168));
#12571=CARTESIAN_POINT('',(0.0198988959143558,-0.0454788871208827,0.0168));
#12572=CARTESIAN_POINT('',(0.0198988959143558,-0.0463213350375493,0.0168));
#12573=CARTESIAN_POINT('',(0.0198988959143558,-0.0463213350375493,0.0168));
#12574=CARTESIAN_POINT('',(0.0198988959143558,-0.0463213350375493,0.0168));
#12575=CARTESIAN_POINT('',(0.0198988959143558,-0.0475010225375493,0.0168));
#12576=CARTESIAN_POINT('',(0.0210955104976892,-0.0479163871208827,0.0168));
#12577=CARTESIAN_POINT('',(0.0210955104976892,-0.0479163871208827,0.0168));
#12578=CARTESIAN_POINT('',(0.0202875677893559,-0.0492529756625493,0.0168));
#12579=CARTESIAN_POINT('',(0.0194796250810225,-0.050589564204216,0.0168));
#12580=CARTESIAN_POINT('',(0.0198884792476892,-0.050589564204216,0.0168));
#12581=CARTESIAN_POINT('',(0.0202973334143558,-0.050589564204216,0.0168));
#12582=CARTESIAN_POINT('',(0.0210173854976892,-0.0493525850375493,0.0168));
#12583=CARTESIAN_POINT('',(-0.00183222387731081,-0.050589564204216,0.0168));
#12584=CARTESIAN_POINT('',(-0.00349042700231081,-0.050589564204216,0.0168));
#12585=CARTESIAN_POINT('',(-0.000174020752310811,-0.050589564204216,0.0168));
#12586=CARTESIAN_POINT('',(-0.000174020752310811,-0.047614954829216,0.0168));
#12587=CARTESIAN_POINT('',(-0.000174020752310811,-0.044640345454216,0.0168));
#12588=CARTESIAN_POINT('',(-0.00051972387731081,-0.044640345454216,0.0168));
#12589=CARTESIAN_POINT('',(-0.00086542700231081,-0.044640345454216,0.0168));
#12590=CARTESIAN_POINT('',(-0.00086542700231081,-0.0473018037875493,0.0168));
#12591=CARTESIAN_POINT('',(-0.00086542700231081,-0.0499632621208827,0.0168));
#12592=CARTESIAN_POINT('',(-0.00217792700231081,-0.0499632621208827,0.0168));
#12593=CARTESIAN_POINT('',(-0.00349042700231081,-0.0499632621208827,0.0168));
#12594=CARTESIAN_POINT('',(-0.00349042700231081,-0.0502764131625493,0.0168));
#12595=CARTESIAN_POINT('',(-0.00633027075231081,-0.0479222464958827,0.0168));
#12596=CARTESIAN_POINT('',(-0.00633027075231081,-0.0452549287875493,0.0168));
#12597=CARTESIAN_POINT('',(-0.00633027075231081,-0.050589564204216,0.0168));
#12598=CARTESIAN_POINT('',(-0.00598456762731081,-0.050589564204216,0.0168));
#12599=CARTESIAN_POINT('',(-0.00563886450231082,-0.050589564204216,0.0168));
#12600=CARTESIAN_POINT('',(-0.00563886450231082,-0.0479222464958827,0.0168));
#12601=CARTESIAN_POINT('',(-0.00563886450231082,-0.0452549287875493,0.0168));
#12602=CARTESIAN_POINT('',(-0.00469680721064415,-0.0452549287875493,0.0168));
#12603=CARTESIAN_POINT('',(-0.00375474991897748,-0.0452549287875493,0.0168));
#12604=CARTESIAN_POINT('',(-0.00375474991897748,-0.0449476371208826,0.0168));
#12605=CARTESIAN_POINT('',(-0.00375474991897748,-0.044640345454216,0.0168));
#12606=CARTESIAN_POINT('',(-0.00598456762731081,-0.044640345454216,0.0168));
#12607=CARTESIAN_POINT('',(-0.00821438533564415,-0.044640345454216,0.0168));
#12608=CARTESIAN_POINT('',(-0.00821438533564415,-0.0449476371208826,0.0168));
#12609=CARTESIAN_POINT('',(-0.00821438533564415,-0.0452549287875493,0.0168));
#12610=CARTESIAN_POINT('',(-0.00727232804397748,-0.0452549287875493,0.0168));
#12611=CARTESIAN_POINT('',(-0.0131154270023108,-0.0465003714958827,0.0168));
#12612=CARTESIAN_POINT('',(-0.0131154270023108,-0.0456299287875493,0.0168));
#12613=CARTESIAN_POINT('',(-0.0131154270023108,-0.047370814204216,0.0168));
#12614=CARTESIAN_POINT('',(-0.0139533176273108,-0.047370814204216,0.0168));
#12615=CARTESIAN_POINT('',(-0.0147912082523108,-0.047370814204216,0.0168));
#12616=CARTESIAN_POINT('',(-0.0147912082523108,-0.0476514131625493,0.0168));
#12617=CARTESIAN_POINT('',(-0.0147912082523108,-0.0479320121208827,0.0168));
#12618=CARTESIAN_POINT('',(-0.0139533176273108,-0.0479320121208827,0.0168));
#12619=CARTESIAN_POINT('',(-0.0131154270023108,-0.0479320121208827,0.0168));
#12620=CARTESIAN_POINT('',(-0.0131154270023108,-0.0487991996208827,0.0168));
#12621=CARTESIAN_POINT('',(-0.0131154270023108,-0.0496663871208827,0.0168));
#12622=CARTESIAN_POINT('',(-0.0128322238773108,-0.0496663871208827,0.0168));
#12623=CARTESIAN_POINT('',(-0.0125490207523108,-0.0496663871208827,0.0168));
#12624=CARTESIAN_POINT('',(-0.0125490207523108,-0.0487991996208827,0.0168));
#12625=CARTESIAN_POINT('',(-0.0125490207523108,-0.0479320121208827,0.0168));
#12626=CARTESIAN_POINT('',(-0.0117150363773108,-0.0479320121208827,0.0168));
#12627=CARTESIAN_POINT('',(-0.0108810520023108,-0.0479320121208827,0.0168));
#12628=CARTESIAN_POINT('',(-0.0108810520023108,-0.0476514131625493,0.0168));
#12629=CARTESIAN_POINT('',(-0.0108810520023108,-0.047370814204216,0.0168));
#12630=CARTESIAN_POINT('',(-0.0117150363773108,-0.047370814204216,0.0168));
#12631=CARTESIAN_POINT('',(-0.0125490207523108,-0.047370814204216,0.0168));
#12632=CARTESIAN_POINT('',(-0.0125490207523108,-0.0465003714958827,0.0168));
#12633=CARTESIAN_POINT('',(-0.0125490207523108,-0.0456299287875493,0.0168));
#12634=CARTESIAN_POINT('',(-0.0128322238773108,-0.0456299287875493,0.0168));
#12635=CARTESIAN_POINT('',(-0.0189318332523108,-0.0461279756625493,0.0168));
#12636=CARTESIAN_POINT('',(-0.0181440728356441,-0.044640345454216,0.0168));
#12637=CARTESIAN_POINT('',(-0.0197195936689775,-0.0476156058708827,0.0168));
#12638=CARTESIAN_POINT('',(-0.0205125624189775,-0.0461279756625493,0.0168));
#12639=CARTESIAN_POINT('',(-0.0213055311689774,-0.044640345454216,0.0168));
#12640=CARTESIAN_POINT('',(-0.0216798801273108,-0.044640345454216,0.0168));
#12641=CARTESIAN_POINT('',(-0.0220542290856442,-0.044640345454216,0.0168));
#12642=CARTESIAN_POINT('',(-0.0210613905439774,-0.0464613089958827,0.0168));
#12643=CARTESIAN_POINT('',(-0.0200685520023108,-0.0482822725375493,0.0168));
#12644=CARTESIAN_POINT('',(-0.0200685520023108,-0.0494359183708827,0.0168));
#12645=CARTESIAN_POINT('',(-0.0200685520023108,-0.050589564204216,0.0168));
#12646=CARTESIAN_POINT('',(-0.0197189426273108,-0.050589564204216,0.0168));
#12647=CARTESIAN_POINT('',(-0.0193693332523108,-0.050589564204216,0.0168));
#12648=CARTESIAN_POINT('',(-0.0193693332523108,-0.0494521944125493,0.0168));
#12649=CARTESIAN_POINT('',(-0.0193693332523108,-0.0483148246208827,0.0168));
#12650=CARTESIAN_POINT('',(-0.0183784478356441,-0.0464775850375493,0.0168));
#12651=CARTESIAN_POINT('',(-0.0173875624189775,-0.044640345454216,0.0168));
#12652=CARTESIAN_POINT('',(-0.0177658176273108,-0.044640345454216,0.0168));
#12653=CARTESIAN_POINT('',(-0.0270184217939775,-0.044640345454216,0.0168));
#12654=CARTESIAN_POINT('',(-0.0266727186689774,-0.044640345454216,0.0168));
#12655=CARTESIAN_POINT('',(-0.0273641249189775,-0.044640345454216,0.0168));
#12656=CARTESIAN_POINT('',(-0.0273641249189775,-0.0465648246208827,0.0168));
#12657=CARTESIAN_POINT('',(-0.0273641249189775,-0.0484893037875493,0.0168));
#12658=CARTESIAN_POINT('',(-0.0273641249189775,-0.0484893037875493,0.0168));
#12659=CARTESIAN_POINT('',(-0.0273641249189775,-0.049507532954216,0.0168));
#12660=CARTESIAN_POINT('',(-0.0267495415856442,-0.050089564204216,0.0168));
#12661=CARTESIAN_POINT('',(-0.0267495415856442,-0.050089564204216,0.0168));
#12662=CARTESIAN_POINT('',(-0.0267495415856442,-0.050089564204216,0.0168));
#12663=CARTESIAN_POINT('',(-0.0261349582523108,-0.050671595454216,0.0168));
#12664=CARTESIAN_POINT('',(-0.0250607395023108,-0.050671595454216,0.0168));
#12665=CARTESIAN_POINT('',(-0.0250607395023108,-0.050671595454216,0.0168));
#12666=CARTESIAN_POINT('',(-0.0250607395023108,-0.050671595454216,0.0168));
#12667=CARTESIAN_POINT('',(-0.0239865207523108,-0.050671595454216,0.0168));
#12668=CARTESIAN_POINT('',(-0.0233986301273108,-0.0500850069125493,0.0168));
#12669=CARTESIAN_POINT('',(-0.0233986301273108,-0.0500850069125493,0.0168));
#12670=CARTESIAN_POINT('',(-0.0233986301273108,-0.0500850069125493,0.0168));
#12671=CARTESIAN_POINT('',(-0.0228107395023108,-0.0494984183708827,0.0168));
#12672=CARTESIAN_POINT('',(-0.0228107395023108,-0.0484736787875493,0.0168));
#12673=CARTESIAN_POINT('',(-0.0228107395023108,-0.0484736787875493,0.0168));
#12674=CARTESIAN_POINT('',(-0.0228107395023108,-0.0465570121208827,0.0168));
#12675=CARTESIAN_POINT('',(-0.0228107395023108,-0.044640345454216,0.0168));
#12676=CARTESIAN_POINT('',(-0.0231570936689774,-0.044640345454216,0.0168));
#12677=CARTESIAN_POINT('',(-0.0235034478356442,-0.044640345454216,0.0168));
#12678=CARTESIAN_POINT('',(-0.0235034478356442,-0.0465811006625493,0.0168));
#12679=CARTESIAN_POINT('',(-0.0235034478356442,-0.0485218558708827,0.0168));
#12680=CARTESIAN_POINT('',(-0.0235034478356442,-0.0485218558708827,0.0168));
#12681=CARTESIAN_POINT('',(-0.0235034478356442,-0.0492666475375493,0.0168));
#12682=CARTESIAN_POINT('',(-0.0239103488773108,-0.049665736079216,0.0168));
#12683=CARTESIAN_POINT('',(-0.0239103488773108,-0.049665736079216,0.0168));
#12684=CARTESIAN_POINT('',(-0.0239103488773108,-0.049665736079216,0.0168));
#12685=CARTESIAN_POINT('',(-0.0243172499189775,-0.0500648246208827,0.0168));
#12686=CARTESIAN_POINT('',(-0.0251063124189775,-0.0500648246208827,0.0168));
#12687=CARTESIAN_POINT('',(-0.0251063124189775,-0.0500648246208827,0.0168));
#12688=CARTESIAN_POINT('',(-0.0251063124189775,-0.0500648246208827,0.0168));
#12689=CARTESIAN_POINT('',(-0.0258589165856442,-0.0500648246208827,0.0168));
#12690=CARTESIAN_POINT('',(-0.0262658176273108,-0.049663782954216,0.0168));
#12691=CARTESIAN_POINT('',(-0.0262658176273108,-0.049663782954216,0.0168));
#12692=CARTESIAN_POINT('',(-0.0262658176273108,-0.049663782954216,0.0168));
#12693=CARTESIAN_POINT('',(-0.0266727186689774,-0.0492627412875493,0.0168));
#12694=CARTESIAN_POINT('',(-0.0266727186689774,-0.0485140433708827,0.0168));
#12695=CARTESIAN_POINT('',(-0.0266727186689774,-0.0485140433708827,0.0168));
#12696=CARTESIAN_POINT('',(-0.0266727186689774,-0.0465771944125493,0.0168));
#12697=CARTESIAN_POINT('',(-0.0318498020023108,-0.050589564204216,0.0168));
#12698=CARTESIAN_POINT('',(-0.0321284478356441,-0.050589564204216,0.0168));
#12699=CARTESIAN_POINT('',(-0.0315711561689774,-0.050589564204216,0.0168));
#12700=CARTESIAN_POINT('',(-0.0305620415856442,-0.047952845454216,0.0168));
#12701=CARTESIAN_POINT('',(-0.0295529270023108,-0.045316126704216,0.0168));
#12702=CARTESIAN_POINT('',(-0.0295366509606441,-0.045316126704216,0.0168));
#12703=CARTESIAN_POINT('',(-0.0295213155128981,-0.045316126704216,0.0168));
#12704=CARTESIAN_POINT('',(-0.0127494217210757,-0.0466870968957511,0.0168));
#12705=CARTESIAN_POINT('',(-0.0295772519112326,-0.046805707114735,0.0168));
#12706=CARTESIAN_POINT('',(-0.0295776665856442,-0.0486976371208827,0.0168));
#12707=CARTESIAN_POINT('',(-0.0295776665856442,-0.050589564204216,0.0168));
#12708=CARTESIAN_POINT('',(-0.0292580051273108,-0.050589564204216,0.0168));
#12709=CARTESIAN_POINT('',(-0.0289383436689774,-0.050589564204216,0.0168));
#12710=CARTESIAN_POINT('',(-0.0289383436689774,-0.047614954829216,0.0168));
#12711=CARTESIAN_POINT('',(-0.0289383436689774,-0.044640345454216,0.0168));
#12712=CARTESIAN_POINT('',(-0.0294591770023108,-0.044640345454216,0.0168));
#12713=CARTESIAN_POINT('',(-0.0299800103356441,-0.044640345454216,0.0168));
#12714=CARTESIAN_POINT('',(-0.0309220676273108,-0.0470941214958827,0.0168));
#12715=CARTESIAN_POINT('',(-0.0318641249189775,-0.0495478975375493,0.0168));
#12716=CARTESIAN_POINT('',(-0.0318804009606442,-0.0495478975375493,0.0168));
#12717=CARTESIAN_POINT('',(-0.0318966770023108,-0.0495478975375493,0.0168));
#12718=CARTESIAN_POINT('',(-0.0328465467939775,-0.0470941214958827,0.0168));
#12719=CARTESIAN_POINT('',(-0.0337964165856442,-0.044640345454216,0.0168));
#12720=CARTESIAN_POINT('',(-0.0343133436689774,-0.044640345454216,0.0168));
#12721=CARTESIAN_POINT('',(-0.0348302707523108,-0.044640345454216,0.0168));
#12722=CARTESIAN_POINT('',(-0.0348302707523108,-0.047614954829216,0.0168));
#12723=CARTESIAN_POINT('',(-0.0348302707523108,-0.050589564204216,0.0168));
#12724=CARTESIAN_POINT('',(-0.0344845676273108,-0.050589564204216,0.0168));
#12725=CARTESIAN_POINT('',(-0.0341388645023108,-0.050589564204216,0.0168));
#12726=CARTESIAN_POINT('',(-0.0341388645023108,-0.0486728975375493,0.0168));
#12727=CARTESIAN_POINT('',(-0.0341386772530161,-0.0467562301608002,0.0168));
#12728=CARTESIAN_POINT('',(-0.053675441425842,-0.0468303170310321,0.0168));
#12729=CARTESIAN_POINT('',(-0.0341961561689774,-0.045323939204216,0.0168));
#12730=CARTESIAN_POINT('',(-0.0341798801273108,-0.045323939204216,0.0168));
#12731=CARTESIAN_POINT('',(-0.0341636040856442,-0.045323939204216,0.0168));
#12732=CARTESIAN_POINT('',(-0.0331460259606442,-0.047956751704216,0.0168));
#12733=CARTESIAN_POINT('',(-0.0400144751850297,-0.0239765360822272,0.0168));
#12734=CARTESIAN_POINT('',(-0.0374449413510394,-0.0254751343638949,0.0168));
#12735=CARTESIAN_POINT('',(-0.0425840090190199,-0.0224779378005596,0.0168));
#12736=CARTESIAN_POINT('',(-0.0427581731003431,-0.0227765638600581,0.0168));
#12737=CARTESIAN_POINT('',(-0.0429323371816663,-0.0230751899195567,0.0168));
#12738=CARTESIAN_POINT('',(-0.0417232109520582,-0.0237803740529744,0.0168));
#12739=CARTESIAN_POINT('',(-0.0405140847224502,-0.024485558186392,0.0168));
#12740=CARTESIAN_POINT('',(-0.0413035629592578,-0.0258392171792602,0.0168));
#12741=CARTESIAN_POINT('',(-0.0420930411960654,-0.0271928761721283,0.0168));
#12742=CARTESIAN_POINT('',(-0.0433021674256735,-0.0264876920387106,0.0168));
#12743=CARTESIAN_POINT('',(-0.0445112936552815,-0.025782507905293,0.0168));
#12744=CARTESIAN_POINT('',(-0.0446854577366047,-0.0260811339647915,0.0168));
#12745=CARTESIAN_POINT('',(-0.0448596218179278,-0.02637976002429,0.0168));
#12746=CARTESIAN_POINT('',(-0.0422900879839376,-0.0278783583059577,0.0168));
#12747=CARTESIAN_POINT('',(-0.0397205541499473,-0.0293769565876254,0.0168));
#12748=CARTESIAN_POINT('',(-0.0395463900686241,-0.0290783305281268,0.0168));
#12749=CARTESIAN_POINT('',(-0.039372225987301,-0.0287797044686283,0.0168));
#12750=CARTESIAN_POINT('',(-0.0404655010525838,-0.0281420868149705,0.0168));
#12751=CARTESIAN_POINT('',(-0.0415587761178665,-0.0275044691613129,0.0168));
#12752=CARTESIAN_POINT('',(-0.0407692978810589,-0.0261508101684448,0.0168));
#12753=CARTESIAN_POINT('',(-0.0399798196442513,-0.0247971511755766,0.0168));
#12754=CARTESIAN_POINT('',(-0.0388865445789685,-0.0254347688292343,0.0168));
#12755=CARTESIAN_POINT('',(-0.0377932695136857,-0.026072386482892,0.0168));
#12756=CARTESIAN_POINT('',(-0.0376191054323625,-0.0257737604233934,0.0168));
#12757=CARTESIAN_POINT('',(-0.0403054442865303,-0.0185710541181935,0.0168));
#12758=CARTESIAN_POINT('',(-0.0401791671277555,-0.0183545361654498,0.0168));
#12759=CARTESIAN_POINT('',(-0.0404317214453051,-0.0187875720709374,0.0168));
#12760=CARTESIAN_POINT('',(-0.0401910611502787,-0.0190055580517547,0.0168));
#12761=CARTESIAN_POINT('',(-0.0399504008552524,-0.0192235440325722,0.0168));
#12762=CARTESIAN_POINT('',(-0.0399586006707572,-0.0192376036398932,0.0168));
#12763=CARTESIAN_POINT('',(-0.0399668004862621,-0.0192516632472142,0.0168));
#12764=CARTESIAN_POINT('',(-0.0399668004862621,-0.0192516632472142,0.0168));
#12765=CARTESIAN_POINT('',(-0.0404969081923911,-0.0193283767577437,0.0168));
#12766=CARTESIAN_POINT('',(-0.0407926424391306,-0.0195395200527752,0.0168));
#12767=CARTESIAN_POINT('',(-0.0407926424391306,-0.0195395200527752,0.0168));
#12768=CARTESIAN_POINT('',(-0.0407926424391306,-0.0195395200527752,0.0168));
#12769=CARTESIAN_POINT('',(-0.04108837668587,-0.0197506633478067,0.0168));
#12770=CARTESIAN_POINT('',(-0.0413389630476984,-0.0201803249475372,0.0168));
#12771=CARTESIAN_POINT('',(-0.0413389630476984,-0.0201803249475372,0.0168));
#12772=CARTESIAN_POINT('',(-0.0413389630476984,-0.0201803249475372,0.0168));
#12773=CARTESIAN_POINT('',(-0.0416728595350562,-0.0207528321576493,0.0168));
#12774=CARTESIAN_POINT('',(-0.0415666251314942,-0.0212504143971336,0.0168));
#12775=CARTESIAN_POINT('',(-0.0415666251314942,-0.0212504143971336,0.0168));
#12776=CARTESIAN_POINT('',(-0.0415666251314942,-0.0212504143971336,0.0168));
#12777=CARTESIAN_POINT('',(-0.0414603907279322,-0.0217479966366179,0.0168));
#12778=CARTESIAN_POINT('',(-0.0409160027324621,-0.0220654934929659,0.0168));
#12779=CARTESIAN_POINT('',(-0.0409160027324621,-0.0220654934929659,0.0168));
#12780=CARTESIAN_POINT('',(-0.0409160027324621,-0.0220654934929659,0.0168));
#12781=CARTESIAN_POINT('',(-0.03974961770911,-0.0227457501872488,0.0168));
#12782=CARTESIAN_POINT('',(-0.0386050997660213,-0.020912558365622,0.0168));
#12783=CARTESIAN_POINT('',(-0.0386050997660213,-0.020912558365622,0.0168));
#12784=CARTESIAN_POINT('',(-0.0384038507521244,-0.0205920449512651,0.0168));
#12785=CARTESIAN_POINT('',(-0.0382026017382276,-0.0202715315369082,0.0168));
#12786=CARTESIAN_POINT('',(-0.0380828138838524,-0.0203413939650096,0.0168));
#12787=CARTESIAN_POINT('',(-0.0379630260294773,-0.0204112563931109,0.0168));
#12788=CARTESIAN_POINT('',(-0.0379630260294773,-0.0204112563931109,0.0168));
#12789=CARTESIAN_POINT('',(-0.0375097442894475,-0.0206756184449876,0.0168));
#12790=CARTESIAN_POINT('',(-0.0374072741675838,-0.0209961525764651,0.0168));
#12791=CARTESIAN_POINT('',(-0.0374072741675838,-0.0209961525764651,0.0168));
#12792=CARTESIAN_POINT('',(-0.0374072741675838,-0.0209961525764651,0.0168));
#12793=CARTESIAN_POINT('',(-0.0373048040457201,-0.0213166867079427,0.0168));
#12794=CARTESIAN_POINT('',(-0.0375553904075486,-0.0217463483076731,0.0168));
#12795=CARTESIAN_POINT('',(-0.0375553904075486,-0.0217463483076731,0.0168));
#12796=CARTESIAN_POINT('',(-0.0375553904075486,-0.0217463483076731,0.0168));
#12797=CARTESIAN_POINT('',(-0.0378361520904348,-0.022227749262345,0.0168));
#12798=CARTESIAN_POINT('',(-0.0384850734896933,-0.0226632561656315,0.0168));
#12799=CARTESIAN_POINT('',(-0.0384850734896933,-0.0226632561656315,0.0168));
#12800=CARTESIAN_POINT('',(-0.0383142857446665,-0.0228834507227031,0.0168));
#12801=CARTESIAN_POINT('',(-0.0381433060901275,-0.0231038927063688,0.0168));
#12802=CARTESIAN_POINT('',(-0.0398139721693922,-0.020390740398253,0.0168));
#12803=CARTESIAN_POINT('',(-0.0375380467648432,-0.0226208826542924,0.0168));
#12804=CARTESIAN_POINT('',(-0.0397595803742263,-0.0204079460636791,0.0168));
#12805=CARTESIAN_POINT('',(-0.0370529979251843,-0.0219911173958177,0.0168));
#12806=CARTESIAN_POINT('',(-0.0370529979251843,-0.0219911173958177,0.0168));
#12807=CARTESIAN_POINT('',(-0.0366515349580665,-0.0213027590213803,0.0168));
#12808=CARTESIAN_POINT('',(-0.0367630659905443,-0.0207922899115459,0.0168));
#12809=CARTESIAN_POINT('',(-0.0367630659905443,-0.0207922899115459,0.0168));
#12810=CARTESIAN_POINT('',(-0.0367630659905443,-0.0207922899115459,0.0168));
#12811=CARTESIAN_POINT('',(-0.0368745970230221,-0.0202818208017113,0.0168));
#12812=CARTESIAN_POINT('',(-0.0375494581744313,-0.0198882296574782,0.0168));
#12813=CARTESIAN_POINT('',(-0.0375494581744313,-0.0198882296574782,0.0168));
#12814=CARTESIAN_POINT('',(-0.0388643126510934,-0.019121382911464,0.0168));
#12815=CARTESIAN_POINT('',(-0.0199629077179049,0.00745283324102202,0.0168));
#12816=CARTESIAN_POINT('',(-0.0190747306791984,0.00602288510954056,0.0168));
#12817=CARTESIAN_POINT('',(-0.0208510847566113,0.00888278137250349,0.0168));
#12818=CARTESIAN_POINT('',(-0.0191665416360731,0.00881830230403983,0.0168));
#12819=CARTESIAN_POINT('',(-0.017481998515535,0.00875382323557617,0.0168));
#12820=CARTESIAN_POINT('',(-0.0172934027589233,0.00907719420395972,0.0168));
#12821=CARTESIAN_POINT('',(-0.0171048070023116,0.00940056517234326,0.0168));
#12822=CARTESIAN_POINT('',(-0.019177984615184,0.00946032448444421,0.0168));
#12823=CARTESIAN_POINT('',(-0.0212511622280564,0.00952008379654517,0.0168));
#12824=CARTESIAN_POINT('',(-0.0222477071949705,0.0101012867195294,0.0168));
#12825=CARTESIAN_POINT('',(-0.0232442521618847,0.0106824896425137,0.0168));
#12826=CARTESIAN_POINT('',(-0.0234203841989289,0.0103804892772581,0.0168));
#12827=CARTESIAN_POINT('',(-0.0235965162359733,0.0100784889120025,0.0168));
#12828=CARTESIAN_POINT('',(-0.0226140308763801,0.0095054858045231,0.0168));
#12829=CARTESIAN_POINT('',(-0.021631545516787,0.00893248269704371,0.0168));
#12830=CARTESIAN_POINT('',(-0.0205437018103256,0.00715093862915155,0.0168));
#12831=CARTESIAN_POINT('',(-0.0194558581038641,0.00536939456125939,0.0168));
#12832=CARTESIAN_POINT('',(-0.0192652943915313,0.00569613983539998,0.0168));
#12833=CARTESIAN_POINT('',(-0.0180931097420325,0.014402543497752,0.0168));
#12834=CARTESIAN_POINT('',(-0.0182466756913181,0.0148990906765603,0.0168));
#12835=CARTESIAN_POINT('',(-0.0187730673894173,0.0152060917690622,0.0168));
#12836=CARTESIAN_POINT('',(-0.0180931097420325,0.014402543497752,0.0168));
#12837=CARTESIAN_POINT('',(-0.0187730673894173,0.0152060917690622,0.0168));
#12838=CARTESIAN_POINT('',(-0.0187730673894173,0.0152060917690622,0.0168));
#12839=CARTESIAN_POINT('',(-0.0194513028465834,0.0156016508690165,0.0168));
#12840=CARTESIAN_POINT('',(-0.0201184681712139,0.015331287624032,0.0168));
#12841=CARTESIAN_POINT('',(-0.0201184681712139,0.015331287624032,0.0168));
#12842=CARTESIAN_POINT('',(-0.0201184681712139,0.015331287624032,0.0168));
#12843=CARTESIAN_POINT('',(-0.0207856334958443,0.0150609243790475,0.0168));
#12844=CARTESIAN_POINT('',(-0.0212776224261358,0.0142173479397861,0.0168));
#12845=CARTESIAN_POINT('',(-0.0212776224261358,0.0142173479397861,0.0168));
#12846=CARTESIAN_POINT('',(-0.0212776224261358,0.0142173479397861,0.0168));
#12847=CARTESIAN_POINT('',(-0.0218102824413312,0.0133040358482124,0.0168));
#12848=CARTESIAN_POINT('',(-0.0218614025736282,0.0126736303072021,0.0168));
#12849=CARTESIAN_POINT('',(-0.0218614025736282,0.0126736303072021,0.0168));
#12850=CARTESIAN_POINT('',(-0.0215734618156937,0.0125056980856627,0.0168));
#12851=CARTESIAN_POINT('',(-0.0212858403811957,0.0123379520992866,0.0168));
#12852=CARTESIAN_POINT('',(-0.016943860146238,0.0117375226548267,0.0168));
#12853=CARTESIAN_POINT('',(-0.0210935715881926,0.0131498629886407,0.0168));
#12854=CARTESIAN_POINT('',(-0.0171286584354661,0.011836612493991,0.0168));
#12855=CARTESIAN_POINT('',(-0.0207410165456406,0.013933029420893,0.0168));
#12856=CARTESIAN_POINT('',(-0.0207410165456406,0.013933029420893,0.0168));
#12857=CARTESIAN_POINT('',(-0.0203926883829943,0.0145302815398901,0.0168));
#12858=CARTESIAN_POINT('',(-0.0199895874833149,0.0147006632635002,0.0168));
#12859=CARTESIAN_POINT('',(-0.0199895874833149,0.0147006632635002,0.0168));
#12860=CARTESIAN_POINT('',(-0.0199895874833149,0.0147006632635002,0.0168));
#12861=CARTESIAN_POINT('',(-0.0195864865836354,0.0148710449871103,0.0168));
#12862=CARTESIAN_POINT('',(-0.01918156989279,0.0146348903005704,0.0168));
#12863=CARTESIAN_POINT('',(-0.01918156989279,0.0146348903005704,0.0168));
#12864=CARTESIAN_POINT('',(-0.01918156989279,0.0146348903005704,0.0168));
#12865=CARTESIAN_POINT('',(-0.0189149997379833,0.0144794217985983,0.0168));
#12866=CARTESIAN_POINT('',(-0.0188072438877097,0.0142726246347469,0.0168));
#12867=CARTESIAN_POINT('',(-0.0188072438877097,0.0142726246347469,0.0168));
#12868=CARTESIAN_POINT('',(-0.0188072438877097,0.0142726246347469,0.0168));
#12869=CARTESIAN_POINT('',(-0.018699488037436,0.0140658274708954,0.0168));
#12870=CARTESIAN_POINT('',(-0.0187015679754027,0.0137301475886056,0.0168));
#12871=CARTESIAN_POINT('',(-0.0187015679754027,0.0137301475886056,0.0168));
#12872=CARTESIAN_POINT('',(-0.0187015679754027,0.0137301475886056,0.0168));
#12873=CARTESIAN_POINT('',(-0.0187036479133694,0.0133944677063157,0.0168));
#12874=CARTESIAN_POINT('',(-0.0188205646721061,0.0127753036223018,0.0168));
#12875=CARTESIAN_POINT('',(-0.0188205646721061,0.0127753036223018,0.0168));
#12876=CARTESIAN_POINT('',(-0.0188205646721061,0.0127753036223018,0.0168));
#12877=CARTESIAN_POINT('',(-0.0189819800326982,0.0119092613984139,0.0168));
#12878=CARTESIAN_POINT('',(-0.0188099018129189,0.0113966418026085,0.0168));
#12879=CARTESIAN_POINT('',(-0.0188099018129189,0.0113966418026085,0.0168));
#12880=CARTESIAN_POINT('',(-0.0188099018129189,0.0113966418026085,0.0168));
#12881=CARTESIAN_POINT('',(-0.0186378235931396,0.010884022206803,0.0168));
#12882=CARTESIAN_POINT('',(-0.0180720649945416,0.0105540616308876,0.0168));
#12883=CARTESIAN_POINT('',(-0.0180720649945416,0.0105540616308876,0.0168));
#12884=CARTESIAN_POINT('',(-0.0180720649945416,0.0105540616308876,0.0168));
#12885=CARTESIAN_POINT('',(-0.0174781871813015,0.0102077014239625,0.0168));
#12886=CARTESIAN_POINT('',(-0.0168665988504619,0.0104486767805639,0.0168));
#12887=CARTESIAN_POINT('',(-0.0168665988504619,0.0104486767805639,0.0168));
#12888=CARTESIAN_POINT('',(-0.0168665988504619,0.0104486767805639,0.0168));
#12889=CARTESIAN_POINT('',(-0.0162550105196222,0.0106896521371653,0.0168));
#12890=CARTESIAN_POINT('',(-0.0158259961724081,0.0114252507922013,0.0168));
#12891=CARTESIAN_POINT('',(-0.0158259961724081,0.0114252507922013,0.0168));
#12892=CARTESIAN_POINT('',(-0.0158259961724081,0.0114252507922013,0.0168));
#12893=CARTESIAN_POINT('',(-0.0153792702237035,0.0121912181990507,0.0168));
#12894=CARTESIAN_POINT('',(-0.0152852388126217,0.0129985821401578,0.0168));
#12895=CARTESIAN_POINT('',(-0.0152852388126217,0.0129985821401578,0.0168));
#12896=CARTESIAN_POINT('',(-0.0155995071308665,0.013056758938076,0.0168));
#12897=CARTESIAN_POINT('',(-0.0159137754491112,0.0131149357359942,0.0168));
#12898=CARTESIAN_POINT('',(-0.0159137754491112,0.0131149357359942,0.0168));
#12899=CARTESIAN_POINT('',(-0.0160184929403645,0.0123228482145261,0.0168));
#12900=CARTESIAN_POINT('',(-0.016368789058732,0.011722221789772,0.0168));
#12901=CARTESIAN_POINT('',(-0.016368789058732,0.011722221789772,0.0168));
#12902=CARTESIAN_POINT('',(-0.016368789058732,0.011722221789772,0.0168));
#12903=CARTESIAN_POINT('',(-0.016645614830176,0.0112475694466142,0.0168));
#12904=CARTESIAN_POINT('',(-0.0170049944387767,0.0110991702360251,0.0168));
#12905=CARTESIAN_POINT('',(-0.0170049944387767,0.0110991702360251,0.0168));
#12906=CARTESIAN_POINT('',(-0.0170049944387767,0.0110991702360251,0.0168));
#12907=CARTESIAN_POINT('',(-0.0173643740473774,0.010950771025436,0.0168));
#12908=CARTESIAN_POINT('',(-0.017726549531967,0.0111619982728411,0.0168));
#12909=CARTESIAN_POINT('',(-0.017726549531967,0.0111619982728411,0.0168));
#12910=CARTESIAN_POINT('',(-0.017726549531967,0.0111619982728411,0.0168));
#12911=CARTESIAN_POINT('',(-0.0179931196867736,0.0113174667748132,0.0168));
#12912=CARTESIAN_POINT('',(-0.0181066858032633,0.0115155937825994,0.0168));
#12913=CARTESIAN_POINT('',(-0.0181066858032633,0.0115155937825994,0.0168));
#12914=CARTESIAN_POINT('',(-0.0181066858032633,0.0115155937825994,0.0168));
#12915=CARTESIAN_POINT('',(-0.0182202519197529,0.0117137207903856,0.0168));
#12916=CARTESIAN_POINT('',(-0.0182260902158408,0.0120306547891166,0.0168));
#12917=CARTESIAN_POINT('',(-0.0182260902158408,0.0120306547891166,0.0168));
#12918=CARTESIAN_POINT('',(-0.0182260902158408,0.0120306547891166,0.0168));
#12919=CARTESIAN_POINT('',(-0.0182319285119287,0.0123475887878476,0.0168));
#12920=CARTESIAN_POINT('',(-0.0181232564226518,0.0129293554842989,0.0168));
#12921=CARTESIAN_POINT('',(-0.0181232564226518,0.0129293554842989,0.0168));
#12922=CARTESIAN_POINT('',(-0.0181232564226518,0.0129293554842989,0.0168));
#12923=CARTESIAN_POINT('',(-0.017939543792747,0.0139059963189437,0.0168));
#12924=CARTESIAN_POINT('',(-0.0180931097420325,0.014402543497752,0.0168));
#12925=CARTESIAN_POINT('',(-0.0139410298353059,0.0207296408928706,0.0168));
#12926=CARTESIAN_POINT('',(-0.0109706890194382,0.0199182762170546,0.0168));
#12927=CARTESIAN_POINT('',(-0.0169113706511736,0.0215410055686866,0.0168));
#12928=CARTESIAN_POINT('',(-0.0170835667767755,0.0212457538149451,0.0168));
#12929=CARTESIAN_POINT('',(-0.0172557629023775,0.0209505020612036,0.0168));
#12930=CARTESIAN_POINT('',(-0.0158378385463963,0.01942865431803,0.0168));
#12931=CARTESIAN_POINT('',(-0.0144200395877352,0.0179066926136781,0.0168));
#12932=CARTESIAN_POINT('',(-0.00489084889203339,0.0265668282263876,0.0168));
#12933=CARTESIAN_POINT('',(-0.0139393377362972,0.0174049451644417,0.0168));
#12934=CARTESIAN_POINT('',(-0.0139393377362972,0.0174049451644417,0.0168));
#12935=CARTESIAN_POINT('',(-0.013644919047793,0.0171111394697215,0.0168));
#12936=CARTESIAN_POINT('',(-0.0135760265826162,0.0170664380938199,0.0168));
#12937=CARTESIAN_POINT('',(-0.0135771709111087,0.0170674563833854,0.0168));
#12938=CARTESIAN_POINT('',(-0.0168018720913507,0.0083374974887566,0.0168));
#12939=CARTESIAN_POINT('',(-0.0147354250690702,0.017412150980167,0.0168000000000003));
#12940=CARTESIAN_POINT('',(-0.016738789420115,0.0179071224458374,0.0168));
#12941=CARTESIAN_POINT('',(-0.018742225457098,0.0184017764460484,0.0168));
#12942=CARTESIAN_POINT('',(-0.0189144215827,0.018106524692307,0.0168));
#12943=CARTESIAN_POINT('',(-0.019086617708302,0.0178112729385655,0.0168));
#12944=CARTESIAN_POINT('',(-0.016915922900468,0.0156288153568032,0.0168));
#12945=CARTESIAN_POINT('',(-0.014745228092634,0.013446357775041,0.0168));
#12946=CARTESIAN_POINT('',(-0.0145605682474646,0.0137629801319104,0.0168));
#12947=CARTESIAN_POINT('',(-0.0143759084022952,0.0140796024887799,0.0168));
#12948=CARTESIAN_POINT('',(-0.015726146204912,0.0154112391223993,0.0168));
#12949=CARTESIAN_POINT('',(-0.0170766280510012,0.0167426298619792,0.0168));
#12950=CARTESIAN_POINT('',(-0.0268226268212256,0.0069227277612567,0.0168));
#12951=CARTESIAN_POINT('',(-0.0181396042540839,0.0176935449212419,0.0168));
#12952=CARTESIAN_POINT('',(-0.0143970564347638,0.0269950643841191,0.0168));
#12953=CARTESIAN_POINT('',(-0.016719242600774,0.0172415058184556,0.0168));
#12954=CARTESIAN_POINT('',(-0.0148886355831856,0.0167903957247706,0.0168));
#12955=CARTESIAN_POINT('',(-0.0130580340543546,0.0163392625774148,0.0168));
#12956=CARTESIAN_POINT('',(-0.0128733742091852,0.0166558849342842,0.0168));
#12957=CARTESIAN_POINT('',(-0.0126887143640158,0.0169725072911537,0.0168));
#12958=CARTESIAN_POINT('',(-0.0139833318761021,0.0183749587131086,0.0168));
#12959=CARTESIAN_POINT('',(-0.0152776480834986,0.0197776914506929,0.0168));
#12960=CARTESIAN_POINT('',(-0.0234376442889182,0.0121590431336314,0.0168));
#12961=CARTESIAN_POINT('',(-0.0163424819551061,0.0207796244402261,0.0168));
#12962=CARTESIAN_POINT('',(-0.0163424819551061,0.0207796244402261,0.0168));
#12963=CARTESIAN_POINT('',(-0.01580372558864,0.0205558531086345,0.0168));
#12964=CARTESIAN_POINT('',(-0.0149790104348965,0.0203235773271445,0.0168));
#12965=CARTESIAN_POINT('',(-0.0149790104348965,0.0203235773271445,0.0168));
#12966=CARTESIAN_POINT('',(-0.0131595095723368,0.0198043044152301,0.0168));
#12967=CARTESIAN_POINT('',(-0.011340008709777,0.0192850315033157,0.0168));
#12968=CARTESIAN_POINT('',(-0.0111553488646076,0.0196016538601851,0.0168));
#12969=CARTESIAN_POINT('',(-0.0119019210432454,0.0250181094094176,0.0168));
#12970=CARTESIAN_POINT('',(-0.012055486992531,0.025514656588226,0.0168));
#12971=CARTESIAN_POINT('',(-0.0125818786906301,0.0258216576807278,0.0168));
#12972=CARTESIAN_POINT('',(-0.0119019210432454,0.0250181094094176,0.0168));
#12973=CARTESIAN_POINT('',(-0.0125818786906301,0.0258216576807278,0.0168));
#12974=CARTESIAN_POINT('',(-0.0125818786906301,0.0258216576807278,0.0168));
#12975=CARTESIAN_POINT('',(-0.0132601141477963,0.0262172167806821,0.0168));
#12976=CARTESIAN_POINT('',(-0.0139272794724267,0.0259468535356976,0.0168));
#12977=CARTESIAN_POINT('',(-0.0139272794724267,0.0259468535356976,0.0168));
#12978=CARTESIAN_POINT('',(-0.0139272794724267,0.0259468535356976,0.0168));
#12979=CARTESIAN_POINT('',(-0.0145944447970572,0.0256764902907131,0.0168));
#12980=CARTESIAN_POINT('',(-0.0150864337273486,0.0248329138514517,0.0168));
#12981=CARTESIAN_POINT('',(-0.0150864337273486,0.0248329138514517,0.0168));
#12982=CARTESIAN_POINT('',(-0.0150864337273486,0.0248329138514517,0.0168));
#12983=CARTESIAN_POINT('',(-0.0156190937425441,0.023919601759878,0.0168));
#12984=CARTESIAN_POINT('',(-0.0156702138748411,0.0232891962188678,0.0168));
#12985=CARTESIAN_POINT('',(-0.0156702138748411,0.0232891962188678,0.0168));
#12986=CARTESIAN_POINT('',(-0.0153822731169066,0.0231212639973283,0.0168));
#12987=CARTESIAN_POINT('',(-0.0150946516837145,0.022953518010317,0.0168));
#12988=CARTESIAN_POINT('',(-0.0107526714474513,0.0223530885664925,0.0168));
#12989=CARTESIAN_POINT('',(-0.0149023828894054,0.0237654289003064,0.0168));
#12990=CARTESIAN_POINT('',(-0.0109374697428782,0.0224521784084471,0.0168));
#12991=CARTESIAN_POINT('',(-0.0145498278468535,0.0245485953325586,0.0168));
#12992=CARTESIAN_POINT('',(-0.0145498278468535,0.0245485953325586,0.0168));
#12993=CARTESIAN_POINT('',(-0.0142014996842071,0.0251458474515556,0.0168));
#12994=CARTESIAN_POINT('',(-0.0137983987845277,0.0253162291751658,0.0168));
#12995=CARTESIAN_POINT('',(-0.0137983987845277,0.0253162291751658,0.0168));
#12996=CARTESIAN_POINT('',(-0.0137983987845277,0.0253162291751658,0.0168));
#12997=CARTESIAN_POINT('',(-0.0133952978848483,0.0254866108987759,0.0168));
#12998=CARTESIAN_POINT('',(-0.0129903811940028,0.025250456212236,0.0168));
#12999=CARTESIAN_POINT('',(-0.0129903811940028,0.025250456212236,0.0168));
#13000=CARTESIAN_POINT('',(-0.0129903811940028,0.025250456212236,0.0168));
#13001=CARTESIAN_POINT('',(-0.0127238110391962,0.025094987710264,0.0168));
#13002=CARTESIAN_POINT('',(-0.0126160551889225,0.0248881905464125,0.0168));
#13003=CARTESIAN_POINT('',(-0.0126160551889225,0.0248881905464125,0.0168));
#13004=CARTESIAN_POINT('',(-0.0126160551889225,0.0248881905464125,0.0168));
#13005=CARTESIAN_POINT('',(-0.0125082993386488,0.024681393382561,0.0168));
#13006=CARTESIAN_POINT('',(-0.0125103792766155,0.0243457135002712,0.0168));
#13007=CARTESIAN_POINT('',(-0.0125103792766155,0.0243457135002712,0.0168));
#13008=CARTESIAN_POINT('',(-0.0125103792766155,0.0243457135002712,0.0168));
#13009=CARTESIAN_POINT('',(-0.0125124592145823,0.0240100336179814,0.0168));
#13010=CARTESIAN_POINT('',(-0.012629375973319,0.0233908695339675,0.0168));
#13011=CARTESIAN_POINT('',(-0.012629375973319,0.0233908695339675,0.0168));
#13012=CARTESIAN_POINT('',(-0.012629375973319,0.0233908695339675,0.0168));
#13013=CARTESIAN_POINT('',(-0.012790791333911,0.0225248273100795,0.0168));
#13014=CARTESIAN_POINT('',(-0.0126187131141317,0.0220122077142741,0.0168));
#13015=CARTESIAN_POINT('',(-0.0126187131141317,0.0220122077142741,0.0168));
#13016=CARTESIAN_POINT('',(-0.0126187131141317,0.0220122077142741,0.0168));
#13017=CARTESIAN_POINT('',(-0.0124466348943524,0.0214995881184687,0.0168));
#13018=CARTESIAN_POINT('',(-0.0118808762957544,0.0211696275425532,0.0168));
#13019=CARTESIAN_POINT('',(-0.0118808762957544,0.0211696275425532,0.0168));
#13020=CARTESIAN_POINT('',(-0.0118808762957544,0.0211696275425532,0.0168));
#13021=CARTESIAN_POINT('',(-0.0112869984825144,0.020823267335628,0.0168));
#13022=CARTESIAN_POINT('',(-0.0106754101516747,0.0210642426922295,0.0168));
#13023=CARTESIAN_POINT('',(-0.0106754101516747,0.0210642426922295,0.0168));
#13024=CARTESIAN_POINT('',(-0.0106754101516747,0.0210642426922295,0.0168));
#13025=CARTESIAN_POINT('',(-0.0100638218208351,0.021305218048831,0.0168));
#13026=CARTESIAN_POINT('',(-0.00963480747362095,0.0220408167038669,0.0168));
#13027=CARTESIAN_POINT('',(-0.00963480747362095,0.0220408167038669,0.0168));
#13028=CARTESIAN_POINT('',(-0.00963480747362095,0.0220408167038669,0.0168));
#13029=CARTESIAN_POINT('',(-0.00918808152491634,0.0228067841107163,0.0168));
#13030=CARTESIAN_POINT('',(-0.00909405011383456,0.0236141480518234,0.0168));
#13031=CARTESIAN_POINT('',(-0.00909405011383456,0.0236141480518234,0.0168));
#13032=CARTESIAN_POINT('',(-0.00940831843207933,0.0236723248497416,0.0168));
#13033=CARTESIAN_POINT('',(-0.00972258675032409,0.0237305016476597,0.0168));
#13034=CARTESIAN_POINT('',(-0.00972258675032409,0.0237305016476597,0.0168));
#13035=CARTESIAN_POINT('',(-0.0098273042415774,0.0229384141261917,0.0168));
#13036=CARTESIAN_POINT('',(-0.0101776003599449,0.0223377877014376,0.0168));
#13037=CARTESIAN_POINT('',(-0.0101776003599449,0.0223377877014376,0.0168));
#13038=CARTESIAN_POINT('',(-0.0101776003599449,0.0223377877014376,0.0168));
#13039=CARTESIAN_POINT('',(-0.0104544261313889,0.0218631353582798,0.0168));
#13040=CARTESIAN_POINT('',(-0.0108138057399896,0.0217147361476908,0.0168));
#13041=CARTESIAN_POINT('',(-0.0108138057399896,0.0217147361476908,0.0168));
#13042=CARTESIAN_POINT('',(-0.0108138057399896,0.0217147361476908,0.0168));
#13043=CARTESIAN_POINT('',(-0.0111731853485903,0.0215663369371016,0.0168));
#13044=CARTESIAN_POINT('',(-0.0115353608331798,0.0217775641845067,0.0168));
#13045=CARTESIAN_POINT('',(-0.0115353608331798,0.0217775641845067,0.0168));
#13046=CARTESIAN_POINT('',(-0.0115353608331798,0.0217775641845067,0.0168));
#13047=CARTESIAN_POINT('',(-0.0118019309879864,0.0219330326864788,0.0168));
#13048=CARTESIAN_POINT('',(-0.0119154971044761,0.022131159694265,0.0168));
#13049=CARTESIAN_POINT('',(-0.0119154971044761,0.022131159694265,0.0168));
#13050=CARTESIAN_POINT('',(-0.0119154971044761,0.022131159694265,0.0168));
#13051=CARTESIAN_POINT('',(-0.0120290632209657,0.0223292867020513,0.0168));
#13052=CARTESIAN_POINT('',(-0.0120349015170537,0.0226462207007822,0.0168));
#13053=CARTESIAN_POINT('',(-0.0120349015170537,0.0226462207007822,0.0168));
#13054=CARTESIAN_POINT('',(-0.0120349015170537,0.0226462207007822,0.0168));
#13055=CARTESIAN_POINT('',(-0.0120407398131416,0.0229631546995132,0.0168));
#13056=CARTESIAN_POINT('',(-0.0119320677238646,0.0235449213959645,0.0168));
#13057=CARTESIAN_POINT('',(-0.0119320677238646,0.0235449213959645,0.0168));
#13058=CARTESIAN_POINT('',(-0.0119320677238646,0.0235449213959645,0.0168));
#13059=CARTESIAN_POINT('',(-0.0117483550939598,0.0245215622306093,0.0168));
#13060=CARTESIAN_POINT('',(-0.0119019210432454,0.0250181094094176,0.0168));
#13061=CARTESIAN_POINT('',(0.0159076240551766,0.0172860128172795,0.0168));
#13062=CARTESIAN_POINT('',(0.018483711340262,0.0187733175047795,0.0168));
#13063=CARTESIAN_POINT('',(0.0133315367700913,0.0157987081297795,0.0168));
#13064=CARTESIAN_POINT('',(0.0137517841659246,0.0150708182884477,0.0168));
#13065=CARTESIAN_POINT('',(0.0141720315617579,0.0143429284471159,0.0168));
#13066=CARTESIAN_POINT('',(0.0141720315617579,0.0143429284471159,0.0168));
#13067=CARTESIAN_POINT('',(0.0147638284367579,0.0133179061918554,0.0168));
#13068=CARTESIAN_POINT('',(0.0153351942047649,0.013036604985295,0.0168));
#13069=CARTESIAN_POINT('',(0.0153351942047649,0.013036604985295,0.0168));
#13070=CARTESIAN_POINT('',(0.0153351942047649,0.013036604985295,0.0168));
#13071=CARTESIAN_POINT('',(0.0159065599727719,0.0127553037787346,0.0168));
#13072=CARTESIAN_POINT('',(0.0165684830352999,0.0131374652370679,0.0168));
#13073=CARTESIAN_POINT('',(0.0165684830352999,0.0131374652370679,0.0168));
#13074=CARTESIAN_POINT('',(0.0165684830352999,0.0131374652370679,0.0168));
#13075=CARTESIAN_POINT('',(0.0170274313938159,0.0134024391954013,0.0168));
#13076=CARTESIAN_POINT('',(0.0171776666888667,0.013829724031283,0.0168));
#13077=CARTESIAN_POINT('',(0.0171776666888667,0.013829724031283,0.0168));
#13078=CARTESIAN_POINT('',(0.0171776666888667,0.013829724031283,0.0168));
#13079=CARTESIAN_POINT('',(0.0173279019839177,0.0142570088671648,0.0168));
#13080=CARTESIAN_POINT('',(0.0171326545639895,0.014798312318527,0.0168));
#13081=CARTESIAN_POINT('',(0.0171326545639895,0.014798312318527,0.0168));
#13082=CARTESIAN_POINT('',(0.0171501329412794,0.0148084034643604,0.0168));
#13083=CARTESIAN_POINT('',(0.0171676113185693,0.0148184946101937,0.0168));
#13084=CARTESIAN_POINT('',(0.0171676113185693,0.0148184946101937,0.0168));
#13085=CARTESIAN_POINT('',(0.0180460651230923,0.0137605096553244,0.0168));
#13086=CARTESIAN_POINT('',(0.0190789808390644,0.0143568638219911,0.0168));
#13087=CARTESIAN_POINT('',(0.0190789808390644,0.0143568638219911,0.0168));
#13088=CARTESIAN_POINT('',(0.0190789808390644,0.0143568638219911,0.0168));
#13089=CARTESIAN_POINT('',(0.0197690948327051,0.0147553013219911,0.0168));
#13090=CARTESIAN_POINT('',(0.0198874707948168,0.015446101474552,0.0168));
#13091=CARTESIAN_POINT('',(0.0198874707948168,0.015446101474552,0.0168));
#13092=CARTESIAN_POINT('',(0.0198874707948168,0.015446101474552,0.0168));
#13093=CARTESIAN_POINT('',(0.0200058467569286,0.0161369016271128,0.0168));
#13094=CARTESIAN_POINT('',(0.0195214717569286,0.016975863737029,0.0168));
#13095=CARTESIAN_POINT('',(0.0195214717569286,0.016975863737029,0.0168));
#13096=CARTESIAN_POINT('',(0.0190025915485953,0.0178745906209043,0.0168));
#13097=CARTESIAN_POINT('',(0.0217989554381342,0.00846604212110534,0.0168));
#13098=CARTESIAN_POINT('',(0.0217908174173009,0.00848013758666173,0.0168));
#13099=CARTESIAN_POINT('',(0.0218070934589675,0.00845194665554896,0.0168));
#13100=CARTESIAN_POINT('',(0.0218070934589675,0.00845194665554896,0.0168));
#13101=CARTESIAN_POINT('',(0.0216789543285993,0.00817649430645115,0.0168));
#13102=CARTESIAN_POINT('',(0.0215095508783787,0.00766522218921063,0.0168));
#13103=CARTESIAN_POINT('',(0.0215095508783787,0.00766522218921063,0.0168));
#13104=CARTESIAN_POINT('',(0.0212087814947619,0.00666012837632939,0.0168));
#13105=CARTESIAN_POINT('',(0.0209080121111451,0.00565503456344815,0.0168));
#13106=CARTESIAN_POINT('',(0.0211085329444785,0.00530772229213877,0.0168));
#13107=CARTESIAN_POINT('',(0.0213090537778118,0.00496041002082938,0.0168));
#13108=CARTESIAN_POINT('',(0.0216798422310159,0.00621792516435334,0.0168));
#13109=CARTESIAN_POINT('',(0.02205063068422,0.0074754403078773,0.0168));
#13110=CARTESIAN_POINT('',(0.0236424965330743,0.00727814361216122,0.0168));
#13111=CARTESIAN_POINT('',(0.0252343623819286,0.00708084691644515,0.0168));
#13112=CARTESIAN_POINT('',(0.0250299352985953,0.0074349250112216,0.0168));
#13113=CARTESIAN_POINT('',(0.024825508215262,0.00778900310599805,0.0168));
#13114=CARTESIAN_POINT('',(0.023518805657497,0.00794420540976053,0.0168));
#13115=CARTESIAN_POINT('',(0.022212103099732,0.008099407713523,0.0168));
#13116=CARTESIAN_POINT('',(0.0222757206690543,0.00842932301786931,0.0168));
#13117=CARTESIAN_POINT('',(0.0223393382383767,0.00875923832221562,0.0168));
#13118=CARTESIAN_POINT('',(0.023061589893486,0.00917623050971562,0.0168));
#13119=CARTESIAN_POINT('',(0.0237838415485953,0.00959322269721562,0.0168));
#13120=CARTESIAN_POINT('',(0.0236168493610953,0.00988246165043269,0.0168));
#13121=CARTESIAN_POINT('',(0.0234498571735953,0.0101717006036498,0.0168));
#13122=CARTESIAN_POINT('',(0.0207080072135668,0.00858869279114976,0.0168));
#13123=CARTESIAN_POINT('',(0.0179661572535383,0.00700568497864976,0.0168));
#13124=CARTESIAN_POINT('',(0.0181331494410383,0.00671644602543269,0.0168));
#13125=CARTESIAN_POINT('',(0.0183001416285384,0.00642720707221563,0.0168));
#13126=CARTESIAN_POINT('',(0.0197542298553353,0.00726672530138229,0.0168));
#13127=CARTESIAN_POINT('',(0.0212085036890966,0.00810593593271148,0.0168));
#13128=CARTESIAN_POINT('',(0.0151548704078887,0.0181383423815244,0.0168));
#13129=CARTESIAN_POINT('',(0.0269765840999516,0.0040918762161128,0.0168));
#13130=CARTESIAN_POINT('',(0.0268757160283328,0.00440200150768466,0.0168));
#13131=CARTESIAN_POINT('',(0.0266498045699994,0.00479329163152997,0.0168));
#13132=CARTESIAN_POINT('',(0.0269765840999516,0.0040918762161128,0.0168));
#13133=CARTESIAN_POINT('',(0.0266498045699994,0.00479329163152997,0.0168));
#13134=CARTESIAN_POINT('',(0.0266498045699994,0.00479329163152997,0.0168));
#13135=CARTESIAN_POINT('',(0.0261556639449994,0.00564916830011381,0.0168));
#13136=CARTESIAN_POINT('',(0.0253474350882909,0.00584333257740972,0.0168));
#13137=CARTESIAN_POINT('',(0.0253474350882909,0.00584333257740972,0.0168));
#13138=CARTESIAN_POINT('',(0.0253474350882909,0.00584333257740972,0.0168));
#13139=CARTESIAN_POINT('',(0.0245392062315823,0.00603749685470563,0.0168));
#13140=CARTESIAN_POINT('',(0.0236134160538388,0.0055029916463723,0.0168));
#13141=CARTESIAN_POINT('',(0.0236134160538388,0.0055029916463723,0.0168));
#13142=CARTESIAN_POINT('',(0.0236134160538388,0.0055029916463723,0.0168));
#13143=CARTESIAN_POINT('',(0.0226786047781392,0.00496327810470563,0.0168));
#13144=CARTESIAN_POINT('',(0.0223945066214401,0.00418581929644515,0.0168));
#13145=CARTESIAN_POINT('',(0.0223945066214401,0.00418581929644515,0.0168));
#13146=CARTESIAN_POINT('',(0.0223945066214401,0.00418581929644515,0.0168));
#13147=CARTESIAN_POINT('',(0.0221104084647409,0.00340836048818467,0.0168));
#13148=CARTESIAN_POINT('',(0.0225583251314076,0.00263254606396111,0.0168));
#13149=CARTESIAN_POINT('',(0.0225583251314076,0.00263254606396111,0.0168));
#13150=CARTESIAN_POINT('',(0.0225583251314076,0.00263254606396111,0.0168));
#13151=CARTESIAN_POINT('',(0.0229769449230743,0.00190747531574055,0.0168));
#13152=CARTESIAN_POINT('',(0.0236986399211247,0.00176032749488227,0.0168));
#13153=CARTESIAN_POINT('',(0.0236986399211247,0.00176032749488227,0.0168));
#13154=CARTESIAN_POINT('',(0.0236986399211247,0.00176032749488227,0.0168));
#13155=CARTESIAN_POINT('',(0.0244203349191751,0.00161317967402398,0.0168));
#13156=CARTESIAN_POINT('',(0.0252029151668657,0.00206500259069064,0.0168));
#13157=CARTESIAN_POINT('',(0.0252029151668657,0.00206500259069064,0.0168));
#13158=CARTESIAN_POINT('',(0.0253878476749656,0.00217177342402398,0.0168));
#13159=CARTESIAN_POINT('',(0.0255727801830654,0.00227854425735731,0.0168));
#13160=CARTESIAN_POINT('',(0.024804876537232,0.00360859238725802,0.0168));
#13161=CARTESIAN_POINT('',(0.0240369728913986,0.00493864051715872,0.0168));
#13162=CARTESIAN_POINT('',(0.0240369728913986,0.00493864051715872,0.0168));
#13163=CARTESIAN_POINT('',(0.0247273548165055,0.00531317644624654,0.0168));
#13164=CARTESIAN_POINT('',(0.0252678924970818,0.0051907398034162,0.0168));
#13165=CARTESIAN_POINT('',(0.0252678924970818,0.0051907398034162,0.0168));
#13166=CARTESIAN_POINT('',(0.0252678924970818,0.0051907398034162,0.0168));
#13167=CARTESIAN_POINT('',(0.0258084301776582,0.00506830316058586,0.0168));
#13168=CARTESIAN_POINT('',(0.0261502270526582,0.00447629360721759,0.0168));
#13169=CARTESIAN_POINT('',(0.0261502270526582,0.00447629360721759,0.0168));
#13170=CARTESIAN_POINT('',(0.0230338710200777,0.00269877625623851,0.0168));
#13171=CARTESIAN_POINT('',(0.0266013313908428,0.00309339547396709,0.0168));
#13172=CARTESIAN_POINT('',(0.0268623794129471,0.00324411161980043,0.0168));
#13173=CARTESIAN_POINT('',(0.0271229402668684,0.00339454649895218,0.0168));
#13174=CARTESIAN_POINT('',(0.0234827655879595,0.00299739608199335,0.0168));
#13175=CARTESIAN_POINT('',(0.0280418011736451,-0.00670105054328095,0.0168));
#13176=CARTESIAN_POINT('',(0.0278709027361451,-0.00640504576659682,0.0168));
#13177=CARTESIAN_POINT('',(0.0282126996111451,-0.00699705531996509,0.0168));
#13178=CARTESIAN_POINT('',(0.0294655045897969,-0.00627374802829842,0.0168));
#13179=CARTESIAN_POINT('',(0.0307183095684485,-0.00555044073663175,0.0168));
#13180=CARTESIAN_POINT('',(0.0307183095684485,-0.00555044073663175,0.0168));
#13181=CARTESIAN_POINT('',(0.0311907895738987,-0.00527765427829842,0.0168));
#13182=CARTESIAN_POINT('',(0.0315471062837679,-0.00535835459004443,0.0168));
#13183=CARTESIAN_POINT('',(0.0315471062837679,-0.00535835459004443,0.0168));
#13184=CARTESIAN_POINT('',(0.0315471062837679,-0.00535835459004443,0.0168));
#13185=CARTESIAN_POINT('',(0.0319034229936372,-0.00543905490179044,0.0168));
#13186=CARTESIAN_POINT('',(0.0321677459103039,-0.0058968756230619,0.0168));
#13187=CARTESIAN_POINT('',(0.0321677459103039,-0.0058968756230619,0.0168));
#13188=CARTESIAN_POINT('',(0.0321677459103039,-0.0058968756230619,0.0168));
#13189=CARTESIAN_POINT('',(0.0325180063269705,-0.00650354446060881,0.0168));
#13190=CARTESIAN_POINT('',(0.0323485031290398,-0.0069742792264142,0.0168));
#13191=CARTESIAN_POINT('',(0.0323485031290398,-0.0069742792264142,0.0168));
#13192=CARTESIAN_POINT('',(0.0323485031290398,-0.0069742792264142,0.0168));
#13193=CARTESIAN_POINT('',(0.0321789999311092,-0.00744501399221959,0.0168));
#13194=CARTESIAN_POINT('',(0.0314279935262649,-0.00787860774221959,0.0168));
#13195=CARTESIAN_POINT('',(0.0314279935262649,-0.00787860774221959,0.0168));
#13196=CARTESIAN_POINT('',(0.030413120006205,-0.00846454524221959,0.0168));
#13197=CARTESIAN_POINT('',(0.0293982464861452,-0.00905048274221958,0.0168));
#13198=CARTESIAN_POINT('',(0.0295671917986451,-0.00934310460717018,0.0168));
#13199=CARTESIAN_POINT('',(0.0297361371111452,-0.00963572647212079,0.0168));
#13200=CARTESIAN_POINT('',(0.0316672158923702,-0.00852081761795412,0.0168));
#13201=CARTESIAN_POINT('',(0.0335982946735952,-0.00740590876378746,0.0168));
#13202=CARTESIAN_POINT('',(0.0334589717569286,-0.00716459439346211,0.0168));
#13203=CARTESIAN_POINT('',(0.0333196488402619,-0.00692328002313675,0.0168));
#13204=CARTESIAN_POINT('',(0.0330364420301466,-0.00703040768896759,0.0168));
#13205=CARTESIAN_POINT('',(0.0327532352200314,-0.00713753535479843,0.0168));
#13206=CARTESIAN_POINT('',(0.0327441206366981,-0.00712174843337527,0.0168));
#13207=CARTESIAN_POINT('',(0.0327351796696314,-0.007106262218916,0.0168));
#13208=CARTESIAN_POINT('',(0.0315466316250287,-0.00648130294608107,0.0168));
#13209=CARTESIAN_POINT('',(0.032884205068946,-0.00635526720404494,0.0168));
#13210=CARTESIAN_POINT('',(0.032884205068946,-0.00635526720404494,0.0168));
#13211=CARTESIAN_POINT('',(0.0328516274866661,-0.00594858075968166,0.0168));
#13212=CARTESIAN_POINT('',(0.0326152993616661,-0.00553924843992417,0.0168));
#13213=CARTESIAN_POINT('',(0.0326152993616661,-0.00553924843992417,0.0168));
#13214=CARTESIAN_POINT('',(0.0326152993616661,-0.00553924843992417,0.0168));
#13215=CARTESIAN_POINT('',(0.0322083983199994,-0.00483447516210481,0.0168));
#13216=CARTESIAN_POINT('',(0.0316713416208797,-0.00467770317268415,0.0168));
#13217=CARTESIAN_POINT('',(0.0316713416208797,-0.00467770317268415,0.0168));
#13218=CARTESIAN_POINT('',(0.0316713416208797,-0.00467770317268415,0.0168));
#13219=CARTESIAN_POINT('',(0.03113428492176,-0.00452093118326349,0.0168));
#13220=CARTESIAN_POINT('',(0.0303979378010942,-0.00494606139159682,0.0168));
#13221=CARTESIAN_POINT('',(0.0303979378010942,-0.00494606139159682,0.0168));
#13222=CARTESIAN_POINT('',(0.0291344202686197,-0.00567555357909682,0.0168));
#13223=CARTESIAN_POINT('',(0.0327212523507036,-0.0103464623168174,0.0168));
#13224=CARTESIAN_POINT('',(0.0307901735694785,-0.0114613711709841,0.0168));
#13225=CARTESIAN_POINT('',(0.0346523311319286,-0.00923155346265074,0.0168));
#13226=CARTESIAN_POINT('',(0.0344833858194286,-0.00893893159770014,0.0168));
#13227=CARTESIAN_POINT('',(0.0343144405069286,-0.00864630973274954,0.0168));
#13228=CARTESIAN_POINT('',(0.0323833617257036,-0.0097612185869162,0.0168));
#13229=CARTESIAN_POINT('',(0.0304522829444785,-0.0108761274410829,0.0168));
#13230=CARTESIAN_POINT('',(0.0306212282569785,-0.0111687493060335,0.0168));
#13231=CARTESIAN_POINT('',(0.0297284692148896,-0.0113594244528858,0.0168));
#13232=CARTESIAN_POINT('',(0.0295745262660284,-0.0113167457773244,0.0168));
#13233=CARTESIAN_POINT('',(0.029377189748239,-0.011430678068991,0.0168));
#13234=CARTESIAN_POINT('',(0.0297284692148896,-0.0113594244528858,0.0168));
#13235=CARTESIAN_POINT('',(0.029377189748239,-0.011430678068991,0.0168));
#13236=CARTESIAN_POINT('',(0.029377189748239,-0.011430678068991,0.0168));
#13237=CARTESIAN_POINT('',(0.029176470318716,-0.0115465634856577,0.0168));
#13238=CARTESIAN_POINT('',(0.0291398425732549,-0.0116992682028858,0.0168));
#13239=CARTESIAN_POINT('',(0.0291398425732549,-0.0116992682028858,0.0168));
#13240=CARTESIAN_POINT('',(0.029527512001598,-0.0117893115381097,0.0168));
#13241=CARTESIAN_POINT('',(0.0291894436562287,-0.0120006296682497,0.0168));
#13242=CARTESIAN_POINT('',(0.0295356630733002,-0.0118084223269311,0.0168));
#13243=CARTESIAN_POINT('',(0.0294247371541217,-0.012188813841748,0.0168));
#13244=CARTESIAN_POINT('',(0.0294247371541217,-0.012188813841748,0.0168));
#13245=CARTESIAN_POINT('',(0.0295789417721162,-0.0122358519915429,0.0168));
#13246=CARTESIAN_POINT('',(0.0297762782899056,-0.0121219196998763,0.0168));
#13247=CARTESIAN_POINT('',(0.0297762782899056,-0.0121219196998763,0.0168));
#13248=CARTESIAN_POINT('',(0.0297762782899056,-0.0121219196998763,0.0168));
#13249=CARTESIAN_POINT('',(0.029973614807695,-0.0120079874082096,0.0168));
#13250=CARTESIAN_POINT('',(0.0300116723398897,-0.011849946654248,0.0168));
#13251=CARTESIAN_POINT('',(0.0300116723398897,-0.011849946654248,0.0168));
#13252=CARTESIAN_POINT('',(0.0296314579760364,-0.0117524198104996,0.0168));
#13253=CARTESIAN_POINT('',(0.0299680730708789,-0.0115511051052251,0.0168));
#13254=CARTESIAN_POINT('',(0.0296234012661188,-0.0117352213749633,0.0168));
#13255=CARTESIAN_POINT('',(0.0329645176302334,-0.012640205974014,0.0168));
#13256=CARTESIAN_POINT('',(0.030222667670205,-0.014223213786514,0.0168));
#13257=CARTESIAN_POINT('',(0.035706367590262,-0.011057198161514,0.0168));
#13258=CARTESIAN_POINT('',(0.035537422277762,-0.0107645762965634,0.0168));
#13259=CARTESIAN_POINT('',(0.0353684769652619,-0.0104719544316128,0.0168));
#13260=CARTESIAN_POINT('',(0.0326266270052335,-0.0120549622441128,0.0168));
#13261=CARTESIAN_POINT('',(0.029884777045205,-0.0136379700566128,0.0168));
#13262=CARTESIAN_POINT('',(0.030053722357705,-0.0139305919215634,0.0168));
#13263=CARTESIAN_POINT('',(0.03770375973848,-0.0151144390948669,0.0168));
#13264=CARTESIAN_POINT('',(0.0379850134235953,-0.0150039285173025,0.0168));
#13265=CARTESIAN_POINT('',(0.0374225060533647,-0.0152249496724312,0.0168));
#13266=CARTESIAN_POINT('',(0.0374133914700314,-0.015209162751008,0.0168));
#13267=CARTESIAN_POINT('',(0.037404276886698,-0.0151933758295849,0.0168));
#13268=CARTESIAN_POINT('',(0.037404276886698,-0.0151933758295849,0.0168));
#13269=CARTESIAN_POINT('',(0.0377591795699994,-0.0144487103088054,0.0168));
#13270=CARTESIAN_POINT('',(0.0372930337366661,-0.0136413220417356,0.0168));
#13271=CARTESIAN_POINT('',(0.0372930337366661,-0.0136413220417356,0.0168));
#13272=CARTESIAN_POINT('',(0.0372930337366661,-0.0136413220417356,0.0168));
#13273=CARTESIAN_POINT('',(0.0368555337366661,-0.0128835498134242,0.0168));
#13274=CARTESIAN_POINT('',(0.0360942203603133,-0.0127615309484327,0.0168));
#13275=CARTESIAN_POINT('',(0.0360942203603133,-0.0127615309484327,0.0168));
#13276=CARTESIAN_POINT('',(0.0360942203603133,-0.0127615309484327,0.0168));
#13277=CARTESIAN_POINT('',(0.0353329069839605,-0.0126395120834412,0.0168));
#13278=CARTESIAN_POINT('',(0.0343777982378597,-0.0131909443751078,0.0168));
#13279=CARTESIAN_POINT('',(0.0343777982378597,-0.0131909443751078,0.0168));
#13280=CARTESIAN_POINT('',(0.0343777982378597,-0.0131909443751078,0.0168));
#13281=CARTESIAN_POINT('',(0.0334226894917589,-0.0137423766667745,0.0168));
#13282=CARTESIAN_POINT('',(0.0331379682490833,-0.0144705791751328,0.0168));
#13283=CARTESIAN_POINT('',(0.0331379682490833,-0.0144705791751328,0.0168));
#13284=CARTESIAN_POINT('',(0.0331379682490833,-0.0144705791751328,0.0168));
#13285=CARTESIAN_POINT('',(0.0328532470064076,-0.015198781683491,0.0168));
#13286=CARTESIAN_POINT('',(0.0332887938814076,-0.0159531710000689,0.0168));
#13287=CARTESIAN_POINT('',(0.0332887938814076,-0.0159531710000689,0.0168));
#13288=CARTESIAN_POINT('',(0.0332887938814076,-0.0159531710000689,0.0168));
#13289=CARTESIAN_POINT('',(0.0337425699230743,-0.0167391341594931,0.0168));
#13290=CARTESIAN_POINT('',(0.0345564695060413,-0.0168285370894512,0.0168));
#13291=CARTESIAN_POINT('',(0.0345564695060413,-0.0168285370894512,0.0168));
#13292=CARTESIAN_POINT('',(0.034569815860208,-0.0168516536529636,0.0168));
#13293=CARTESIAN_POINT('',(0.0345831622143747,-0.0168747702164761,0.0168));
#13294=CARTESIAN_POINT('',(0.0344367375563443,-0.0169427698526198,0.0168));
#13295=CARTESIAN_POINT('',(0.0342903128983138,-0.0170107694887635,0.0168));
#13296=CARTESIAN_POINT('',(0.0341502008395169,-0.0170818903675076,0.0168));
#13297=CARTESIAN_POINT('',(0.03401008878072,-0.0171530112462515,0.0168));
#13298=CARTESIAN_POINT('',(0.0332241256212958,-0.0176067872879183,0.0168));
#13299=CARTESIAN_POINT('',(0.0324381624618716,-0.0180605633295849,0.0168));
#13300=CARTESIAN_POINT('',(0.0326071077743717,-0.0183531851945355,0.0168));
#13301=CARTESIAN_POINT('',(0.0327760530868717,-0.0186458070594861,0.0168));
#13302=CARTESIAN_POINT('',(0.0355179030469002,-0.0170627992469861,0.0168));
#13303=CARTESIAN_POINT('',(0.0382597530069286,-0.0154797914344861,0.0168));
#13304=CARTESIAN_POINT('',(0.0381223832152619,-0.0152418599758943,0.0168));
#13305=CARTESIAN_POINT('',(0.0413606725579675,-0.0407139003583524,0.0168));
#13306=CARTESIAN_POINT('',(0.0381730123830554,-0.0407139003583524,0.0168));
#13307=CARTESIAN_POINT('',(-0.0414102103421786,-0.0407425010114017,0.0168));
#13308=CARTESIAN_POINT('',(-0.0446245258689503,-0.0407425010114017,0.0168));
#13309=CARTESIAN_POINT('',(-6.39888251232783E-17,0.0308083035051822,0.0168));
#13310=CARTESIAN_POINT('',(-0.00321004361154092,0.0308083035051822,0.0168));
#13311=CARTESIAN_POINT('',(0.0400706316650948,-0.0186358565267721,0.0168));
#13312=CARTESIAN_POINT('',(0.0398902234590104,-0.0185798907643983,0.0168));
#13313=CARTESIAN_POINT('',(0.0396365050789955,-0.0187263751393983,0.0168));
#13314=CARTESIAN_POINT('',(0.0400706316650948,-0.0186358565267721,0.0168));
#13315=CARTESIAN_POINT('',(0.0396365050789955,-0.0187263751393983,0.0168));
#13316=CARTESIAN_POINT('',(0.0396365050789955,-0.0187263751393983,0.0168));
#13317=CARTESIAN_POINT('',(0.0391572592500783,-0.0190030678477316,0.0168));
#13318=CARTESIAN_POINT('',(0.0394013998750783,-0.0194259318144233,0.0168));
#13319=CARTESIAN_POINT('',(0.0394013998750783,-0.0194259318144233,0.0168));
#13320=CARTESIAN_POINT('',(0.0394013998750783,-0.0194259318144233,0.0168));
#13321=CARTESIAN_POINT('',(0.0395192384167449,-0.0196300341556797,0.0168));
#13322=CARTESIAN_POINT('',(0.0397062784805633,-0.0196701428825974,0.0168));
#13323=CARTESIAN_POINT('',(0.0397062784805633,-0.0196701428825974,0.0168));
#13324=CARTESIAN_POINT('',(0.0397062784805633,-0.0196701428825974,0.0168));
#13325=CARTESIAN_POINT('',(0.0398933185443816,-0.019710251609515,0.0168));
#13326=CARTESIAN_POINT('',(0.0401267394539954,-0.0195754859845151,0.0168));
#13327=CARTESIAN_POINT('',(0.0401267394539954,-0.0195754859845151,0.0168));
#13328=CARTESIAN_POINT('',(0.0401267394539954,-0.0195754859845151,0.0168));
#13329=CARTESIAN_POINT('',(0.0403522669028977,-0.0194452776511817,0.0168));
#13330=CARTESIAN_POINT('',(0.0404123304703717,-0.0192602483017307,0.0168));
#13331=CARTESIAN_POINT('',(0.0404123304703717,-0.0192602483017307,0.0168));
#13332=CARTESIAN_POINT('',(0.0404123304703717,-0.0192602483017307,0.0168));
#13333=CARTESIAN_POINT('',(0.0404723940378457,-0.0190752189522795,0.0168));
#13334=CARTESIAN_POINT('',(0.0403565086211791,-0.0188744995227565,0.0168));
#13335=CARTESIAN_POINT('',(0.0403565086211791,-0.0188744995227565,0.0168));
#13336=CARTESIAN_POINT('',(0.0399183235334709,-0.0191057277971181,0.0168));
#13337=CARTESIAN_POINT('',(0.0371297425555902,-0.0211110975863509,0.0168));
#13338=CARTESIAN_POINT('',(0.0353152607284245,-0.0222782187056229,0.0168));
#13339=CARTESIAN_POINT('',(0.0389442243827559,-0.0199439764670789,0.0168));
#13340=CARTESIAN_POINT('',(0.0388374535494226,-0.0197590439589792,0.0168));
#13341=CARTESIAN_POINT('',(0.0387306827160892,-0.0195741114508793,0.0168));
#13342=CARTESIAN_POINT('',(0.0368123597430902,-0.0205613744296518,0.0168));
#13343=CARTESIAN_POINT('',(0.0348940367700913,-0.0215486374084243,0.0168));
#13344=CARTESIAN_POINT('',(0.0351046487492579,-0.0219134280570235,0.0168));
#13345=CARTESIAN_POINT('',(0.02653197301351,-0.0011158993758952,0.0168));
#13346=CARTESIAN_POINT('',(0.0291080602985953,0.000371405311604801,0.0168));
#13347=CARTESIAN_POINT('',(0.0239558857284246,-0.0026032040633952,0.0168));
#13348=CARTESIAN_POINT('',(0.0243761331242579,-0.00333109390472704,0.0168));
#13349=CARTESIAN_POINT('',(0.0247963805200913,-0.00405898374605887,0.0168));
#13350=CARTESIAN_POINT('',(0.0247963805200913,-0.00405898374605887,0.0168));
#13351=CARTESIAN_POINT('',(0.0253881773950912,-0.00508400600131936,0.0168));
#13352=CARTESIAN_POINT('',(0.0259595431630982,-0.00536530720787974,0.0168));
#13353=CARTESIAN_POINT('',(0.0259595431630982,-0.00536530720787974,0.0168));
#13354=CARTESIAN_POINT('',(0.0259595431630982,-0.00536530720787974,0.0168));
#13355=CARTESIAN_POINT('',(0.0265309089311053,-0.00564660841444013,0.0168));
#13356=CARTESIAN_POINT('',(0.0271928319936332,-0.00526444695610679,0.0168));
#13357=CARTESIAN_POINT('',(0.0271928319936332,-0.00526444695610679,0.0168));
#13358=CARTESIAN_POINT('',(0.0271928319936332,-0.00526444695610679,0.0168));
#13359=CARTESIAN_POINT('',(0.0276517803521492,-0.00499947299777346,0.0168));
#13360=CARTESIAN_POINT('',(0.0278020156472,-0.00457218816189172,0.0168));
#13361=CARTESIAN_POINT('',(0.0278020156472,-0.00457218816189172,0.0168));
#13362=CARTESIAN_POINT('',(0.0278020156472,-0.00457218816189172,0.0168));
#13363=CARTESIAN_POINT('',(0.0279522509422509,-0.00414490332600998,0.0168));
#13364=CARTESIAN_POINT('',(0.0277570035223228,-0.00360359987464771,0.0168));
#13365=CARTESIAN_POINT('',(0.0277570035223228,-0.00360359987464771,0.0168));
#13366=CARTESIAN_POINT('',(0.0277744818996127,-0.00359350872881438,0.0168));
#13367=CARTESIAN_POINT('',(0.0277919602769027,-0.00358341758298104,0.0168));
#13368=CARTESIAN_POINT('',(0.0277919602769027,-0.00358341758298104,0.0168));
#13369=CARTESIAN_POINT('',(0.0286704140814256,-0.00464140253785031,0.0168));
#13370=CARTESIAN_POINT('',(0.0297033297973976,-0.00404504837118364,0.0168));
#13371=CARTESIAN_POINT('',(0.0297033297973976,-0.00404504837118364,0.0168));
#13372=CARTESIAN_POINT('',(0.0297033297973976,-0.00404504837118364,0.0168));
#13373=CARTESIAN_POINT('',(0.0303934437910384,-0.00364661087118364,0.0168));
#13374=CARTESIAN_POINT('',(0.0305118197531502,-0.00295581071862276,0.0168));
#13375=CARTESIAN_POINT('',(0.0305118197531502,-0.00295581071862276,0.0168));
#13376=CARTESIAN_POINT('',(0.0305118197531502,-0.00295581071862276,0.0168));
#13377=CARTESIAN_POINT('',(0.030630195715262,-0.00226501056606188,0.0168));
#13378=CARTESIAN_POINT('',(0.030145820715262,-0.00142604845614571,0.0168));
#13379=CARTESIAN_POINT('',(0.030145820715262,-0.00142604845614571,0.0168));
#13380=CARTESIAN_POINT('',(0.0296269405069286,-0.000527321572270457,0.0168));
#13381=CARTESIAN_POINT('',(0.022629219152762,0.0115930873503558,0.0168));
#13382=CARTESIAN_POINT('',(0.0227545446735953,0.0113760171807875,0.0168));
#13383=CARTESIAN_POINT('',(0.0225038936319286,0.0118101575199242,0.0168));
#13384=CARTESIAN_POINT('',(0.0221952214984346,0.0117093766713499,0.0168));
#13385=CARTESIAN_POINT('',(0.0218865493649406,0.0116085958227755,0.0168));
#13386=CARTESIAN_POINT('',(0.0218784113441073,0.0116226912883319,0.0168));
#13387=CARTESIAN_POINT('',(0.0218702733232739,0.0116367867538883,0.0168));
#13388=CARTESIAN_POINT('',(0.0218702733232739,0.0116367867538883,0.0168));
#13389=CARTESIAN_POINT('',(0.0220667058493398,0.0121350973051498,0.0168));
#13390=CARTESIAN_POINT('',(0.0220301302096697,0.0124966252547111,0.0168));
#13391=CARTESIAN_POINT('',(0.0220301302096697,0.0124966252547111,0.0168));
#13392=CARTESIAN_POINT('',(0.0220301302096697,0.0124966252547111,0.0168));
#13393=CARTESIAN_POINT('',(0.0219935545699995,0.0128581532042725,0.0168));
#13394=CARTESIAN_POINT('',(0.0217448566533328,0.0132889106316757,0.0168));
#13395=CARTESIAN_POINT('',(0.0217448566533328,0.0132889106316757,0.0168));
#13396=CARTESIAN_POINT('',(0.0217448566533328,0.0132889106316757,0.0168));
#13397=CARTESIAN_POINT('',(0.0214134764449995,0.0138628779891318,0.0168));
#13398=CARTESIAN_POINT('',(0.0209287568080264,0.0140175411944621,0.0168));
#13399=CARTESIAN_POINT('',(0.0209287568080264,0.0140175411944621,0.0168));
#13400=CARTESIAN_POINT('',(0.0209287568080264,0.0140175411944621,0.0168));
#13401=CARTESIAN_POINT('',(0.0204440371710533,0.0141722043997925,0.0168));
#13402=CARTESIAN_POINT('',(0.01989826074471,0.0138571002331258,0.0168));
#13403=CARTESIAN_POINT('',(0.01989826074471,0.0138571002331258,0.0168));
#13404=CARTESIAN_POINT('',(0.01989826074471,0.0138571002331258,0.0168));
#13405=CARTESIAN_POINT('',(0.0187289009221521,0.0131819700247925,0.0168));
#13406=CARTESIAN_POINT('',(0.0197525971849266,0.0112786677528154,0.0168));
#13407=CARTESIAN_POINT('',(0.0197525971849266,0.0112786677528154,0.0168));
#13408=CARTESIAN_POINT('',(0.0199310122352704,0.0109449042374517,0.0168));
#13409=CARTESIAN_POINT('',(0.0201094272856143,0.0106111407220879,0.0168));
#13410=CARTESIAN_POINT('',(0.0199893339190738,0.0105418047845879,0.0168));
#13411=CARTESIAN_POINT('',(0.0198692405525334,0.0104724688470879,0.0168));
#13412=CARTESIAN_POINT('',(0.0198692405525334,0.0104724688470879,0.0168));
#13413=CARTESIAN_POINT('',(0.0194148027429955,0.0102100990554212,0.0168));
#13414=CARTESIAN_POINT('',(0.019085666183716,0.0102801802987216,0.0168));
#13415=CARTESIAN_POINT('',(0.019085666183716,0.0102801802987216,0.0168));
#13416=CARTESIAN_POINT('',(0.019085666183716,0.0102801802987216,0.0168));
#13417=CARTESIAN_POINT('',(0.0187565296244366,0.010350261542022,0.0168));
#13418=CARTESIAN_POINT('',(0.0185078317077699,0.0107810189694252,0.0168));
#13419=CARTESIAN_POINT('',(0.0185078317077699,0.0107810189694252,0.0168));
#13420=CARTESIAN_POINT('',(0.0185078317077699,0.0107810189694252,0.0168));
#13421=CARTESIAN_POINT('',(0.0182291858744366,0.0112636477100759,0.0168));
#13422=CARTESIAN_POINT('',(0.0181730643324984,0.0120431447387785,0.0168));
#13423=CARTESIAN_POINT('',(0.0181730643324984,0.0120431447387785,0.0168));
#13424=CARTESIAN_POINT('',(0.0178971450061297,0.0120041239475061,0.0168));
#13425=CARTESIAN_POINT('',(0.0176209156367697,0.011965059309639,0.0168));
#13426=CARTESIAN_POINT('',(0.0208054805981269,0.0120693023061348,0.0168));
#13427=CARTESIAN_POINT('',(0.0177399448213332,0.0111998994476019,0.0168));
#13428=CARTESIAN_POINT('',(0.0207635535694193,0.0120306160480122,0.0168));
#13429=CARTESIAN_POINT('',(0.0180460363004525,0.0104662887442675,0.0168));
#13430=CARTESIAN_POINT('',(0.0180460363004525,0.0104662887442675,0.0168));
#13431=CARTESIAN_POINT('',(0.0184444738004526,0.00977617475062681,0.0168));
#13432=CARTESIAN_POINT('',(0.0189430101248373,0.00961971575737382,0.0168));
#13433=CARTESIAN_POINT('',(0.0189430101248373,0.00961971575737382,0.0168));
#13434=CARTESIAN_POINT('',(0.0189430101248373,0.00961971575737382,0.0168));
#13435=CARTESIAN_POINT('',(0.019441546449222,0.00946325676412082,0.0168));
#13436=CARTESIAN_POINT('',(0.0201181287959286,0.00985388176412082,0.0168));
#13437=CARTESIAN_POINT('',(0.0201181287959286,0.00985388176412082,0.0168));
#13438=CARTESIAN_POINT('',(0.021436336734762,0.0106149494724541,0.0168));
#13439=CARTESIAN_POINT('',(-0.0242179171865499,0.00133951601294169,0.0168));
#13440=CARTESIAN_POINT('',(-0.0234045690136601,0.00141081779787959,0.0168));
#13441=CARTESIAN_POINT('',(-0.0229368515372631,0.00221277779947077,0.0168));
#13442=CARTESIAN_POINT('',(-0.0242179171865499,0.00133951601294169,0.0168));
#13443=CARTESIAN_POINT('',(-0.0229368515372631,0.00221277779947077,0.0168));
#13444=CARTESIAN_POINT('',(-0.0229368515372631,0.00221277779947077,0.0168));
#13445=CARTESIAN_POINT('',(-0.0224940615000007,0.00297199659480604,0.0168));
#13446=CARTESIAN_POINT('',(-0.022767569330715,0.00369450685737735,0.0168));
#13447=CARTESIAN_POINT('',(-0.022767569330715,0.00369450685737735,0.0168));
#13448=CARTESIAN_POINT('',(-0.022767569330715,0.00369450685737735,0.0168));
#13449=CARTESIAN_POINT('',(-0.0230410771614292,0.00441701711994867,0.0168));
#13450=CARTESIAN_POINT('',(-0.0239892570791591,0.00497001267759621,0.0168));
#13451=CARTESIAN_POINT('',(-0.0239892570791591,0.00497001267759621,0.0168));
#13452=CARTESIAN_POINT('',(-0.0239892570791591,0.00497001267759621,0.0168));
#13453=CARTESIAN_POINT('',(-0.0249385617654745,0.00552366422048415,0.0168));
#13454=CARTESIAN_POINT('',(-0.0257113695222871,0.00540686194785656,0.0168));
#13455=CARTESIAN_POINT('',(-0.0257113695222871,0.00540686194785656,0.0168));
#13456=CARTESIAN_POINT('',(-0.0257113695222871,0.00540686194785656,0.0168));
#13457=CARTESIAN_POINT('',(-0.0264841772790997,0.00529005967522898,0.0168));
#13458=CARTESIAN_POINT('',(-0.0269230314049196,0.00453758949140781,0.0168));
#13459=CARTESIAN_POINT('',(-0.0269230314049196,0.00453758949140781,0.0168));
#13460=CARTESIAN_POINT('',(-0.0252680627983426,0.0035401497694507,0.0168));
#13461=CARTESIAN_POINT('',(-0.027185605459553,0.00376882103569165,0.0168));
#13462=CARTESIAN_POINT('',(-0.0257056636146439,0.00361292981487407,0.0168));
#13463=CARTESIAN_POINT('',(-0.0270609657484333,0.00299847497814096,0.0168));
#13464=CARTESIAN_POINT('',(-0.0270737958907211,0.002976476097516,0.0168));
#13465=CARTESIAN_POINT('',(-0.0270862596102884,0.00295510549438804,0.0168));
#13466=CARTESIAN_POINT('',(-0.0273700222790325,0.00303845035197405,0.0168));
#13467=CARTESIAN_POINT('',(-0.0276537849477765,0.00312179520956007,0.0168));
#13468=CARTESIAN_POINT('',(-0.0277757982024887,0.00291258825262324,0.0168));
#13469=CARTESIAN_POINT('',(-0.027897811457201,0.0027033812956864,0.0168));
#13470=CARTESIAN_POINT('',(-0.0251629366411155,0.00110835318368164,0.0168));
#13471=CARTESIAN_POINT('',(-0.0224280618250301,-0.000486674928323119,0.0168));
#13472=CARTESIAN_POINT('',(-0.0222578336551492,-0.000194797480338672,0.0168));
#13473=CARTESIAN_POINT('',(-0.0220876054852684,9.7079967645778E-5,0.0168));
#13474=CARTESIAN_POINT('',(-0.0227523437194064,0.000484767244715412,0.0168));
#13475=CARTESIAN_POINT('',(-0.0234171668228714,0.000872310550695738,0.0168));
#13476=CARTESIAN_POINT('',(-0.029456570112998,-0.00937284515649976,0.0168));
#13477=CARTESIAN_POINT('',(-0.0242341325341559,0.00131171277520055,0.0168));
#13478=CARTESIAN_POINT('',(-0.0242261170020547,0.00132545640562067,0.0168));
#13479=CARTESIAN_POINT('',(-0.0264742644037792,-0.00370782384113155,0.0168));
#13480=CARTESIAN_POINT('',(-0.0266464605293812,-0.00400307559487305,0.0168));
#13481=CARTESIAN_POINT('',(-0.0263020682781772,-0.00341257208739006,0.0168));
#13482=CARTESIAN_POINT('',(-0.0275516861768698,-0.00268377248531838,0.0168));
#13483=CARTESIAN_POINT('',(-0.0288013040755624,-0.0019549728832467,0.0168));
#13484=CARTESIAN_POINT('',(-0.0288013040755624,-0.0019549728832467,0.0168));
#13485=CARTESIAN_POINT('',(-0.0292725821129631,-0.00168011506752389,0.0168));
#13486=CARTESIAN_POINT('',(-0.0293793192533195,-0.00133071369243145,0.0168));
#13487=CARTESIAN_POINT('',(-0.0293793192533195,-0.00133071369243145,0.0168));
#13488=CARTESIAN_POINT('',(-0.0293793192533195,-0.00133071369243145,0.0168));
#13489=CARTESIAN_POINT('',(-0.0294860563936759,-0.000981312317339014,0.0168));
#13490=CARTESIAN_POINT('',(-0.0292197263860782,-0.000524656271552175,0.0168));
#13491=CARTESIAN_POINT('',(-0.0292197263860782,-0.000524656271552175,0.0168));
#13492=CARTESIAN_POINT('',(-0.0292197263860782,-0.000524656271552175,0.0168));
#13493=CARTESIAN_POINT('',(-0.0288668063267492,8.04692275446772E-5,0.0168));
#13494=CARTESIAN_POINT('',(-0.0283740024072352,0.000166880168739752,0.0168));
#13495=CARTESIAN_POINT('',(-0.0283740024072352,0.000166880168739752,0.0168));
#13496=CARTESIAN_POINT('',(-0.0283740024072352,0.000166880168739752,0.0168));
#13497=CARTESIAN_POINT('',(-0.0278811984877212,0.000253291109934814,0.0168));
#13498=CARTESIAN_POINT('',(-0.027132102609657,-0.000183595060163959,0.0168));
#13499=CARTESIAN_POINT('',(-0.027132102609657,-0.000183595060163959,0.0168));
#13500=CARTESIAN_POINT('',(-0.0261198108825434,-0.000773981776513655,0.0168));
#13501=CARTESIAN_POINT('',(-0.0251075191554297,-0.00136436849286335,0.0168));
#13502=CARTESIAN_POINT('',(-0.0249372909855488,-0.0010724910448789,0.0168));
#13503=CARTESIAN_POINT('',(-0.024767062815668,-0.000780613596894453,0.0168));
#13504=CARTESIAN_POINT('',(-0.0266932290186482,0.000342761127270941,0.0168));
#13505=CARTESIAN_POINT('',(-0.0286193952216285,0.00146613585143633,0.0168));
#13506=CARTESIAN_POINT('',(-0.0287597760630716,0.00122543537410041,0.0168));
#13507=CARTESIAN_POINT('',(-0.0289001569045148,0.000984734896764483,0.0168));
#13508=CARTESIAN_POINT('',(-0.0286666219606153,0.00079200746213224,0.0168));
#13509=CARTESIAN_POINT('',(-0.0284330870167159,0.000599280027499997,0.0168));
#13510=CARTESIAN_POINT('',(-0.0284422708100813,0.000583533267300454,0.0168));
#13511=CARTESIAN_POINT('',(-0.0284512796718634,0.000568086449138561,0.0168));
#13512=CARTESIAN_POINT('',(-0.0284041266645835,-0.000773925895779471,0.0168));
#13513=CARTESIAN_POINT('',(-0.0291772479066503,0.000324833072880081,0.0168));
#13514=CARTESIAN_POINT('',(-0.0291772479066503,0.000324833072880081,0.0168));
#13515=CARTESIAN_POINT('',(-0.0295141731044544,9.47535779643668E-5,0.0168));
#13516=CARTESIAN_POINT('',(-0.0297522957467155,-0.000313537418638154,0.0168));
#13517=CARTESIAN_POINT('',(-0.0297522957467155,-0.000313537418638154,0.0168));
#13518=CARTESIAN_POINT('',(-0.0297522957467155,-0.000313537418638154,0.0168));
#13519=CARTESIAN_POINT('',(-0.0301622865219583,-0.00101651778468933,0.0168));
#13520=CARTESIAN_POINT('',(-0.0300319136691514,-0.00156058604693896,0.0168));
#13521=CARTESIAN_POINT('',(-0.0300319136691514,-0.00156058604693896,0.0168));
#13522=CARTESIAN_POINT('',(-0.0300319136691514,-0.00156058604693896,0.0168));
#13523=CARTESIAN_POINT('',(-0.0299015408163446,-0.00210465430918858,0.0168));
#13524=CARTESIAN_POINT('',(-0.0291670669298943,-0.00253301267116231,0.0168));
#13525=CARTESIAN_POINT('',(-0.0291670669298943,-0.00253301267116231,0.0168));
#13526=CARTESIAN_POINT('',(-0.0279067637296378,-0.00326804413301768,0.0168));
#13527=CARTESIAN_POINT('',(-0.0284612304297891,-0.00454698326512686,0.0168));
#13528=CARTESIAN_POINT('',(-0.0257263556137036,-0.00614201137713163,0.0168));
#13529=CARTESIAN_POINT('',(-0.0311961052458747,-0.0029519551531221,0.0168));
#13530=CARTESIAN_POINT('',(-0.0313663334157555,-0.00324383260110655,0.0168));
#13531=CARTESIAN_POINT('',(-0.0315365615856363,-0.00353571004909099,0.0168));
#13532=CARTESIAN_POINT('',(-0.0288016867695508,-0.00513073816109576,0.0168));
#13533=CARTESIAN_POINT('',(-0.0260668119534654,-0.00672576627310052,0.0168));
#13534=CARTESIAN_POINT('',(-0.0258965837835845,-0.00643388882511608,0.0168));
#13535=CARTESIAN_POINT('',(-0.0277656495463214,-0.00719107470422126,0.0168));
#13536=CARTESIAN_POINT('',(-0.0278327871197624,-0.00793423401360458,0.0168));
#13537=CARTESIAN_POINT('',(-0.028173243459524,-0.00851798890957348,0.0168));
#13538=CARTESIAN_POINT('',(-0.0277656495463214,-0.00719107470422126,0.0168));
#13539=CARTESIAN_POINT('',(-0.028173243459524,-0.00851798890957348,0.0168));
#13540=CARTESIAN_POINT('',(-0.028173243459524,-0.00851798890957348,0.0168));
#13541=CARTESIAN_POINT('',(-0.0286672003455366,-0.00936493965459194,0.0168));
#13542=CARTESIAN_POINT('',(-0.0295172813560655,-0.00952636215989438,0.0168));
#13543=CARTESIAN_POINT('',(-0.0295172813560655,-0.00952636215989438,0.0168));
#13544=CARTESIAN_POINT('',(-0.0295172813560655,-0.00952636215989438,0.0168));
#13545=CARTESIAN_POINT('',(-0.0303673623665944,-0.00968778466519682,0.0168));
#13546=CARTESIAN_POINT('',(-0.0313481605733089,-0.009115765535578,0.0168));
#13547=CARTESIAN_POINT('',(-0.0313481605733089,-0.009115765535578,0.0168));
#13548=CARTESIAN_POINT('',(-0.0313481605733089,-0.009115765535578,0.0168));
#13549=CARTESIAN_POINT('',(-0.0323559532260799,-0.00852800276018986,0.0168));
#13550=CARTESIAN_POINT('',(-0.0326306856551878,-0.00773393279474043,0.0168));
#13551=CARTESIAN_POINT('',(-0.0326306856551878,-0.00773393279474043,0.0168));
#13552=CARTESIAN_POINT('',(-0.0326306856551878,-0.00773393279474043,0.0168));
#13553=CARTESIAN_POINT('',(-0.0329054180842957,-0.006939862829291,0.0168));
#13554=CARTESIAN_POINT('',(-0.0323950615672734,-0.0060647928696305,0.0168));
#13555=CARTESIAN_POINT('',(-0.0323950615672734,-0.0060647928696305,0.0168));
#13556=CARTESIAN_POINT('',(-0.0323950615672734,-0.0060647928696305,0.0168));
#13557=CARTESIAN_POINT('',(-0.0320815006223677,-0.00552715348567456,0.0168));
#13558=CARTESIAN_POINT('',(-0.0314859214732722,-0.0049504998039984,0.0168));
#13559=CARTESIAN_POINT('',(-0.0314859214732722,-0.00495049980399839,0.0168));
#13560=CARTESIAN_POINT('',(-0.0317474301694433,-0.00479798323560806,0.0168));
#13561=CARTESIAN_POINT('',(-0.0320089388656143,-0.00464546666721772,0.0168));
#13562=CARTESIAN_POINT('',(-0.0320089388656143,-0.00464546666721772,0.0168));
#13563=CARTESIAN_POINT('',(-0.0325218654316359,-0.00506231038738706,0.0168));
#13564=CARTESIAN_POINT('',(-0.0329790871441868,-0.00584627409160734,0.0168));
#13565=CARTESIAN_POINT('',(-0.0329790871441868,-0.00584627409160734,0.0168));
#13566=CARTESIAN_POINT('',(-0.0329790871441868,-0.00584627409160734,0.0168));
#13567=CARTESIAN_POINT('',(-0.0336409762517388,-0.00698116559456035,0.0168));
#13568=CARTESIAN_POINT('',(-0.0333113010130689,-0.00800022011616505,0.0168));
#13569=CARTESIAN_POINT('',(-0.0333113010130689,-0.00800022011616505,0.0168));
#13570=CARTESIAN_POINT('',(-0.0333113010130689,-0.00800022011616505,0.0168));
#13571=CARTESIAN_POINT('',(-0.0329816257743991,-0.00901927463776974,0.0168));
#13572=CARTESIAN_POINT('',(-0.0317128868097499,-0.00975922598892803,0.0168));
#13573=CARTESIAN_POINT('',(-0.0317128868097499,-0.00975922598892803,0.0168));
#13574=CARTESIAN_POINT('',(-0.0317128868097499,-0.00975922598892803,0.0168));
#13575=CARTESIAN_POINT('',(-0.0309188001882585,-0.0102223515686423,0.0168));
#13576=CARTESIAN_POINT('',(-0.0301483679657988,-0.0102737408246686,0.0168));
#13577=CARTESIAN_POINT('',(-0.0301483679657988,-0.0102737408246686,0.0168));
#13578=CARTESIAN_POINT('',(-0.0301483679657988,-0.0102737408246686,0.0168));
#13579=CARTESIAN_POINT('',(-0.0293779357433392,-0.010325130080695,0.0168));
#13580=CARTESIAN_POINT('',(-0.0287275561326219,-0.00995302869734424,0.0168));
#13581=CARTESIAN_POINT('',(-0.0287275561326219,-0.00995302869734424,0.0168));
#13582=CARTESIAN_POINT('',(-0.0287275561326219,-0.00995302869734424,0.0168));
#13583=CARTESIAN_POINT('',(-0.0280771765219047,-0.00958092731399354,0.0168));
#13584=CARTESIAN_POINT('',(-0.0276343864846424,-0.00882170851865827,0.0168));
#13585=CARTESIAN_POINT('',(-0.0276343864846424,-0.00882170851865827,0.0168));
#13586=CARTESIAN_POINT('',(-0.0276343864846424,-0.00882170851865827,0.0168));
#13587=CARTESIAN_POINT('',(-0.0271633890820434,-0.00801412467413868,0.0168));
#13588=CARTESIAN_POINT('',(-0.0271051583921631,-0.00723713104206002,0.0168));
#13589=CARTESIAN_POINT('',(-0.0271051583921631,-0.00723713104206002,0.0168));
#13590=CARTESIAN_POINT('',(-0.0274354039692422,-0.00721410287314064,0.0168));
#13591=CARTESIAN_POINT('',(-0.0351797479200418,-0.0143131088846362,0.0168));
#13592=CARTESIAN_POINT('',(-0.0351879477355466,-0.0143271684919572,0.0168));
#13593=CARTESIAN_POINT('',(-0.0351715481045369,-0.0142990492773152,0.0168));
#13594=CARTESIAN_POINT('',(-0.0351715481045369,-0.0142990492773152,0.0168));
#13595=CARTESIAN_POINT('',(-0.0348688152824597,-0.014273623467748,0.0168));
#13596=CARTESIAN_POINT('',(-0.0343408658483771,-0.0141670115459656,0.0168));
#13597=CARTESIAN_POINT('',(-0.0343408658483771,-0.0141670115459656,0.0168));
#13598=CARTESIAN_POINT('',(-0.0333189916192327,-0.0139294218689512,0.0168));
#13599=CARTESIAN_POINT('',(-0.0322971173900881,-0.0136918321919368,0.0168));
#13600=CARTESIAN_POINT('',(-0.0320950739360485,-0.0133454034675468,0.0168));
#13601=CARTESIAN_POINT('',(-0.0318930304820088,-0.0129989747431567,0.0168));
#13602=CARTESIAN_POINT('',(-0.0331688029220934,-0.0133010229087565,0.0168));
#13603=CARTESIAN_POINT('',(-0.034444575362178,-0.0136030710743563,0.0168));
#13604=CARTESIAN_POINT('',(-0.0350631538409148,-0.0121230969081855,0.0168));
#13605=CARTESIAN_POINT('',(-0.0356817323196516,-0.0106431227420148,0.0168));
#13606=CARTESIAN_POINT('',(-0.0358877116851336,-0.0109963000779189,0.0168));
#13607=CARTESIAN_POINT('',(-0.0360936910506156,-0.011349477413823,0.0168));
#13608=CARTESIAN_POINT('',(-0.0355800619509412,-0.0125609824602551,0.0168));
#13609=CARTESIAN_POINT('',(-0.0350664328512667,-0.0137724875066872,0.0168));
#13610=CARTESIAN_POINT('',(-0.0353844358641228,-0.0138809558752695,0.0168));
#13611=CARTESIAN_POINT('',(-0.0357024388769788,-0.0139894242438518,0.0168));
#13612=CARTESIAN_POINT('',(-0.036422853156108,-0.0135692656973829,0.0168));
#13613=CARTESIAN_POINT('',(-0.0371432674352372,-0.013149107150914,0.0168));
#13614=CARTESIAN_POINT('',(-0.0373115276493969,-0.0134376102931414,0.0168));
#13615=CARTESIAN_POINT('',(-0.0374797878635566,-0.0137261134353688,0.0168));
#13616=CARTESIAN_POINT('',(-0.0347449130474711,-0.0153211415473736,0.0168));
#13617=CARTESIAN_POINT('',(-0.0320100382313856,-0.0169161696593784,0.0168));
#13618=CARTESIAN_POINT('',(-0.031841778017226,-0.016627666517151,0.0168));
#13619=CARTESIAN_POINT('',(-0.0316735178030663,-0.0163391633749236,0.0168));
#13620=CARTESIAN_POINT('',(-0.033123906894303,-0.0154932704074426,0.0168));
#13621=CARTESIAN_POINT('',(-0.0345741210224599,-0.0146470636656868,0.0168));
#13622=CARTESIAN_POINT('',(-0.0402806004499774,-0.0248809166839664,0.0168));
#13623=CARTESIAN_POINT('',(-0.0378826307080534,-0.0147166445834133,0.0168));
#13624=CARTESIAN_POINT('',(-0.0383089672223437,-0.0149850188502726,0.0168));
#13625=CARTESIAN_POINT('',(-0.0386513915178266,-0.0155721480519986,0.0168));
#13626=CARTESIAN_POINT('',(-0.0378826307080534,-0.0147166445834133,0.0168));
#13627=CARTESIAN_POINT('',(-0.0386513915178266,-0.0155721480519986,0.0168));
#13628=CARTESIAN_POINT('',(-0.0386513915178266,-0.0155721480519986,0.0168));
#13629=CARTESIAN_POINT('',(-0.0391394445366757,-0.0164089758797459,0.0168));
#13630=CARTESIAN_POINT('',(-0.0388919425025119,-0.017168322702802,0.0168));
#13631=CARTESIAN_POINT('',(-0.0388919425025119,-0.017168322702802,0.0168));
#13632=CARTESIAN_POINT('',(-0.0388919425025119,-0.017168322702802,0.0168));
#13633=CARTESIAN_POINT('',(-0.0386444404683481,-0.0179276695258582,0.0168));
#13634=CARTESIAN_POINT('',(-0.0377018843935467,-0.0184773851573038,0.0168));
#13635=CARTESIAN_POINT('',(-0.0377018843935467,-0.0184773851573038,0.0168));
#13636=CARTESIAN_POINT('',(-0.0377018843935467,-0.0184773851573038,0.0168));
#13637=CARTESIAN_POINT('',(-0.036735708178446,-0.0190408764787976,0.0168));
#13638=CARTESIAN_POINT('',(-0.0359362858296201,-0.0188823169777747,0.0168));
#13639=CARTESIAN_POINT('',(-0.0359362858296201,-0.0188823169777747,0.0168));
#13640=CARTESIAN_POINT('',(-0.0359362858296201,-0.0188823169777747,0.0168));
#13641=CARTESIAN_POINT('',(-0.0351368634807942,-0.0187237574767518,0.0168));
#13642=CARTESIAN_POINT('',(-0.0346350347718969,-0.0178633095087052,0.0168));
#13643=CARTESIAN_POINT('',(-0.0346350347718969,-0.0178633095087052,0.0168));
#13644=CARTESIAN_POINT('',(-0.0372543269316286,-0.0163396548560017,0.0168));
#13645=CARTESIAN_POINT('',(-0.034371153182479,-0.0172725786170175,0.0168));
#13646=CARTESIAN_POINT('',(-0.034371153182479,-0.0172725786170175,0.0168));
#13647=CARTESIAN_POINT('',(-0.034269299947437,-0.0169596655659933,0.0168));
#13648=CARTESIAN_POINT('',(-0.0342584453519517,-0.0167549670266899,0.0168));
#13649=CARTESIAN_POINT('',(-0.0342584453519517,-0.0167549670266899,0.0168));
#13650=CARTESIAN_POINT('',(-0.0345580452674126,-0.0167000693763661,0.0168));
#13651=CARTESIAN_POINT('',(-0.0348574427315953,-0.016645208822513,0.0168));
#13652=CARTESIAN_POINT('',(-0.0379555071706507,-0.0161701341648369,0.0168));
#13653=CARTESIAN_POINT('',(-0.034975696010963,-0.0171416550135879,0.0168));
#13654=CARTESIAN_POINT('',(-0.0370916933149191,-0.0165011564028001,0.0168));
#13655=CARTESIAN_POINT('',(-0.0351603001441953,-0.0175750535211546,0.0168));
#13656=CARTESIAN_POINT('',(-0.0351603001441953,-0.0175750535211546,0.0168));
#13657=CARTESIAN_POINT('',(-0.035845148735161,-0.0187493119246065,0.0168));
#13658=CARTESIAN_POINT('',(-0.0373422157227035,-0.0178761955696493,0.0168));
#13659=CARTESIAN_POINT('',(-0.0373422157227035,-0.0178761955696493,0.0168));
#13660=CARTESIAN_POINT('',(-0.0373422157227035,-0.0178761955696493,0.0168));
#13661=CARTESIAN_POINT('',(-0.0380519447002688,-0.0174622688829641,0.0168));
#13662=CARTESIAN_POINT('',(-0.0382646058542575,-0.016954620259277,0.0168));
#13663=CARTESIAN_POINT('',(-0.0382646058542575,-0.016954620259277,0.0168));
#13664=CARTESIAN_POINT('',(-0.0382646058542575,-0.016954620259277,0.0168));
#13665=CARTESIAN_POINT('',(-0.0384772670082463,-0.0164469716355898,0.0168));
#13666=CARTESIAN_POINT('',(-0.0381492743880521,-0.0158845873427488,0.0168));
#13667=CARTESIAN_POINT('',(-0.0381492743880521,-0.0158845873427488,0.0168));
#13668=CARTESIAN_POINT('',(-0.0381492743880521,-0.0158845873427488,0.0168));
#13669=CARTESIAN_POINT('',(-0.0378685127051658,-0.015403186388077,0.0168));
#13670=CARTESIAN_POINT('',(-0.0373663619272254,-0.0150177418087517,0.0168));
#13671=CARTESIAN_POINT('',(-0.0373663619272254,-0.0150177418087517,0.0168));
#13672=CARTESIAN_POINT('',(-0.0376244963176394,-0.0148671931960825,0.0168));
#13673=CARTESIAN_POINT('',(0.00100176049768919,-0.050589564204216,0.0168));
#13674=CARTESIAN_POINT('',(0.000643687581022522,-0.050589564204216,0.0168));
#13675=CARTESIAN_POINT('',(0.00135983341435585,-0.050589564204216,0.0168));
#13676=CARTESIAN_POINT('',(0.00173027612268918,-0.0496436006625493,0.0168));
#13677=CARTESIAN_POINT('',(0.00210071883102252,-0.0486976371208827,0.0168));
#13678=CARTESIAN_POINT('',(0.00329277612268918,-0.0486976371208827,0.0168));
#13679=CARTESIAN_POINT('',(0.00448483341435585,-0.0486976371208827,0.0168));
#13680=CARTESIAN_POINT('',(0.00485071883102252,-0.0496436006625493,0.0168));
#13681=CARTESIAN_POINT('',(0.00521660424768919,-0.050589564204216,0.0168));
#13682=CARTESIAN_POINT('',(0.00556686466435585,-0.050589564204216,0.0168));
#13683=CARTESIAN_POINT('',(0.00591712508102252,-0.050589564204216,0.0168));
#13684=CARTESIAN_POINT('',(0.00474134383102252,-0.0476025850375493,0.0168));
#13685=CARTESIAN_POINT('',(0.00356556258102252,-0.0446156058708827,0.0168));
#13686=CARTESIAN_POINT('',(0.00327454695602252,-0.0446156058708827,0.0168));
#13687=CARTESIAN_POINT('',(0.00298353133102252,-0.0446156058708826,0.0168));
#13688=CARTESIAN_POINT('',(0.00181360945602251,-0.0476025850375493,0.0168));
#13689=CARTESIAN_POINT('',(0.0101892604976892,-0.0465003714958827,0.0168));
#13690=CARTESIAN_POINT('',(0.0101892604976892,-0.0456299287875493,0.0168));
#13691=CARTESIAN_POINT('',(0.0101892604976892,-0.047370814204216,0.0168));
#13692=CARTESIAN_POINT('',(0.00935136987268918,-0.047370814204216,0.0168));
#13693=CARTESIAN_POINT('',(0.00851347924768918,-0.047370814204216,0.0168));
#13694=CARTESIAN_POINT('',(0.00851347924768918,-0.0476514131625493,0.0168));
#13695=CARTESIAN_POINT('',(0.00851347924768918,-0.0479320121208827,0.0168));
#13696=CARTESIAN_POINT('',(0.00935136987268918,-0.0479320121208827,0.0168));
#13697=CARTESIAN_POINT('',(0.0101892604976892,-0.0479320121208827,0.0168));
#13698=CARTESIAN_POINT('',(0.0101892604976892,-0.0487991996208827,0.0168));
#13699=CARTESIAN_POINT('',(0.0101892604976892,-0.0496663871208827,0.0168));
#13700=CARTESIAN_POINT('',(0.0104724636226892,-0.0496663871208827,0.0168));
#13701=CARTESIAN_POINT('',(0.0107556667476892,-0.0496663871208827,0.0168));
#13702=CARTESIAN_POINT('',(0.0107556667476892,-0.0487991996208827,0.0168));
#13703=CARTESIAN_POINT('',(0.0107556667476892,-0.0479320121208827,0.0168));
#13704=CARTESIAN_POINT('',(0.0115896511226892,-0.0479320121208827,0.0168));
#13705=CARTESIAN_POINT('',(0.0124236354976892,-0.0479320121208827,0.0168));
#13706=CARTESIAN_POINT('',(0.0124236354976892,-0.0476514131625493,0.0168));
#13707=CARTESIAN_POINT('',(0.0124236354976892,-0.047370814204216,0.0168));
#13708=CARTESIAN_POINT('',(0.0115896511226892,-0.047370814204216,0.0168));
#13709=CARTESIAN_POINT('',(0.0107556667476892,-0.047370814204216,0.0168));
#13710=CARTESIAN_POINT('',(0.0107556667476892,-0.0465003714958827,0.0168));
#13711=CARTESIAN_POINT('',(0.0107556667476892,-0.0456299287875493,0.0168));
#13712=CARTESIAN_POINT('',(0.0104724636226892,-0.0456299287875493,0.0168));
#13713=CARTESIAN_POINT('',(0.0168617865393558,-0.050589564204216,0.0168));
#13714=CARTESIAN_POINT('',(0.0152035834143559,-0.050589564204216,0.0168));
#13715=CARTESIAN_POINT('',(0.0185199896643558,-0.050589564204216,0.0168));
#13716=CARTESIAN_POINT('',(0.0185199896643558,-0.047614954829216,0.0168));
#13717=CARTESIAN_POINT('',(0.0185199896643558,-0.044640345454216,0.0168));
#13718=CARTESIAN_POINT('',(0.0181742865393558,-0.044640345454216,0.0168));
#13719=CARTESIAN_POINT('',(0.0178285834143559,-0.044640345454216,0.0168));
#13720=CARTESIAN_POINT('',(0.0178285834143559,-0.0473018037875493,0.0168));
#13721=CARTESIAN_POINT('',(0.0178285834143559,-0.0499632621208827,0.0168));
#13722=CARTESIAN_POINT('',(0.0165160834143558,-0.0499632621208827,0.0168));
#13723=CARTESIAN_POINT('',(0.0152035834143559,-0.0499632621208827,0.0168));
#13724=CARTESIAN_POINT('',(0.0152035834143559,-0.0502764131625493,0.0168));
#13725=CARTESIAN_POINT('',(-0.0313355109743566,0.00125726077309325,0.0168));
#13726=CARTESIAN_POINT('',(-0.0460815155872741,-0.0242835684251251,0.0168));
#13727=CARTESIAN_POINT('',(-0.0165895063614389,0.0267980899713115,0.0168));
#13728=CARTESIAN_POINT('',(-7.26624425031623E-17,0.0172201340078118,0.0168));
#13729=CARTESIAN_POINT('',(0.0165895063614388,0.0267980899713115,0.0168));
#13730=CARTESIAN_POINT('',(0.0313355109743564,0.00125726077309327,0.0168));
#13731=CARTESIAN_POINT('',(0.046081515587274,-0.0242835684251251,0.0168));
#13732=CARTESIAN_POINT('',(0.0294920092258351,-0.0338615243886248,0.0168));
#13733=CARTESIAN_POINT('',(0.0294920092258351,-0.0530174363156243,0.0168));
#13734=CARTESIAN_POINT('',(-3.62332495076494E-17,-0.0530174363156243,0.0168));
#13735=CARTESIAN_POINT('',(-0.0294920092258352,-0.0530174363156243,0.0168));
#13736=CARTESIAN_POINT('',(-0.0294920092258352,-0.0338615243886248,0.0168));
#13737=CARTESIAN_POINT('',(-4.73561604858281E-17,-0.00832069519040648,0.0368));
#13738=CARTESIAN_POINT('',(-6.6438118721573E-17,0.0172201340078118,0.0368));
#13739=CARTESIAN_POINT('',(0.00678617506405479,0.0211381340078118,0.0368));
#13740=CARTESIAN_POINT('',(-0.00678617506405493,0.0211381340078118,0.0368));
#13741=CARTESIAN_POINT('',(-0.0178456785237431,0.0019825121091481,0.0368));
#13742=CARTESIAN_POINT('',(-0.0362781842898901,-0.0299435243886248,0.0368));
#13743=CARTESIAN_POINT('',(-0.0294920092258352,-0.0338615243886248,0.0368));
#13744=CARTESIAN_POINT('',(-0.0294920092258352,-0.0416975243886248,0.0368));
#13745=CARTESIAN_POINT('',(-4.73561604858281E-17,-0.0416975243886248,0.0368));
#13746=CARTESIAN_POINT('',(0.0294920092258351,-0.0416975243886248,0.0368));
#13747=CARTESIAN_POINT('',(0.0294920092258351,-0.0338615243886248,0.0368));
#13748=CARTESIAN_POINT('',(0.03627818428989,-0.0299435243886248,0.0368));
#13749=CARTESIAN_POINT('',(0.017845678523743,0.0019825121091481,0.0368));
#13750=CARTESIAN_POINT('',(-0.0196929491924312,-0.00361705454435141,0.0368));
#13751=CARTESIAN_POINT('',(-0.00891459221649801,-0.00983994184582829,0.0368));
#13752=CARTESIAN_POINT('',(-0.0196929491924312,-0.00361705454435141,0.0368));
#13753=CARTESIAN_POINT('',(-0.0131199468859724,0.00776771940870266,0.0368));
#13754=CARTESIAN_POINT('',(-0.0057469445795136,0.0205381340078118,0.0368));
#13755=CARTESIAN_POINT('',(-6.6438118721573E-17,0.0172201340078118,0.0368));
#13756=CARTESIAN_POINT('',(0.00574694457951347,0.0205381340078118,0.0368));
#13757=CARTESIAN_POINT('',(0.0278659514988898,-0.0177731097895156,0.0368));
#13758=CARTESIAN_POINT('',(0.020692949192431,-0.00534910535192024,0.0368));
#13759=CARTESIAN_POINT('',(0.00388650115322935,-0.0150523126514748,0.0368));
#13760=CARTESIAN_POINT('',(0.0100067987606987,-0.0115187571802818,0.0368));
#13761=CARTESIAN_POINT('',(-6.48570821569969E-17,-0.0168343049231459,0.0368));
#13762=CARTESIAN_POINT('',(0.0147460046129175,-0.0404975243886248,0.0368));
#13763=CARTESIAN_POINT('',(0.0294920092258351,-0.0404975243886248,0.0368));
#13764=CARTESIAN_POINT('',(0.00159999999999993,-0.0404975243886248,0.0368));
#13765=CARTESIAN_POINT('',(0.00159999999999993,-0.00832069519040648,0.0368));
#13766=CARTESIAN_POINT('',(0.00159999999999993,-0.028051749785671,0.0368));
#13767=CARTESIAN_POINT('',(-6.48570821569969E-17,-0.0168343049231459,0.0368));
#13768=CARTESIAN_POINT('',(0.0105145922164979,-0.0126112231379385,0.0368));
#13769=CARTESIAN_POINT('',(0.021292949192431,-0.00638833583646156,0.0368));
#13770=CARTESIAN_POINT('',(0.021292949192431,-0.00638833583646156,0.0368));
#13771=CARTESIAN_POINT('',(0.0278659514988898,-0.0177731097895156,0.0368));
#13772=CARTESIAN_POINT('',(0.0352389538053487,-0.0305435243886248,0.0368));
#13773=CARTESIAN_POINT('',(0.0294920092258351,-0.0338615243886248,0.0368));
#13774=CARTESIAN_POINT('',(-6.48570821569969E-17,-0.0168343049231459,0.0368));
#13775=CARTESIAN_POINT('',(-0.0101309783003848,-0.0168343049231459,0.0368));
#13776=CARTESIAN_POINT('',(-0.0131199468859724,0.00776771940870266,0.0368));
#13777=CARTESIAN_POINT('',(-0.0352389538053487,-0.0305435243886248,0.0368));
#13778=CARTESIAN_POINT('',(-0.0202929491924312,-0.00465628502889273,0.0368));
#13779=CARTESIAN_POINT('',(-0.00348650115322945,-0.0143594923284473,0.0368));
#13780=CARTESIAN_POINT('',(-0.0096067987606988,-0.0108259368572542,0.0368));
#13781=CARTESIAN_POINT('',(-6.48570821569969E-17,-0.0168343049231459,0.0368));
#13782=CARTESIAN_POINT('',(0.000399999999999932,-0.0281582207319017,0.0368));
#13783=CARTESIAN_POINT('',(0.000399999999999932,-0.0404975243886248,0.0368));
#13784=CARTESIAN_POINT('',(0.000399999999999932,-0.0404975243886248,0.0368));
#13785=CARTESIAN_POINT('',(0.0147460046129175,-0.0404975243886248,0.0368));
#13786=CARTESIAN_POINT('',(-0.0294920092258352,-0.0404975243886248,0.0368));
#13787=CARTESIAN_POINT('',(-0.0294920092258352,-0.0338615243886248,0.0368));
#13788=CARTESIAN_POINT('',(-6.24077885587022E-17,-0.0168343049231459,0.0168));
#13789=CARTESIAN_POINT('',(0.0164993422866609,-0.00961780628924887,0.0168));
#13790=CARTESIAN_POINT('',(0.021492949192431,-0.00673474599797534,0.0168));
#13791=CARTESIAN_POINT('',(0.021492949192431,-0.00673474599797534,0.0268));
#13792=CARTESIAN_POINT('',(0.0106588457867822,-0.0129898185156549,0.0268));
#13793=CARTESIAN_POINT('',(0.0113619725869789,-0.0125838680682869,0.0268));
#13794=CARTESIAN_POINT('',(0.0113619725869789,-0.0125838680682869,0.0168));
#13795=CARTESIAN_POINT('',(0.0278659514988898,-0.0177731097895156,0.0168));
#13796=CARTESIAN_POINT('',(0.021292949192431,-0.00638833583646156,0.0368));
#13797=CARTESIAN_POINT('',(0.0352389538053487,-0.0305435243886248,0.0168));
#13798=CARTESIAN_POINT('',(0.0294920092258351,-0.0338615243886248,0.0168));
#13799=CARTESIAN_POINT('',(0.0294920092258351,-0.0404975243886248,0.0168));
#13800=CARTESIAN_POINT('',(0.0147460046129175,-0.0404975243886248,0.0168));
#13801=CARTESIAN_POINT('',(0.00199999999999993,-0.0404975243886248,0.0168));
#13802=CARTESIAN_POINT('',(0.00199999999999993,-0.0404975243886248,0.0268));
#13803=CARTESIAN_POINT('',(0.00199999999999993,-0.0404975243886248,0.0268));
#13804=CARTESIAN_POINT('',(0.00199999999999993,-0.0347314038060777,0.0168));
#13805=CARTESIAN_POINT('',(0.00199999999999993,-0.0287992802480016,0.0168));
#13806=CARTESIAN_POINT('',(0.00199999999999993,-0.0287992802480016,0.0268));
#13807=CARTESIAN_POINT('',(0.00199999999999993,-0.0347314038060777,0.0268));
#13808=CARTESIAN_POINT('',(-6.24077885587022E-17,-0.0168343049231459,0.0168));
#13809=CARTESIAN_POINT('',(-6.36324353578495E-17,-0.0168343049231459,0.0268));
#13810=CARTESIAN_POINT('',(0.0278659514988898,-0.0177731097895156,0.0168));
#13811=CARTESIAN_POINT('',(0.00574694457951346,0.0205381340078118,0.0168));
#13812=CARTESIAN_POINT('',(0.0204929491924311,-0.00500269519040646,0.0168));
#13813=CARTESIAN_POINT('',(0.0204929491924311,-0.00500269519040646,0.0268));
#13814=CARTESIAN_POINT('',(0.0204929491924311,-0.00500269519040646,0.0268));
#13815=CARTESIAN_POINT('',(-6.24077885587022E-17,-0.0168343049231459,0.0168));
#13816=CARTESIAN_POINT('',(-0.00936197258697906,-0.00911976645314921,0.0168));
#13817=CARTESIAN_POINT('',(-0.00936197258697906,-0.00911976645314921,0.0268));
#13818=CARTESIAN_POINT('',(-6.36324353578495E-17,-0.0168343049231459,0.0268));
#13819=CARTESIAN_POINT('',(0.0105057353808909,-0.0107688157729535,0.0268));
#13820=CARTESIAN_POINT('',(0.0105057353808909,-0.0107688157729535,0.0168));
#13821=CARTESIAN_POINT('',(0.0154993422866609,-0.00788575548168,0.0168));
#13822=CARTESIAN_POINT('',(0.0154993422866609,-0.00788575548168,0.0268));
#13823=CARTESIAN_POINT('',(-0.0144993422866611,-0.00615370467411115,0.0168));
#13824=CARTESIAN_POINT('',(-0.0194929491924312,-0.00327064438283763,0.0168));
#13825=CARTESIAN_POINT('',(-0.0194929491924312,-0.00327064438283763,0.0268));
#13826=CARTESIAN_POINT('',(-0.00865884578678238,-0.0095257169005172,0.0268));
#13827=CARTESIAN_POINT('',(-0.0131199468859724,0.00776771940870266,0.0168));
#13828=CARTESIAN_POINT('',(-0.0196929491924312,-0.00361705454435141,0.0368));
#13829=CARTESIAN_POINT('',(-0.0057469445795136,0.0205381340078118,0.0168));
#13830=CARTESIAN_POINT('',(-6.39888251232783E-17,0.0172201340078118,0.0168));
#13831=CARTESIAN_POINT('',(-6.24077885587022E-17,-0.0168343049231459,0.0168));
#13832=CARTESIAN_POINT('',(-6.57235485992551E-17,-0.0289652832235307,0.0168));
#13833=CARTESIAN_POINT('',(-6.69481953984025E-17,-0.0289652832235307,0.0268));
#13834=CARTESIAN_POINT('',(-6.36324353578495E-17,-0.0168343049231459,0.0268));
#13835=CARTESIAN_POINT('',(-0.010505735380891,-0.0107688157729536,0.0268));
#13836=CARTESIAN_POINT('',(-0.010505735380891,-0.0107688157729536,0.0168));
#13837=CARTESIAN_POINT('',(0.0147460046129175,-0.0404975243886248,0.0168));
#13838=CARTESIAN_POINT('',(-0.0294920092258352,-0.0404975243886248,0.0168));
#13839=CARTESIAN_POINT('',(0.000399999999999932,-0.0404975243886248,0.0368));
#13840=CARTESIAN_POINT('',(-6.69481953984025E-17,-0.0404975243886248,0.0268));
#13841=CARTESIAN_POINT('',(-6.57235485992551E-17,-0.0404975243886248,0.0168));
#13842=CARTESIAN_POINT('',(-6.57235485992551E-17,-0.0347314038060777,0.0168));
#13843=CARTESIAN_POINT('',(-6.69481953984025E-17,-0.0281652832235306,0.0268));
#13844=CARTESIAN_POINT('',(-0.0131199468859724,0.00776771940870266,0.0168));
#13845=CARTESIAN_POINT('',(-0.0352389538053487,-0.0305435243886248,0.0168));
#13846=CARTESIAN_POINT('',(-0.0204929491924312,-0.00500269519040651,0.0168));
#13847=CARTESIAN_POINT('',(-0.0204929491924312,-0.00500269519040651,0.0268));
#13848=CARTESIAN_POINT('',(-0.0204929491924312,-0.00500269519040651,0.0268));
#13849=CARTESIAN_POINT('',(-0.0154993422866611,-0.00788575548168003,0.0168));
#13850=CARTESIAN_POINT('',(-0.0154993422866611,-0.00788575548168003,0.0268));
#13851=CARTESIAN_POINT('',(-0.0294920092258352,-0.0338615243886248,0.0168));
#13852=CARTESIAN_POINT('',(-0.0313355109743566,0.00125726077309325,0.02));
#13853=CARTESIAN_POINT('',(-0.0460815155872741,-0.0242835684251251,0.02));
#13854=CARTESIAN_POINT('',(-0.0460815155872741,-0.0242835684251251,0.02));
#13855=CARTESIAN_POINT('',(-0.0313355109743566,0.00125726077309325,0.02));
#13856=CARTESIAN_POINT('',(-0.0165895063614389,0.0267980899713115,0.02));
#13857=CARTESIAN_POINT('',(-0.0165895063614389,0.0267980899713115,0.02));
#13858=CARTESIAN_POINT('',(-7.30543294788895E-17,0.0172201340078118,0.02));
#13859=CARTESIAN_POINT('',(-7.30543294788895E-17,0.0172201340078118,0.02));
#13860=CARTESIAN_POINT('',(0.0165895063614388,0.0267980899713115,0.02));
#13861=CARTESIAN_POINT('',(0.0165895063614388,0.0267980899713115,0.02));
#13862=CARTESIAN_POINT('',(0.0313355109743564,0.00125726077309327,0.02));
#13863=CARTESIAN_POINT('',(0.0313355109743564,0.00125726077309327,0.02));
#13864=CARTESIAN_POINT('',(0.046081515587274,-0.0242835684251251,0.02));
#13865=CARTESIAN_POINT('',(0.046081515587274,-0.0242835684251251,0.02));
#13866=CARTESIAN_POINT('',(0.0294920092258351,-0.0338615243886248,0.02));
#13867=CARTESIAN_POINT('',(0.0294920092258351,-0.0338615243886248,0.02));
#13868=CARTESIAN_POINT('',(0.0294920092258351,-0.0530174363156243,0.02));
#13869=CARTESIAN_POINT('',(0.0294920092258351,-0.0530174363156243,0.02));
#13870=CARTESIAN_POINT('',(-3.66251364833765E-17,-0.0530174363156243,0.02));
#13871=CARTESIAN_POINT('',(-3.66251364833765E-17,-0.0530174363156243,0.02));
#13872=CARTESIAN_POINT('',(-0.0294920092258352,-0.0530174363156243,0.02));
#13873=CARTESIAN_POINT('',(-0.0294920092258352,-0.0530174363156243,0.02));
#13874=CARTESIAN_POINT('',(0.0168617865393558,-0.050589564204216,0.02));
#13875=CARTESIAN_POINT('',(0.0152035834143559,-0.050589564204216,0.02));
#13876=CARTESIAN_POINT('',(0.0152035834143559,-0.050589564204216,0.02));
#13877=CARTESIAN_POINT('',(0.0168617865393558,-0.050589564204216,0.02));
#13878=CARTESIAN_POINT('',(0.0185199896643558,-0.050589564204216,0.02));
#13879=CARTESIAN_POINT('',(0.0185199896643558,-0.050589564204216,0.02));
#13880=CARTESIAN_POINT('',(0.0185199896643558,-0.047614954829216,0.02));
#13881=CARTESIAN_POINT('',(0.0185199896643558,-0.047614954829216,0.02));
#13882=CARTESIAN_POINT('',(0.0185199896643558,-0.044640345454216,0.02));
#13883=CARTESIAN_POINT('',(0.0185199896643558,-0.044640345454216,0.02));
#13884=CARTESIAN_POINT('',(0.0181742865393558,-0.044640345454216,0.02));
#13885=CARTESIAN_POINT('',(0.0181742865393558,-0.044640345454216,0.02));
#13886=CARTESIAN_POINT('',(0.0178285834143559,-0.044640345454216,0.02));
#13887=CARTESIAN_POINT('',(0.0178285834143559,-0.044640345454216,0.02));
#13888=CARTESIAN_POINT('',(0.0178285834143559,-0.0473018037875493,0.02));
#13889=CARTESIAN_POINT('',(0.0178285834143559,-0.0473018037875493,0.02));
#13890=CARTESIAN_POINT('',(0.0178285834143559,-0.0499632621208827,0.02));
#13891=CARTESIAN_POINT('',(0.0178285834143559,-0.0499632621208827,0.02));
#13892=CARTESIAN_POINT('',(0.0165160834143558,-0.0499632621208827,0.02));
#13893=CARTESIAN_POINT('',(0.0165160834143558,-0.0499632621208827,0.02));
#13894=CARTESIAN_POINT('',(0.0152035834143559,-0.0499632621208827,0.02));
#13895=CARTESIAN_POINT('',(0.0152035834143559,-0.0499632621208827,0.02));
#13896=CARTESIAN_POINT('',(0.0101892604976892,-0.0465003714958827,0.02));
#13897=CARTESIAN_POINT('',(0.0101892604976892,-0.0456299287875493,0.02));
#13898=CARTESIAN_POINT('',(0.0101892604976892,-0.0456299287875493,0.02));
#13899=CARTESIAN_POINT('',(0.0101892604976892,-0.0465003714958827,0.02));
#13900=CARTESIAN_POINT('',(0.0101892604976892,-0.047370814204216,0.02));
#13901=CARTESIAN_POINT('',(0.0101892604976892,-0.047370814204216,0.02));
#13902=CARTESIAN_POINT('',(0.00935136987268918,-0.047370814204216,0.02));
#13903=CARTESIAN_POINT('',(0.00935136987268918,-0.047370814204216,0.02));
#13904=CARTESIAN_POINT('',(0.00851347924768918,-0.047370814204216,0.02));
#13905=CARTESIAN_POINT('',(0.00851347924768918,-0.047370814204216,0.02));
#13906=CARTESIAN_POINT('',(0.00851347924768918,-0.0476514131625493,0.02));
#13907=CARTESIAN_POINT('',(0.00851347924768918,-0.0476514131625493,0.02));
#13908=CARTESIAN_POINT('',(0.00851347924768918,-0.0479320121208827,0.02));
#13909=CARTESIAN_POINT('',(0.00851347924768918,-0.0479320121208827,0.02));
#13910=CARTESIAN_POINT('',(0.00935136987268918,-0.0479320121208827,0.02));
#13911=CARTESIAN_POINT('',(0.00935136987268918,-0.0479320121208827,0.02));
#13912=CARTESIAN_POINT('',(0.0101892604976892,-0.0479320121208827,0.02));
#13913=CARTESIAN_POINT('',(0.0101892604976892,-0.0479320121208827,0.02));
#13914=CARTESIAN_POINT('',(0.0101892604976892,-0.0487991996208827,0.02));
#13915=CARTESIAN_POINT('',(0.0101892604976892,-0.0487991996208827,0.02));
#13916=CARTESIAN_POINT('',(0.0101892604976892,-0.0496663871208827,0.02));
#13917=CARTESIAN_POINT('',(0.0101892604976892,-0.0496663871208827,0.02));
#13918=CARTESIAN_POINT('',(0.0104724636226892,-0.0496663871208827,0.02));
#13919=CARTESIAN_POINT('',(0.0104724636226892,-0.0496663871208827,0.02));
#13920=CARTESIAN_POINT('',(0.0107556667476892,-0.0496663871208827,0.02));
#13921=CARTESIAN_POINT('',(0.0107556667476892,-0.0496663871208827,0.02));
#13922=CARTESIAN_POINT('',(0.0107556667476892,-0.0487991996208827,0.02));
#13923=CARTESIAN_POINT('',(0.0107556667476892,-0.0487991996208827,0.02));
#13924=CARTESIAN_POINT('',(0.0107556667476892,-0.0479320121208827,0.02));
#13925=CARTESIAN_POINT('',(0.0107556667476892,-0.0479320121208827,0.02));
#13926=CARTESIAN_POINT('',(0.0115896511226892,-0.0479320121208827,0.02));
#13927=CARTESIAN_POINT('',(0.0115896511226892,-0.0479320121208827,0.02));
#13928=CARTESIAN_POINT('',(0.0124236354976892,-0.0479320121208827,0.02));
#13929=CARTESIAN_POINT('',(0.0124236354976892,-0.0479320121208827,0.02));
#13930=CARTESIAN_POINT('',(0.0124236354976892,-0.0476514131625493,0.02));
#13931=CARTESIAN_POINT('',(0.0124236354976892,-0.0476514131625493,0.02));
#13932=CARTESIAN_POINT('',(0.0124236354976892,-0.047370814204216,0.02));
#13933=CARTESIAN_POINT('',(0.0124236354976892,-0.047370814204216,0.02));
#13934=CARTESIAN_POINT('',(0.0115896511226892,-0.047370814204216,0.02));
#13935=CARTESIAN_POINT('',(0.0115896511226892,-0.047370814204216,0.02));
#13936=CARTESIAN_POINT('',(0.0107556667476892,-0.047370814204216,0.02));
#13937=CARTESIAN_POINT('',(0.0107556667476892,-0.047370814204216,0.02));
#13938=CARTESIAN_POINT('',(0.0107556667476892,-0.0465003714958827,0.02));
#13939=CARTESIAN_POINT('',(0.0107556667476892,-0.0465003714958827,0.02));
#13940=CARTESIAN_POINT('',(0.0107556667476892,-0.0456299287875493,0.02));
#13941=CARTESIAN_POINT('',(0.0107556667476892,-0.0456299287875493,0.02));
#13942=CARTESIAN_POINT('',(0.00100176049768919,-0.050589564204216,0.02));
#13943=CARTESIAN_POINT('',(0.000643687581022522,-0.050589564204216,0.02));
#13944=CARTESIAN_POINT('',(0.000643687581022522,-0.050589564204216,0.02));
#13945=CARTESIAN_POINT('',(0.00100176049768919,-0.050589564204216,0.02));
#13946=CARTESIAN_POINT('',(0.00135983341435585,-0.050589564204216,0.02));
#13947=CARTESIAN_POINT('',(0.00135983341435585,-0.050589564204216,0.02));
#13948=CARTESIAN_POINT('',(0.00173027612268918,-0.0496436006625493,0.02));
#13949=CARTESIAN_POINT('',(0.00173027612268918,-0.0496436006625493,0.02));
#13950=CARTESIAN_POINT('',(0.00210071883102252,-0.0486976371208827,0.02));
#13951=CARTESIAN_POINT('',(0.00210071883102252,-0.0486976371208827,0.02));
#13952=CARTESIAN_POINT('',(0.00329277612268918,-0.0486976371208827,0.02));
#13953=CARTESIAN_POINT('',(0.00329277612268918,-0.0486976371208827,0.02));
#13954=CARTESIAN_POINT('',(0.00448483341435585,-0.0486976371208827,0.02));
#13955=CARTESIAN_POINT('',(0.00448483341435585,-0.0486976371208827,0.02));
#13956=CARTESIAN_POINT('',(0.00485071883102252,-0.0496436006625493,0.02));
#13957=CARTESIAN_POINT('',(0.00485071883102252,-0.0496436006625493,0.02));
#13958=CARTESIAN_POINT('',(0.00521660424768918,-0.050589564204216,0.02));
#13959=CARTESIAN_POINT('',(0.00521660424768918,-0.050589564204216,0.02));
#13960=CARTESIAN_POINT('',(0.00556686466435585,-0.050589564204216,0.02));
#13961=CARTESIAN_POINT('',(0.00556686466435585,-0.050589564204216,0.02));
#13962=CARTESIAN_POINT('',(0.00591712508102252,-0.050589564204216,0.02));
#13963=CARTESIAN_POINT('',(0.00591712508102252,-0.050589564204216,0.02));
#13964=CARTESIAN_POINT('',(0.00474134383102252,-0.0476025850375493,0.02));
#13965=CARTESIAN_POINT('',(0.00474134383102252,-0.0476025850375493,0.02));
#13966=CARTESIAN_POINT('',(0.00356556258102252,-0.0446156058708827,0.02));
#13967=CARTESIAN_POINT('',(0.00356556258102252,-0.0446156058708827,0.02));
#13968=CARTESIAN_POINT('',(0.00327454695602252,-0.0446156058708827,0.02));
#13969=CARTESIAN_POINT('',(0.00327454695602252,-0.0446156058708827,0.02));
#13970=CARTESIAN_POINT('',(0.00298353133102252,-0.0446156058708826,0.02));
#13971=CARTESIAN_POINT('',(0.00298353133102252,-0.0446156058708826,0.02));
#13972=CARTESIAN_POINT('',(-0.0378826307080534,-0.0147166445834133,0.02));
#13973=CARTESIAN_POINT('',(-0.0378826307080534,-0.0147166445834133,0.0168));
#13974=CARTESIAN_POINT('',(-0.0381668550509136,-0.0148955607613195,0.02));
#13975=CARTESIAN_POINT('',(-0.0381668550509136,-0.0148955607613195,0.0168));
#13976=CARTESIAN_POINT('',(-0.0384231086541713,-0.0151807285841813,0.02));
#13977=CARTESIAN_POINT('',(-0.0384231086541713,-0.0151807285841813,0.0168));
#13978=CARTESIAN_POINT('',(-0.0386513915178266,-0.0155721480519986,0.02));
#13979=CARTESIAN_POINT('',(-0.0386513915178266,-0.0155721480519986,0.0168));
#13980=CARTESIAN_POINT('',(-0.0378826307080534,-0.0147166445834133,0.02));
#13981=CARTESIAN_POINT('',(-0.0378826307080534,-0.0147166445834133,0.02));
#13982=CARTESIAN_POINT('',(-0.0378826307080534,-0.0147166445834133,0.02));
#13983=CARTESIAN_POINT('',(-0.0383089672223437,-0.0149850188502726,0.02));
#13984=CARTESIAN_POINT('',(-0.0386513915178266,-0.0155721480519986,0.02));
#13985=CARTESIAN_POINT('',(-0.0386513915178266,-0.0155721480519986,0.02));
#13986=CARTESIAN_POINT('',(-0.0386513915178266,-0.0155721480519986,0.02));
#13987=CARTESIAN_POINT('',(-0.0386513915178266,-0.0155721480519986,0.02));
#13988=CARTESIAN_POINT('',(-0.0386513915178266,-0.0155721480519986,0.0168));
#13989=CARTESIAN_POINT('',(-0.0389767601970593,-0.0161300332704968,0.02));
#13990=CARTESIAN_POINT('',(-0.0389767601970593,-0.0161300332704968,0.0168));
#13991=CARTESIAN_POINT('',(-0.0390569438586211,-0.0166620914874313,0.02));
#13992=CARTESIAN_POINT('',(-0.0390569438586211,-0.0166620914874313,0.0168));
#13993=CARTESIAN_POINT('',(-0.0388919425025119,-0.017168322702802,0.02));
#13994=CARTESIAN_POINT('',(-0.0388919425025119,-0.017168322702802,0.0168));
#13995=CARTESIAN_POINT('',(-0.0386513915178266,-0.0155721480519986,0.02));
#13996=CARTESIAN_POINT('',(-0.0391394445366757,-0.0164089758797459,0.02));
#13997=CARTESIAN_POINT('',(-0.0388919425025119,-0.017168322702802,0.02));
#13998=CARTESIAN_POINT('',(-0.0388919425025119,-0.017168322702802,0.02));
#13999=CARTESIAN_POINT('',(-0.0388919425025119,-0.017168322702802,0.02));
#14000=CARTESIAN_POINT('',(-0.0388919425025119,-0.017168322702802,0.02));
#14001=CARTESIAN_POINT('',(-0.0388919425025119,-0.017168322702802,0.0168));
#14002=CARTESIAN_POINT('',(-0.0387269411464027,-0.0176745539181728,0.02));
#14003=CARTESIAN_POINT('',(-0.0387269411464027,-0.0176745539181728,0.0168));
#14004=CARTESIAN_POINT('',(-0.0383302551100809,-0.0181109080696734,0.02));
#14005=CARTESIAN_POINT('',(-0.0383302551100809,-0.0181109080696734,0.0168));
#14006=CARTESIAN_POINT('',(-0.0377018843935467,-0.0184773851573038,0.02));
#14007=CARTESIAN_POINT('',(-0.0377018843935467,-0.0184773851573038,0.0168));
#14008=CARTESIAN_POINT('',(-0.0388919425025119,-0.017168322702802,0.02));
#14009=CARTESIAN_POINT('',(-0.0386444404683481,-0.0179276695258582,0.02));
#14010=CARTESIAN_POINT('',(-0.0377018843935467,-0.0184773851573038,0.02));
#14011=CARTESIAN_POINT('',(-0.0377018843935467,-0.0184773851573038,0.02));
#14012=CARTESIAN_POINT('',(-0.0377018843935467,-0.0184773851573038,0.02));
#14013=CARTESIAN_POINT('',(-0.0377018843935467,-0.0184773851573038,0.02));
#14014=CARTESIAN_POINT('',(-0.0377018843935467,-0.0184773851573038,0.0168));
#14015=CARTESIAN_POINT('',(-0.0370577669168128,-0.0188530460382997,0.02));
#14016=CARTESIAN_POINT('',(-0.0370577669168128,-0.0188530460382997,0.0168));
#14017=CARTESIAN_POINT('',(-0.0364692340621707,-0.01898802331179,0.02));
#14018=CARTESIAN_POINT('',(-0.0364692340621707,-0.01898802331179,0.0168));
#14019=CARTESIAN_POINT('',(-0.0359362858296201,-0.0188823169777747,0.02));
#14020=CARTESIAN_POINT('',(-0.0359362858296201,-0.0188823169777747,0.0168));
#14021=CARTESIAN_POINT('',(-0.0377018843935467,-0.0184773851573038,0.02));
#14022=CARTESIAN_POINT('',(-0.036735708178446,-0.0190408764787976,0.02));
#14023=CARTESIAN_POINT('',(-0.0359362858296201,-0.0188823169777747,0.02));
#14024=CARTESIAN_POINT('',(-0.0359362858296201,-0.0188823169777747,0.02));
#14025=CARTESIAN_POINT('',(-0.0359362858296201,-0.0188823169777747,0.02));
#14026=CARTESIAN_POINT('',(-0.0359362858296201,-0.0188823169777747,0.02));
#14027=CARTESIAN_POINT('',(-0.0359362858296201,-0.0188823169777747,0.0168));
#14028=CARTESIAN_POINT('',(-0.0354033375970695,-0.0187766106437594,0.02));
#14029=CARTESIAN_POINT('',(-0.0354033375970695,-0.0187766106437594,0.0168));
#14030=CARTESIAN_POINT('',(-0.0349695872444951,-0.0184369414874029,0.02));
#14031=CARTESIAN_POINT('',(-0.0349695872444951,-0.0184369414874029,0.0168));
#14032=CARTESIAN_POINT('',(-0.0346350347718969,-0.0178633095087052,0.02));
#14033=CARTESIAN_POINT('',(-0.0346350347718969,-0.0178633095087052,0.0168));
#14034=CARTESIAN_POINT('',(-0.0359362858296201,-0.0188823169777747,0.02));
#14035=CARTESIAN_POINT('',(-0.0351368634807942,-0.0187237574767518,0.02));
#14036=CARTESIAN_POINT('',(-0.0346350347718969,-0.0178633095087052,0.02));
#14037=CARTESIAN_POINT('',(-0.0346350347718969,-0.0178633095087052,0.02));
#14038=CARTESIAN_POINT('',(-0.0346350347718969,-0.0178633095087052,0.02));
#14039=CARTESIAN_POINT('',(-0.0372543269316286,-0.0163396548560017,0.0200000000000002));
#14040=CARTESIAN_POINT('',(-0.0372543269316286,-0.0163396548560017,0.02));
#14041=CARTESIAN_POINT('',(-0.034371153182479,-0.0172725786170175,0.02));
#14042=CARTESIAN_POINT('',(-0.034371153182479,-0.0172725786170175,0.02));
#14043=CARTESIAN_POINT('',(-0.034371153182479,-0.0172725786170175,0.02));
#14044=CARTESIAN_POINT('',(-0.034371153182479,-0.0172725786170175,0.0168));
#14045=CARTESIAN_POINT('',(-0.0343032510257843,-0.0170639699163347,0.02));
#14046=CARTESIAN_POINT('',(-0.0343032510257843,-0.0170639699163347,0.0168));
#14047=CARTESIAN_POINT('',(-0.0342656817489419,-0.0168914327195588,0.02));
#14048=CARTESIAN_POINT('',(-0.0342656817489419,-0.0168914327195588,0.0168));
#14049=CARTESIAN_POINT('',(-0.0342584453519517,-0.0167549670266899,0.02));
#14050=CARTESIAN_POINT('',(-0.0342584453519517,-0.0167549670266899,0.0168));
#14051=CARTESIAN_POINT('',(-0.034371153182479,-0.0172725786170175,0.02));
#14052=CARTESIAN_POINT('',(-0.034269299947437,-0.0169596655659933,0.02));
#14053=CARTESIAN_POINT('',(-0.0342584453519517,-0.0167549670266899,0.02));
#14054=CARTESIAN_POINT('',(-0.0342584453519517,-0.0167549670266899,0.02));
#14055=CARTESIAN_POINT('',(-0.0342584453519517,-0.0167549670266899,0.02));
#14056=CARTESIAN_POINT('',(-0.0345580452674126,-0.0167000693763661,0.02));
#14057=CARTESIAN_POINT('',(-0.0345580452674126,-0.0167000693763661,0.02));
#14058=CARTESIAN_POINT('',(-0.0348574427315953,-0.016645208822513,0.02));
#14059=CARTESIAN_POINT('',(-0.0348574427315953,-0.016645208822513,0.02));
#14060=CARTESIAN_POINT('',(-0.0379555071706507,-0.0161701341648369,0.0200000000000004));
#14061=CARTESIAN_POINT('',(-0.0379555071706507,-0.0161701341648369,0.02));
#14062=CARTESIAN_POINT('',(-0.03497569607319,-0.0171416552545543,0.01999999975));
#14063=CARTESIAN_POINT('',(-0.0349754160292515,-0.0171417422630773,0.02));
#14064=CARTESIAN_POINT('',(-0.0370916933149191,-0.0165011564028001,0.0200000000000002));
#14065=CARTESIAN_POINT('',(-0.0370916933149191,-0.0165011564028001,0.02));
#14066=CARTESIAN_POINT('',(-0.0351603001441953,-0.0175750535211546,0.02));
#14067=CARTESIAN_POINT('',(-0.0351603001441953,-0.0175750535211546,0.02));
#14068=CARTESIAN_POINT('',(-0.0351603001441953,-0.0175750535211546,0.02));
#14069=CARTESIAN_POINT('',(-0.0351603001441953,-0.0175750535211546,0.0168));
#14070=CARTESIAN_POINT('',(-0.0356168658715057,-0.0183578924567892,0.02));
#14071=CARTESIAN_POINT('',(-0.0356168658715057,-0.0183578924567892,0.0168));
#14072=CARTESIAN_POINT('',(-0.0363441710643418,-0.0184582731396207,0.02));
#14073=CARTESIAN_POINT('',(-0.0363441710643418,-0.0184582731396207,0.0168));
#14074=CARTESIAN_POINT('',(-0.0373422157227035,-0.0178761955696493,0.02));
#14075=CARTESIAN_POINT('',(-0.0373422157227035,-0.0178761955696493,0.0168));
#14076=CARTESIAN_POINT('',(-0.0351603001441953,-0.0175750535211546,0.02));
#14077=CARTESIAN_POINT('',(-0.035845148735161,-0.0187493119246065,0.02));
#14078=CARTESIAN_POINT('',(-0.0373422157227035,-0.0178761955696493,0.02));
#14079=CARTESIAN_POINT('',(-0.0373422157227035,-0.0178761955696493,0.02));
#14080=CARTESIAN_POINT('',(-0.0373422157227035,-0.0178761955696493,0.02));
#14081=CARTESIAN_POINT('',(-0.0373422157227035,-0.0178761955696493,0.02));
#14082=CARTESIAN_POINT('',(-0.0373422157227035,-0.0178761955696493,0.0168));
#14083=CARTESIAN_POINT('',(-0.0378153683744137,-0.0176002444451925,0.02));
#14084=CARTESIAN_POINT('',(-0.0378153683744137,-0.0176002444451925,0.0168));
#14085=CARTESIAN_POINT('',(-0.0381228317515984,-0.0172930526750684,0.02));
#14086=CARTESIAN_POINT('',(-0.0381228317515984,-0.0172930526750684,0.0168));
#14087=CARTESIAN_POINT('',(-0.0382646058542575,-0.016954620259277,0.02));
#14088=CARTESIAN_POINT('',(-0.0382646058542575,-0.016954620259277,0.0168));
#14089=CARTESIAN_POINT('',(-0.0373422157227035,-0.0178761955696493,0.02));
#14090=CARTESIAN_POINT('',(-0.0380519447002688,-0.0174622688829641,0.02));
#14091=CARTESIAN_POINT('',(-0.0382646058542575,-0.016954620259277,0.02));
#14092=CARTESIAN_POINT('',(-0.0382646058542575,-0.016954620259277,0.02));
#14093=CARTESIAN_POINT('',(-0.0382646058542575,-0.016954620259277,0.02));
#14094=CARTESIAN_POINT('',(-0.0382646058542575,-0.016954620259277,0.02));
#14095=CARTESIAN_POINT('',(-0.0382646058542575,-0.016954620259277,0.0168));
#14096=CARTESIAN_POINT('',(-0.0384063799569167,-0.0166161878434855,0.02));
#14097=CARTESIAN_POINT('',(-0.0384063799569167,-0.0166161878434855,0.0168));
#14098=CARTESIAN_POINT('',(-0.0383679361348482,-0.0162595102046428,0.02));
#14099=CARTESIAN_POINT('',(-0.0383679361348482,-0.0162595102046428,0.0168));
#14100=CARTESIAN_POINT('',(-0.0381492743880521,-0.0158845873427488,0.02));
#14101=CARTESIAN_POINT('',(-0.0381492743880521,-0.0158845873427488,0.0168));
#14102=CARTESIAN_POINT('',(-0.0382646058542575,-0.016954620259277,0.02));
#14103=CARTESIAN_POINT('',(-0.0384772670082463,-0.0164469716355898,0.02));
#14104=CARTESIAN_POINT('',(-0.0381492743880521,-0.0158845873427488,0.02));
#14105=CARTESIAN_POINT('',(-0.0381492743880521,-0.0158845873427488,0.02));
#14106=CARTESIAN_POINT('',(-0.0381492743880521,-0.0158845873427488,0.02));
#14107=CARTESIAN_POINT('',(-0.0381492743880521,-0.0158845873427488,0.02));
#14108=CARTESIAN_POINT('',(-0.0381492743880521,-0.0158845873427488,0.0168));
#14109=CARTESIAN_POINT('',(-0.0379620999327945,-0.0155636533729676,0.02));
#14110=CARTESIAN_POINT('',(-0.0379620999327945,-0.0155636533729676,0.0168));
#14111=CARTESIAN_POINT('',(-0.037701129112519,-0.0152747048616352,0.02));
#14112=CARTESIAN_POINT('',(-0.037701129112519,-0.0152747048616352,0.0168));
#14113=CARTESIAN_POINT('',(-0.0373663619272254,-0.0150177418087517,0.02));
#14114=CARTESIAN_POINT('',(-0.0373663619272254,-0.0150177418087517,0.0168));
#14115=CARTESIAN_POINT('',(-0.0381492743880521,-0.0158845873427488,0.02));
#14116=CARTESIAN_POINT('',(-0.0378685127051658,-0.015403186388077,0.02));
#14117=CARTESIAN_POINT('',(-0.0373663619272254,-0.0150177418087517,0.02));
#14118=CARTESIAN_POINT('',(-0.0373663619272254,-0.0150177418087517,0.02));
#14119=CARTESIAN_POINT('',(-0.0373663619272254,-0.0150177418087517,0.02));
#14120=CARTESIAN_POINT('',(-0.0351797479200418,-0.0143131088846362,0.02));
#14121=CARTESIAN_POINT('',(-0.0351882202555726,-0.0143276357615621,0.02));
#14122=CARTESIAN_POINT('',(-0.0351879477355466,-0.0143271684919572,0.02));
#14123=CARTESIAN_POINT('',(-0.0351797479200418,-0.0143131088846362,0.02));
#14124=CARTESIAN_POINT('',(-0.0351715481045369,-0.0142990492773152,0.02));
#14125=CARTESIAN_POINT('',(-0.0351715481045369,-0.0142990492773152,0.02));
#14126=CARTESIAN_POINT('',(-0.0351715481045369,-0.0142990492773152,0.02));
#14127=CARTESIAN_POINT('',(-0.0351715481045369,-0.0142990492773152,0.0168));
#14128=CARTESIAN_POINT('',(-0.0349697262231521,-0.0142820987376037,0.02));
#14129=CARTESIAN_POINT('',(-0.0349697262231521,-0.0142820987376037,0.0168));
#14130=CARTESIAN_POINT('',(-0.0346928321377655,-0.0142380861604872,0.02));
#14131=CARTESIAN_POINT('',(-0.0346928321377655,-0.0142380861604872,0.0168));
#14132=CARTESIAN_POINT('',(-0.0343408658483771,-0.0141670115459656,0.02));
#14133=CARTESIAN_POINT('',(-0.0343408658483771,-0.0141670115459656,0.0168));
#14134=CARTESIAN_POINT('',(-0.0351715481045369,-0.0142990492773152,0.02));
#14135=CARTESIAN_POINT('',(-0.0348688152824597,-0.014273623467748,0.02));
#14136=CARTESIAN_POINT('',(-0.0343408658483771,-0.0141670115459656,0.02));
#14137=CARTESIAN_POINT('',(-0.0343408658483771,-0.0141670115459656,0.02));
#14138=CARTESIAN_POINT('',(-0.0343408658483771,-0.0141670115459656,0.02));
#14139=CARTESIAN_POINT('',(-0.0333189916192327,-0.0139294218689512,0.02));
#14140=CARTESIAN_POINT('',(-0.0333189916192327,-0.0139294218689512,0.02));
#14141=CARTESIAN_POINT('',(-0.0322971173900881,-0.0136918321919368,0.02));
#14142=CARTESIAN_POINT('',(-0.0322971173900881,-0.0136918321919368,0.02));
#14143=CARTESIAN_POINT('',(-0.0320950739360485,-0.0133454034675468,0.02));
#14144=CARTESIAN_POINT('',(-0.0320950739360485,-0.0133454034675468,0.02));
#14145=CARTESIAN_POINT('',(-0.0318930304820088,-0.0129989747431567,0.02));
#14146=CARTESIAN_POINT('',(-0.0318930304820088,-0.0129989747431567,0.02));
#14147=CARTESIAN_POINT('',(-0.0331688029220934,-0.0133010229087565,0.02));
#14148=CARTESIAN_POINT('',(-0.0331688029220934,-0.0133010229087565,0.02));
#14149=CARTESIAN_POINT('',(-0.034444575362178,-0.0136030710743563,0.02));
#14150=CARTESIAN_POINT('',(-0.034444575362178,-0.0136030710743563,0.02));
#14151=CARTESIAN_POINT('',(-0.0350631538409148,-0.0121230969081855,0.02));
#14152=CARTESIAN_POINT('',(-0.0350631538409148,-0.0121230969081855,0.02));
#14153=CARTESIAN_POINT('',(-0.0356817323196516,-0.0106431227420148,0.02));
#14154=CARTESIAN_POINT('',(-0.0356817323196516,-0.0106431227420148,0.02));
#14155=CARTESIAN_POINT('',(-0.0358877116851336,-0.0109963000779189,0.02));
#14156=CARTESIAN_POINT('',(-0.0358877116851336,-0.0109963000779189,0.02));
#14157=CARTESIAN_POINT('',(-0.0360936910506156,-0.011349477413823,0.02));
#14158=CARTESIAN_POINT('',(-0.0360936910506156,-0.011349477413823,0.02));
#14159=CARTESIAN_POINT('',(-0.0355800619509412,-0.0125609824602551,0.02));
#14160=CARTESIAN_POINT('',(-0.0355800619509412,-0.0125609824602551,0.02));
#14161=CARTESIAN_POINT('',(-0.0350664328512667,-0.0137724875066872,0.02));
#14162=CARTESIAN_POINT('',(-0.0350664328512667,-0.0137724875066872,0.02));
#14163=CARTESIAN_POINT('',(-0.0353844358641228,-0.0138809558752695,0.02));
#14164=CARTESIAN_POINT('',(-0.0353844358641228,-0.0138809558752695,0.02));
#14165=CARTESIAN_POINT('',(-0.0357024388769788,-0.0139894242438518,0.02));
#14166=CARTESIAN_POINT('',(-0.0357024388769788,-0.0139894242438518,0.02));
#14167=CARTESIAN_POINT('',(-0.036422853156108,-0.0135692656973829,0.02));
#14168=CARTESIAN_POINT('',(-0.036422853156108,-0.0135692656973829,0.02));
#14169=CARTESIAN_POINT('',(-0.0371432674352372,-0.013149107150914,0.02));
#14170=CARTESIAN_POINT('',(-0.0371432674352372,-0.013149107150914,0.02));
#14171=CARTESIAN_POINT('',(-0.0373115276493969,-0.0134376102931414,0.02));
#14172=CARTESIAN_POINT('',(-0.0373115276493969,-0.0134376102931414,0.02));
#14173=CARTESIAN_POINT('',(-0.0374797878635566,-0.0137261134353688,0.02));
#14174=CARTESIAN_POINT('',(-0.0374797878635566,-0.0137261134353688,0.02));
#14175=CARTESIAN_POINT('',(-0.0347449130474711,-0.0153211415473736,0.02));
#14176=CARTESIAN_POINT('',(-0.0347449130474711,-0.0153211415473736,0.02));
#14177=CARTESIAN_POINT('',(-0.0320100382313856,-0.0169161696593784,0.02));
#14178=CARTESIAN_POINT('',(-0.0320100382313856,-0.0169161696593784,0.02));
#14179=CARTESIAN_POINT('',(-0.031841778017226,-0.016627666517151,0.02));
#14180=CARTESIAN_POINT('',(-0.031841778017226,-0.016627666517151,0.02));
#14181=CARTESIAN_POINT('',(-0.0316735178030663,-0.0163391633749236,0.02));
#14182=CARTESIAN_POINT('',(-0.0316735178030663,-0.0163391633749236,0.02));
#14183=CARTESIAN_POINT('',(-0.033123906894303,-0.0154932704074426,0.02));
#14184=CARTESIAN_POINT('',(-0.033123906894303,-0.0154932704074426,0.02));
#14185=CARTESIAN_POINT('',(-0.0345741210224599,-0.0146470636656867,0.01999999975));
#14186=CARTESIAN_POINT('',(-0.0345742959855399,-0.0146473774399615,0.02));
#14187=CARTESIAN_POINT('',(-0.0277656495463214,-0.00719107470422126,0.02));
#14188=CARTESIAN_POINT('',(-0.0277656495463214,-0.00719107470422126,0.0168));
#14189=CARTESIAN_POINT('',(-0.0278104079286154,-0.00768651424381014,0.02));
#14190=CARTESIAN_POINT('',(-0.0278104079286154,-0.00768651424381014,0.0168));
#14191=CARTESIAN_POINT('',(-0.0279462725663496,-0.00812881897892755,0.02));
#14192=CARTESIAN_POINT('',(-0.0279462725663496,-0.00812881897892755,0.0168));
#14193=CARTESIAN_POINT('',(-0.028173243459524,-0.00851798890957348,0.02));
#14194=CARTESIAN_POINT('',(-0.028173243459524,-0.00851798890957348,0.0168));
#14195=CARTESIAN_POINT('',(-0.0277656495463214,-0.00719107470422126,0.02));
#14196=CARTESIAN_POINT('',(-0.0277656495463214,-0.00719107470422126,0.02));
#14197=CARTESIAN_POINT('',(-0.0277656495463214,-0.00719107470422126,0.02));
#14198=CARTESIAN_POINT('',(-0.0278327871197624,-0.00793423401360458,0.02));
#14199=CARTESIAN_POINT('',(-0.028173243459524,-0.00851798890957348,0.02));
#14200=CARTESIAN_POINT('',(-0.028173243459524,-0.00851798890957348,0.02));
#14201=CARTESIAN_POINT('',(-0.028173243459524,-0.00851798890957348,0.02));
#14202=CARTESIAN_POINT('',(-0.028173243459524,-0.00851798890957348,0.02));
#14203=CARTESIAN_POINT('',(-0.028173243459524,-0.00851798890957348,0.0168));
#14204=CARTESIAN_POINT('',(-0.0285025480501991,-0.00908262273958579,0.02));
#14205=CARTESIAN_POINT('',(-0.0285025480501991,-0.00908262273958579,0.0168));
#14206=CARTESIAN_POINT('',(-0.0289505606823796,-0.00941874715635942,0.02));
#14207=CARTESIAN_POINT('',(-0.0289505606823796,-0.00941874715635942,0.0168));
#14208=CARTESIAN_POINT('',(-0.0295172813560655,-0.00952636215989438,0.02));
#14209=CARTESIAN_POINT('',(-0.0295172813560655,-0.00952636215989438,0.0168));
#14210=CARTESIAN_POINT('',(-0.028173243459524,-0.00851798890957348,0.02));
#14211=CARTESIAN_POINT('',(-0.0286672003455366,-0.00936493965459194,0.02));
#14212=CARTESIAN_POINT('',(-0.0295172813560655,-0.00952636215989438,0.02));
#14213=CARTESIAN_POINT('',(-0.0295172813560655,-0.00952636215989438,0.02));
#14214=CARTESIAN_POINT('',(-0.0295172813560655,-0.00952636215989438,0.02));
#14215=CARTESIAN_POINT('',(-0.0295172813560655,-0.00952636215989438,0.02));
#14216=CARTESIAN_POINT('',(-0.0295172813560655,-0.00952636215989438,0.0168));
#14217=CARTESIAN_POINT('',(-0.0300840020297514,-0.00963397716342934,0.02));
#14218=CARTESIAN_POINT('',(-0.0300840020297514,-0.00963397716342934,0.0168));
#14219=CARTESIAN_POINT('',(-0.0306942951021659,-0.00949711162199055,0.02));
#14220=CARTESIAN_POINT('',(-0.0306942951021659,-0.00949711162199055,0.0168));
#14221=CARTESIAN_POINT('',(-0.0313481605733089,-0.009115765535578,0.02));
#14222=CARTESIAN_POINT('',(-0.0313481605733089,-0.009115765535578,0.0168));
#14223=CARTESIAN_POINT('',(-0.0295172813560655,-0.00952636215989438,0.02));
#14224=CARTESIAN_POINT('',(-0.0303673623665944,-0.00968778466519682,0.02));
#14225=CARTESIAN_POINT('',(-0.0313481605733089,-0.009115765535578,0.02));
#14226=CARTESIAN_POINT('',(-0.0313481605733089,-0.009115765535578,0.02));
#14227=CARTESIAN_POINT('',(-0.0313481605733089,-0.009115765535578,0.02));
#14228=CARTESIAN_POINT('',(-0.0313481605733089,-0.009115765535578,0.02));
#14229=CARTESIAN_POINT('',(-0.0313481605733089,-0.009115765535578,0.0168));
#14230=CARTESIAN_POINT('',(-0.0320200223418229,-0.00872392368531924,0.02));
#14231=CARTESIAN_POINT('',(-0.0320200223418229,-0.00872392368531924,0.0168));
#14232=CARTESIAN_POINT('',(-0.0324475307024492,-0.00826331277170672,0.02));
#14233=CARTESIAN_POINT('',(-0.0324475307024492,-0.00826331277170672,0.0168));
#14234=CARTESIAN_POINT('',(-0.0326306856551878,-0.00773393279474043,0.02));
#14235=CARTESIAN_POINT('',(-0.0326306856551878,-0.00773393279474043,0.0168));
#14236=CARTESIAN_POINT('',(-0.0313481605733089,-0.009115765535578,0.02));
#14237=CARTESIAN_POINT('',(-0.0323559532260799,-0.00852800276018986,0.02));
#14238=CARTESIAN_POINT('',(-0.0326306856551878,-0.00773393279474043,0.02));
#14239=CARTESIAN_POINT('',(-0.0326306856551878,-0.00773393279474043,0.02));
#14240=CARTESIAN_POINT('',(-0.0326306856551878,-0.00773393279474043,0.02));
#14241=CARTESIAN_POINT('',(-0.0326306856551878,-0.00773393279474043,0.02));
#14242=CARTESIAN_POINT('',(-0.0326306856551878,-0.00773393279474043,0.0168));
#14243=CARTESIAN_POINT('',(-0.0328138406079264,-0.00720455281777414,0.02));
#14244=CARTESIAN_POINT('',(-0.0328138406079264,-0.00720455281777414,0.0168));
#14245=CARTESIAN_POINT('',(-0.0327352992452883,-0.0066481728427375,0.02));
#14246=CARTESIAN_POINT('',(-0.0327352992452883,-0.0066481728427375,0.0168));
#14247=CARTESIAN_POINT('',(-0.0323950615672734,-0.0060647928696305,0.02));
#14248=CARTESIAN_POINT('',(-0.0323950615672734,-0.0060647928696305,0.0168));
#14249=CARTESIAN_POINT('',(-0.0326306856551878,-0.00773393279474043,0.02));
#14250=CARTESIAN_POINT('',(-0.0329054180842957,-0.006939862829291,0.02));
#14251=CARTESIAN_POINT('',(-0.0323950615672734,-0.0060647928696305,0.02));
#14252=CARTESIAN_POINT('',(-0.0323950615672734,-0.0060647928696305,0.02));
#14253=CARTESIAN_POINT('',(-0.0323950615672734,-0.0060647928696305,0.02));
#14254=CARTESIAN_POINT('',(-0.0323950615672734,-0.0060647928696305,0.02));
#14255=CARTESIAN_POINT('',(-0.0323950615672734,-0.0060647928696305,0.0168));
#14256=CARTESIAN_POINT('',(-0.0321860209373363,-0.00570636661365987,0.02));
#14257=CARTESIAN_POINT('',(-0.0321860209373363,-0.00570636661365987,0.0168));
#14258=CARTESIAN_POINT('',(-0.0318829742393359,-0.00533493559178251,0.02));
#14259=CARTESIAN_POINT('',(-0.0318829742393359,-0.00533493559178251,0.0168));
#14260=CARTESIAN_POINT('',(-0.0314859214732722,-0.0049504998039984,0.02));
#14261=CARTESIAN_POINT('',(-0.0314859214732722,-0.0049504998039984,0.0168));
#14262=CARTESIAN_POINT('',(-0.0323950615672734,-0.0060647928696305,0.02));
#14263=CARTESIAN_POINT('',(-0.0320815006223677,-0.00552715348567456,0.02));
#14264=CARTESIAN_POINT('',(-0.0314859214732722,-0.0049504998039984,0.02));
#14265=CARTESIAN_POINT('',(-0.0314859214732722,-0.00495049980399839,0.02));
#14266=CARTESIAN_POINT('',(-0.0314859214732722,-0.00495049980399839,0.02));
#14267=CARTESIAN_POINT('',(-0.0317474301694433,-0.00479798323560806,0.02));
#14268=CARTESIAN_POINT('',(-0.0317474301694433,-0.00479798323560806,0.02));
#14269=CARTESIAN_POINT('',(-0.0320089388656143,-0.00464546666721772,0.02));
#14270=CARTESIAN_POINT('',(-0.0320089388656143,-0.00464546666721772,0.02));
#14271=CARTESIAN_POINT('',(-0.0320089388656143,-0.00464546666721772,0.02));
#14272=CARTESIAN_POINT('',(-0.0320089388656143,-0.00464546666721772,0.0168));
#14273=CARTESIAN_POINT('',(-0.0323508899096287,-0.00492336248066395,0.02));
#14274=CARTESIAN_POINT('',(-0.0323508899096287,-0.00492336248066395,0.0168));
#14275=CARTESIAN_POINT('',(-0.0326742726691529,-0.00532363162212715,0.02));
#14276=CARTESIAN_POINT('',(-0.0326742726691529,-0.00532363162212715,0.0168));
#14277=CARTESIAN_POINT('',(-0.0329790871441868,-0.00584627409160734,0.02));
#14278=CARTESIAN_POINT('',(-0.0329790871441868,-0.00584627409160734,0.0168));
#14279=CARTESIAN_POINT('',(-0.0320089388656143,-0.00464546666721772,0.02));
#14280=CARTESIAN_POINT('',(-0.0325218654316359,-0.00506231038738706,0.02));
#14281=CARTESIAN_POINT('',(-0.0329790871441868,-0.00584627409160734,0.02));
#14282=CARTESIAN_POINT('',(-0.0329790871441868,-0.00584627409160734,0.02));
#14283=CARTESIAN_POINT('',(-0.0329790871441868,-0.00584627409160734,0.02));
#14284=CARTESIAN_POINT('',(-0.0329790871441868,-0.00584627409160734,0.02));
#14285=CARTESIAN_POINT('',(-0.0329790871441868,-0.00584627409160734,0.0168));
#14286=CARTESIAN_POINT('',(-0.0334203465492214,-0.00660286842690935,0.02));
#14287=CARTESIAN_POINT('',(-0.0334203465492214,-0.00660286842690935,0.0168));
#14288=CARTESIAN_POINT('',(-0.0335310845055155,-0.00732085043509525,0.02));
#14289=CARTESIAN_POINT('',(-0.0335310845055155,-0.00732085043509525,0.0168));
#14290=CARTESIAN_POINT('',(-0.0333113010130689,-0.00800022011616505,0.02));
#14291=CARTESIAN_POINT('',(-0.0333113010130689,-0.00800022011616505,0.0168));
#14292=CARTESIAN_POINT('',(-0.0329790871441868,-0.00584627409160734,0.02));
#14293=CARTESIAN_POINT('',(-0.0336409762517388,-0.00698116559456035,0.02));
#14294=CARTESIAN_POINT('',(-0.0333113010130689,-0.00800022011616505,0.02));
#14295=CARTESIAN_POINT('',(-0.0333113010130689,-0.00800022011616505,0.02));
#14296=CARTESIAN_POINT('',(-0.0333113010130689,-0.00800022011616505,0.02));
#14297=CARTESIAN_POINT('',(-0.0333113010130689,-0.00800022011616505,0.02));
#14298=CARTESIAN_POINT('',(-0.0333113010130689,-0.00800022011616505,0.0168));
#14299=CARTESIAN_POINT('',(-0.0330915175206223,-0.00867958979723484,0.02));
#14300=CARTESIAN_POINT('',(-0.0330915175206223,-0.00867958979723484,0.0168));
#14301=CARTESIAN_POINT('',(-0.0325587127861827,-0.00926592508815584,0.02));
#14302=CARTESIAN_POINT('',(-0.0325587127861827,-0.00926592508815584,0.0168));
#14303=CARTESIAN_POINT('',(-0.0317128868097499,-0.00975922598892803,0.02));
#14304=CARTESIAN_POINT('',(-0.0317128868097499,-0.00975922598892803,0.0168));
#14305=CARTESIAN_POINT('',(-0.0333113010130689,-0.00800022011616505,0.02));
#14306=CARTESIAN_POINT('',(-0.0329816257743991,-0.00901927463776974,0.02));
#14307=CARTESIAN_POINT('',(-0.0317128868097499,-0.00975922598892803,0.02));
#14308=CARTESIAN_POINT('',(-0.0317128868097499,-0.00975922598892803,0.02));
#14309=CARTESIAN_POINT('',(-0.0317128868097499,-0.00975922598892803,0.02));
#14310=CARTESIAN_POINT('',(-0.0317128868097499,-0.00975922598892803,0.02));
#14311=CARTESIAN_POINT('',(-0.0317128868097499,-0.00975922598892803,0.0168));
#14312=CARTESIAN_POINT('',(-0.0311834957287556,-0.0100679763754042,0.02));
#14313=CARTESIAN_POINT('',(-0.0311834957287556,-0.0100679763754042,0.0168));
#14314=CARTESIAN_POINT('',(-0.0306619894474386,-0.0102394813206511,0.02));
#14315=CARTESIAN_POINT('',(-0.0306619894474386,-0.0102394813206511,0.0168));
#14316=CARTESIAN_POINT('',(-0.0301483679657988,-0.0102737408246686,0.02));
#14317=CARTESIAN_POINT('',(-0.0301483679657988,-0.0102737408246686,0.0168));
#14318=CARTESIAN_POINT('',(-0.0317128868097499,-0.00975922598892803,0.02));
#14319=CARTESIAN_POINT('',(-0.0309188001882585,-0.0102223515686423,0.02));
#14320=CARTESIAN_POINT('',(-0.0301483679657988,-0.0102737408246686,0.02));
#14321=CARTESIAN_POINT('',(-0.0301483679657988,-0.0102737408246686,0.02));
#14322=CARTESIAN_POINT('',(-0.0301483679657988,-0.0102737408246686,0.02));
#14323=CARTESIAN_POINT('',(-0.0301483679657988,-0.0102737408246686,0.02));
#14324=CARTESIAN_POINT('',(-0.0301483679657988,-0.0102737408246686,0.0168));
#14325=CARTESIAN_POINT('',(-0.029634746484159,-0.0103080003286862,0.02));
#14326=CARTESIAN_POINT('',(-0.029634746484159,-0.0103080003286862,0.0168));
#14327=CARTESIAN_POINT('',(-0.0291611425397667,-0.0102010962862447,0.02));
#14328=CARTESIAN_POINT('',(-0.0291611425397667,-0.0102010962862447,0.0168));
#14329=CARTESIAN_POINT('',(-0.0287275561326219,-0.00995302869734424,0.02));
#14330=CARTESIAN_POINT('',(-0.0287275561326219,-0.00995302869734424,0.0168));
#14331=CARTESIAN_POINT('',(-0.0301483679657988,-0.0102737408246686,0.02));
#14332=CARTESIAN_POINT('',(-0.0293779357433392,-0.010325130080695,0.02));
#14333=CARTESIAN_POINT('',(-0.0287275561326219,-0.00995302869734424,0.02));
#14334=CARTESIAN_POINT('',(-0.0287275561326219,-0.00995302869734424,0.02));
#14335=CARTESIAN_POINT('',(-0.0287275561326219,-0.00995302869734424,0.02));
#14336=CARTESIAN_POINT('',(-0.0287275561326219,-0.00995302869734424,0.02));
#14337=CARTESIAN_POINT('',(-0.0287275561326219,-0.00995302869734424,0.0168));
#14338=CARTESIAN_POINT('',(-0.0282939697254771,-0.00970496110844377,0.02));
#14339=CARTESIAN_POINT('',(-0.0282939697254771,-0.00970496110844377,0.0168));
#14340=CARTESIAN_POINT('',(-0.0279295798428173,-0.00932785438221512,0.02));
#14341=CARTESIAN_POINT('',(-0.0279295798428173,-0.00932785438221512,0.0168));
#14342=CARTESIAN_POINT('',(-0.0276343864846424,-0.00882170851865827,0.02));
#14343=CARTESIAN_POINT('',(-0.0276343864846424,-0.00882170851865827,0.0168));
#14344=CARTESIAN_POINT('',(-0.0287275561326219,-0.00995302869734424,0.02));
#14345=CARTESIAN_POINT('',(-0.0280771765219047,-0.00958092731399354,0.02));
#14346=CARTESIAN_POINT('',(-0.0276343864846424,-0.00882170851865827,0.02));
#14347=CARTESIAN_POINT('',(-0.0276343864846424,-0.00882170851865827,0.02));
#14348=CARTESIAN_POINT('',(-0.0276343864846424,-0.00882170851865827,0.02));
#14349=CARTESIAN_POINT('',(-0.0276343864846424,-0.00882170851865827,0.02));
#14350=CARTESIAN_POINT('',(-0.0276343864846424,-0.00882170851865827,0.0168));
#14351=CARTESIAN_POINT('',(-0.0273203882162431,-0.00828331928897855,0.02));
#14352=CARTESIAN_POINT('',(-0.0273203882162431,-0.00828331928897855,0.0168));
#14353=CARTESIAN_POINT('',(-0.0271439788520833,-0.00775512679677913,0.02));
#14354=CARTESIAN_POINT('',(-0.0271439788520833,-0.00775512679677913,0.0168));
#14355=CARTESIAN_POINT('',(-0.0271051583921631,-0.00723713104206002,0.02));
#14356=CARTESIAN_POINT('',(-0.0271051583921631,-0.00723713104206002,0.0168));
#14357=CARTESIAN_POINT('',(-0.0276343864846424,-0.00882170851865827,0.02));
#14358=CARTESIAN_POINT('',(-0.0271633890820434,-0.00801412467413868,0.02));
#14359=CARTESIAN_POINT('',(-0.0271051583921631,-0.00723713104206002,0.02));
#14360=CARTESIAN_POINT('',(-0.0271051583921631,-0.00723713104206002,0.02));
#14361=CARTESIAN_POINT('',(-0.0271051583921631,-0.00723713104206002,0.02));
#14362=CARTESIAN_POINT('',(-0.0284612304297891,-0.00454698326512686,0.02));
#14363=CARTESIAN_POINT('',(-0.0257263556137036,-0.00614201137713163,0.02));
#14364=CARTESIAN_POINT('',(-0.0257263556137036,-0.00614201137713163,0.02));
#14365=CARTESIAN_POINT('',(-0.0284612304297891,-0.00454698326512686,0.02));
#14366=CARTESIAN_POINT('',(-0.0311961052458747,-0.0029519551531221,0.02));
#14367=CARTESIAN_POINT('',(-0.0311961052458747,-0.0029519551531221,0.02));
#14368=CARTESIAN_POINT('',(-0.0313663334157555,-0.00324383260110655,0.02));
#14369=CARTESIAN_POINT('',(-0.0313663334157555,-0.00324383260110655,0.02));
#14370=CARTESIAN_POINT('',(-0.0315365615856363,-0.00353571004909099,0.02));
#14371=CARTESIAN_POINT('',(-0.0315365615856363,-0.00353571004909099,0.02));
#14372=CARTESIAN_POINT('',(-0.0288016867695508,-0.00513073816109576,0.02));
#14373=CARTESIAN_POINT('',(-0.0288016867695508,-0.00513073816109576,0.02));
#14374=CARTESIAN_POINT('',(-0.0260668119534654,-0.00672576627310052,0.02));
#14375=CARTESIAN_POINT('',(-0.0260668119534654,-0.00672576627310052,0.02));
#14376=CARTESIAN_POINT('',(-0.0264742644037792,-0.00370782384113155,0.02));
#14377=CARTESIAN_POINT('',(-0.0266464605293812,-0.00400307559487305,0.02));
#14378=CARTESIAN_POINT('',(-0.0266464605293812,-0.00400307559487305,0.02));
#14379=CARTESIAN_POINT('',(-0.0264742644037792,-0.00370782384113155,0.02));
#14380=CARTESIAN_POINT('',(-0.0263020682781772,-0.00341257208739006,0.02));
#14381=CARTESIAN_POINT('',(-0.0263020682781772,-0.00341257208739006,0.02));
#14382=CARTESIAN_POINT('',(-0.0275516861768698,-0.00268377248531838,0.02));
#14383=CARTESIAN_POINT('',(-0.0275516861768698,-0.00268377248531838,0.02));
#14384=CARTESIAN_POINT('',(-0.0288013040755624,-0.0019549728832467,0.02));
#14385=CARTESIAN_POINT('',(-0.0288013040755624,-0.0019549728832467,0.02));
#14386=CARTESIAN_POINT('',(-0.0288013040755624,-0.0019549728832467,0.02));
#14387=CARTESIAN_POINT('',(-0.0288013040755624,-0.0019549728832467,0.0168));
#14388=CARTESIAN_POINT('',(-0.0291154894338295,-0.00177173433943149,0.02));
#14389=CARTESIAN_POINT('',(-0.0291154894338295,-0.00177173433943149,0.0168));
#14390=CARTESIAN_POINT('',(-0.0293081611597485,-0.00156364794249308,0.02));
#14391=CARTESIAN_POINT('',(-0.0293081611597485,-0.00156364794249308,0.0168));
#14392=CARTESIAN_POINT('',(-0.0293793192533195,-0.00133071369243145,0.02));
#14393=CARTESIAN_POINT('',(-0.0293793192533195,-0.00133071369243145,0.0168));
#14394=CARTESIAN_POINT('',(-0.0288013040755624,-0.0019549728832467,0.02));
#14395=CARTESIAN_POINT('',(-0.0292725821129631,-0.00168011506752389,0.02));
#14396=CARTESIAN_POINT('',(-0.0293793192533195,-0.00133071369243145,0.02));
#14397=CARTESIAN_POINT('',(-0.0293793192533195,-0.00133071369243145,0.02));
#14398=CARTESIAN_POINT('',(-0.0293793192533195,-0.00133071369243145,0.02));
#14399=CARTESIAN_POINT('',(-0.0293793192533195,-0.00133071369243145,0.02));
#14400=CARTESIAN_POINT('',(-0.0293793192533195,-0.00133071369243145,0.0168));
#14401=CARTESIAN_POINT('',(-0.0294504773468905,-0.00109777944236983,0.02));
#14402=CARTESIAN_POINT('',(-0.0294504773468905,-0.00109777944236983,0.0168));
#14403=CARTESIAN_POINT('',(-0.0293972797244767,-0.000829093635410068,0.02));
#14404=CARTESIAN_POINT('',(-0.0293972797244767,-0.000829093635410068,0.0168));
#14405=CARTESIAN_POINT('',(-0.0292197263860782,-0.000524656271552175,0.02));
#14406=CARTESIAN_POINT('',(-0.0292197263860782,-0.000524656271552175,0.0168));
#14407=CARTESIAN_POINT('',(-0.0293793192533195,-0.00133071369243145,0.02));
#14408=CARTESIAN_POINT('',(-0.0294860563936759,-0.000981312317339014,0.02));
#14409=CARTESIAN_POINT('',(-0.0292197263860782,-0.000524656271552175,0.02));
#14410=CARTESIAN_POINT('',(-0.0292197263860782,-0.000524656271552175,0.02));
#14411=CARTESIAN_POINT('',(-0.0292197263860782,-0.000524656271552175,0.02));
#14412=CARTESIAN_POINT('',(-0.0292197263860782,-0.000524656271552175,0.02));
#14413=CARTESIAN_POINT('',(-0.0292197263860782,-0.000524656271552175,0.0168));
#14414=CARTESIAN_POINT('',(-0.0289844463465255,-0.000121239272154273,0.02));
#14415=CARTESIAN_POINT('',(-0.0289844463465255,-0.000121239272154273,0.0168));
#14416=CARTESIAN_POINT('',(-0.0287025383535778,0.000109272874609702,0.02));
#14417=CARTESIAN_POINT('',(-0.0287025383535778,0.000109272874609702,0.0168));
#14418=CARTESIAN_POINT('',(-0.0283740024072352,0.000166880168739752,0.02));
#14419=CARTESIAN_POINT('',(-0.0283740024072352,0.000166880168739752,0.0168));
#14420=CARTESIAN_POINT('',(-0.0292197263860782,-0.000524656271552175,0.02));
#14421=CARTESIAN_POINT('',(-0.0288668063267492,8.04692275446772E-5,0.02));
#14422=CARTESIAN_POINT('',(-0.0283740024072352,0.000166880168739752,0.02));
#14423=CARTESIAN_POINT('',(-0.0283740024072352,0.000166880168739752,0.02));
#14424=CARTESIAN_POINT('',(-0.0283740024072352,0.000166880168739752,0.02));
#14425=CARTESIAN_POINT('',(-0.0283740024072352,0.000166880168739752,0.02));
#14426=CARTESIAN_POINT('',(-0.0283740024072352,0.000166880168739752,0.0168));
#14427=CARTESIAN_POINT('',(-0.0280454664608925,0.000224487462869793,0.02));
#14428=CARTESIAN_POINT('',(-0.0280454664608925,0.000224487462869793,0.0168));
#14429=CARTESIAN_POINT('',(-0.0276314998616998,0.000107662386568556,0.02));
#14430=CARTESIAN_POINT('',(-0.0276314998616998,0.000107662386568556,0.0168));
#14431=CARTESIAN_POINT('',(-0.027132102609657,-0.000183595060163959,0.02));
#14432=CARTESIAN_POINT('',(-0.027132102609657,-0.000183595060163959,0.0168));
#14433=CARTESIAN_POINT('',(-0.0283740024072352,0.000166880168739752,0.02));
#14434=CARTESIAN_POINT('',(-0.0278811984877212,0.000253291109934814,0.02));
#14435=CARTESIAN_POINT('',(-0.027132102609657,-0.000183595060163959,0.02));
#14436=CARTESIAN_POINT('',(-0.027132102609657,-0.000183595060163959,0.02));
#14437=CARTESIAN_POINT('',(-0.027132102609657,-0.000183595060163959,0.02));
#14438=CARTESIAN_POINT('',(-0.0261198108825434,-0.000773981776513655,0.02));
#14439=CARTESIAN_POINT('',(-0.0261198108825434,-0.000773981776513655,0.02));
#14440=CARTESIAN_POINT('',(-0.0251075191554297,-0.00136436849286335,0.02));
#14441=CARTESIAN_POINT('',(-0.0251075191554297,-0.00136436849286335,0.02));
#14442=CARTESIAN_POINT('',(-0.0249372909855488,-0.0010724910448789,0.02));
#14443=CARTESIAN_POINT('',(-0.0249372909855488,-0.0010724910448789,0.02));
#14444=CARTESIAN_POINT('',(-0.024767062815668,-0.000780613596894453,0.02));
#14445=CARTESIAN_POINT('',(-0.024767062815668,-0.000780613596894453,0.02));
#14446=CARTESIAN_POINT('',(-0.0266932290186482,0.000342761127270941,0.02));
#14447=CARTESIAN_POINT('',(-0.0266932290186482,0.000342761127270941,0.02));
#14448=CARTESIAN_POINT('',(-0.0286193952216285,0.00146613585143633,0.02));
#14449=CARTESIAN_POINT('',(-0.0286193952216285,0.00146613585143633,0.02));
#14450=CARTESIAN_POINT('',(-0.0287597760630716,0.00122543537410041,0.02));
#14451=CARTESIAN_POINT('',(-0.0287597760630716,0.00122543537410041,0.02));
#14452=CARTESIAN_POINT('',(-0.0289001569045148,0.000984734896764483,0.02));
#14453=CARTESIAN_POINT('',(-0.0289001569045148,0.000984734896764483,0.02));
#14454=CARTESIAN_POINT('',(-0.0286666219606153,0.00079200746213224,0.02));
#14455=CARTESIAN_POINT('',(-0.0286666219606153,0.00079200746213224,0.02));
#14456=CARTESIAN_POINT('',(-0.0284330870167159,0.000599280027499997,0.02));
#14457=CARTESIAN_POINT('',(-0.0284330870167159,0.000599280027499997,0.02));
#14458=CARTESIAN_POINT('',(-0.0284422708100813,0.000583533267300454,0.02));
#14459=CARTESIAN_POINT('',(-0.0284422708100813,0.000583533267300454,0.02));
#14460=CARTESIAN_POINT('',(-0.0284512796718634,0.000568086449138561,0.02));
#14461=CARTESIAN_POINT('',(-0.0284512796718634,0.000568086449138561,0.02));
#14462=CARTESIAN_POINT('',(-0.0284041266645835,-0.000773925895779471,0.02));
#14463=CARTESIAN_POINT('',(-0.0284041266645835,-0.000773925895779471,0.02));
#14464=CARTESIAN_POINT('',(-0.0291772479066503,0.000324833072880081,0.02));
#14465=CARTESIAN_POINT('',(-0.0291772479066503,0.000324833072880081,0.02));
#14466=CARTESIAN_POINT('',(-0.0291772479066503,0.000324833072880081,0.02));
#14467=CARTESIAN_POINT('',(-0.0291772479066503,0.000324833072880081,0.0168));
#14468=CARTESIAN_POINT('',(-0.0294018647051864,0.000171446742936271,0.02));
#14469=CARTESIAN_POINT('',(-0.0294018647051864,0.000171446742936271,0.0168));
#14470=CARTESIAN_POINT('',(-0.0295935473185414,-4.13434209031403E-5,0.02));
#14471=CARTESIAN_POINT('',(-0.0295935473185414,-4.13434209031403E-5,0.0168));
#14472=CARTESIAN_POINT('',(-0.0297522957467155,-0.000313537418638154,0.02));
#14473=CARTESIAN_POINT('',(-0.0297522957467155,-0.000313537418638154,0.0168));
#14474=CARTESIAN_POINT('',(-0.0291772479066503,0.000324833072880081,0.02));
#14475=CARTESIAN_POINT('',(-0.0295141731044544,9.47535779643668E-5,0.02));
#14476=CARTESIAN_POINT('',(-0.0297522957467155,-0.000313537418638154,0.02));
#14477=CARTESIAN_POINT('',(-0.0297522957467155,-0.000313537418638154,0.02));
#14478=CARTESIAN_POINT('',(-0.0297522957467155,-0.000313537418638154,0.02));
#14479=CARTESIAN_POINT('',(-0.0297522957467155,-0.000313537418638154,0.02));
#14480=CARTESIAN_POINT('',(-0.0297522957467155,-0.000313537418638154,0.0168));
#14481=CARTESIAN_POINT('',(-0.0300256229302107,-0.000782190996005606,0.02));
#14482=CARTESIAN_POINT('',(-0.0300256229302107,-0.000782190996005606,0.0168));
#14483=CARTESIAN_POINT('',(-0.030118828904356,-0.00119787387210587,0.02));
#14484=CARTESIAN_POINT('',(-0.030118828904356,-0.00119787387210587,0.0168));
#14485=CARTESIAN_POINT('',(-0.0300319136691514,-0.00156058604693896,0.02));
#14486=CARTESIAN_POINT('',(-0.0300319136691514,-0.00156058604693896,0.0168));
#14487=CARTESIAN_POINT('',(-0.0297522957467155,-0.000313537418638154,0.02));
#14488=CARTESIAN_POINT('',(-0.0301622865219583,-0.00101651778468933,0.02));
#14489=CARTESIAN_POINT('',(-0.0300319136691514,-0.00156058604693896,0.02));
#14490=CARTESIAN_POINT('',(-0.0300319136691514,-0.00156058604693896,0.02));
#14491=CARTESIAN_POINT('',(-0.0300319136691514,-0.00156058604693896,0.02));
#14492=CARTESIAN_POINT('',(-0.0300319136691514,-0.00156058604693896,0.02));
#14493=CARTESIAN_POINT('',(-0.0300319136691514,-0.00156058604693896,0.0168));
#14494=CARTESIAN_POINT('',(-0.0299449984339469,-0.00192329822177204,0.02));
#14495=CARTESIAN_POINT('',(-0.0299449984339469,-0.00192329822177204,0.0168));
#14496=CARTESIAN_POINT('',(-0.0296567161875278,-0.00224744042984649,0.02));
#14497=CARTESIAN_POINT('',(-0.0296567161875278,-0.00224744042984649,0.0168));
#14498=CARTESIAN_POINT('',(-0.0291670669298943,-0.00253301267116231,0.02));
#14499=CARTESIAN_POINT('',(-0.0291670669298943,-0.00253301267116231,0.0168));
#14500=CARTESIAN_POINT('',(-0.0300319136691514,-0.00156058604693896,0.02));
#14501=CARTESIAN_POINT('',(-0.0299015408163446,-0.00210465430918858,0.02));
#14502=CARTESIAN_POINT('',(-0.0291670669298943,-0.00253301267116231,0.02));
#14503=CARTESIAN_POINT('',(-0.0291670669298943,-0.00253301267116231,0.02));
#14504=CARTESIAN_POINT('',(-0.0291670669298943,-0.00253301267116231,0.02));
#14505=CARTESIAN_POINT('',(-0.0242179171865499,0.00133951601294169,0.02));
#14506=CARTESIAN_POINT('',(-0.0242179171865499,0.00133951601294169,0.0168));
#14507=CARTESIAN_POINT('',(-0.02367568507129,0.00138705053623363,0.02));
#14508=CARTESIAN_POINT('',(-0.02367568507129,0.00138705053623363,0.0168));
#14509=CARTESIAN_POINT('',(-0.0232486631881944,0.00167813779840999,0.02));
#14510=CARTESIAN_POINT('',(-0.0232486631881944,0.00167813779840999,0.0168));
#14511=CARTESIAN_POINT('',(-0.0229368515372631,0.00221277779947077,0.02));
#14512=CARTESIAN_POINT('',(-0.0229368515372631,0.00221277779947077,0.0168));
#14513=CARTESIAN_POINT('',(-0.0242179171865499,0.00133951601294169,0.02));
#14514=CARTESIAN_POINT('',(-0.0242179171865499,0.00133951601294169,0.02));
#14515=CARTESIAN_POINT('',(-0.0242179171865499,0.00133951601294169,0.02));
#14516=CARTESIAN_POINT('',(-0.0234045690136601,0.00141081779787959,0.02));
#14517=CARTESIAN_POINT('',(-0.0229368515372631,0.00221277779947077,0.02));
#14518=CARTESIAN_POINT('',(-0.0229368515372631,0.00221277779947077,0.02));
#14519=CARTESIAN_POINT('',(-0.0229368515372631,0.00221277779947077,0.02));
#14520=CARTESIAN_POINT('',(-0.0229368515372631,0.00221277779947077,0.02));
#14521=CARTESIAN_POINT('',(-0.0229368515372631,0.00221277779947077,0.0168));
#14522=CARTESIAN_POINT('',(-0.0226416581790882,0.00271892366302762,0.02));
#14523=CARTESIAN_POINT('',(-0.0226416581790882,0.00271892366302762,0.0168));
#14524=CARTESIAN_POINT('',(-0.0225852307769055,0.00321283334899648,0.02));
#14525=CARTESIAN_POINT('',(-0.0225852307769055,0.00321283334899648,0.0168));
#14526=CARTESIAN_POINT('',(-0.022767569330715,0.00369450685737735,0.02));
#14527=CARTESIAN_POINT('',(-0.022767569330715,0.00369450685737735,0.0168));
#14528=CARTESIAN_POINT('',(-0.0229368515372631,0.00221277779947077,0.02));
#14529=CARTESIAN_POINT('',(-0.0224940615000007,0.00297199659480604,0.02));
#14530=CARTESIAN_POINT('',(-0.022767569330715,0.00369450685737735,0.02));
#14531=CARTESIAN_POINT('',(-0.022767569330715,0.00369450685737735,0.02));
#14532=CARTESIAN_POINT('',(-0.022767569330715,0.00369450685737735,0.02));
#14533=CARTESIAN_POINT('',(-0.022767569330715,0.00369450685737735,0.02));
#14534=CARTESIAN_POINT('',(-0.022767569330715,0.00369450685737735,0.0168));
#14535=CARTESIAN_POINT('',(-0.0229499078845245,0.00417618036575823,0.02));
#14536=CARTESIAN_POINT('',(-0.0229499078845245,0.00417618036575823,0.0168));
#14537=CARTESIAN_POINT('',(-0.0233571371340058,0.00460134897249785,0.02));
#14538=CARTESIAN_POINT('',(-0.0233571371340058,0.00460134897249785,0.0168));
#14539=CARTESIAN_POINT('',(-0.0239892570791591,0.00497001267759621,0.02));
#14540=CARTESIAN_POINT('',(-0.0239892570791591,0.00497001267759621,0.0168));
#14541=CARTESIAN_POINT('',(-0.022767569330715,0.00369450685737735,0.02));
#14542=CARTESIAN_POINT('',(-0.0230410771614292,0.00441701711994867,0.02));
#14543=CARTESIAN_POINT('',(-0.0239892570791591,0.00497001267759621,0.02));
#14544=CARTESIAN_POINT('',(-0.0239892570791591,0.00497001267759621,0.02));
#14545=CARTESIAN_POINT('',(-0.0239892570791591,0.00497001267759621,0.02));
#14546=CARTESIAN_POINT('',(-0.0239892570791591,0.00497001267759621,0.02));
#14547=CARTESIAN_POINT('',(-0.0239892570791591,0.00497001267759621,0.0168));
#14548=CARTESIAN_POINT('',(-0.024622126870036,0.00533911370618817,0.02));
#14549=CARTESIAN_POINT('',(-0.024622126870036,0.00533911370618817,0.0168));
#14550=CARTESIAN_POINT('',(-0.0251961643510787,0.00548473012960829,0.02));
#14551=CARTESIAN_POINT('',(-0.0251961643510787,0.00548473012960829,0.0168));
#14552=CARTESIAN_POINT('',(-0.0257113695222871,0.00540686194785656,0.02));
#14553=CARTESIAN_POINT('',(-0.0257113695222871,0.00540686194785656,0.0168));
#14554=CARTESIAN_POINT('',(-0.0239892570791591,0.00497001267759621,0.02));
#14555=CARTESIAN_POINT('',(-0.0249385617654745,0.00552366422048415,0.02));
#14556=CARTESIAN_POINT('',(-0.0257113695222871,0.00540686194785656,0.02));
#14557=CARTESIAN_POINT('',(-0.0257113695222871,0.00540686194785656,0.02));
#14558=CARTESIAN_POINT('',(-0.0257113695222871,0.00540686194785656,0.02));
#14559=CARTESIAN_POINT('',(-0.0257113695222871,0.00540686194785656,0.02));
#14560=CARTESIAN_POINT('',(-0.0257113695222871,0.00540686194785656,0.0168));
#14561=CARTESIAN_POINT('',(-0.0262265746934955,0.00532899376610484,0.02));
#14562=CARTESIAN_POINT('',(-0.0262265746934955,0.00532899376610484,0.0168));
#14563=CARTESIAN_POINT('',(-0.0266304619877063,0.00503923628062192,0.02));
#14564=CARTESIAN_POINT('',(-0.0266304619877063,0.00503923628062192,0.0168));
#14565=CARTESIAN_POINT('',(-0.0269230314049196,0.00453758949140781,0.02));
#14566=CARTESIAN_POINT('',(-0.0269230314049196,0.00453758949140781,0.0168));
#14567=CARTESIAN_POINT('',(-0.0257113695222871,0.00540686194785656,0.02));
#14568=CARTESIAN_POINT('',(-0.0264841772790997,0.00529005967522898,0.02));
#14569=CARTESIAN_POINT('',(-0.0269230314049196,0.00453758949140781,0.02));
#14570=CARTESIAN_POINT('',(-0.0269230314049196,0.00453758949140781,0.02));
#14571=CARTESIAN_POINT('',(-0.0269230314049196,0.00453758949140781,0.02));
#14572=CARTESIAN_POINT('',(-0.0252680627983426,0.0035401497694507,0.0200000000000001));
#14573=CARTESIAN_POINT('',(-0.0252680627983426,0.0035401497694507,0.02));
#14574=CARTESIAN_POINT('',(-0.0271856054260004,0.00376882081987252,0.02));
#14575=CARTESIAN_POINT('',(-0.0271852574590855,0.00376877932407535,0.02));
#14576=CARTESIAN_POINT('',(-0.0257056636146439,0.00361292981487407,0.02));
#14577=CARTESIAN_POINT('',(-0.0257056636146439,0.00361292981487407,0.02));
#14578=CARTESIAN_POINT('',(-0.0270609657484333,0.00299847497814096,0.02));
#14579=CARTESIAN_POINT('',(-0.0270609657484333,0.00299847497814096,0.02));
#14580=CARTESIAN_POINT('',(-0.0270737958907211,0.002976476097516,0.02));
#14581=CARTESIAN_POINT('',(-0.0270737958907211,0.002976476097516,0.02));
#14582=CARTESIAN_POINT('',(-0.0270862596102884,0.00295510549438804,0.02));
#14583=CARTESIAN_POINT('',(-0.0270862596102884,0.00295510549438804,0.02));
#14584=CARTESIAN_POINT('',(-0.0273700222790325,0.00303845035197405,0.02));
#14585=CARTESIAN_POINT('',(-0.0273700222790325,0.00303845035197405,0.02));
#14586=CARTESIAN_POINT('',(-0.0276537849477765,0.00312179520956007,0.02));
#14587=CARTESIAN_POINT('',(-0.0276537849477765,0.00312179520956007,0.02));
#14588=CARTESIAN_POINT('',(-0.0277757982024887,0.00291258825262324,0.02));
#14589=CARTESIAN_POINT('',(-0.0277757982024887,0.00291258825262324,0.02));
#14590=CARTESIAN_POINT('',(-0.027897811457201,0.0027033812956864,0.02));
#14591=CARTESIAN_POINT('',(-0.027897811457201,0.0027033812956864,0.02));
#14592=CARTESIAN_POINT('',(-0.0251629366411155,0.00110835318368164,0.02));
#14593=CARTESIAN_POINT('',(-0.0251629366411155,0.00110835318368164,0.02));
#14594=CARTESIAN_POINT('',(-0.0224280618250301,-0.000486674928323119,0.02));
#14595=CARTESIAN_POINT('',(-0.0224280618250301,-0.000486674928323119,0.02));
#14596=CARTESIAN_POINT('',(-0.0222578336551492,-0.000194797480338672,0.02));
#14597=CARTESIAN_POINT('',(-0.0222578336551492,-0.000194797480338672,0.02));
#14598=CARTESIAN_POINT('',(-0.0220876054852684,9.7079967645778E-5,0.02));
#14599=CARTESIAN_POINT('',(-0.0220876054852684,9.7079967645778E-5,0.02));
#14600=CARTESIAN_POINT('',(-0.0227523437194064,0.000484767244715412,0.02));
#14601=CARTESIAN_POINT('',(-0.0227523437194064,0.000484767244715412,0.02));
#14602=CARTESIAN_POINT('',(-0.0234171668228714,0.000872310550695693,0.01999999975));
#14603=CARTESIAN_POINT('',(-0.0234170819535444,0.000872454521785044,0.02));
#14604=CARTESIAN_POINT('',(-0.029456570112998,-0.00937284515649976,0.0200000000000016));
#14605=CARTESIAN_POINT('',(-0.029456570112998,-0.00937284515649976,0.02));
#14606=CARTESIAN_POINT('',(-0.0242341325341559,0.00131171277520055,0.02));
#14607=CARTESIAN_POINT('',(-0.0242341325341559,0.00131171277520055,0.02));
#14608=CARTESIAN_POINT('',(0.022629219152762,0.0115930873503558,0.02));
#14609=CARTESIAN_POINT('',(0.0227545446735953,0.0113760171807875,0.02));
#14610=CARTESIAN_POINT('',(0.0227545446735953,0.0113760171807875,0.02));
#14611=CARTESIAN_POINT('',(0.022629219152762,0.0115930873503558,0.02));
#14612=CARTESIAN_POINT('',(0.0225038936319286,0.0118101575199242,0.02));
#14613=CARTESIAN_POINT('',(0.0225038936319286,0.0118101575199242,0.02));
#14614=CARTESIAN_POINT('',(0.0221952214984346,0.0117093766713499,0.02));
#14615=CARTESIAN_POINT('',(0.0221952214984346,0.0117093766713499,0.02));
#14616=CARTESIAN_POINT('',(0.0218865493649406,0.0116085958227755,0.02));
#14617=CARTESIAN_POINT('',(0.0218865493649406,0.0116085958227755,0.02));
#14618=CARTESIAN_POINT('',(0.0218784113441073,0.0116226912883319,0.02));
#14619=CARTESIAN_POINT('',(0.0218784113441073,0.0116226912883319,0.02));
#14620=CARTESIAN_POINT('',(0.0218702733232739,0.0116367867538883,0.02));
#14621=CARTESIAN_POINT('',(0.0218702733232739,0.0116367867538883,0.02));
#14622=CARTESIAN_POINT('',(0.0218702733232739,0.0116367867538883,0.02));
#14623=CARTESIAN_POINT('',(0.0218702733232739,0.0116367867538883,0.0168));
#14624=CARTESIAN_POINT('',(0.0220012283406512,0.0119689937880626,0.02));
#14625=CARTESIAN_POINT('',(0.0220012283406512,0.0119689937880626,0.0168));
#14626=CARTESIAN_POINT('',(0.0220545139694498,0.0122556066216702,0.02));
#14627=CARTESIAN_POINT('',(0.0220545139694498,0.0122556066216702,0.0168));
#14628=CARTESIAN_POINT('',(0.0220301302096697,0.0124966252547111,0.02));
#14629=CARTESIAN_POINT('',(0.0220301302096697,0.0124966252547111,0.0168));
#14630=CARTESIAN_POINT('',(0.0218702733232739,0.0116367867538883,0.02));
#14631=CARTESIAN_POINT('',(0.0220667058493398,0.0121350973051498,0.02));
#14632=CARTESIAN_POINT('',(0.0220301302096697,0.0124966252547111,0.02));
#14633=CARTESIAN_POINT('',(0.0220301302096697,0.0124966252547111,0.02));
#14634=CARTESIAN_POINT('',(0.0220301302096697,0.0124966252547111,0.02));
#14635=CARTESIAN_POINT('',(0.0220301302096697,0.0124966252547111,0.02));
#14636=CARTESIAN_POINT('',(0.0220301302096697,0.0124966252547111,0.0168));
#14637=CARTESIAN_POINT('',(0.0220057464498895,0.0127376438877521,0.02));
#14638=CARTESIAN_POINT('',(0.0220057464498895,0.0127376438877521,0.0168));
#14639=CARTESIAN_POINT('',(0.0219106552644439,0.0130017390134069,0.02));
#14640=CARTESIAN_POINT('',(0.0219106552644439,0.0130017390134069,0.0168));
#14641=CARTESIAN_POINT('',(0.0217448566533328,0.0132889106316757,0.02));
#14642=CARTESIAN_POINT('',(0.0217448566533328,0.0132889106316757,0.0168));
#14643=CARTESIAN_POINT('',(0.0220301302096697,0.0124966252547111,0.02));
#14644=CARTESIAN_POINT('',(0.0219935545699995,0.0128581532042725,0.02));
#14645=CARTESIAN_POINT('',(0.0217448566533328,0.0132889106316757,0.02));
#14646=CARTESIAN_POINT('',(0.0217448566533328,0.0132889106316757,0.02));
#14647=CARTESIAN_POINT('',(0.0217448566533328,0.0132889106316757,0.02));
#14648=CARTESIAN_POINT('',(0.0217448566533328,0.0132889106316757,0.02));
#14649=CARTESIAN_POINT('',(0.0217448566533328,0.0132889106316757,0.0168));
#14650=CARTESIAN_POINT('',(0.0215239365144439,0.0136715555366464,0.02));
#14651=CARTESIAN_POINT('',(0.0215239365144439,0.0136715555366464,0.0168));
#14652=CARTESIAN_POINT('',(0.0212519032326751,0.0139144323909086,0.02));
#14653=CARTESIAN_POINT('',(0.0212519032326751,0.0139144323909086,0.0168));
#14654=CARTESIAN_POINT('',(0.0209287568080264,0.0140175411944621,0.02));
#14655=CARTESIAN_POINT('',(0.0209287568080264,0.0140175411944621,0.0168));
#14656=CARTESIAN_POINT('',(0.0217448566533328,0.0132889106316757,0.02));
#14657=CARTESIAN_POINT('',(0.0214134764449995,0.0138628779891318,0.02));
#14658=CARTESIAN_POINT('',(0.0209287568080264,0.0140175411944621,0.02));
#14659=CARTESIAN_POINT('',(0.0209287568080264,0.0140175411944621,0.02));
#14660=CARTESIAN_POINT('',(0.0209287568080264,0.0140175411944621,0.02));
#14661=CARTESIAN_POINT('',(0.0209287568080264,0.0140175411944621,0.02));
#14662=CARTESIAN_POINT('',(0.0209287568080264,0.0140175411944621,0.0168));
#14663=CARTESIAN_POINT('',(0.0206056103833777,0.0141206499980157,0.02));
#14664=CARTESIAN_POINT('',(0.0206056103833777,0.0141206499980157,0.0168));
#14665=CARTESIAN_POINT('',(0.0202621116956056,0.0140671696775703,0.02));
#14666=CARTESIAN_POINT('',(0.0202621116956056,0.0140671696775703,0.0168));
#14667=CARTESIAN_POINT('',(0.01989826074471,0.0138571002331258,0.02));
#14668=CARTESIAN_POINT('',(0.01989826074471,0.0138571002331258,0.0168));
#14669=CARTESIAN_POINT('',(0.0209287568080264,0.0140175411944621,0.02));
#14670=CARTESIAN_POINT('',(0.0204440371710533,0.0141722043997925,0.02));
#14671=CARTESIAN_POINT('',(0.01989826074471,0.0138571002331258,0.02));
#14672=CARTESIAN_POINT('',(0.01989826074471,0.0138571002331258,0.02));
#14673=CARTESIAN_POINT('',(0.01989826074471,0.0138571002331258,0.02));
#14674=CARTESIAN_POINT('',(0.01989826074471,0.0138571002331258,0.02));
#14675=CARTESIAN_POINT('',(0.01989826074471,0.0138571002331258,0.0168));
#14676=CARTESIAN_POINT('',(0.0191186875296715,0.0134070134275703,0.02));
#14677=CARTESIAN_POINT('',(0.0191186875296715,0.0134070134275703,0.0168));
#14678=CARTESIAN_POINT('',(0.0190701330097436,0.0125475359341335,0.02));
#14679=CARTESIAN_POINT('',(0.0190701330097436,0.0125475359341335,0.0168));
#14680=CARTESIAN_POINT('',(0.0197525971849266,0.0112786677528154,0.02));
#14681=CARTESIAN_POINT('',(0.0197525971849266,0.0112786677528154,0.0168));
#14682=CARTESIAN_POINT('',(0.01989826074471,0.0138571002331258,0.02));
#14683=CARTESIAN_POINT('',(0.0187289009221521,0.0131819700247925,0.02));
#14684=CARTESIAN_POINT('',(0.0197525971849266,0.0112786677528154,0.02));
#14685=CARTESIAN_POINT('',(0.0197525971849266,0.0112786677528154,0.02));
#14686=CARTESIAN_POINT('',(0.0197525971849266,0.0112786677528154,0.02));
#14687=CARTESIAN_POINT('',(0.0199310122352704,0.0109449042374517,0.02));
#14688=CARTESIAN_POINT('',(0.0199310122352704,0.0109449042374517,0.02));
#14689=CARTESIAN_POINT('',(0.0201094272856143,0.0106111407220879,0.02));
#14690=CARTESIAN_POINT('',(0.0201094272856143,0.0106111407220879,0.02));
#14691=CARTESIAN_POINT('',(0.0199893339190738,0.0105418047845879,0.02));
#14692=CARTESIAN_POINT('',(0.0199893339190738,0.0105418047845879,0.02));
#14693=CARTESIAN_POINT('',(0.0198692405525334,0.0104724688470879,0.02));
#14694=CARTESIAN_POINT('',(0.0198692405525334,0.0104724688470879,0.02));
#14695=CARTESIAN_POINT('',(0.0198692405525334,0.0104724688470879,0.02));
#14696=CARTESIAN_POINT('',(0.0198692405525334,0.0104724688470879,0.0168));
#14697=CARTESIAN_POINT('',(0.0195662820128414,0.0102975556526434,0.02));
#14698=CARTESIAN_POINT('',(0.0195662820128414,0.0102975556526434,0.0168));
#14699=CARTESIAN_POINT('',(0.019305090556569,0.0102334594698547,0.02));
#14700=CARTESIAN_POINT('',(0.019305090556569,0.0102334594698547,0.0168));
#14701=CARTESIAN_POINT('',(0.019085666183716,0.0102801802987216,0.02));
#14702=CARTESIAN_POINT('',(0.019085666183716,0.0102801802987216,0.0168));
#14703=CARTESIAN_POINT('',(0.0198692405525334,0.0104724688470879,0.02));
#14704=CARTESIAN_POINT('',(0.0194148027429955,0.0102100990554212,0.02));
#14705=CARTESIAN_POINT('',(0.019085666183716,0.0102801802987216,0.02));
#14706=CARTESIAN_POINT('',(0.019085666183716,0.0102801802987216,0.02));
#14707=CARTESIAN_POINT('',(0.019085666183716,0.0102801802987216,0.02));
#14708=CARTESIAN_POINT('',(0.019085666183716,0.0102801802987216,0.02));
#14709=CARTESIAN_POINT('',(0.019085666183716,0.0102801802987216,0.0168));
#14710=CARTESIAN_POINT('',(0.0188662418108631,0.0103269011275886,0.02));
#14711=CARTESIAN_POINT('',(0.0188662418108631,0.0103269011275886,0.0168));
#14712=CARTESIAN_POINT('',(0.018673630318881,0.0104938473511564,0.02));
#14713=CARTESIAN_POINT('',(0.018673630318881,0.0104938473511564,0.0168));
#14714=CARTESIAN_POINT('',(0.0185078317077699,0.0107810189694252,0.02));
#14715=CARTESIAN_POINT('',(0.0185078317077699,0.0107810189694252,0.0168));
#14716=CARTESIAN_POINT('',(0.019085666183716,0.0102801802987216,0.02));
#14717=CARTESIAN_POINT('',(0.0187565296244366,0.010350261542022,0.02));
#14718=CARTESIAN_POINT('',(0.0185078317077699,0.0107810189694252,0.02));
#14719=CARTESIAN_POINT('',(0.0185078317077699,0.0107810189694252,0.02));
#14720=CARTESIAN_POINT('',(0.0185078317077699,0.0107810189694252,0.02));
#14721=CARTESIAN_POINT('',(0.0185078317077699,0.0107810189694252,0.02));
#14722=CARTESIAN_POINT('',(0.0185078317077699,0.0107810189694252,0.0168));
#14723=CARTESIAN_POINT('',(0.018322067818881,0.0111027714631924,0.02));
#14724=CARTESIAN_POINT('',(0.018322067818881,0.0111027714631924,0.0168));
#14725=CARTESIAN_POINT('',(0.0182104786937906,0.0115234800529768,0.02));
#14726=CARTESIAN_POINT('',(0.0182104786937906,0.0115234800529768,0.0168));
#14727=CARTESIAN_POINT('',(0.0181730643324984,0.0120431447387785,0.02));
#14728=CARTESIAN_POINT('',(0.0181730643324984,0.0120431447387785,0.0168));
#14729=CARTESIAN_POINT('',(0.0185078317077699,0.0107810189694252,0.02));
#14730=CARTESIAN_POINT('',(0.0182291858744366,0.0112636477100759,0.02));
#14731=CARTESIAN_POINT('',(0.0181730643324984,0.0120431447387785,0.02));
#14732=CARTESIAN_POINT('',(0.0181730643324984,0.0120431447387785,0.02));
#14733=CARTESIAN_POINT('',(0.0181730643324984,0.0120431447387785,0.02));
#14734=CARTESIAN_POINT('',(0.0178971450061297,0.0120041239475061,0.02));
#14735=CARTESIAN_POINT('',(0.0178971450061297,0.0120041239475061,0.02));
#14736=CARTESIAN_POINT('',(0.0176209156367697,0.011965059309639,0.02));
#14737=CARTESIAN_POINT('',(0.0176209156367697,0.011965059309639,0.02));
#14738=CARTESIAN_POINT('',(0.0208054805981269,0.0120693023061348,0.0200000000000002));
#14739=CARTESIAN_POINT('',(0.0208054805981269,0.0120693023061348,0.02));
#14740=CARTESIAN_POINT('',(0.0177399448291853,0.0111998993874626,0.02));
#14741=CARTESIAN_POINT('',(0.0177397862763577,0.0111998543458189,0.02));
#14742=CARTESIAN_POINT('',(0.0207635535694193,0.0120306160480122,0.0200000000000002));
#14743=CARTESIAN_POINT('',(0.0207635535694193,0.0120306160480122,0.02));
#14744=CARTESIAN_POINT('',(0.0180460363004525,0.0104662887442675,0.02));
#14745=CARTESIAN_POINT('',(0.0180460363004525,0.0104662887442675,0.02));
#14746=CARTESIAN_POINT('',(0.0180460363004525,0.0104662887442675,0.02));
#14747=CARTESIAN_POINT('',(0.0180460363004525,0.0104662887442675,0.0168));
#14748=CARTESIAN_POINT('',(0.0183116613004525,0.0100062127485071,0.02));
#14749=CARTESIAN_POINT('',(0.0183116613004525,0.0100062127485071,0.0168));
#14750=CARTESIAN_POINT('',(0.0186106525752475,0.00972402175287581,0.02));
#14751=CARTESIAN_POINT('',(0.0186106525752475,0.00972402175287581,0.0168));
#14752=CARTESIAN_POINT('',(0.0189430101248373,0.00961971575737382,0.02));
#14753=CARTESIAN_POINT('',(0.0189430101248373,0.00961971575737382,0.0168));
#14754=CARTESIAN_POINT('',(0.0180460363004525,0.0104662887442675,0.02));
#14755=CARTESIAN_POINT('',(0.0184444738004526,0.00977617475062681,0.02));
#14756=CARTESIAN_POINT('',(0.0189430101248373,0.00961971575737382,0.02));
#14757=CARTESIAN_POINT('',(0.0189430101248373,0.00961971575737382,0.02));
#14758=CARTESIAN_POINT('',(0.0189430101248373,0.00961971575737382,0.02));
#14759=CARTESIAN_POINT('',(0.0189430101248373,0.00961971575737382,0.02));
#14760=CARTESIAN_POINT('',(0.0189430101248373,0.00961971575737382,0.0168));
#14761=CARTESIAN_POINT('',(0.0192753676744271,0.00951540976187182,0.02));
#14762=CARTESIAN_POINT('',(0.0192753676744271,0.00951540976187182,0.0168));
#14763=CARTESIAN_POINT('',(0.0196670738981242,0.00959346509745415,0.02));
#14764=CARTESIAN_POINT('',(0.0196670738981242,0.00959346509745415,0.0168));
#14765=CARTESIAN_POINT('',(0.0201181287959286,0.00985388176412082,0.02));
#14766=CARTESIAN_POINT('',(0.0201181287959286,0.00985388176412082,0.0168));
#14767=CARTESIAN_POINT('',(0.0189430101248373,0.00961971575737382,0.02));
#14768=CARTESIAN_POINT('',(0.019441546449222,0.00946325676412082,0.02));
#14769=CARTESIAN_POINT('',(0.0201181287959286,0.00985388176412082,0.02));
#14770=CARTESIAN_POINT('',(0.0201181287959286,0.00985388176412082,0.02));
#14771=CARTESIAN_POINT('',(0.0201181287959286,0.00985388176412082,0.02));
#14772=CARTESIAN_POINT('',(0.02653197301351,-0.0011158993758952,0.02));
#14773=CARTESIAN_POINT('',(0.0291080602985953,0.000371405311604801,0.02));
#14774=CARTESIAN_POINT('',(0.0291080602985953,0.000371405311604801,0.02));
#14775=CARTESIAN_POINT('',(0.02653197301351,-0.0011158993758952,0.02));
#14776=CARTESIAN_POINT('',(0.0239558857284246,-0.0026032040633952,0.02));
#14777=CARTESIAN_POINT('',(0.0239558857284246,-0.0026032040633952,0.02));
#14778=CARTESIAN_POINT('',(0.0243761331242579,-0.00333109390472704,0.02));
#14779=CARTESIAN_POINT('',(0.0243761331242579,-0.00333109390472704,0.02));
#14780=CARTESIAN_POINT('',(0.0247963805200913,-0.00405898374605887,0.02));
#14781=CARTESIAN_POINT('',(0.0247963805200913,-0.00405898374605887,0.02));
#14782=CARTESIAN_POINT('',(0.0247963805200913,-0.00405898374605887,0.02));
#14783=CARTESIAN_POINT('',(0.0247963805200913,-0.00405898374605887,0.0168));
#14784=CARTESIAN_POINT('',(0.0251909117700913,-0.00474233191623253,0.02));
#14785=CARTESIAN_POINT('',(0.0251909117700913,-0.00474233191623253,0.0168));
#14786=CARTESIAN_POINT('',(0.0255786326510936,-0.00517777307017282,0.02));
#14787=CARTESIAN_POINT('',(0.0255786326510936,-0.00517777307017282,0.0168));
#14788=CARTESIAN_POINT('',(0.0259595431630982,-0.00536530720787974,0.02));
#14789=CARTESIAN_POINT('',(0.0259595431630982,-0.00536530720787974,0.0168));
#14790=CARTESIAN_POINT('',(0.0247963805200913,-0.00405898374605887,0.02));
#14791=CARTESIAN_POINT('',(0.0253881773950912,-0.00508400600131936,0.02));
#14792=CARTESIAN_POINT('',(0.0259595431630982,-0.00536530720787974,0.02));
#14793=CARTESIAN_POINT('',(0.0259595431630982,-0.00536530720787974,0.02));
#14794=CARTESIAN_POINT('',(0.0259595431630982,-0.00536530720787974,0.02));
#14795=CARTESIAN_POINT('',(0.0259595431630982,-0.00536530720787974,0.02));
#14796=CARTESIAN_POINT('',(0.0259595431630982,-0.00536530720787974,0.0168));
#14797=CARTESIAN_POINT('',(0.0263404536751029,-0.00555284134558667,0.02));
#14798=CARTESIAN_POINT('',(0.0263404536751029,-0.00555284134558667,0.0168));
#14799=CARTESIAN_POINT('',(0.0267515499519479,-0.00551922126166235,0.02));
#14800=CARTESIAN_POINT('',(0.0267515499519479,-0.00551922126166235,0.0168));
#14801=CARTESIAN_POINT('',(0.0271928319936332,-0.00526444695610679,0.02));
#14802=CARTESIAN_POINT('',(0.0271928319936332,-0.00526444695610679,0.0168));
#14803=CARTESIAN_POINT('',(0.0259595431630982,-0.00536530720787974,0.02));
#14804=CARTESIAN_POINT('',(0.0265309089311053,-0.00564660841444013,0.02));
#14805=CARTESIAN_POINT('',(0.0271928319936332,-0.00526444695610679,0.02));
#14806=CARTESIAN_POINT('',(0.0271928319936332,-0.00526444695610679,0.02));
#14807=CARTESIAN_POINT('',(0.0271928319936332,-0.00526444695610679,0.02));
#14808=CARTESIAN_POINT('',(0.0271928319936332,-0.00526444695610679,0.02));
#14809=CARTESIAN_POINT('',(0.0271928319936332,-0.00526444695610679,0.0168));
#14810=CARTESIAN_POINT('',(0.0274987975659772,-0.00508779765055124,0.02));
#14811=CARTESIAN_POINT('',(0.0274987975659772,-0.00508779765055124,0.0168));
#14812=CARTESIAN_POINT('',(0.0277018587838328,-0.00485704471914621,0.02));
#14813=CARTESIAN_POINT('',(0.0277018587838328,-0.00485704471914621,0.0168));
#14814=CARTESIAN_POINT('',(0.0278020156472,-0.00457218816189172,0.02));
#14815=CARTESIAN_POINT('',(0.0278020156472,-0.00457218816189172,0.0168));
#14816=CARTESIAN_POINT('',(0.0271928319936332,-0.00526444695610679,0.02));
#14817=CARTESIAN_POINT('',(0.0276517803521492,-0.00499947299777346,0.02));
#14818=CARTESIAN_POINT('',(0.0278020156472,-0.00457218816189172,0.02));
#14819=CARTESIAN_POINT('',(0.0278020156472,-0.00457218816189172,0.02));
#14820=CARTESIAN_POINT('',(0.0278020156472,-0.00457218816189172,0.02));
#14821=CARTESIAN_POINT('',(0.0278020156472,-0.00457218816189172,0.02));
#14822=CARTESIAN_POINT('',(0.0278020156472,-0.00457218816189172,0.0168));
#14823=CARTESIAN_POINT('',(0.0279021725105673,-0.00428733160463723,0.02));
#14824=CARTESIAN_POINT('',(0.0279021725105673,-0.00428733160463723,0.0168));
#14825=CARTESIAN_POINT('',(0.0278871684689416,-0.00396446884222256,0.02));
#14826=CARTESIAN_POINT('',(0.0278871684689416,-0.00396446884222256,0.0168));
#14827=CARTESIAN_POINT('',(0.0277570035223228,-0.00360359987464771,0.02));
#14828=CARTESIAN_POINT('',(0.0277570035223228,-0.00360359987464771,0.0168));
#14829=CARTESIAN_POINT('',(0.0278020156472,-0.00457218816189172,0.02));
#14830=CARTESIAN_POINT('',(0.0279522509422509,-0.00414490332600998,0.02));
#14831=CARTESIAN_POINT('',(0.0277570035223228,-0.00360359987464771,0.02));
#14832=CARTESIAN_POINT('',(0.0277570035223228,-0.00360359987464771,0.02));
#14833=CARTESIAN_POINT('',(0.0277570035223228,-0.00360359987464771,0.02));
#14834=CARTESIAN_POINT('',(0.0277744818996127,-0.00359350872881438,0.02));
#14835=CARTESIAN_POINT('',(0.0277744818996127,-0.00359350872881438,0.02));
#14836=CARTESIAN_POINT('',(0.0277919602769027,-0.00358341758298104,0.02));
#14837=CARTESIAN_POINT('',(0.0277919602769027,-0.00358341758298104,0.02));
#14838=CARTESIAN_POINT('',(0.0277919602769027,-0.00358341758298104,0.02));
#14839=CARTESIAN_POINT('',(0.0277919602769027,-0.00358341758298104,0.0168));
#14840=CARTESIAN_POINT('',(0.0283775961465846,-0.00428874088622722,0.02));
#14841=CARTESIAN_POINT('',(0.0283775961465846,-0.00428874088622722,0.0168));
#14842=CARTESIAN_POINT('',(0.029014719320083,-0.00444261781562809,0.02));
#14843=CARTESIAN_POINT('',(0.029014719320083,-0.00444261781562809,0.0168));
#14844=CARTESIAN_POINT('',(0.0297033297973976,-0.00404504837118364,0.02));
#14845=CARTESIAN_POINT('',(0.0297033297973976,-0.00404504837118364,0.0168));
#14846=CARTESIAN_POINT('',(0.0277919602769027,-0.00358341758298104,0.02));
#14847=CARTESIAN_POINT('',(0.0286704140814256,-0.00464140253785031,0.02));
#14848=CARTESIAN_POINT('',(0.0297033297973976,-0.00404504837118364,0.02));
#14849=CARTESIAN_POINT('',(0.0297033297973976,-0.00404504837118364,0.02));
#14850=CARTESIAN_POINT('',(0.0297033297973976,-0.00404504837118364,0.02));
#14851=CARTESIAN_POINT('',(0.0297033297973976,-0.00404504837118364,0.02));
#14852=CARTESIAN_POINT('',(0.0297033297973976,-0.00404504837118364,0.0168));
#14853=CARTESIAN_POINT('',(0.0301634057931582,-0.00377942337118364,0.02));
#14854=CARTESIAN_POINT('',(0.0301634057931582,-0.00377942337118364,0.0168));
#14855=CARTESIAN_POINT('',(0.0304329024450757,-0.00341634415366335,0.02));
#14856=CARTESIAN_POINT('',(0.0304329024450757,-0.00341634415366335,0.0168));
#14857=CARTESIAN_POINT('',(0.0305118197531502,-0.00295581071862276,0.02));
#14858=CARTESIAN_POINT('',(0.0305118197531502,-0.00295581071862276,0.0168));
#14859=CARTESIAN_POINT('',(0.0297033297973976,-0.00404504837118364,0.02));
#14860=CARTESIAN_POINT('',(0.0303934437910384,-0.00364661087118364,0.02));
#14861=CARTESIAN_POINT('',(0.0305118197531502,-0.00295581071862276,0.02));
#14862=CARTESIAN_POINT('',(0.0305118197531502,-0.00295581071862276,0.02));
#14863=CARTESIAN_POINT('',(0.0305118197531502,-0.00295581071862276,0.02));
#14864=CARTESIAN_POINT('',(0.0305118197531502,-0.00295581071862276,0.02));
#14865=CARTESIAN_POINT('',(0.0305118197531502,-0.00295581071862276,0.0168));
#14866=CARTESIAN_POINT('',(0.0305907370612247,-0.00249527728358218,0.02));
#14867=CARTESIAN_POINT('',(0.0305907370612247,-0.00249527728358218,0.0168));
#14868=CARTESIAN_POINT('',(0.0304687373819286,-0.00198535652942316,0.02));
#14869=CARTESIAN_POINT('',(0.0304687373819286,-0.00198535652942316,0.0168));
#14870=CARTESIAN_POINT('',(0.030145820715262,-0.00142604845614571,0.02));
#14871=CARTESIAN_POINT('',(0.030145820715262,-0.00142604845614571,0.0168));
#14872=CARTESIAN_POINT('',(0.0305118197531502,-0.00295581071862276,0.02));
#14873=CARTESIAN_POINT('',(0.030630195715262,-0.00226501056606188,0.02));
#14874=CARTESIAN_POINT('',(0.030145820715262,-0.00142604845614571,0.02));
#14875=CARTESIAN_POINT('',(0.030145820715262,-0.00142604845614571,0.02));
#14876=CARTESIAN_POINT('',(0.030145820715262,-0.00142604845614571,0.02));
#14877=CARTESIAN_POINT('',(0.0371297425555902,-0.0211110975863509,0.02));
#14878=CARTESIAN_POINT('',(0.0353152607284245,-0.0222782187056229,0.02));
#14879=CARTESIAN_POINT('',(0.0353152607284245,-0.0222782187056229,0.02));
#14880=CARTESIAN_POINT('',(0.0371297425555902,-0.0211110975863509,0.02));
#14881=CARTESIAN_POINT('',(0.0389442243827559,-0.0199439764670789,0.02));
#14882=CARTESIAN_POINT('',(0.0389442243827559,-0.0199439764670789,0.02));
#14883=CARTESIAN_POINT('',(0.0388374535494226,-0.0197590439589792,0.02));
#14884=CARTESIAN_POINT('',(0.0388374535494226,-0.0197590439589792,0.02));
#14885=CARTESIAN_POINT('',(0.0387306827160892,-0.0195741114508793,0.02));
#14886=CARTESIAN_POINT('',(0.0387306827160892,-0.0195741114508793,0.02));
#14887=CARTESIAN_POINT('',(0.0368123597430902,-0.0205613744296518,0.02));
#14888=CARTESIAN_POINT('',(0.0368123597430902,-0.0205613744296518,0.02));
#14889=CARTESIAN_POINT('',(0.0348940367700913,-0.0215486374084243,0.02));
#14890=CARTESIAN_POINT('',(0.0348940367700913,-0.0215486374084243,0.02));
#14891=CARTESIAN_POINT('',(0.0400706316650948,-0.0186358565267721,0.02));
#14892=CARTESIAN_POINT('',(0.0400706316650948,-0.0186358565267721,0.0168));
#14893=CARTESIAN_POINT('',(0.0399503595277052,-0.0185985460185229,0.02));
#14894=CARTESIAN_POINT('',(0.0399503595277052,-0.0185985460185229,0.0168));
#14895=CARTESIAN_POINT('',(0.0398056506656721,-0.0186287188893983,0.02));
#14896=CARTESIAN_POINT('',(0.0398056506656721,-0.0186287188893983,0.0168));
#14897=CARTESIAN_POINT('',(0.0396365050789955,-0.0187263751393983,0.02));
#14898=CARTESIAN_POINT('',(0.0396365050789955,-0.0187263751393983,0.0168));
#14899=CARTESIAN_POINT('',(0.0400706316650948,-0.0186358565267721,0.02));
#14900=CARTESIAN_POINT('',(0.0400706316650948,-0.0186358565267721,0.02));
#14901=CARTESIAN_POINT('',(0.0400706316650948,-0.0186358565267721,0.02));
#14902=CARTESIAN_POINT('',(0.0398902234590104,-0.0185798907643983,0.02));
#14903=CARTESIAN_POINT('',(0.0396365050789955,-0.0187263751393983,0.02));
#14904=CARTESIAN_POINT('',(0.0396365050789955,-0.0187263751393983,0.02));
#14905=CARTESIAN_POINT('',(0.0396365050789955,-0.0187263751393983,0.02));
#14906=CARTESIAN_POINT('',(0.0396365050789955,-0.0187263751393983,0.02));
#14907=CARTESIAN_POINT('',(0.0396365050789955,-0.0187263751393983,0.0168));
#14908=CARTESIAN_POINT('',(0.0393170078597174,-0.0189108369449538,0.02));
#14909=CARTESIAN_POINT('',(0.0393170078597174,-0.0189108369449538,0.0168));
#14910=CARTESIAN_POINT('',(0.0392386394584116,-0.0191440225032955,0.02));
#14911=CARTESIAN_POINT('',(0.0392386394584116,-0.0191440225032955,0.0168));
#14912=CARTESIAN_POINT('',(0.0394013998750783,-0.0194259318144233,0.02));
#14913=CARTESIAN_POINT('',(0.0394013998750783,-0.0194259318144233,0.0168));
#14914=CARTESIAN_POINT('',(0.0396365050789955,-0.0187263751393983,0.02));
#14915=CARTESIAN_POINT('',(0.0391572592500783,-0.0190030678477316,0.02));
#14916=CARTESIAN_POINT('',(0.0394013998750783,-0.0194259318144233,0.02));
#14917=CARTESIAN_POINT('',(0.0394013998750783,-0.0194259318144233,0.02));
#14918=CARTESIAN_POINT('',(0.0394013998750783,-0.0194259318144233,0.02));
#14919=CARTESIAN_POINT('',(0.0394013998750783,-0.0194259318144233,0.02));
#14920=CARTESIAN_POINT('',(0.0394013998750783,-0.0194259318144233,0.0168));
#14921=CARTESIAN_POINT('',(0.0394799589028561,-0.0195620000419276,0.02));
#14922=CARTESIAN_POINT('',(0.0394799589028561,-0.0195620000419276,0.0168));
#14923=CARTESIAN_POINT('',(0.0395815851046844,-0.019643403731319,0.02));
#14924=CARTESIAN_POINT('',(0.0395815851046844,-0.019643403731319,0.0168));
#14925=CARTESIAN_POINT('',(0.0397062784805633,-0.0196701428825974,0.02));
#14926=CARTESIAN_POINT('',(0.0397062784805633,-0.0196701428825974,0.0168));
#14927=CARTESIAN_POINT('',(0.0394013998750783,-0.0194259318144233,0.02));
#14928=CARTESIAN_POINT('',(0.0395192384167449,-0.0196300341556797,0.02));
#14929=CARTESIAN_POINT('',(0.0397062784805633,-0.0196701428825974,0.02));
#14930=CARTESIAN_POINT('',(0.0397062784805633,-0.0196701428825974,0.02));
#14931=CARTESIAN_POINT('',(0.0397062784805633,-0.0196701428825974,0.02));
#14932=CARTESIAN_POINT('',(0.0397062784805633,-0.0196701428825974,0.02));
#14933=CARTESIAN_POINT('',(0.0397062784805633,-0.0196701428825974,0.0168));
#14934=CARTESIAN_POINT('',(0.0398309718564422,-0.0196968820338758,0.02));
#14935=CARTESIAN_POINT('',(0.0398309718564422,-0.0196968820338758,0.0168));
#14936=CARTESIAN_POINT('',(0.0399711255142529,-0.019665329734515,0.02));
#14937=CARTESIAN_POINT('',(0.0399711255142529,-0.019665329734515,0.0168));
#14938=CARTESIAN_POINT('',(0.0401267394539954,-0.0195754859845151,0.02));
#14939=CARTESIAN_POINT('',(0.0401267394539954,-0.0195754859845151,0.0168));
#14940=CARTESIAN_POINT('',(0.0397062784805633,-0.0196701428825974,0.02));
#14941=CARTESIAN_POINT('',(0.0398933185443816,-0.019710251609515,0.02));
#14942=CARTESIAN_POINT('',(0.0401267394539954,-0.0195754859845151,0.02));
#14943=CARTESIAN_POINT('',(0.0401267394539954,-0.0195754859845151,0.02));
#14944=CARTESIAN_POINT('',(0.0401267394539954,-0.0195754859845151,0.02));
#14945=CARTESIAN_POINT('',(0.0401267394539954,-0.0195754859845151,0.02));
#14946=CARTESIAN_POINT('',(0.0401267394539954,-0.0195754859845151,0.0168));
#14947=CARTESIAN_POINT('',(0.0402770910865969,-0.0194886804289595,0.02));
#14948=CARTESIAN_POINT('',(0.0402770910865969,-0.0194886804289595,0.0168));
#14949=CARTESIAN_POINT('',(0.0403722880920557,-0.0193836012013647,0.02));
#14950=CARTESIAN_POINT('',(0.0403722880920557,-0.0193836012013647,0.0168));
#14951=CARTESIAN_POINT('',(0.0404123304703717,-0.0192602483017307,0.02));
#14952=CARTESIAN_POINT('',(0.0404123304703717,-0.0192602483017307,0.0168));
#14953=CARTESIAN_POINT('',(0.0401267394539954,-0.0195754859845151,0.02));
#14954=CARTESIAN_POINT('',(0.0403522669028977,-0.0194452776511817,0.02));
#14955=CARTESIAN_POINT('',(0.0404123304703717,-0.0192602483017307,0.02));
#14956=CARTESIAN_POINT('',(0.0404123304703717,-0.0192602483017307,0.02));
#14957=CARTESIAN_POINT('',(0.0404123304703717,-0.0192602483017307,0.02));
#14958=CARTESIAN_POINT('',(0.0404123304703717,-0.0192602483017307,0.02));
#14959=CARTESIAN_POINT('',(0.0404123304703717,-0.0192602483017307,0.0168));
#14960=CARTESIAN_POINT('',(0.0404523728486877,-0.0191368954020966,0.02));
#14961=CARTESIAN_POINT('',(0.0404523728486877,-0.0191368954020966,0.0168));
#14962=CARTESIAN_POINT('',(0.0404337655656235,-0.0190083124757718,0.02));
#14963=CARTESIAN_POINT('',(0.0404337655656235,-0.0190083124757718,0.0168));
#14964=CARTESIAN_POINT('',(0.0403565086211791,-0.0188744995227565,0.02));
#14965=CARTESIAN_POINT('',(0.0403565086211791,-0.0188744995227565,0.0168));
#14966=CARTESIAN_POINT('',(0.0404123304703717,-0.0192602483017307,0.02));
#14967=CARTESIAN_POINT('',(0.0404723940378457,-0.0190752189522795,0.02));
#14968=CARTESIAN_POINT('',(0.0403565086211791,-0.0188744995227565,0.02));
#14969=CARTESIAN_POINT('',(0.0403565086211791,-0.0188744995227565,0.02));
#14970=CARTESIAN_POINT('',(0.0403565086211791,-0.0188744995227565,0.02));
#14971=CARTESIAN_POINT('',(0.03770375973848,-0.0151144390948669,0.02));
#14972=CARTESIAN_POINT('',(0.0379850134235953,-0.0150039285173025,0.02));
#14973=CARTESIAN_POINT('',(0.0379850134235953,-0.0150039285173025,0.02));
#14974=CARTESIAN_POINT('',(0.03770375973848,-0.0151144390948669,0.02));
#14975=CARTESIAN_POINT('',(0.0374225060533647,-0.0152249496724312,0.02));
#14976=CARTESIAN_POINT('',(0.0374225060533647,-0.0152249496724312,0.02));
#14977=CARTESIAN_POINT('',(0.0374133914700314,-0.015209162751008,0.02));
#14978=CARTESIAN_POINT('',(0.0374133914700314,-0.015209162751008,0.02));
#14979=CARTESIAN_POINT('',(0.037404276886698,-0.0151933758295849,0.02));
#14980=CARTESIAN_POINT('',(0.037404276886698,-0.0151933758295849,0.02));
#14981=CARTESIAN_POINT('',(0.037404276886698,-0.0151933758295849,0.02));
#14982=CARTESIAN_POINT('',(0.037404276886698,-0.0151933758295849,0.0168));
#14983=CARTESIAN_POINT('',(0.0376408786755656,-0.0146969321490653,0.02));
#14984=CARTESIAN_POINT('',(0.0376408786755656,-0.0146969321490653,0.0168));
#14985=CARTESIAN_POINT('',(0.037603797625555,-0.0141795808864488,0.02));
#14986=CARTESIAN_POINT('',(0.037603797625555,-0.0141795808864488,0.0168));
#14987=CARTESIAN_POINT('',(0.0372930337366661,-0.0136413220417356,0.02));
#14988=CARTESIAN_POINT('',(0.0372930337366661,-0.0136413220417356,0.0168));
#14989=CARTESIAN_POINT('',(0.037404276886698,-0.0151933758295849,0.02));
#14990=CARTESIAN_POINT('',(0.0377591795699994,-0.0144487103088054,0.02));
#14991=CARTESIAN_POINT('',(0.0372930337366661,-0.0136413220417356,0.02));
#14992=CARTESIAN_POINT('',(0.0372930337366661,-0.0136413220417356,0.02));
#14993=CARTESIAN_POINT('',(0.0372930337366661,-0.0136413220417356,0.02));
#14994=CARTESIAN_POINT('',(0.0372930337366661,-0.0136413220417356,0.02));
#14995=CARTESIAN_POINT('',(0.0372930337366661,-0.0136413220417356,0.0168));
#14996=CARTESIAN_POINT('',(0.0370013670699994,-0.0131361405561947,0.02));
#14997=CARTESIAN_POINT('',(0.0370013670699994,-0.0131361405561947,0.0168));
#14998=CARTESIAN_POINT('',(0.0366017626112152,-0.012842876858427,0.02));
#14999=CARTESIAN_POINT('',(0.0366017626112152,-0.012842876858427,0.0168));
#15000=CARTESIAN_POINT('',(0.0360942203603133,-0.0127615309484327,0.02));
#15001=CARTESIAN_POINT('',(0.0360942203603133,-0.0127615309484327,0.0168));
#15002=CARTESIAN_POINT('',(0.0372930337366661,-0.0136413220417356,0.02));
#15003=CARTESIAN_POINT('',(0.0368555337366661,-0.0128835498134242,0.02));
#15004=CARTESIAN_POINT('',(0.0360942203603133,-0.0127615309484327,0.02));
#15005=CARTESIAN_POINT('',(0.0360942203603133,-0.0127615309484327,0.02));
#15006=CARTESIAN_POINT('',(0.0360942203603133,-0.0127615309484327,0.02));
#15007=CARTESIAN_POINT('',(0.0360942203603133,-0.0127615309484327,0.02));
#15008=CARTESIAN_POINT('',(0.0360942203603133,-0.0127615309484327,0.0168));
#15009=CARTESIAN_POINT('',(0.0355866781094114,-0.0126801850384383,0.02));
#15010=CARTESIAN_POINT('',(0.0355866781094114,-0.0126801850384383,0.0168));
#15011=CARTESIAN_POINT('',(0.0350145374019269,-0.01282332284733,0.02));
#15012=CARTESIAN_POINT('',(0.0350145374019269,-0.01282332284733,0.0168));
#15013=CARTESIAN_POINT('',(0.0343777982378597,-0.0131909443751078,0.02));
#15014=CARTESIAN_POINT('',(0.0343777982378597,-0.0131909443751078,0.0168));
#15015=CARTESIAN_POINT('',(0.0360942203603133,-0.0127615309484327,0.02));
#15016=CARTESIAN_POINT('',(0.0353329069839605,-0.0126395120834412,0.02));
#15017=CARTESIAN_POINT('',(0.0343777982378597,-0.0131909443751078,0.02));
#15018=CARTESIAN_POINT('',(0.0343777982378597,-0.0131909443751078,0.02));
#15019=CARTESIAN_POINT('',(0.0343777982378597,-0.0131909443751078,0.02));
#15020=CARTESIAN_POINT('',(0.0343777982378597,-0.0131909443751078,0.02));
#15021=CARTESIAN_POINT('',(0.0343777982378597,-0.0131909443751078,0.0168));
#15022=CARTESIAN_POINT('',(0.0337410590737925,-0.0135585659028856,0.02));
#15023=CARTESIAN_POINT('',(0.0337410590737925,-0.0135585659028856,0.0168));
#15024=CARTESIAN_POINT('',(0.033327782410867,-0.0139851108362273,0.02));
#15025=CARTESIAN_POINT('',(0.033327782410867,-0.0139851108362273,0.0168));
#15026=CARTESIAN_POINT('',(0.0331379682490833,-0.0144705791751328,0.02));
#15027=CARTESIAN_POINT('',(0.0331379682490833,-0.0144705791751328,0.0168));
#15028=CARTESIAN_POINT('',(0.0343777982378597,-0.0131909443751078,0.02));
#15029=CARTESIAN_POINT('',(0.0334226894917589,-0.0137423766667745,0.02));
#15030=CARTESIAN_POINT('',(0.0331379682490833,-0.0144705791751328,0.02));
#15031=CARTESIAN_POINT('',(0.0331379682490833,-0.0144705791751328,0.02));
#15032=CARTESIAN_POINT('',(0.0331379682490833,-0.0144705791751328,0.02));
#15033=CARTESIAN_POINT('',(0.0331379682490833,-0.0144705791751328,0.02));
#15034=CARTESIAN_POINT('',(0.0331379682490833,-0.0144705791751328,0.0168));
#15035=CARTESIAN_POINT('',(0.0329481540872995,-0.0149560475140383,0.02));
#15036=CARTESIAN_POINT('',(0.0329481540872995,-0.0149560475140383,0.0168));
#15037=CARTESIAN_POINT('',(0.0329984292980743,-0.015450244789017,0.02));
#15038=CARTESIAN_POINT('',(0.0329984292980743,-0.015450244789017,0.0168));
#15039=CARTESIAN_POINT('',(0.0332887938814076,-0.0159531710000689,0.02));
#15040=CARTESIAN_POINT('',(0.0332887938814076,-0.0159531710000689,0.0168));
#15041=CARTESIAN_POINT('',(0.0331379682490833,-0.0144705791751328,0.02));
#15042=CARTESIAN_POINT('',(0.0328532470064076,-0.015198781683491,0.02));
#15043=CARTESIAN_POINT('',(0.0332887938814076,-0.0159531710000689,0.02));
#15044=CARTESIAN_POINT('',(0.0332887938814076,-0.0159531710000689,0.02));
#15045=CARTESIAN_POINT('',(0.0332887938814076,-0.0159531710000689,0.02));
#15046=CARTESIAN_POINT('',(0.0332887938814076,-0.0159531710000689,0.02));
#15047=CARTESIAN_POINT('',(0.0332887938814076,-0.0159531710000689,0.0168));
#15048=CARTESIAN_POINT('',(0.0335913112425187,-0.016477146439685,0.02));
#15049=CARTESIAN_POINT('',(0.0335913112425187,-0.016477146439685,0.0168));
#15050=CARTESIAN_POINT('',(0.0340138697840633,-0.0167689351361458,0.02));
#15051=CARTESIAN_POINT('',(0.0340138697840633,-0.0167689351361458,0.0168));
#15052=CARTESIAN_POINT('',(0.0345564695060413,-0.0168285370894512,0.02));
#15053=CARTESIAN_POINT('',(0.0345564695060413,-0.0168285370894512,0.0168));
#15054=CARTESIAN_POINT('',(0.0332887938814076,-0.0159531710000689,0.02));
#15055=CARTESIAN_POINT('',(0.0337425699230743,-0.0167391341594931,0.02));
#15056=CARTESIAN_POINT('',(0.0345564695060413,-0.0168285370894512,0.02));
#15057=CARTESIAN_POINT('',(0.0345564695060413,-0.0168285370894512,0.02));
#15058=CARTESIAN_POINT('',(0.0345564695060413,-0.0168285370894512,0.02));
#15059=CARTESIAN_POINT('',(0.034569815860208,-0.0168516536529636,0.02));
#15060=CARTESIAN_POINT('',(0.034569815860208,-0.0168516536529636,0.02));
#15061=CARTESIAN_POINT('',(0.0345831622143747,-0.0168747702164761,0.02));
#15062=CARTESIAN_POINT('',(0.0345831622143747,-0.0168747702164761,0.02));
#15063=CARTESIAN_POINT('',(0.0344367375563443,-0.0169427698526198,0.02));
#15064=CARTESIAN_POINT('',(0.0344367375563443,-0.0169427698526198,0.02));
#15065=CARTESIAN_POINT('',(0.0342903128983138,-0.0170107694887635,0.02));
#15066=CARTESIAN_POINT('',(0.0342903128983138,-0.0170107694887635,0.02));
#15067=CARTESIAN_POINT('',(0.0341502008395169,-0.0170818903675076,0.02));
#15068=CARTESIAN_POINT('',(0.0341502008395169,-0.0170818903675076,0.02));
#15069=CARTESIAN_POINT('',(0.03401008878072,-0.0171530112462515,0.02));
#15070=CARTESIAN_POINT('',(0.03401008878072,-0.0171530112462515,0.02));
#15071=CARTESIAN_POINT('',(0.0332241256212958,-0.0176067872879183,0.02));
#15072=CARTESIAN_POINT('',(0.0332241256212958,-0.0176067872879183,0.02));
#15073=CARTESIAN_POINT('',(0.0324381624618716,-0.0180605633295849,0.02));
#15074=CARTESIAN_POINT('',(0.0324381624618716,-0.0180605633295849,0.02));
#15075=CARTESIAN_POINT('',(0.0326071077743717,-0.0183531851945355,0.02));
#15076=CARTESIAN_POINT('',(0.0326071077743717,-0.0183531851945355,0.02));
#15077=CARTESIAN_POINT('',(0.0327760530868717,-0.0186458070594861,0.02));
#15078=CARTESIAN_POINT('',(0.0327760530868717,-0.0186458070594861,0.02));
#15079=CARTESIAN_POINT('',(0.0355179030469002,-0.0170627992469861,0.02));
#15080=CARTESIAN_POINT('',(0.0355179030469002,-0.0170627992469861,0.02));
#15081=CARTESIAN_POINT('',(0.0382597530069286,-0.0154797914344861,0.02));
#15082=CARTESIAN_POINT('',(0.0382597530069286,-0.0154797914344861,0.02));
#15083=CARTESIAN_POINT('',(0.0329645176302334,-0.012640205974014,0.02));
#15084=CARTESIAN_POINT('',(0.030222667670205,-0.014223213786514,0.02));
#15085=CARTESIAN_POINT('',(0.030222667670205,-0.014223213786514,0.02));
#15086=CARTESIAN_POINT('',(0.0329645176302334,-0.012640205974014,0.02));
#15087=CARTESIAN_POINT('',(0.035706367590262,-0.011057198161514,0.02));
#15088=CARTESIAN_POINT('',(0.035706367590262,-0.011057198161514,0.02));
#15089=CARTESIAN_POINT('',(0.035537422277762,-0.0107645762965634,0.02));
#15090=CARTESIAN_POINT('',(0.035537422277762,-0.0107645762965634,0.02));
#15091=CARTESIAN_POINT('',(0.0353684769652619,-0.0104719544316128,0.02));
#15092=CARTESIAN_POINT('',(0.0353684769652619,-0.0104719544316128,0.02));
#15093=CARTESIAN_POINT('',(0.0326266270052335,-0.0120549622441128,0.02));
#15094=CARTESIAN_POINT('',(0.0326266270052335,-0.0120549622441128,0.02));
#15095=CARTESIAN_POINT('',(0.029884777045205,-0.0136379700566128,0.02));
#15096=CARTESIAN_POINT('',(0.029884777045205,-0.0136379700566128,0.02));
#15097=CARTESIAN_POINT('',(0.0297284692148896,-0.0113594244528858,0.02));
#15098=CARTESIAN_POINT('',(0.0297284692148896,-0.0113594244528858,0.0168));
#15099=CARTESIAN_POINT('',(0.0296258405823155,-0.0113309720025115,0.02));
#15100=CARTESIAN_POINT('',(0.0296258405823155,-0.0113309720025115,0.0168));
#15101=CARTESIAN_POINT('',(0.0295087474267652,-0.0113547232078799,0.02));
#15102=CARTESIAN_POINT('',(0.0295087474267652,-0.0113547232078799,0.0168));
#15103=CARTESIAN_POINT('',(0.029377189748239,-0.011430678068991,0.02));
#15104=CARTESIAN_POINT('',(0.029377189748239,-0.011430678068991,0.0168));
#15105=CARTESIAN_POINT('',(0.0297284692148896,-0.0113594244528858,0.02));
#15106=CARTESIAN_POINT('',(0.0297284692148896,-0.0113594244528858,0.02));
#15107=CARTESIAN_POINT('',(0.0297284692148896,-0.0113594244528858,0.02));
#15108=CARTESIAN_POINT('',(0.0295745262660284,-0.0113167457773244,0.02));
#15109=CARTESIAN_POINT('',(0.029377189748239,-0.011430678068991,0.02));
#15110=CARTESIAN_POINT('',(0.029377189748239,-0.011430678068991,0.02));
#15111=CARTESIAN_POINT('',(0.029377189748239,-0.011430678068991,0.02));
#15112=CARTESIAN_POINT('',(0.029377189748239,-0.011430678068991,0.02));
#15113=CARTESIAN_POINT('',(0.029377189748239,-0.011430678068991,0.0168));
#15114=CARTESIAN_POINT('',(0.0292433767952237,-0.0115079350134355,0.02));
#15115=CARTESIAN_POINT('',(0.0292433767952237,-0.0115079350134355,0.0168));
#15116=CARTESIAN_POINT('',(0.029164261070229,-0.0115974650580671,0.02));
#15117=CARTESIAN_POINT('',(0.029164261070229,-0.0115974650580671,0.0168));
#15118=CARTESIAN_POINT('',(0.0291398425732549,-0.0116992682028858,0.02));
#15119=CARTESIAN_POINT('',(0.0291398425732549,-0.0116992682028858,0.0168));
#15120=CARTESIAN_POINT('',(0.029377189748239,-0.011430678068991,0.02));
#15121=CARTESIAN_POINT('',(0.029176470318716,-0.0115465634856577,0.02));
#15122=CARTESIAN_POINT('',(0.0291398425732549,-0.0116992682028858,0.02));
#15123=CARTESIAN_POINT('',(0.0291398425732549,-0.0116992682028858,0.02));
#15124=CARTESIAN_POINT('',(0.0291398425732549,-0.0116992682028858,0.02));
#15125=CARTESIAN_POINT('',(0.029527512001598,-0.0117893115381097,0.02));
#15126=CARTESIAN_POINT('',(0.029527512001598,-0.0117893115381097,0.02));
#15127=CARTESIAN_POINT('',(0.0291894470928823,-0.012000635372725,0.02));
#15128=CARTESIAN_POINT('',(0.0291891523277939,-0.0120008210363893,0.02));
#15129=CARTESIAN_POINT('',(0.0295356630733002,-0.0118084223269311,0.02));
#15130=CARTESIAN_POINT('',(0.0295356630733002,-0.0118084223269311,0.02));
#15131=CARTESIAN_POINT('',(0.0294247371541217,-0.012188813841748,0.02));
#15132=CARTESIAN_POINT('',(0.0294247371541217,-0.012188813841748,0.02));
#15133=CARTESIAN_POINT('',(0.0294247371541217,-0.012188813841748,0.02));
#15134=CARTESIAN_POINT('',(0.0294247371541217,-0.012188813841748,0.0168));
#15135=CARTESIAN_POINT('',(0.0295275402327847,-0.012220172608278,0.02));
#15136=CARTESIAN_POINT('',(0.0295275402327847,-0.012220172608278,0.0168));
#15137=CARTESIAN_POINT('',(0.0296447206113793,-0.0121978745609874,0.02));
#15138=CARTESIAN_POINT('',(0.0296447206113793,-0.0121978745609874,0.0168));
#15139=CARTESIAN_POINT('',(0.0297762782899056,-0.0121219196998763,0.02));
#15140=CARTESIAN_POINT('',(0.0297762782899056,-0.0121219196998763,0.0168));
#15141=CARTESIAN_POINT('',(0.0294247371541217,-0.012188813841748,0.02));
#15142=CARTESIAN_POINT('',(0.0295789417721162,-0.0122358519915429,0.02));
#15143=CARTESIAN_POINT('',(0.0297762782899056,-0.0121219196998763,0.02));
#15144=CARTESIAN_POINT('',(0.0297762782899056,-0.0121219196998763,0.02));
#15145=CARTESIAN_POINT('',(0.0297762782899056,-0.0121219196998763,0.02));
#15146=CARTESIAN_POINT('',(0.0297762782899056,-0.0121219196998763,0.02));
#15147=CARTESIAN_POINT('',(0.0297762782899056,-0.0121219196998763,0.0168));
#15148=CARTESIAN_POINT('',(0.0299078359684319,-0.0120459648387652,0.02));
#15149=CARTESIAN_POINT('',(0.0299078359684319,-0.0120459648387652,0.0168));
#15150=CARTESIAN_POINT('',(0.0299863006517599,-0.0119553071568891,0.02));
#15151=CARTESIAN_POINT('',(0.0299863006517599,-0.0119553071568891,0.0168));
#15152=CARTESIAN_POINT('',(0.0300116723398897,-0.011849946654248,0.02));
#15153=CARTESIAN_POINT('',(0.0300116723398897,-0.011849946654248,0.0168));
#15154=CARTESIAN_POINT('',(0.0297762782899056,-0.0121219196998763,0.02));
#15155=CARTESIAN_POINT('',(0.029973614807695,-0.0120079874082096,0.02));
#15156=CARTESIAN_POINT('',(0.0300116723398897,-0.011849946654248,0.02));
#15157=CARTESIAN_POINT('',(0.0300116723398897,-0.011849946654248,0.02));
#15158=CARTESIAN_POINT('',(0.0300116723398897,-0.011849946654248,0.02));
#15159=CARTESIAN_POINT('',(0.0296314579760364,-0.0117524198104996,0.02));
#15160=CARTESIAN_POINT('',(0.0296314579760364,-0.0117524198104996,0.02));
#15161=CARTESIAN_POINT('',(0.0299680727773444,-0.0115511044699267,0.01999999975));
#15162=CARTESIAN_POINT('',(0.0299683496637509,-0.0115509512447226,0.02));
#15163=CARTESIAN_POINT('',(0.0327212523507036,-0.0103464623168174,0.02));
#15164=CARTESIAN_POINT('',(0.0307901735694785,-0.0114613711709841,0.02));
#15165=CARTESIAN_POINT('',(0.0307901735694785,-0.0114613711709841,0.02));
#15166=CARTESIAN_POINT('',(0.0327212523507036,-0.0103464623168174,0.02));
#15167=CARTESIAN_POINT('',(0.0346523311319286,-0.00923155346265074,0.02));
#15168=CARTESIAN_POINT('',(0.0346523311319286,-0.00923155346265074,0.02));
#15169=CARTESIAN_POINT('',(0.0344833858194286,-0.00893893159770014,0.02));
#15170=CARTESIAN_POINT('',(0.0344833858194286,-0.00893893159770014,0.02));
#15171=CARTESIAN_POINT('',(0.0343144405069286,-0.00864630973274954,0.02));
#15172=CARTESIAN_POINT('',(0.0343144405069286,-0.00864630973274954,0.02));
#15173=CARTESIAN_POINT('',(0.0323833617257036,-0.0097612185869162,0.02));
#15174=CARTESIAN_POINT('',(0.0323833617257036,-0.0097612185869162,0.02));
#15175=CARTESIAN_POINT('',(0.0304522829444785,-0.0108761274410829,0.02));
#15176=CARTESIAN_POINT('',(0.0304522829444785,-0.0108761274410829,0.02));
#15177=CARTESIAN_POINT('',(0.0280418011736451,-0.00670105054328095,0.02));
#15178=CARTESIAN_POINT('',(0.0278709027361451,-0.00640504576659682,0.02));
#15179=CARTESIAN_POINT('',(0.0278709027361451,-0.00640504576659682,0.02));
#15180=CARTESIAN_POINT('',(0.0280418011736451,-0.00670105054328095,0.02));
#15181=CARTESIAN_POINT('',(0.0282126996111451,-0.00699705531996509,0.02));
#15182=CARTESIAN_POINT('',(0.0282126996111451,-0.00699705531996509,0.02));
#15183=CARTESIAN_POINT('',(0.0294655045897969,-0.00627374802829842,0.02));
#15184=CARTESIAN_POINT('',(0.0294655045897969,-0.00627374802829842,0.02));
#15185=CARTESIAN_POINT('',(0.0307183095684485,-0.00555044073663175,0.02));
#15186=CARTESIAN_POINT('',(0.0307183095684485,-0.00555044073663175,0.02));
#15187=CARTESIAN_POINT('',(0.0307183095684485,-0.00555044073663175,0.02));
#15188=CARTESIAN_POINT('',(0.0307183095684485,-0.00555044073663175,0.0168));
#15189=CARTESIAN_POINT('',(0.0310332962387486,-0.00536858309774286,0.02));
#15190=CARTESIAN_POINT('',(0.0310332962387486,-0.00536858309774286,0.0168));
#15191=CARTESIAN_POINT('',(0.0313095618105217,-0.00530455438221376,0.02));
#15192=CARTESIAN_POINT('',(0.0313095618105217,-0.00530455438221376,0.0168));
#15193=CARTESIAN_POINT('',(0.0315471062837679,-0.00535835459004443,0.02));
#15194=CARTESIAN_POINT('',(0.0315471062837679,-0.00535835459004443,0.0168));
#15195=CARTESIAN_POINT('',(0.0307183095684485,-0.00555044073663175,0.02));
#15196=CARTESIAN_POINT('',(0.0311907895738987,-0.00527765427829842,0.02));
#15197=CARTESIAN_POINT('',(0.0315471062837679,-0.00535835459004443,0.02));
#15198=CARTESIAN_POINT('',(0.0315471062837679,-0.00535835459004443,0.02));
#15199=CARTESIAN_POINT('',(0.0315471062837679,-0.00535835459004443,0.02));
#15200=CARTESIAN_POINT('',(0.0315471062837679,-0.00535835459004443,0.02));
#15201=CARTESIAN_POINT('',(0.0315471062837679,-0.00535835459004443,0.0168));
#15202=CARTESIAN_POINT('',(0.0317846507570141,-0.0054121547978751,0.02));
#15203=CARTESIAN_POINT('',(0.0317846507570141,-0.0054121547978751,0.0168));
#15204=CARTESIAN_POINT('',(0.0319915306325261,-0.00559166180888093,0.02));
#15205=CARTESIAN_POINT('',(0.0319915306325261,-0.00559166180888093,0.0168));
#15206=CARTESIAN_POINT('',(0.0321677459103039,-0.0058968756230619,0.02));
#15207=CARTESIAN_POINT('',(0.0321677459103039,-0.0058968756230619,0.0168));
#15208=CARTESIAN_POINT('',(0.0315471062837679,-0.00535835459004443,0.02));
#15209=CARTESIAN_POINT('',(0.0319034229936372,-0.00543905490179044,0.02));
#15210=CARTESIAN_POINT('',(0.0321677459103039,-0.0058968756230619,0.02));
#15211=CARTESIAN_POINT('',(0.0321677459103039,-0.0058968756230619,0.02));
#15212=CARTESIAN_POINT('',(0.0321677459103039,-0.0058968756230619,0.02));
#15213=CARTESIAN_POINT('',(0.0321677459103039,-0.0058968756230619,0.02));
#15214=CARTESIAN_POINT('',(0.0321677459103039,-0.0058968756230619,0.0168));
#15215=CARTESIAN_POINT('',(0.0324012528547483,-0.00630132151475984,0.02));
#15216=CARTESIAN_POINT('',(0.0324012528547483,-0.00630132151475984,0.0168));
#15217=CARTESIAN_POINT('',(0.0324615052609936,-0.00666045604921061,0.02));
#15218=CARTESIAN_POINT('',(0.0324615052609936,-0.00666045604921061,0.0168));
#15219=CARTESIAN_POINT('',(0.0323485031290398,-0.0069742792264142,0.02));
#15220=CARTESIAN_POINT('',(0.0323485031290398,-0.0069742792264142,0.0168));
#15221=CARTESIAN_POINT('',(0.0321677459103039,-0.0058968756230619,0.02));
#15222=CARTESIAN_POINT('',(0.0325180063269705,-0.00650354446060881,0.02));
#15223=CARTESIAN_POINT('',(0.0323485031290398,-0.0069742792264142,0.02));
#15224=CARTESIAN_POINT('',(0.0323485031290398,-0.0069742792264142,0.02));
#15225=CARTESIAN_POINT('',(0.0323485031290398,-0.0069742792264142,0.02));
#15226=CARTESIAN_POINT('',(0.0323485031290398,-0.0069742792264142,0.02));
#15227=CARTESIAN_POINT('',(0.0323485031290398,-0.0069742792264142,0.0168));
#15228=CARTESIAN_POINT('',(0.0322355009970861,-0.00728810240361779,0.02));
#15229=CARTESIAN_POINT('',(0.0322355009970861,-0.00728810240361779,0.0168));
#15230=CARTESIAN_POINT('',(0.0319286644628278,-0.00758954524221959,0.02));
#15231=CARTESIAN_POINT('',(0.0319286644628278,-0.00758954524221959,0.0168));
#15232=CARTESIAN_POINT('',(0.0314279935262649,-0.00787860774221959,0.02));
#15233=CARTESIAN_POINT('',(0.0314279935262649,-0.00787860774221959,0.0168));
#15234=CARTESIAN_POINT('',(0.0323485031290398,-0.0069742792264142,0.02));
#15235=CARTESIAN_POINT('',(0.0321789999311092,-0.00744501399221959,0.02));
#15236=CARTESIAN_POINT('',(0.0314279935262649,-0.00787860774221959,0.02));
#15237=CARTESIAN_POINT('',(0.0314279935262649,-0.00787860774221959,0.02));
#15238=CARTESIAN_POINT('',(0.0314279935262649,-0.00787860774221959,0.02));
#15239=CARTESIAN_POINT('',(0.030413120006205,-0.00846454524221959,0.02));
#15240=CARTESIAN_POINT('',(0.030413120006205,-0.00846454524221959,0.02));
#15241=CARTESIAN_POINT('',(0.0293982464861452,-0.00905048274221958,0.02));
#15242=CARTESIAN_POINT('',(0.0293982464861452,-0.00905048274221958,0.02));
#15243=CARTESIAN_POINT('',(0.0295671917986451,-0.00934310460717018,0.02));
#15244=CARTESIAN_POINT('',(0.0295671917986451,-0.00934310460717018,0.02));
#15245=CARTESIAN_POINT('',(0.0297361371111452,-0.00963572647212079,0.02));
#15246=CARTESIAN_POINT('',(0.0297361371111452,-0.00963572647212079,0.02));
#15247=CARTESIAN_POINT('',(0.0316672158923702,-0.00852081761795412,0.02));
#15248=CARTESIAN_POINT('',(0.0316672158923702,-0.00852081761795412,0.02));
#15249=CARTESIAN_POINT('',(0.0335982946735952,-0.00740590876378746,0.02));
#15250=CARTESIAN_POINT('',(0.0335982946735952,-0.00740590876378746,0.02));
#15251=CARTESIAN_POINT('',(0.0334589717569286,-0.00716459439346211,0.02));
#15252=CARTESIAN_POINT('',(0.0334589717569286,-0.00716459439346211,0.02));
#15253=CARTESIAN_POINT('',(0.0333196488402619,-0.00692328002313675,0.02));
#15254=CARTESIAN_POINT('',(0.0333196488402619,-0.00692328002313675,0.02));
#15255=CARTESIAN_POINT('',(0.0330364420301466,-0.00703040768896759,0.02));
#15256=CARTESIAN_POINT('',(0.0330364420301466,-0.00703040768896759,0.02));
#15257=CARTESIAN_POINT('',(0.0327532352200314,-0.00713753535479843,0.02));
#15258=CARTESIAN_POINT('',(0.0327532352200314,-0.00713753535479843,0.02));
#15259=CARTESIAN_POINT('',(0.0327441206366981,-0.00712174843337527,0.02));
#15260=CARTESIAN_POINT('',(0.0327441206366981,-0.00712174843337527,0.02));
#15261=CARTESIAN_POINT('',(0.0327351796696314,-0.007106262218916,0.02));
#15262=CARTESIAN_POINT('',(0.0327351796726175,-0.007106262218857,0.02));
#15263=CARTESIAN_POINT('',(0.0315466316250287,-0.00648130294608107,0.02));
#15264=CARTESIAN_POINT('',(0.0315466316250287,-0.00648130294608107,0.02));
#15265=CARTESIAN_POINT('',(0.032884205068946,-0.00635526720404494,0.02));
#15266=CARTESIAN_POINT('',(0.032884205068946,-0.00635526720404494,0.02));
#15267=CARTESIAN_POINT('',(0.032884205068946,-0.00635526720404494,0.02));
#15268=CARTESIAN_POINT('',(0.032884205068946,-0.00635526720404494,0.0168));
#15269=CARTESIAN_POINT('',(0.0328624866807594,-0.00608414290780275,0.02));
#15270=CARTESIAN_POINT('',(0.0328624866807594,-0.00608414290780275,0.0168));
#15271=CARTESIAN_POINT('',(0.0327728514449994,-0.00581213665309583,0.02));
#15272=CARTESIAN_POINT('',(0.0327728514449994,-0.00581213665309583,0.0168));
#15273=CARTESIAN_POINT('',(0.0326152993616661,-0.00553924843992417,0.02));
#15274=CARTESIAN_POINT('',(0.0326152993616661,-0.00553924843992417,0.0168));
#15275=CARTESIAN_POINT('',(0.032884205068946,-0.00635526720404494,0.02));
#15276=CARTESIAN_POINT('',(0.0328516274866661,-0.00594858075968166,0.02));
#15277=CARTESIAN_POINT('',(0.0326152993616661,-0.00553924843992417,0.02));
#15278=CARTESIAN_POINT('',(0.0326152993616661,-0.00553924843992417,0.02));
#15279=CARTESIAN_POINT('',(0.0326152993616661,-0.00553924843992417,0.02));
#15280=CARTESIAN_POINT('',(0.0326152993616661,-0.00553924843992417,0.02));
#15281=CARTESIAN_POINT('',(0.0326152993616661,-0.00553924843992417,0.0168));
#15282=CARTESIAN_POINT('',(0.032344032000555,-0.0050693995880446,0.02));
#15283=CARTESIAN_POINT('',(0.032344032000555,-0.0050693995880446,0.0168));
#15284=CARTESIAN_POINT('',(0.0320293794202929,-0.00478221783229792,0.02));
#15285=CARTESIAN_POINT('',(0.0320293794202929,-0.00478221783229792,0.0168));
#15286=CARTESIAN_POINT('',(0.0316713416208797,-0.00467770317268415,0.02));
#15287=CARTESIAN_POINT('',(0.0316713416208797,-0.00467770317268415,0.0168));
#15288=CARTESIAN_POINT('',(0.0326152993616661,-0.00553924843992417,0.02));
#15289=CARTESIAN_POINT('',(0.0322083983199994,-0.00483447516210481,0.02));
#15290=CARTESIAN_POINT('',(0.0316713416208797,-0.00467770317268415,0.02));
#15291=CARTESIAN_POINT('',(0.0316713416208797,-0.00467770317268415,0.02));
#15292=CARTESIAN_POINT('',(0.0316713416208797,-0.00467770317268415,0.02));
#15293=CARTESIAN_POINT('',(0.0316713416208797,-0.00467770317268415,0.02));
#15294=CARTESIAN_POINT('',(0.0316713416208797,-0.00467770317268415,0.0168));
#15295=CARTESIAN_POINT('',(0.0313133038214665,-0.00457318851307038,0.02));
#15296=CARTESIAN_POINT('',(0.0313133038214665,-0.00457318851307038,0.0168));
#15297=CARTESIAN_POINT('',(0.0308888358815381,-0.00466264125270793,0.02));
#15298=CARTESIAN_POINT('',(0.0308888358815381,-0.00466264125270793,0.0168));
#15299=CARTESIAN_POINT('',(0.0303979378010942,-0.00494606139159682,0.02));
#15300=CARTESIAN_POINT('',(0.0303979378010942,-0.00494606139159682,0.0168));
#15301=CARTESIAN_POINT('',(0.0316713416208797,-0.00467770317268415,0.02));
#15302=CARTESIAN_POINT('',(0.03113428492176,-0.00452093118326349,0.02));
#15303=CARTESIAN_POINT('',(0.0303979378010942,-0.00494606139159682,0.02));
#15304=CARTESIAN_POINT('',(0.0303979378010942,-0.00494606139159682,0.02));
#15305=CARTESIAN_POINT('',(0.0303979378010942,-0.00494606139159682,0.02));
#15306=CARTESIAN_POINT('',(0.0269765840999516,0.0040918762161128,0.02));
#15307=CARTESIAN_POINT('',(0.0269765840999516,0.0040918762161128,0.0168));
#15308=CARTESIAN_POINT('',(0.0269093387188724,0.00429862641049404,0.02));
#15309=CARTESIAN_POINT('',(0.0269093387188724,0.00429862641049404,0.0168));
#15310=CARTESIAN_POINT('',(0.0268004122088884,0.00453243154896643,0.02));
#15311=CARTESIAN_POINT('',(0.0268004122088884,0.00453243154896643,0.0168));
#15312=CARTESIAN_POINT('',(0.0266498045699994,0.00479329163152997,0.02));
#15313=CARTESIAN_POINT('',(0.0266498045699994,0.00479329163152997,0.0168));
#15314=CARTESIAN_POINT('',(0.0269765840999516,0.0040918762161128,0.02));
#15315=CARTESIAN_POINT('',(0.0269765840999516,0.0040918762161128,0.02));
#15316=CARTESIAN_POINT('',(0.0269765840999516,0.0040918762161128,0.02));
#15317=CARTESIAN_POINT('',(0.0268757160283328,0.00440200150768466,0.02));
#15318=CARTESIAN_POINT('',(0.0266498045699994,0.00479329163152997,0.02));
#15319=CARTESIAN_POINT('',(0.0266498045699994,0.00479329163152997,0.02));
#15320=CARTESIAN_POINT('',(0.0266498045699994,0.00479329163152997,0.02));
#15321=CARTESIAN_POINT('',(0.0266498045699994,0.00479329163152997,0.02));
#15322=CARTESIAN_POINT('',(0.0266498045699994,0.00479329163152997,0.0168));
#15323=CARTESIAN_POINT('',(0.0263203774866661,0.00536387607725253,0.02));
#15324=CARTESIAN_POINT('',(0.0263203774866661,0.00536387607725253,0.0168));
#15325=CARTESIAN_POINT('',(0.0258862543260966,0.00571388972587911,0.02));
#15326=CARTESIAN_POINT('',(0.0258862543260966,0.00571388972587911,0.0168));
#15327=CARTESIAN_POINT('',(0.0253474350882909,0.00584333257740972,0.02));
#15328=CARTESIAN_POINT('',(0.0253474350882909,0.00584333257740972,0.0168));
#15329=CARTESIAN_POINT('',(0.0266498045699994,0.00479329163152997,0.02));
#15330=CARTESIAN_POINT('',(0.0261556639449994,0.00564916830011381,0.02));
#15331=CARTESIAN_POINT('',(0.0253474350882909,0.00584333257740972,0.02));
#15332=CARTESIAN_POINT('',(0.0253474350882909,0.00584333257740972,0.02));
#15333=CARTESIAN_POINT('',(0.0253474350882909,0.00584333257740972,0.02));
#15334=CARTESIAN_POINT('',(0.0253474350882909,0.00584333257740972,0.02));
#15335=CARTESIAN_POINT('',(0.0253474350882909,0.00584333257740972,0.0168));
#15336=CARTESIAN_POINT('',(0.0248086158504852,0.00597277542894033,0.02));
#15337=CARTESIAN_POINT('',(0.0248086158504852,0.00597277542894033,0.0168));
#15338=CARTESIAN_POINT('',(0.0242306095056678,0.00585932845192785,0.02));
#15339=CARTESIAN_POINT('',(0.0242306095056678,0.00585932845192785,0.0168));
#15340=CARTESIAN_POINT('',(0.0236134160538388,0.0055029916463723,0.02));
#15341=CARTESIAN_POINT('',(0.0236134160538388,0.0055029916463723,0.0168));
#15342=CARTESIAN_POINT('',(0.0253474350882909,0.00584333257740972,0.02));
#15343=CARTESIAN_POINT('',(0.0245392062315823,0.00603749685470563,0.02));
#15344=CARTESIAN_POINT('',(0.0236134160538388,0.0055029916463723,0.02));
#15345=CARTESIAN_POINT('',(0.0236134160538388,0.0055029916463723,0.02));
#15346=CARTESIAN_POINT('',(0.0236134160538388,0.0055029916463723,0.02));
#15347=CARTESIAN_POINT('',(0.0236134160538388,0.0055029916463723,0.02));
#15348=CARTESIAN_POINT('',(0.0236134160538388,0.0055029916463723,0.0168));
#15349=CARTESIAN_POINT('',(0.0229902085367057,0.00514318261859452,0.02));
#15350=CARTESIAN_POINT('',(0.0229902085367057,0.00514318261859452,0.0168));
#15351=CARTESIAN_POINT('',(0.0225839053925728,0.0047041251686188,0.02));
#15352=CARTESIAN_POINT('',(0.0225839053925728,0.0047041251686188,0.0168));
#15353=CARTESIAN_POINT('',(0.0223945066214401,0.00418581929644515,0.02));
#15354=CARTESIAN_POINT('',(0.0223945066214401,0.00418581929644515,0.0168));
#15355=CARTESIAN_POINT('',(0.0236134160538388,0.0055029916463723,0.02));
#15356=CARTESIAN_POINT('',(0.0226786047781392,0.00496327810470563,0.02));
#15357=CARTESIAN_POINT('',(0.0223945066214401,0.00418581929644515,0.02));
#15358=CARTESIAN_POINT('',(0.0223945066214401,0.00418581929644515,0.02));
#15359=CARTESIAN_POINT('',(0.0223945066214401,0.00418581929644515,0.02));
#15360=CARTESIAN_POINT('',(0.0223945066214401,0.00418581929644515,0.02));
#15361=CARTESIAN_POINT('',(0.0223945066214401,0.00418581929644515,0.0168));
#15362=CARTESIAN_POINT('',(0.0222051078503073,0.0036675134242715,0.02));
#15363=CARTESIAN_POINT('',(0.0222051078503073,0.0036675134242715,0.0168));
#15364=CARTESIAN_POINT('',(0.0222597140202965,0.00314975568011015,0.02));
#15365=CARTESIAN_POINT('',(0.0222597140202965,0.00314975568011015,0.0168));
#15366=CARTESIAN_POINT('',(0.0225583251314076,0.00263254606396111,0.02));
#15367=CARTESIAN_POINT('',(0.0225583251314076,0.00263254606396111,0.0168));
#15368=CARTESIAN_POINT('',(0.0223945066214401,0.00418581929644515,0.02));
#15369=CARTESIAN_POINT('',(0.0221104084647409,0.00340836048818467,0.02));
#15370=CARTESIAN_POINT('',(0.0225583251314076,0.00263254606396111,0.02));
#15371=CARTESIAN_POINT('',(0.0225583251314076,0.00263254606396111,0.02));
#15372=CARTESIAN_POINT('',(0.0225583251314076,0.00263254606396111,0.02));
#15373=CARTESIAN_POINT('',(0.0225583251314076,0.00263254606396111,0.02));
#15374=CARTESIAN_POINT('',(0.0225583251314076,0.00263254606396111,0.0168));
#15375=CARTESIAN_POINT('',(0.0228374049925187,0.0021491655651474,0.02));
#15376=CARTESIAN_POINT('',(0.0228374049925187,0.0021491655651474,0.0168));
#15377=CARTESIAN_POINT('',(0.0232175099224244,0.00185842604212112,0.02));
#15378=CARTESIAN_POINT('',(0.0232175099224244,0.00185842604212112,0.0168));
#15379=CARTESIAN_POINT('',(0.0236986399211247,0.00176032749488227,0.02));
#15380=CARTESIAN_POINT('',(0.0236986399211247,0.00176032749488227,0.0168));
#15381=CARTESIAN_POINT('',(0.0225583251314076,0.00263254606396111,0.02));
#15382=CARTESIAN_POINT('',(0.0229769449230743,0.00190747531574055,0.02));
#15383=CARTESIAN_POINT('',(0.0236986399211247,0.00176032749488227,0.02));
#15384=CARTESIAN_POINT('',(0.0236986399211247,0.00176032749488227,0.02));
#15385=CARTESIAN_POINT('',(0.0236986399211247,0.00176032749488227,0.02));
#15386=CARTESIAN_POINT('',(0.0236986399211247,0.00176032749488227,0.02));
#15387=CARTESIAN_POINT('',(0.0236986399211247,0.00176032749488227,0.0168));
#15388=CARTESIAN_POINT('',(0.024179769919825,0.0016622289476434,0.02));
#15389=CARTESIAN_POINT('',(0.024179769919825,0.0016622289476434,0.0168));
#15390=CARTESIAN_POINT('',(0.0246811950017386,0.00176378731291286,0.02));
#15391=CARTESIAN_POINT('',(0.0246811950017386,0.00176378731291286,0.0168));
#15392=CARTESIAN_POINT('',(0.0252029151668657,0.00206500259069064,0.02));
#15393=CARTESIAN_POINT('',(0.0252029151668657,0.00206500259069064,0.0168));
#15394=CARTESIAN_POINT('',(0.0236986399211247,0.00176032749488227,0.02));
#15395=CARTESIAN_POINT('',(0.0244203349191751,0.00161317967402398,0.02));
#15396=CARTESIAN_POINT('',(0.0252029151668657,0.00206500259069064,0.02));
#15397=CARTESIAN_POINT('',(0.0252029151668657,0.00206500259069064,0.02));
#15398=CARTESIAN_POINT('',(0.0252029151668657,0.00206500259069064,0.02));
#15399=CARTESIAN_POINT('',(0.0253878476749656,0.00217177342402398,0.02));
#15400=CARTESIAN_POINT('',(0.0253878476749656,0.00217177342402398,0.02));
#15401=CARTESIAN_POINT('',(0.0255727801830654,0.00227854425735731,0.02));
#15402=CARTESIAN_POINT('',(0.0255727801830654,0.00227854425735731,0.02));
#15403=CARTESIAN_POINT('',(0.024804876537232,0.00360859238725802,0.02));
#15404=CARTESIAN_POINT('',(0.024804876537232,0.00360859238725802,0.02));
#15405=CARTESIAN_POINT('',(0.0240369728913986,0.00493864051715872,0.02));
#15406=CARTESIAN_POINT('',(0.0240369728913986,0.00493864051715872,0.02));
#15407=CARTESIAN_POINT('',(0.0240369728913986,0.00493864051715872,0.02));
#15408=CARTESIAN_POINT('',(0.0240369728913986,0.00493864051715872,0.0168));
#15409=CARTESIAN_POINT('',(0.0244972275081365,0.0051883311365506,0.02));
#15410=CARTESIAN_POINT('',(0.0244972275081365,0.0051883311365506,0.0168));
#15411=CARTESIAN_POINT('',(0.0249075340433642,0.00527236423196976,0.02));
#15412=CARTESIAN_POINT('',(0.0249075340433642,0.00527236423196976,0.0168));
#15413=CARTESIAN_POINT('',(0.0252678924970818,0.0051907398034162,0.02));
#15414=CARTESIAN_POINT('',(0.0252678924970818,0.0051907398034162,0.0168));
#15415=CARTESIAN_POINT('',(0.0240369728913986,0.00493864051715872,0.02));
#15416=CARTESIAN_POINT('',(0.0247273548165055,0.00531317644624654,0.02));
#15417=CARTESIAN_POINT('',(0.0252678924970818,0.0051907398034162,0.02));
#15418=CARTESIAN_POINT('',(0.0252678924970818,0.0051907398034162,0.02));
#15419=CARTESIAN_POINT('',(0.0252678924970818,0.0051907398034162,0.02));
#15420=CARTESIAN_POINT('',(0.0252678924970818,0.0051907398034162,0.02));
#15421=CARTESIAN_POINT('',(0.0252678924970818,0.0051907398034162,0.0168));
#15422=CARTESIAN_POINT('',(0.0256282509507994,0.00510911537486264,0.02));
#15423=CARTESIAN_POINT('',(0.0256282509507994,0.00510911537486264,0.0168));
#15424=CARTESIAN_POINT('',(0.0259223624693248,0.00487096664279644,0.02));
#15425=CARTESIAN_POINT('',(0.0259223624693248,0.00487096664279644,0.0168));
#15426=CARTESIAN_POINT('',(0.0261502270526582,0.00447629360721759,0.02));
#15427=CARTESIAN_POINT('',(0.0261502270526582,0.00447629360721759,0.0168));
#15428=CARTESIAN_POINT('',(0.0252678924970818,0.0051907398034162,0.02));
#15429=CARTESIAN_POINT('',(0.0258084301776582,0.00506830316058586,0.02));
#15430=CARTESIAN_POINT('',(0.0261502270526582,0.00447629360721759,0.02));
#15431=CARTESIAN_POINT('',(0.0261502270526582,0.00447629360721759,0.02));
#15432=CARTESIAN_POINT('',(0.0261502270526582,0.00447629360721759,0.02));
#15433=CARTESIAN_POINT('',(0.0230338710200777,0.00269877625623851,0.0200000000000001));
#15434=CARTESIAN_POINT('',(0.0230338710200777,0.00269877625623851,0.02));
#15435=CARTESIAN_POINT('',(0.0266013313908428,0.00309339547396709,0.02));
#15436=CARTESIAN_POINT('',(0.0266004801054509,0.00309290398411695,0.02));
#15437=CARTESIAN_POINT('',(0.0268623794129471,0.00324411161980043,0.02));
#15438=CARTESIAN_POINT('',(0.0268623794129471,0.00324411161980043,0.02));
#15439=CARTESIAN_POINT('',(0.0271229402668684,0.00339454649895218,0.02));
#15440=CARTESIAN_POINT('',(0.0271229402668684,0.00339454649895218,0.02));
#15441=CARTESIAN_POINT('',(0.0217989554381342,0.00846604212110534,0.02));
#15442=CARTESIAN_POINT('',(0.0217905469510145,0.00848060604801143,0.02));
#15443=CARTESIAN_POINT('',(0.0217908174173009,0.00848013758666173,0.02));
#15444=CARTESIAN_POINT('',(0.0217989554381342,0.00846604212110534,0.02));
#15445=CARTESIAN_POINT('',(0.0218070934589675,0.00845194665554896,0.02));
#15446=CARTESIAN_POINT('',(0.0218070934589675,0.00845194665554896,0.02));
#15447=CARTESIAN_POINT('',(0.0218070934589675,0.00845194665554896,0.02));
#15448=CARTESIAN_POINT('',(0.0218070934589675,0.00845194665554896,0.0168));
#15449=CARTESIAN_POINT('',(0.0217216673720553,0.00826831175615042,0.02));
#15450=CARTESIAN_POINT('',(0.0217216673720553,0.00826831175615042,0.0168));
#15451=CARTESIAN_POINT('',(0.0216224865118591,0.00800607026737098,0.02));
#15452=CARTESIAN_POINT('',(0.0216224865118591,0.00800607026737098,0.0168));
#15453=CARTESIAN_POINT('',(0.0215095508783787,0.00766522218921063,0.02));
#15454=CARTESIAN_POINT('',(0.0215095508783787,0.00766522218921063,0.0168));
#15455=CARTESIAN_POINT('',(0.0218070934589675,0.00845194665554896,0.02));
#15456=CARTESIAN_POINT('',(0.0216789543285993,0.00817649430645115,0.02));
#15457=CARTESIAN_POINT('',(0.0215095508783787,0.00766522218921063,0.02));
#15458=CARTESIAN_POINT('',(0.0215095508783787,0.00766522218921063,0.02));
#15459=CARTESIAN_POINT('',(0.0215095508783787,0.00766522218921063,0.02));
#15460=CARTESIAN_POINT('',(0.0212087814947619,0.00666012837632939,0.02));
#15461=CARTESIAN_POINT('',(0.0212087814947619,0.00666012837632939,0.02));
#15462=CARTESIAN_POINT('',(0.0209080121111451,0.00565503456344815,0.02));
#15463=CARTESIAN_POINT('',(0.0209080121111451,0.00565503456344815,0.02));
#15464=CARTESIAN_POINT('',(0.0211085329444785,0.00530772229213877,0.02));
#15465=CARTESIAN_POINT('',(0.0211085329444785,0.00530772229213877,0.02));
#15466=CARTESIAN_POINT('',(0.0213090537778118,0.00496041002082938,0.02));
#15467=CARTESIAN_POINT('',(0.0213090537778118,0.00496041002082938,0.02));
#15468=CARTESIAN_POINT('',(0.0216798422310159,0.00621792516435334,0.02));
#15469=CARTESIAN_POINT('',(0.0216798422310159,0.00621792516435334,0.02));
#15470=CARTESIAN_POINT('',(0.02205063068422,0.0074754403078773,0.02));
#15471=CARTESIAN_POINT('',(0.02205063068422,0.0074754403078773,0.02));
#15472=CARTESIAN_POINT('',(0.0236424965330743,0.00727814361216122,0.02));
#15473=CARTESIAN_POINT('',(0.0236424965330743,0.00727814361216122,0.02));
#15474=CARTESIAN_POINT('',(0.0252343623819286,0.00708084691644515,0.02));
#15475=CARTESIAN_POINT('',(0.0252343623819286,0.00708084691644515,0.02));
#15476=CARTESIAN_POINT('',(0.0250299352985953,0.0074349250112216,0.02));
#15477=CARTESIAN_POINT('',(0.0250299352985953,0.0074349250112216,0.02));
#15478=CARTESIAN_POINT('',(0.024825508215262,0.00778900310599805,0.02));
#15479=CARTESIAN_POINT('',(0.024825508215262,0.00778900310599805,0.02));
#15480=CARTESIAN_POINT('',(0.023518805657497,0.00794420540976053,0.02));
#15481=CARTESIAN_POINT('',(0.023518805657497,0.00794420540976053,0.02));
#15482=CARTESIAN_POINT('',(0.022212103099732,0.008099407713523,0.02));
#15483=CARTESIAN_POINT('',(0.022212103099732,0.008099407713523,0.02));
#15484=CARTESIAN_POINT('',(0.0222757206690543,0.00842932301786931,0.02));
#15485=CARTESIAN_POINT('',(0.0222757206690543,0.00842932301786931,0.02));
#15486=CARTESIAN_POINT('',(0.0223393382383767,0.00875923832221562,0.02));
#15487=CARTESIAN_POINT('',(0.0223393382383767,0.00875923832221562,0.02));
#15488=CARTESIAN_POINT('',(0.023061589893486,0.00917623050971562,0.02));
#15489=CARTESIAN_POINT('',(0.023061589893486,0.00917623050971562,0.02));
#15490=CARTESIAN_POINT('',(0.0237838415485953,0.00959322269721562,0.02));
#15491=CARTESIAN_POINT('',(0.0237838415485953,0.00959322269721562,0.02));
#15492=CARTESIAN_POINT('',(0.0236168493610953,0.00988246165043269,0.02));
#15493=CARTESIAN_POINT('',(0.0236168493610953,0.00988246165043269,0.02));
#15494=CARTESIAN_POINT('',(0.0234498571735953,0.0101717006036498,0.02));
#15495=CARTESIAN_POINT('',(0.0234498571735953,0.0101717006036498,0.02));
#15496=CARTESIAN_POINT('',(0.0207080072135668,0.00858869279114976,0.02));
#15497=CARTESIAN_POINT('',(0.0207080072135668,0.00858869279114976,0.02));
#15498=CARTESIAN_POINT('',(0.0179661572535383,0.00700568497864976,0.02));
#15499=CARTESIAN_POINT('',(0.0179661572535383,0.00700568497864976,0.02));
#15500=CARTESIAN_POINT('',(0.0181331494410383,0.00671644602543269,0.02));
#15501=CARTESIAN_POINT('',(0.0181331494410383,0.00671644602543269,0.02));
#15502=CARTESIAN_POINT('',(0.0183001416285384,0.00642720707221563,0.02));
#15503=CARTESIAN_POINT('',(0.0183001416285384,0.00642720707221563,0.02));
#15504=CARTESIAN_POINT('',(0.0197542298553353,0.00726672530138229,0.02));
#15505=CARTESIAN_POINT('',(0.0197542298553353,0.00726672530138229,0.02));
#15506=CARTESIAN_POINT('',(0.0212085036890966,0.00810593593271146,0.01999999975));
#15507=CARTESIAN_POINT('',(0.0212083180821322,0.00810624353054896,0.02));
#15508=CARTESIAN_POINT('',(0.0159076240551766,0.0172860128172795,0.02));
#15509=CARTESIAN_POINT('',(0.018483711340262,0.0187733175047795,0.02));
#15510=CARTESIAN_POINT('',(0.018483711340262,0.0187733175047795,0.02));
#15511=CARTESIAN_POINT('',(0.0159076240551766,0.0172860128172795,0.02));
#15512=CARTESIAN_POINT('',(0.0133315367700913,0.0157987081297795,0.02));
#15513=CARTESIAN_POINT('',(0.0133315367700913,0.0157987081297795,0.02));
#15514=CARTESIAN_POINT('',(0.0137517841659246,0.0150708182884477,0.02));
#15515=CARTESIAN_POINT('',(0.0137517841659246,0.0150708182884477,0.02));
#15516=CARTESIAN_POINT('',(0.0141720315617579,0.0143429284471159,0.02));
#15517=CARTESIAN_POINT('',(0.0141720315617579,0.0143429284471159,0.02));
#15518=CARTESIAN_POINT('',(0.0141720315617579,0.0143429284471159,0.02));
#15519=CARTESIAN_POINT('',(0.0141720315617579,0.0143429284471159,0.0168));
#15520=CARTESIAN_POINT('',(0.0145665628117579,0.0136595802769422,0.02));
#15521=CARTESIAN_POINT('',(0.0145665628117579,0.0136595802769422,0.0168));
#15522=CARTESIAN_POINT('',(0.0149542836927602,0.0132241391230019,0.02));
#15523=CARTESIAN_POINT('',(0.0149542836927602,0.0132241391230019,0.0168));
#15524=CARTESIAN_POINT('',(0.0153351942047649,0.013036604985295,0.02));
#15525=CARTESIAN_POINT('',(0.0153351942047649,0.013036604985295,0.0168));
#15526=CARTESIAN_POINT('',(0.0141720315617579,0.0143429284471159,0.02));
#15527=CARTESIAN_POINT('',(0.0147638284367579,0.0133179061918554,0.02));
#15528=CARTESIAN_POINT('',(0.0153351942047649,0.013036604985295,0.02));
#15529=CARTESIAN_POINT('',(0.0153351942047649,0.013036604985295,0.02));
#15530=CARTESIAN_POINT('',(0.0153351942047649,0.013036604985295,0.02));
#15531=CARTESIAN_POINT('',(0.0153351942047649,0.013036604985295,0.02));
#15532=CARTESIAN_POINT('',(0.0153351942047649,0.013036604985295,0.0168));
#15533=CARTESIAN_POINT('',(0.0157161047167696,0.0128490708475881,0.02));
#15534=CARTESIAN_POINT('',(0.0157161047167696,0.0128490708475881,0.0168));
#15535=CARTESIAN_POINT('',(0.0161272009936145,0.0128826909315124,0.02));
#15536=CARTESIAN_POINT('',(0.0161272009936145,0.0128826909315124,0.0168));
#15537=CARTESIAN_POINT('',(0.0165684830352999,0.0131374652370679,0.02));
#15538=CARTESIAN_POINT('',(0.0165684830352999,0.0131374652370679,0.0168));
#15539=CARTESIAN_POINT('',(0.0153351942047649,0.013036604985295,0.02));
#15540=CARTESIAN_POINT('',(0.0159065599727719,0.0127553037787346,0.02));
#15541=CARTESIAN_POINT('',(0.0165684830352999,0.0131374652370679,0.02));
#15542=CARTESIAN_POINT('',(0.0165684830352999,0.0131374652370679,0.02));
#15543=CARTESIAN_POINT('',(0.0165684830352999,0.0131374652370679,0.02));
#15544=CARTESIAN_POINT('',(0.0165684830352999,0.0131374652370679,0.02));
#15545=CARTESIAN_POINT('',(0.0165684830352999,0.0131374652370679,0.0168));
#15546=CARTESIAN_POINT('',(0.0168744486076438,0.0133141145426235,0.02));
#15547=CARTESIAN_POINT('',(0.0168744486076438,0.0133141145426235,0.0168));
#15548=CARTESIAN_POINT('',(0.0170775098254995,0.0135448674740285,0.02));
#15549=CARTESIAN_POINT('',(0.0170775098254995,0.0135448674740285,0.0168));
#15550=CARTESIAN_POINT('',(0.0171776666888667,0.013829724031283,0.02));
#15551=CARTESIAN_POINT('',(0.0171776666888667,0.013829724031283,0.0168));
#15552=CARTESIAN_POINT('',(0.0165684830352999,0.0131374652370679,0.02));
#15553=CARTESIAN_POINT('',(0.0170274313938159,0.0134024391954013,0.02));
#15554=CARTESIAN_POINT('',(0.0171776666888667,0.013829724031283,0.02));
#15555=CARTESIAN_POINT('',(0.0171776666888667,0.013829724031283,0.02));
#15556=CARTESIAN_POINT('',(0.0171776666888667,0.013829724031283,0.02));
#15557=CARTESIAN_POINT('',(0.0171776666888667,0.013829724031283,0.02));
#15558=CARTESIAN_POINT('',(0.0171776666888667,0.013829724031283,0.0168));
#15559=CARTESIAN_POINT('',(0.017277823552234,0.0141145805885375,0.02));
#15560=CARTESIAN_POINT('',(0.017277823552234,0.0141145805885375,0.0168));
#15561=CARTESIAN_POINT('',(0.0172628195106083,0.0144374433509522,0.02));
#15562=CARTESIAN_POINT('',(0.0172628195106083,0.0144374433509522,0.0168));
#15563=CARTESIAN_POINT('',(0.0171326545639895,0.014798312318527,0.02));
#15564=CARTESIAN_POINT('',(0.0171326545639895,0.014798312318527,0.0168));
#15565=CARTESIAN_POINT('',(0.0171776666888667,0.013829724031283,0.02));
#15566=CARTESIAN_POINT('',(0.0173279019839177,0.0142570088671648,0.02));
#15567=CARTESIAN_POINT('',(0.0171326545639895,0.014798312318527,0.02));
#15568=CARTESIAN_POINT('',(0.0171326545639895,0.014798312318527,0.02));
#15569=CARTESIAN_POINT('',(0.0171326545639895,0.014798312318527,0.02));
#15570=CARTESIAN_POINT('',(0.0171501329412794,0.0148084034643604,0.02));
#15571=CARTESIAN_POINT('',(0.0171501329412794,0.0148084034643604,0.02));
#15572=CARTESIAN_POINT('',(0.0171676113185693,0.0148184946101937,0.02));
#15573=CARTESIAN_POINT('',(0.0171676113185693,0.0148184946101937,0.02));
#15574=CARTESIAN_POINT('',(0.0171676113185693,0.0148184946101937,0.02));
#15575=CARTESIAN_POINT('',(0.0171676113185693,0.0148184946101937,0.0168));
#15576=CARTESIAN_POINT('',(0.0177532471882513,0.0141131713069475,0.02));
#15577=CARTESIAN_POINT('',(0.0177532471882513,0.0141131713069475,0.0168));
#15578=CARTESIAN_POINT('',(0.0183903703617497,0.0139592943775466,0.02));
#15579=CARTESIAN_POINT('',(0.0183903703617497,0.0139592943775466,0.0168));
#15580=CARTESIAN_POINT('',(0.0190789808390644,0.0143568638219911,0.02));
#15581=CARTESIAN_POINT('',(0.0190789808390644,0.0143568638219911,0.0168));
#15582=CARTESIAN_POINT('',(0.0171676113185693,0.0148184946101937,0.02));
#15583=CARTESIAN_POINT('',(0.0180460651230923,0.0137605096553244,0.02));
#15584=CARTESIAN_POINT('',(0.0190789808390644,0.0143568638219911,0.02));
#15585=CARTESIAN_POINT('',(0.0190789808390644,0.0143568638219911,0.02));
#15586=CARTESIAN_POINT('',(0.0190789808390644,0.0143568638219911,0.02));
#15587=CARTESIAN_POINT('',(0.0190789808390644,0.0143568638219911,0.02));
#15588=CARTESIAN_POINT('',(0.0190789808390644,0.0143568638219911,0.0168));
#15589=CARTESIAN_POINT('',(0.0195390568348248,0.0146224888219911,0.02));
#15590=CARTESIAN_POINT('',(0.0195390568348248,0.0146224888219911,0.0168));
#15591=CARTESIAN_POINT('',(0.0198085534867423,0.0149855680395114,0.02));
#15592=CARTESIAN_POINT('',(0.0198085534867423,0.0149855680395114,0.0168));
#15593=CARTESIAN_POINT('',(0.0198874707948168,0.015446101474552,0.02));
#15594=CARTESIAN_POINT('',(0.0198874707948168,0.015446101474552,0.0168));
#15595=CARTESIAN_POINT('',(0.0190789808390644,0.0143568638219911,0.02));
#15596=CARTESIAN_POINT('',(0.0197690948327051,0.0147553013219911,0.02));
#15597=CARTESIAN_POINT('',(0.0198874707948168,0.015446101474552,0.02));
#15598=CARTESIAN_POINT('',(0.0198874707948168,0.015446101474552,0.02));
#15599=CARTESIAN_POINT('',(0.0198874707948168,0.015446101474552,0.02));
#15600=CARTESIAN_POINT('',(0.0198874707948168,0.015446101474552,0.02));
#15601=CARTESIAN_POINT('',(0.0198874707948168,0.015446101474552,0.0168));
#15602=CARTESIAN_POINT('',(0.0199663881028913,0.0159066349095926,0.02));
#15603=CARTESIAN_POINT('',(0.0199663881028913,0.0159066349095926,0.0168));
#15604=CARTESIAN_POINT('',(0.0198443884235953,0.0164165556637516,0.02));
#15605=CARTESIAN_POINT('',(0.0198443884235953,0.0164165556637516,0.0168));
#15606=CARTESIAN_POINT('',(0.0195214717569286,0.016975863737029,0.02));
#15607=CARTESIAN_POINT('',(0.0195214717569286,0.016975863737029,0.0168));
#15608=CARTESIAN_POINT('',(0.0198874707948168,0.015446101474552,0.02));
#15609=CARTESIAN_POINT('',(0.0200058467569286,0.0161369016271128,0.02));
#15610=CARTESIAN_POINT('',(0.0195214717569286,0.016975863737029,0.02));
#15611=CARTESIAN_POINT('',(0.0195214717569286,0.016975863737029,0.02));
#15612=CARTESIAN_POINT('',(0.0195214717569286,0.016975863737029,0.02));
#15613=CARTESIAN_POINT('',(-0.0119019210432454,0.0250181094094176,0.02));
#15614=CARTESIAN_POINT('',(-0.0119019210432454,0.0250181094094176,0.0168));
#15615=CARTESIAN_POINT('',(-0.0120042983427691,0.0253491408619565,0.02));
#15616=CARTESIAN_POINT('',(-0.0120042983427691,0.0253491408619565,0.0168));
#15617=CARTESIAN_POINT('',(-0.0122309508918973,0.0256169902857266,0.02));
#15618=CARTESIAN_POINT('',(-0.0122309508918973,0.0256169902857266,0.0168));
#15619=CARTESIAN_POINT('',(-0.0125818786906301,0.0258216576807278,0.02));
#15620=CARTESIAN_POINT('',(-0.0125818786906301,0.0258216576807278,0.0168));
#15621=CARTESIAN_POINT('',(-0.0119019210432454,0.0250181094094176,0.02));
#15622=CARTESIAN_POINT('',(-0.0119019210432454,0.0250181094094176,0.02));
#15623=CARTESIAN_POINT('',(-0.0119019210432454,0.0250181094094176,0.02));
#15624=CARTESIAN_POINT('',(-0.012055486992531,0.025514656588226,0.02));
#15625=CARTESIAN_POINT('',(-0.0125818786906301,0.0258216576807278,0.02));
#15626=CARTESIAN_POINT('',(-0.0125818786906301,0.0258216576807278,0.02));
#15627=CARTESIAN_POINT('',(-0.0125818786906301,0.0258216576807278,0.02));
#15628=CARTESIAN_POINT('',(-0.0125818786906301,0.0258216576807278,0.02));
#15629=CARTESIAN_POINT('',(-0.0125818786906301,0.0258216576807278,0.0168));
#15630=CARTESIAN_POINT('',(-0.0130340356620742,0.026085363747364,0.02));
#15631=CARTESIAN_POINT('',(-0.0130340356620742,0.026085363747364,0.0168));
#15632=CARTESIAN_POINT('',(-0.0134825025893397,0.0261270956990206,0.02));
#15633=CARTESIAN_POINT('',(-0.0134825025893397,0.0261270956990206,0.0168));
#15634=CARTESIAN_POINT('',(-0.0139272794724267,0.0259468535356976,0.02));
#15635=CARTESIAN_POINT('',(-0.0139272794724267,0.0259468535356976,0.0168));
#15636=CARTESIAN_POINT('',(-0.0125818786906301,0.0258216576807278,0.02));
#15637=CARTESIAN_POINT('',(-0.0132601141477963,0.0262172167806821,0.02));
#15638=CARTESIAN_POINT('',(-0.0139272794724267,0.0259468535356976,0.02));
#15639=CARTESIAN_POINT('',(-0.0139272794724267,0.0259468535356976,0.02));
#15640=CARTESIAN_POINT('',(-0.0139272794724267,0.0259468535356976,0.02));
#15641=CARTESIAN_POINT('',(-0.0139272794724267,0.0259468535356976,0.02));
#15642=CARTESIAN_POINT('',(-0.0139272794724267,0.0259468535356976,0.0168));
#15643=CARTESIAN_POINT('',(-0.0143720563555137,0.0257666113723746,0.02));
#15644=CARTESIAN_POINT('',(-0.0143720563555137,0.0257666113723746,0.0168));
#15645=CARTESIAN_POINT('',(-0.0147584411071543,0.0253952981442926,0.02));
#15646=CARTESIAN_POINT('',(-0.0147584411071543,0.0253952981442926,0.0168));
#15647=CARTESIAN_POINT('',(-0.0150864337273486,0.0248329138514517,0.02));
#15648=CARTESIAN_POINT('',(-0.0150864337273486,0.0248329138514517,0.0168));
#15649=CARTESIAN_POINT('',(-0.0139272794724267,0.0259468535356976,0.02));
#15650=CARTESIAN_POINT('',(-0.0145944447970572,0.0256764902907131,0.02));
#15651=CARTESIAN_POINT('',(-0.0150864337273486,0.0248329138514517,0.02));
#15652=CARTESIAN_POINT('',(-0.0150864337273486,0.0248329138514517,0.02));
#15653=CARTESIAN_POINT('',(-0.0150864337273486,0.0248329138514517,0.02));
#15654=CARTESIAN_POINT('',(-0.0150864337273486,0.0248329138514517,0.02));
#15655=CARTESIAN_POINT('',(-0.0150864337273486,0.0248329138514517,0.0168));
#15656=CARTESIAN_POINT('',(-0.0154415404041456,0.0242240391237359,0.02));
#15657=CARTESIAN_POINT('',(-0.0154415404041456,0.0242240391237359,0.0168));
#15658=CARTESIAN_POINT('',(-0.0156361337866431,0.0237094665795413,0.02));
#15659=CARTESIAN_POINT('',(-0.0156361337866431,0.0237094665795413,0.0168));
#15660=CARTESIAN_POINT('',(-0.0156702138748411,0.0232891962188678,0.02));
#15661=CARTESIAN_POINT('',(-0.0156702138748411,0.0232891962188678,0.0168));
#15662=CARTESIAN_POINT('',(-0.0150864337273486,0.0248329138514517,0.02));
#15663=CARTESIAN_POINT('',(-0.0156190937425441,0.023919601759878,0.02));
#15664=CARTESIAN_POINT('',(-0.0156702138748411,0.0232891962188678,0.02));
#15665=CARTESIAN_POINT('',(-0.0156702138748411,0.0232891962188678,0.02));
#15666=CARTESIAN_POINT('',(-0.0156702138748411,0.0232891962188678,0.02));
#15667=CARTESIAN_POINT('',(-0.0153822731169066,0.0231212639973283,0.02));
#15668=CARTESIAN_POINT('',(-0.0153822731169066,0.0231212639973283,0.02));
#15669=CARTESIAN_POINT('',(-0.0150946516837145,0.022953518010317,0.02));
#15670=CARTESIAN_POINT('',(-0.0150946516850205,0.0229535180096818,0.02));
#15671=CARTESIAN_POINT('',(-0.0107526714474513,0.0223530885664925,0.0200000000000003));
#15672=CARTESIAN_POINT('',(-0.0107526714474513,0.0223530885664925,0.02));
#15673=CARTESIAN_POINT('',(-0.0149023828945074,0.0237654289185399,0.02));
#15674=CARTESIAN_POINT('',(-0.0149025451321363,0.0237654841587645,0.02));
#15675=CARTESIAN_POINT('',(-0.0109374697428782,0.0224521784084471,0.0200000000000002));
#15676=CARTESIAN_POINT('',(-0.0109374697428782,0.0224521784084471,0.02));
#15677=CARTESIAN_POINT('',(-0.0145498278468535,0.0245485953325586,0.02));
#15678=CARTESIAN_POINT('',(-0.0145498278468535,0.0245485953325586,0.02));
#15679=CARTESIAN_POINT('',(-0.0145498278468535,0.0245485953325586,0.02));
#15680=CARTESIAN_POINT('',(-0.0145498278468535,0.0245485953325586,0.0168));
#15681=CARTESIAN_POINT('',(-0.0143176090717559,0.02494676341189,0.02));
#15682=CARTESIAN_POINT('',(-0.0143176090717559,0.02494676341189,0.0168));
#15683=CARTESIAN_POINT('',(-0.0140671327176473,0.0252026413594257,0.02));
#15684=CARTESIAN_POINT('',(-0.0140671327176473,0.0252026413594257,0.0168));
#15685=CARTESIAN_POINT('',(-0.0137983987845277,0.0253162291751658,0.02));
#15686=CARTESIAN_POINT('',(-0.0137983987845277,0.0253162291751658,0.0168));
#15687=CARTESIAN_POINT('',(-0.0145498278468535,0.0245485953325586,0.02));
#15688=CARTESIAN_POINT('',(-0.0142014996842071,0.0251458474515556,0.02));
#15689=CARTESIAN_POINT('',(-0.0137983987845277,0.0253162291751658,0.02));
#15690=CARTESIAN_POINT('',(-0.0137983987845277,0.0253162291751658,0.02));
#15691=CARTESIAN_POINT('',(-0.0137983987845277,0.0253162291751658,0.02));
#15692=CARTESIAN_POINT('',(-0.0137983987845277,0.0253162291751658,0.02));
#15693=CARTESIAN_POINT('',(-0.0137983987845277,0.0253162291751658,0.0168));
#15694=CARTESIAN_POINT('',(-0.0135296648514081,0.0254298169909059,0.02));
#15695=CARTESIAN_POINT('',(-0.0135296648514081,0.0254298169909059,0.0168));
#15696=CARTESIAN_POINT('',(-0.0132603256545665,0.0254078926699293,0.02));
#15697=CARTESIAN_POINT('',(-0.0132603256545665,0.0254078926699293,0.0168));
#15698=CARTESIAN_POINT('',(-0.0129903811940028,0.025250456212236,0.02));
#15699=CARTESIAN_POINT('',(-0.0129903811940028,0.025250456212236,0.0168));
#15700=CARTESIAN_POINT('',(-0.0137983987845277,0.0253162291751658,0.02));
#15701=CARTESIAN_POINT('',(-0.0133952978848483,0.0254866108987759,0.02));
#15702=CARTESIAN_POINT('',(-0.0129903811940028,0.025250456212236,0.02));
#15703=CARTESIAN_POINT('',(-0.0129903811940028,0.025250456212236,0.02));
#15704=CARTESIAN_POINT('',(-0.0129903811940028,0.025250456212236,0.02));
#15705=CARTESIAN_POINT('',(-0.0129903811940028,0.025250456212236,0.02));
#15706=CARTESIAN_POINT('',(-0.0129903811940028,0.025250456212236,0.0168));
#15707=CARTESIAN_POINT('',(-0.0128126677574651,0.0251468105442547,0.02));
#15708=CARTESIAN_POINT('',(-0.0128126677574651,0.0251468105442547,0.0168));
#15709=CARTESIAN_POINT('',(-0.0126878924224383,0.0250260553223135,0.02));
#15710=CARTESIAN_POINT('',(-0.0126878924224383,0.0250260553223135,0.0168));
#15711=CARTESIAN_POINT('',(-0.0126160551889225,0.0248881905464125,0.02));
#15712=CARTESIAN_POINT('',(-0.0126160551889225,0.0248881905464125,0.0168));
#15713=CARTESIAN_POINT('',(-0.0129903811940028,0.025250456212236,0.02));
#15714=CARTESIAN_POINT('',(-0.0127238110391962,0.025094987710264,0.02));
#15715=CARTESIAN_POINT('',(-0.0126160551889225,0.0248881905464125,0.02));
#15716=CARTESIAN_POINT('',(-0.0126160551889225,0.0248881905464125,0.02));
#15717=CARTESIAN_POINT('',(-0.0126160551889225,0.0248881905464125,0.02));
#15718=CARTESIAN_POINT('',(-0.0126160551889225,0.0248881905464125,0.02));
#15719=CARTESIAN_POINT('',(-0.0126160551889225,0.0248881905464125,0.0168));
#15720=CARTESIAN_POINT('',(-0.0125442179554067,0.0247503257705115,0.02));
#15721=CARTESIAN_POINT('',(-0.0125442179554067,0.0247503257705115,0.0168));
#15722=CARTESIAN_POINT('',(-0.0125089926513044,0.0245695000884644,0.02));
#15723=CARTESIAN_POINT('',(-0.0125089926513044,0.0245695000884644,0.0168));
#15724=CARTESIAN_POINT('',(-0.0125103792766155,0.0243457135002712,0.02));
#15725=CARTESIAN_POINT('',(-0.0125103792766155,0.0243457135002712,0.0168));
#15726=CARTESIAN_POINT('',(-0.0126160551889225,0.0248881905464125,0.02));
#15727=CARTESIAN_POINT('',(-0.0125082993386488,0.024681393382561,0.02));
#15728=CARTESIAN_POINT('',(-0.0125103792766155,0.0243457135002712,0.02));
#15729=CARTESIAN_POINT('',(-0.0125103792766155,0.0243457135002712,0.02));
#15730=CARTESIAN_POINT('',(-0.0125103792766155,0.0243457135002712,0.02));
#15731=CARTESIAN_POINT('',(-0.0125103792766155,0.0243457135002712,0.02));
#15732=CARTESIAN_POINT('',(-0.0125103792766155,0.0243457135002712,0.0168));
#15733=CARTESIAN_POINT('',(-0.0125117659019267,0.024121926912078,0.02));
#15734=CARTESIAN_POINT('',(-0.0125117659019267,0.024121926912078,0.0168));
#15735=CARTESIAN_POINT('',(-0.0125514314674945,0.0238036455899767,0.02));
#15736=CARTESIAN_POINT('',(-0.0125514314674945,0.0238036455899767,0.0168));
#15737=CARTESIAN_POINT('',(-0.012629375973319,0.0233908695339675,0.02));
#15738=CARTESIAN_POINT('',(-0.012629375973319,0.0233908695339675,0.0168));
#15739=CARTESIAN_POINT('',(-0.0125103792766155,0.0243457135002712,0.02));
#15740=CARTESIAN_POINT('',(-0.0125124592145823,0.0240100336179814,0.02));
#15741=CARTESIAN_POINT('',(-0.012629375973319,0.0233908695339675,0.02));
#15742=CARTESIAN_POINT('',(-0.012629375973319,0.0233908695339675,0.02));
#15743=CARTESIAN_POINT('',(-0.012629375973319,0.0233908695339675,0.02));
#15744=CARTESIAN_POINT('',(-0.012629375973319,0.0233908695339675,0.02));
#15745=CARTESIAN_POINT('',(-0.012629375973319,0.0233908695339675,0.0168));
#15746=CARTESIAN_POINT('',(-0.0127369862137137,0.0228135080513755,0.02));
#15747=CARTESIAN_POINT('',(-0.0127369862137137,0.0228135080513755,0.0168));
#15748=CARTESIAN_POINT('',(-0.0127334319273179,0.0223539541114777,0.02));
#15749=CARTESIAN_POINT('',(-0.0127334319273179,0.0223539541114777,0.0168));
#15750=CARTESIAN_POINT('',(-0.0126187131141317,0.0220122077142741,0.02));
#15751=CARTESIAN_POINT('',(-0.0126187131141317,0.0220122077142741,0.0168));
#15752=CARTESIAN_POINT('',(-0.012629375973319,0.0233908695339675,0.02));
#15753=CARTESIAN_POINT('',(-0.012790791333911,0.0225248273100795,0.02));
#15754=CARTESIAN_POINT('',(-0.0126187131141317,0.0220122077142741,0.02));
#15755=CARTESIAN_POINT('',(-0.0126187131141317,0.0220122077142741,0.02));
#15756=CARTESIAN_POINT('',(-0.0126187131141317,0.0220122077142741,0.02));
#15757=CARTESIAN_POINT('',(-0.0126187131141317,0.0220122077142741,0.02));
#15758=CARTESIAN_POINT('',(-0.0126187131141317,0.0220122077142741,0.0168));
#15759=CARTESIAN_POINT('',(-0.0125039943009455,0.0216704613170705,0.02));
#15760=CARTESIAN_POINT('',(-0.0125039943009455,0.0216704613170705,0.0168));
#15761=CARTESIAN_POINT('',(-0.0122580486948197,0.0213896012598302,0.02));
#15762=CARTESIAN_POINT('',(-0.0122580486948197,0.0213896012598302,0.0168));
#15763=CARTESIAN_POINT('',(-0.0118808762957544,0.0211696275425532,0.02));
#15764=CARTESIAN_POINT('',(-0.0118808762957544,0.0211696275425532,0.0168));
#15765=CARTESIAN_POINT('',(-0.0126187131141317,0.0220122077142741,0.02));
#15766=CARTESIAN_POINT('',(-0.0124466348943524,0.0214995881184687,0.02));
#15767=CARTESIAN_POINT('',(-0.0118808762957544,0.0211696275425532,0.02));
#15768=CARTESIAN_POINT('',(-0.0118808762957544,0.0211696275425532,0.02));
#15769=CARTESIAN_POINT('',(-0.0118808762957544,0.0211696275425532,0.02));
#15770=CARTESIAN_POINT('',(-0.0118808762957544,0.0211696275425532,0.02));
#15771=CARTESIAN_POINT('',(-0.0118808762957544,0.0211696275425532,0.0168));
#15772=CARTESIAN_POINT('',(-0.0114849577535944,0.0209387207379364,0.02));
#15773=CARTESIAN_POINT('',(-0.0114849577535944,0.0209387207379364,0.0168));
#15774=CARTESIAN_POINT('',(-0.0110831357055678,0.0209035924544952,0.02));
#15775=CARTESIAN_POINT('',(-0.0110831357055678,0.0209035924544952,0.0168));
#15776=CARTESIAN_POINT('',(-0.0106754101516747,0.0210642426922295,0.02));
#15777=CARTESIAN_POINT('',(-0.0106754101516747,0.0210642426922295,0.0168));
#15778=CARTESIAN_POINT('',(-0.0118808762957544,0.0211696275425532,0.02));
#15779=CARTESIAN_POINT('',(-0.0112869984825144,0.020823267335628,0.02));
#15780=CARTESIAN_POINT('',(-0.0106754101516747,0.0210642426922295,0.02));
#15781=CARTESIAN_POINT('',(-0.0106754101516747,0.0210642426922295,0.02));
#15782=CARTESIAN_POINT('',(-0.0106754101516747,0.0210642426922295,0.02));
#15783=CARTESIAN_POINT('',(-0.0106754101516747,0.0210642426922295,0.02));
#15784=CARTESIAN_POINT('',(-0.0106754101516747,0.0210642426922295,0.0168));
#15785=CARTESIAN_POINT('',(-0.0102676845977816,0.0212248929299638,0.02));
#15786=CARTESIAN_POINT('',(-0.0102676845977816,0.0212248929299638,0.0168));
#15787=CARTESIAN_POINT('',(-0.00992081703843036,0.0215504176005096,0.02));
#15788=CARTESIAN_POINT('',(-0.00992081703843036,0.0215504176005096,0.0168));
#15789=CARTESIAN_POINT('',(-0.00963480747362095,0.0220408167038669,0.02));
#15790=CARTESIAN_POINT('',(-0.00963480747362095,0.0220408167038669,0.0168));
#15791=CARTESIAN_POINT('',(-0.0106754101516747,0.0210642426922295,0.02));
#15792=CARTESIAN_POINT('',(-0.0100638218208351,0.021305218048831,0.02));
#15793=CARTESIAN_POINT('',(-0.00963480747362095,0.0220408167038669,0.02));
#15794=CARTESIAN_POINT('',(-0.00963480747362095,0.0220408167038669,0.02));
#15795=CARTESIAN_POINT('',(-0.00963480747362095,0.0220408167038669,0.02));
#15796=CARTESIAN_POINT('',(-0.00963480747362095,0.0220408167038669,0.02));
#15797=CARTESIAN_POINT('',(-0.00963480747362095,0.0220408167038669,0.0168));
#15798=CARTESIAN_POINT('',(-0.00933699017448454,0.0225514616417665,0.02));
#15799=CARTESIAN_POINT('',(-0.00933699017448454,0.0225514616417665,0.0168));
#15800=CARTESIAN_POINT('',(-0.00915673772122241,0.0230759054244187,0.02));
#15801=CARTESIAN_POINT('',(-0.00915673772122241,0.0230759054244187,0.0168));
#15802=CARTESIAN_POINT('',(-0.00909405011383456,0.0236141480518234,0.02));
#15803=CARTESIAN_POINT('',(-0.00909405011383456,0.0236141480518234,0.0168));
#15804=CARTESIAN_POINT('',(-0.00963480747362095,0.0220408167038669,0.02));
#15805=CARTESIAN_POINT('',(-0.00918808152491634,0.0228067841107163,0.02));
#15806=CARTESIAN_POINT('',(-0.00909405011383456,0.0236141480518234,0.02));
#15807=CARTESIAN_POINT('',(-0.00909405011383456,0.0236141480518234,0.02));
#15808=CARTESIAN_POINT('',(-0.00909405011383456,0.0236141480518234,0.02));
#15809=CARTESIAN_POINT('',(-0.00940831843207933,0.0236723248497416,0.02));
#15810=CARTESIAN_POINT('',(-0.00940831843207933,0.0236723248497416,0.02));
#15811=CARTESIAN_POINT('',(-0.00972258675032409,0.0237305016476597,0.02));
#15812=CARTESIAN_POINT('',(-0.00972258675032409,0.0237305016476597,0.02));
#15813=CARTESIAN_POINT('',(-0.00972258675032409,0.0237305016476597,0.02));
#15814=CARTESIAN_POINT('',(-0.00972258675032409,0.0237305016476597,0.0168));
#15815=CARTESIAN_POINT('',(-0.00979239841115963,0.0232024433000144,0.02));
#15816=CARTESIAN_POINT('',(-0.00979239841115963,0.0232024433000144,0.0168));
#15817=CARTESIAN_POINT('',(-0.00994406961436657,0.0227382053179404,0.02));
#15818=CARTESIAN_POINT('',(-0.00994406961436657,0.0227382053179404,0.0168));
#15819=CARTESIAN_POINT('',(-0.0101776003599449,0.0223377877014376,0.02));
#15820=CARTESIAN_POINT('',(-0.0101776003599449,0.0223377877014376,0.0168));
#15821=CARTESIAN_POINT('',(-0.00972258675032409,0.0237305016476597,0.02));
#15822=CARTESIAN_POINT('',(-0.0098273042415774,0.0229384141261917,0.02));
#15823=CARTESIAN_POINT('',(-0.0101776003599449,0.0223377877014376,0.02));
#15824=CARTESIAN_POINT('',(-0.0101776003599449,0.0223377877014376,0.02));
#15825=CARTESIAN_POINT('',(-0.0101776003599449,0.0223377877014376,0.02));
#15826=CARTESIAN_POINT('',(-0.0101776003599449,0.0223377877014376,0.02));
#15827=CARTESIAN_POINT('',(-0.0101776003599449,0.0223377877014376,0.0168));
#15828=CARTESIAN_POINT('',(-0.0103621508742409,0.0220213528059991,0.02));
#15829=CARTESIAN_POINT('',(-0.0103621508742409,0.0220213528059991,0.0168));
#15830=CARTESIAN_POINT('',(-0.0105742193342558,0.0218136689547501,0.02));
#15831=CARTESIAN_POINT('',(-0.0105742193342558,0.0218136689547501,0.0168));
#15832=CARTESIAN_POINT('',(-0.0108138057399896,0.0217147361476908,0.02));
#15833=CARTESIAN_POINT('',(-0.0108138057399896,0.0217147361476908,0.0168));
#15834=CARTESIAN_POINT('',(-0.0101776003599449,0.0223377877014376,0.02));
#15835=CARTESIAN_POINT('',(-0.0104544261313889,0.0218631353582798,0.02));
#15836=CARTESIAN_POINT('',(-0.0108138057399896,0.0217147361476908,0.02));
#15837=CARTESIAN_POINT('',(-0.0108138057399896,0.0217147361476908,0.02));
#15838=CARTESIAN_POINT('',(-0.0108138057399896,0.0217147361476908,0.02));
#15839=CARTESIAN_POINT('',(-0.0108138057399896,0.0217147361476908,0.02));
#15840=CARTESIAN_POINT('',(-0.0108138057399896,0.0217147361476908,0.0168));
#15841=CARTESIAN_POINT('',(-0.0110533921457234,0.0216158033406313,0.02));
#15842=CARTESIAN_POINT('',(-0.0110533921457234,0.0216158033406313,0.0168));
#15843=CARTESIAN_POINT('',(-0.0112939105101201,0.02163674601957,0.02));
#15844=CARTESIAN_POINT('',(-0.0112939105101201,0.02163674601957,0.0168));
#15845=CARTESIAN_POINT('',(-0.0115353608331798,0.0217775641845067,0.02));
#15846=CARTESIAN_POINT('',(-0.0115353608331798,0.0217775641845067,0.0168));
#15847=CARTESIAN_POINT('',(-0.0108138057399896,0.0217147361476908,0.02));
#15848=CARTESIAN_POINT('',(-0.0111731853485903,0.0215663369371016,0.02));
#15849=CARTESIAN_POINT('',(-0.0115353608331798,0.0217775641845067,0.02));
#15850=CARTESIAN_POINT('',(-0.0115353608331798,0.0217775641845067,0.02));
#15851=CARTESIAN_POINT('',(-0.0115353608331798,0.0217775641845067,0.02));
#15852=CARTESIAN_POINT('',(-0.0115353608331798,0.0217775641845067,0.02));
#15853=CARTESIAN_POINT('',(-0.0115353608331798,0.0217775641845067,0.0168));
#15854=CARTESIAN_POINT('',(-0.0117130742697176,0.0218812098524881,0.02));
#15855=CARTESIAN_POINT('',(-0.0117130742697176,0.0218812098524881,0.0168));
#15856=CARTESIAN_POINT('',(-0.0118397863601497,0.0219990750224076,0.02));
#15857=CARTESIAN_POINT('',(-0.0118397863601497,0.0219990750224076,0.0168));
#15858=CARTESIAN_POINT('',(-0.0119154971044761,0.022131159694265,0.02));
#15859=CARTESIAN_POINT('',(-0.0119154971044761,0.022131159694265,0.0168));
#15860=CARTESIAN_POINT('',(-0.0115353608331798,0.0217775641845067,0.02));
#15861=CARTESIAN_POINT('',(-0.0118019309879864,0.0219330326864788,0.02));
#15862=CARTESIAN_POINT('',(-0.0119154971044761,0.022131159694265,0.02));
#15863=CARTESIAN_POINT('',(-0.0119154971044761,0.022131159694265,0.02));
#15864=CARTESIAN_POINT('',(-0.0119154971044761,0.022131159694265,0.02));
#15865=CARTESIAN_POINT('',(-0.0119154971044761,0.022131159694265,0.02));
#15866=CARTESIAN_POINT('',(-0.0119154971044761,0.022131159694265,0.0168));
#15867=CARTESIAN_POINT('',(-0.0119912078488025,0.0222632443661225,0.02));
#15868=CARTESIAN_POINT('',(-0.0119912078488025,0.0222632443661225,0.0168));
#15869=CARTESIAN_POINT('',(-0.0120310093196617,0.0224349313682949,0.02));
#15870=CARTESIAN_POINT('',(-0.0120310093196617,0.0224349313682949,0.0168));
#15871=CARTESIAN_POINT('',(-0.0120349015170537,0.0226462207007822,0.02));
#15872=CARTESIAN_POINT('',(-0.0120349015170537,0.0226462207007822,0.0168));
#15873=CARTESIAN_POINT('',(-0.0119154971044761,0.022131159694265,0.02));
#15874=CARTESIAN_POINT('',(-0.0120290632209657,0.0223292867020513,0.02));
#15875=CARTESIAN_POINT('',(-0.0120349015170537,0.0226462207007822,0.02));
#15876=CARTESIAN_POINT('',(-0.0120349015170537,0.0226462207007822,0.02));
#15877=CARTESIAN_POINT('',(-0.0120349015170537,0.0226462207007822,0.02));
#15878=CARTESIAN_POINT('',(-0.0120349015170537,0.0226462207007822,0.02));
#15879=CARTESIAN_POINT('',(-0.0120349015170537,0.0226462207007822,0.0168));
#15880=CARTESIAN_POINT('',(-0.0120387937144456,0.0228575100332696,0.02));
#15881=CARTESIAN_POINT('',(-0.0120387937144456,0.0228575100332696,0.0168));
#15882=CARTESIAN_POINT('',(-0.0120045157833826,0.0231570769316637,0.02));
#15883=CARTESIAN_POINT('',(-0.0120045157833826,0.0231570769316637,0.0168));
#15884=CARTESIAN_POINT('',(-0.0119320677238646,0.0235449213959645,0.02));
#15885=CARTESIAN_POINT('',(-0.0119320677238646,0.0235449213959645,0.0168));
#15886=CARTESIAN_POINT('',(-0.0120349015170537,0.0226462207007822,0.02));
#15887=CARTESIAN_POINT('',(-0.0120407398131416,0.0229631546995132,0.02));
#15888=CARTESIAN_POINT('',(-0.0119320677238646,0.0235449213959645,0.02));
#15889=CARTESIAN_POINT('',(-0.0119320677238646,0.0235449213959645,0.02));
#15890=CARTESIAN_POINT('',(-0.0119320677238646,0.0235449213959645,0.02));
#15891=CARTESIAN_POINT('',(-0.0139410298353059,0.0207296408928706,0.02));
#15892=CARTESIAN_POINT('',(-0.0109706890194382,0.0199182762170546,0.02));
#15893=CARTESIAN_POINT('',(-0.0109706890194382,0.0199182762170546,0.02));
#15894=CARTESIAN_POINT('',(-0.0139410298353059,0.0207296408928706,0.02));
#15895=CARTESIAN_POINT('',(-0.0169113706511736,0.0215410055686866,0.02));
#15896=CARTESIAN_POINT('',(-0.0169113706511736,0.0215410055686866,0.02));
#15897=CARTESIAN_POINT('',(-0.0170835667767755,0.0212457538149451,0.02));
#15898=CARTESIAN_POINT('',(-0.0170835667767755,0.0212457538149451,0.02));
#15899=CARTESIAN_POINT('',(-0.0172557629023775,0.0209505020612036,0.02));
#15900=CARTESIAN_POINT('',(-0.0172557629023775,0.0209505020612036,0.02));
#15901=CARTESIAN_POINT('',(-0.0158378385463963,0.01942865431803,0.02));
#15902=CARTESIAN_POINT('',(-0.0158378385463963,0.01942865431803,0.02));
#15903=CARTESIAN_POINT('',(-0.0144200395877352,0.017906692613678,0.01999999975));
#15904=CARTESIAN_POINT('',(-0.0144199141904149,0.0179068065748563,0.02));
#15905=CARTESIAN_POINT('',(-0.00489084889203339,0.0265668282263876,0.0200000000000035));
#15906=CARTESIAN_POINT('',(-0.00489084889203339,0.0265668282263876,0.02));
#15907=CARTESIAN_POINT('',(-0.0139393377362972,0.0174049451644417,0.02));
#15908=CARTESIAN_POINT('',(-0.0139393377362972,0.0174049451644417,0.02));
#15909=CARTESIAN_POINT('',(-0.0139393377362972,0.0174049451644417,0.02));
#15910=CARTESIAN_POINT('',(-0.0139393377362972,0.0174049451644417,0.0168));
#15911=CARTESIAN_POINT('',(-0.0137430586106277,0.0172090747012949,0.02));
#15912=CARTESIAN_POINT('',(-0.0137430586106277,0.0172090747012949,0.0168));
#15913=CARTESIAN_POINT('',(-0.0136219548927341,0.0170962390110876,0.02));
#15914=CARTESIAN_POINT('',(-0.0136219548927341,0.0170962390110876,0.0168));
#15915=CARTESIAN_POINT('',(-0.0135760265826162,0.0170664380938199,0.02));
#15916=CARTESIAN_POINT('',(-0.0135760265826162,0.0170664380938199,0.0168));
#15917=CARTESIAN_POINT('',(-0.0139393377362972,0.0174049451644417,0.02));
#15918=CARTESIAN_POINT('',(-0.013644919047793,0.0171111394697215,0.02));
#15919=CARTESIAN_POINT('',(-0.0135760265826162,0.0170664380938199,0.02));
#15920=CARTESIAN_POINT('',(-0.0135771709111087,0.0170674563833854,0.02));
#15921=CARTESIAN_POINT('',(-0.0135760265826162,0.0170664380938199,0.02));
#15922=CARTESIAN_POINT('',(-0.0168018720913507,0.0083374974887566,0.0200000000000006));
#15923=CARTESIAN_POINT('',(-0.0168018720913507,0.0083374974887566,0.02));
#15924=CARTESIAN_POINT('',(-0.0147354250690702,0.017412150980167,0.0199999999999997));
#15925=CARTESIAN_POINT('',(-0.014735353383132,0.0174124684456264,0.02));
#15926=CARTESIAN_POINT('',(-0.016738789420115,0.0179071224458374,0.02));
#15927=CARTESIAN_POINT('',(-0.016738789420115,0.0179071224458374,0.02));
#15928=CARTESIAN_POINT('',(-0.018742225457098,0.0184017764460484,0.02));
#15929=CARTESIAN_POINT('',(-0.018742225457098,0.0184017764460484,0.02));
#15930=CARTESIAN_POINT('',(-0.0189144215827,0.018106524692307,0.02));
#15931=CARTESIAN_POINT('',(-0.0189144215827,0.018106524692307,0.02));
#15932=CARTESIAN_POINT('',(-0.019086617708302,0.0178112729385655,0.02));
#15933=CARTESIAN_POINT('',(-0.019086617708302,0.0178112729385655,0.02));
#15934=CARTESIAN_POINT('',(-0.016915922900468,0.0156288153568032,0.02));
#15935=CARTESIAN_POINT('',(-0.016915922900468,0.0156288153568032,0.02));
#15936=CARTESIAN_POINT('',(-0.014745228092634,0.013446357775041,0.02));
#15937=CARTESIAN_POINT('',(-0.014745228092634,0.013446357775041,0.02));
#15938=CARTESIAN_POINT('',(-0.0145605682474646,0.0137629801319104,0.02));
#15939=CARTESIAN_POINT('',(-0.0145605682474646,0.0137629801319104,0.02));
#15940=CARTESIAN_POINT('',(-0.0143759084022952,0.0140796024887799,0.02));
#15941=CARTESIAN_POINT('',(-0.0143759084022952,0.0140796024887799,0.02));
#15942=CARTESIAN_POINT('',(-0.015726146204912,0.0154112391223993,0.02));
#15943=CARTESIAN_POINT('',(-0.015726146204912,0.0154112391223993,0.02));
#15944=CARTESIAN_POINT('',(-0.0170766280510013,0.0167426298619792,0.01999999975));
#15945=CARTESIAN_POINT('',(-0.0170763840075289,0.0167428757560187,0.02));
#15946=CARTESIAN_POINT('',(-0.0268226268212256,0.0069227277612567,0.0200000000000009));
#15947=CARTESIAN_POINT('',(-0.0268226268212256,0.0069227277612567,0.02));
#15948=CARTESIAN_POINT('',(-0.0181396042540839,0.0176935449212419,0.02));
#15949=CARTESIAN_POINT('',(-0.0181396042543822,0.0176935449207334,0.02));
#15950=CARTESIAN_POINT('',(-0.0143970564347638,0.0269950643841191,0.0200000000000004));
#15951=CARTESIAN_POINT('',(-0.0143970564347638,0.0269950643841191,0.02));
#15952=CARTESIAN_POINT('',(-0.016719242600774,0.0172415058184556,0.02));
#15953=CARTESIAN_POINT('',(-0.0167192371120167,0.0172415288721264,0.02));
#15954=CARTESIAN_POINT('',(-0.0148886355831856,0.0167903957247706,0.02));
#15955=CARTESIAN_POINT('',(-0.0148886355831856,0.0167903957247706,0.02));
#15956=CARTESIAN_POINT('',(-0.0130580340543546,0.0163392625774148,0.02));
#15957=CARTESIAN_POINT('',(-0.0130580340543546,0.0163392625774148,0.02));
#15958=CARTESIAN_POINT('',(-0.0128733742091852,0.0166558849342842,0.02));
#15959=CARTESIAN_POINT('',(-0.0128733742091852,0.0166558849342842,0.02));
#15960=CARTESIAN_POINT('',(-0.0126887143640158,0.0169725072911537,0.02));
#15961=CARTESIAN_POINT('',(-0.0126887143640158,0.0169725072911537,0.02));
#15962=CARTESIAN_POINT('',(-0.0139833318761021,0.0183749587131086,0.02));
#15963=CARTESIAN_POINT('',(-0.0139833318761021,0.0183749587131086,0.02));
#15964=CARTESIAN_POINT('',(-0.0152776480834986,0.0197776914506929,0.01999999975));
#15965=CARTESIAN_POINT('',(-0.0152779493881884,0.0197774101350635,0.02));
#15966=CARTESIAN_POINT('',(-0.0234376442889182,0.0121590431336314,0.0200000000000006));
#15967=CARTESIAN_POINT('',(-0.0234376442889182,0.0121590431336314,0.02));
#15968=CARTESIAN_POINT('',(-0.0163424819551061,0.0207796244402261,0.02));
#15969=CARTESIAN_POINT('',(-0.0163424819551061,0.0207796244402261,0.02));
#15970=CARTESIAN_POINT('',(-0.0163424819551061,0.0207796244402261,0.02));
#15971=CARTESIAN_POINT('',(-0.0163424819551061,0.0207796244402261,0.0168));
#15972=CARTESIAN_POINT('',(-0.0159833110441287,0.0206304435524984,0.02));
#15973=CARTESIAN_POINT('',(-0.0159833110441287,0.0206304435524984,0.0168));
#15974=CARTESIAN_POINT('',(-0.0155288205373922,0.0204784278481378,0.02));
#15975=CARTESIAN_POINT('',(-0.0155288205373922,0.0204784278481378,0.0168));
#15976=CARTESIAN_POINT('',(-0.0149790104348965,0.0203235773271445,0.02));
#15977=CARTESIAN_POINT('',(-0.0149790104348965,0.0203235773271445,0.0168));
#15978=CARTESIAN_POINT('',(-0.0163424819551061,0.0207796244402261,0.02));
#15979=CARTESIAN_POINT('',(-0.01580372558864,0.0205558531086345,0.02));
#15980=CARTESIAN_POINT('',(-0.0149790104348965,0.0203235773271445,0.02));
#15981=CARTESIAN_POINT('',(-0.0149790104348965,0.0203235773271445,0.02));
#15982=CARTESIAN_POINT('',(-0.0149790104348965,0.0203235773271445,0.02));
#15983=CARTESIAN_POINT('',(-0.0131595095723368,0.0198043044152301,0.02));
#15984=CARTESIAN_POINT('',(-0.0131595095723368,0.0198043044152301,0.02));
#15985=CARTESIAN_POINT('',(-0.011340008709777,0.0192850315033157,0.02));
#15986=CARTESIAN_POINT('',(-0.011340008709777,0.0192850315033157,0.02));
#15987=CARTESIAN_POINT('',(-0.0180931097420325,0.014402543497752,0.02));
#15988=CARTESIAN_POINT('',(-0.0180931097420325,0.014402543497752,0.0168));
#15989=CARTESIAN_POINT('',(-0.0181954870415562,0.0147335749502909,0.02));
#15990=CARTESIAN_POINT('',(-0.0181954870415562,0.0147335749502909,0.0168));
#15991=CARTESIAN_POINT('',(-0.0184221395906845,0.015001424374061,0.02));
#15992=CARTESIAN_POINT('',(-0.0184221395906845,0.015001424374061,0.0168));
#15993=CARTESIAN_POINT('',(-0.0187730673894173,0.0152060917690622,0.02));
#15994=CARTESIAN_POINT('',(-0.0187730673894173,0.0152060917690622,0.0168));
#15995=CARTESIAN_POINT('',(-0.0180931097420325,0.014402543497752,0.02));
#15996=CARTESIAN_POINT('',(-0.0180931097420325,0.014402543497752,0.02));
#15997=CARTESIAN_POINT('',(-0.0180931097420325,0.014402543497752,0.02));
#15998=CARTESIAN_POINT('',(-0.0182466756913181,0.0148990906765603,0.02));
#15999=CARTESIAN_POINT('',(-0.0187730673894173,0.0152060917690622,0.02));
#16000=CARTESIAN_POINT('',(-0.0187730673894173,0.0152060917690622,0.02));
#16001=CARTESIAN_POINT('',(-0.0187730673894173,0.0152060917690622,0.02));
#16002=CARTESIAN_POINT('',(-0.0187730673894173,0.0152060917690622,0.02));
#16003=CARTESIAN_POINT('',(-0.0187730673894173,0.0152060917690622,0.0168));
#16004=CARTESIAN_POINT('',(-0.0192252243608614,0.0154697978356984,0.02));
#16005=CARTESIAN_POINT('',(-0.0192252243608614,0.0154697978356984,0.0168));
#16006=CARTESIAN_POINT('',(-0.0196736912881269,0.015511529787355,0.02));
#16007=CARTESIAN_POINT('',(-0.0196736912881269,0.015511529787355,0.0168));
#16008=CARTESIAN_POINT('',(-0.0201184681712139,0.015331287624032,0.02));
#16009=CARTESIAN_POINT('',(-0.0201184681712139,0.015331287624032,0.0168));
#16010=CARTESIAN_POINT('',(-0.0187730673894173,0.0152060917690622,0.02));
#16011=CARTESIAN_POINT('',(-0.0194513028465834,0.0156016508690165,0.02));
#16012=CARTESIAN_POINT('',(-0.0201184681712139,0.015331287624032,0.02));
#16013=CARTESIAN_POINT('',(-0.0201184681712139,0.015331287624032,0.02));
#16014=CARTESIAN_POINT('',(-0.0201184681712139,0.015331287624032,0.02));
#16015=CARTESIAN_POINT('',(-0.0201184681712139,0.015331287624032,0.02));
#16016=CARTESIAN_POINT('',(-0.0201184681712139,0.015331287624032,0.0168));
#16017=CARTESIAN_POINT('',(-0.0205632450543009,0.015151045460709,0.02));
#16018=CARTESIAN_POINT('',(-0.0205632450543009,0.015151045460709,0.0168));
#16019=CARTESIAN_POINT('',(-0.0209496298059415,0.014779732232627,0.02));
#16020=CARTESIAN_POINT('',(-0.0209496298059415,0.014779732232627,0.0168));
#16021=CARTESIAN_POINT('',(-0.0212776224261358,0.0142173479397861,0.02));
#16022=CARTESIAN_POINT('',(-0.0212776224261358,0.0142173479397861,0.0168));
#16023=CARTESIAN_POINT('',(-0.0201184681712139,0.015331287624032,0.02));
#16024=CARTESIAN_POINT('',(-0.0207856334958443,0.0150609243790475,0.02));
#16025=CARTESIAN_POINT('',(-0.0212776224261358,0.0142173479397861,0.02));
#16026=CARTESIAN_POINT('',(-0.0212776224261358,0.0142173479397861,0.02));
#16027=CARTESIAN_POINT('',(-0.0212776224261358,0.0142173479397861,0.02));
#16028=CARTESIAN_POINT('',(-0.0212776224261358,0.0142173479397861,0.02));
#16029=CARTESIAN_POINT('',(-0.0212776224261358,0.0142173479397861,0.0168));
#16030=CARTESIAN_POINT('',(-0.0216327291029328,0.0136084732120703,0.02));
#16031=CARTESIAN_POINT('',(-0.0216327291029328,0.0136084732120703,0.0168));
#16032=CARTESIAN_POINT('',(-0.0218273224854303,0.0130939006678756,0.02));
#16033=CARTESIAN_POINT('',(-0.0218273224854303,0.0130939006678756,0.0168));
#16034=CARTESIAN_POINT('',(-0.0218614025736282,0.0126736303072021,0.02));
#16035=CARTESIAN_POINT('',(-0.0218614025736282,0.0126736303072021,0.0168));
#16036=CARTESIAN_POINT('',(-0.0212776224261358,0.0142173479397861,0.02));
#16037=CARTESIAN_POINT('',(-0.0218102824413312,0.0133040358482124,0.02));
#16038=CARTESIAN_POINT('',(-0.0218614025736282,0.0126736303072021,0.02));
#16039=CARTESIAN_POINT('',(-0.0218614025736282,0.0126736303072021,0.02));
#16040=CARTESIAN_POINT('',(-0.0218614025736282,0.0126736303072021,0.02));
#16041=CARTESIAN_POINT('',(-0.0215734618156937,0.0125056980856627,0.02));
#16042=CARTESIAN_POINT('',(-0.0215734618156937,0.0125056980856627,0.02));
#16043=CARTESIAN_POINT('',(-0.0212858403811957,0.0123379520992866,0.02));
#16044=CARTESIAN_POINT('',(-0.0212858403811957,0.0123379520992866,0.02));
#16045=CARTESIAN_POINT('',(-0.016943860146238,0.0117375226548267,0.0200000000000003));
#16046=CARTESIAN_POINT('',(-0.016943860146238,0.0117375226548267,0.02));
#16047=CARTESIAN_POINT('',(-0.0210935715862207,0.0131498630276583,0.02));
#16048=CARTESIAN_POINT('',(-0.0210937338309234,0.0131499182470988,0.02));
#16049=CARTESIAN_POINT('',(-0.0171286584354661,0.011836612493991,0.0200000000000002));
#16050=CARTESIAN_POINT('',(-0.0171286584354661,0.011836612493991,0.02));
#16051=CARTESIAN_POINT('',(-0.0207410165456406,0.013933029420893,0.02));
#16052=CARTESIAN_POINT('',(-0.0207410165456406,0.013933029420893,0.02));
#16053=CARTESIAN_POINT('',(-0.0207410165456406,0.013933029420893,0.02));
#16054=CARTESIAN_POINT('',(-0.0207410165456406,0.013933029420893,0.0168));
#16055=CARTESIAN_POINT('',(-0.0205087977705431,0.0143311975002244,0.02));
#16056=CARTESIAN_POINT('',(-0.0205087977705431,0.0143311975002244,0.0168));
#16057=CARTESIAN_POINT('',(-0.0202583214164345,0.0145870754477601,0.02));
#16058=CARTESIAN_POINT('',(-0.0202583214164345,0.0145870754477601,0.0168));
#16059=CARTESIAN_POINT('',(-0.0199895874833149,0.0147006632635002,0.02));
#16060=CARTESIAN_POINT('',(-0.0199895874833149,0.0147006632635002,0.0168));
#16061=CARTESIAN_POINT('',(-0.0207410165456406,0.013933029420893,0.02));
#16062=CARTESIAN_POINT('',(-0.0203926883829943,0.0145302815398901,0.02));
#16063=CARTESIAN_POINT('',(-0.0199895874833149,0.0147006632635002,0.02));
#16064=CARTESIAN_POINT('',(-0.0199895874833149,0.0147006632635002,0.02));
#16065=CARTESIAN_POINT('',(-0.0199895874833149,0.0147006632635002,0.02));
#16066=CARTESIAN_POINT('',(-0.0199895874833149,0.0147006632635002,0.02));
#16067=CARTESIAN_POINT('',(-0.0199895874833149,0.0147006632635002,0.0168));
#16068=CARTESIAN_POINT('',(-0.0197208535501953,0.0148142510792403,0.02));
#16069=CARTESIAN_POINT('',(-0.0197208535501953,0.0148142510792403,0.0168));
#16070=CARTESIAN_POINT('',(-0.0194515143533536,0.0147923267582637,0.02));
#16071=CARTESIAN_POINT('',(-0.0194515143533536,0.0147923267582637,0.0168));
#16072=CARTESIAN_POINT('',(-0.01918156989279,0.0146348903005704,0.02));
#16073=CARTESIAN_POINT('',(-0.01918156989279,0.0146348903005704,0.0168));
#16074=CARTESIAN_POINT('',(-0.0199895874833149,0.0147006632635002,0.02));
#16075=CARTESIAN_POINT('',(-0.0195864865836354,0.0148710449871103,0.02));
#16076=CARTESIAN_POINT('',(-0.01918156989279,0.0146348903005704,0.02));
#16077=CARTESIAN_POINT('',(-0.01918156989279,0.0146348903005704,0.02));
#16078=CARTESIAN_POINT('',(-0.01918156989279,0.0146348903005704,0.02));
#16079=CARTESIAN_POINT('',(-0.01918156989279,0.0146348903005704,0.02));
#16080=CARTESIAN_POINT('',(-0.01918156989279,0.0146348903005704,0.0168));
#16081=CARTESIAN_POINT('',(-0.0190038564562522,0.014531244632589,0.02));
#16082=CARTESIAN_POINT('',(-0.0190038564562522,0.014531244632589,0.0168));
#16083=CARTESIAN_POINT('',(-0.0188790811212254,0.0144104894106478,0.02));
#16084=CARTESIAN_POINT('',(-0.0188790811212254,0.0144104894106478,0.0168));
#16085=CARTESIAN_POINT('',(-0.0188072438877097,0.0142726246347469,0.02));
#16086=CARTESIAN_POINT('',(-0.0188072438877097,0.0142726246347469,0.0168));
#16087=CARTESIAN_POINT('',(-0.01918156989279,0.0146348903005704,0.02));
#16088=CARTESIAN_POINT('',(-0.0189149997379833,0.0144794217985983,0.02));
#16089=CARTESIAN_POINT('',(-0.0188072438877097,0.0142726246347469,0.02));
#16090=CARTESIAN_POINT('',(-0.0188072438877097,0.0142726246347469,0.02));
#16091=CARTESIAN_POINT('',(-0.0188072438877097,0.0142726246347469,0.02));
#16092=CARTESIAN_POINT('',(-0.0188072438877097,0.0142726246347469,0.02));
#16093=CARTESIAN_POINT('',(-0.0188072438877097,0.0142726246347469,0.0168));
#16094=CARTESIAN_POINT('',(-0.0187354066541939,0.0141347598588459,0.02));
#16095=CARTESIAN_POINT('',(-0.0187354066541939,0.0141347598588459,0.0168));
#16096=CARTESIAN_POINT('',(-0.0187001813500916,0.0139539341767988,0.02));
#16097=CARTESIAN_POINT('',(-0.0187001813500916,0.0139539341767988,0.0168));
#16098=CARTESIAN_POINT('',(-0.0187015679754027,0.0137301475886056,0.02));
#16099=CARTESIAN_POINT('',(-0.0187015679754027,0.0137301475886056,0.0168));
#16100=CARTESIAN_POINT('',(-0.0188072438877097,0.0142726246347469,0.02));
#16101=CARTESIAN_POINT('',(-0.018699488037436,0.0140658274708954,0.02));
#16102=CARTESIAN_POINT('',(-0.0187015679754027,0.0137301475886056,0.02));
#16103=CARTESIAN_POINT('',(-0.0187015679754027,0.0137301475886056,0.02));
#16104=CARTESIAN_POINT('',(-0.0187015679754027,0.0137301475886056,0.02));
#16105=CARTESIAN_POINT('',(-0.0187015679754027,0.0137301475886056,0.02));
#16106=CARTESIAN_POINT('',(-0.0187015679754027,0.0137301475886056,0.0168));
#16107=CARTESIAN_POINT('',(-0.0187029546007138,0.0135063610004123,0.02));
#16108=CARTESIAN_POINT('',(-0.0187029546007138,0.0135063610004123,0.0168));
#16109=CARTESIAN_POINT('',(-0.0187426201662816,0.0131880796783111,0.02));
#16110=CARTESIAN_POINT('',(-0.0187426201662816,0.0131880796783111,0.0168));
#16111=CARTESIAN_POINT('',(-0.0188205646721061,0.0127753036223018,0.02));
#16112=CARTESIAN_POINT('',(-0.0188205646721061,0.0127753036223018,0.0168));
#16113=CARTESIAN_POINT('',(-0.0187015679754027,0.0137301475886056,0.02));
#16114=CARTESIAN_POINT('',(-0.0187036479133694,0.0133944677063157,0.02));
#16115=CARTESIAN_POINT('',(-0.0188205646721061,0.0127753036223018,0.02));
#16116=CARTESIAN_POINT('',(-0.0188205646721061,0.0127753036223018,0.02));
#16117=CARTESIAN_POINT('',(-0.0188205646721061,0.0127753036223018,0.02));
#16118=CARTESIAN_POINT('',(-0.0188205646721061,0.0127753036223018,0.02));
#16119=CARTESIAN_POINT('',(-0.0188205646721061,0.0127753036223018,0.0168));
#16120=CARTESIAN_POINT('',(-0.0189281749125008,0.0121979421397099,0.02));
#16121=CARTESIAN_POINT('',(-0.0189281749125008,0.0121979421397099,0.0168));
#16122=CARTESIAN_POINT('',(-0.0189246206261051,0.0117383881998121,0.02));
#16123=CARTESIAN_POINT('',(-0.0189246206261051,0.0117383881998121,0.0168));
#16124=CARTESIAN_POINT('',(-0.0188099018129189,0.0113966418026085,0.02));
#16125=CARTESIAN_POINT('',(-0.0188099018129189,0.0113966418026085,0.0168));
#16126=CARTESIAN_POINT('',(-0.0188205646721061,0.0127753036223018,0.02));
#16127=CARTESIAN_POINT('',(-0.0189819800326982,0.0119092613984139,0.02));
#16128=CARTESIAN_POINT('',(-0.0188099018129189,0.0113966418026085,0.02));
#16129=CARTESIAN_POINT('',(-0.0188099018129189,0.0113966418026085,0.02));
#16130=CARTESIAN_POINT('',(-0.0188099018129189,0.0113966418026085,0.02));
#16131=CARTESIAN_POINT('',(-0.0188099018129189,0.0113966418026085,0.02));
#16132=CARTESIAN_POINT('',(-0.0188099018129189,0.0113966418026085,0.0168));
#16133=CARTESIAN_POINT('',(-0.0186951829997327,0.0110548954054048,0.02));
#16134=CARTESIAN_POINT('',(-0.0186951829997327,0.0110548954054048,0.0168));
#16135=CARTESIAN_POINT('',(-0.0184492373936069,0.0107740353481646,0.02));
#16136=CARTESIAN_POINT('',(-0.0184492373936069,0.0107740353481646,0.0168));
#16137=CARTESIAN_POINT('',(-0.0180720649945416,0.0105540616308876,0.02));
#16138=CARTESIAN_POINT('',(-0.0180720649945416,0.0105540616308876,0.0168));
#16139=CARTESIAN_POINT('',(-0.0188099018129189,0.0113966418026085,0.02));
#16140=CARTESIAN_POINT('',(-0.0186378235931396,0.010884022206803,0.02));
#16141=CARTESIAN_POINT('',(-0.0180720649945416,0.0105540616308876,0.02));
#16142=CARTESIAN_POINT('',(-0.0180720649945416,0.0105540616308876,0.02));
#16143=CARTESIAN_POINT('',(-0.0180720649945416,0.0105540616308876,0.02));
#16144=CARTESIAN_POINT('',(-0.0180720649945416,0.0105540616308876,0.02));
#16145=CARTESIAN_POINT('',(-0.0180720649945416,0.0105540616308876,0.0168));
#16146=CARTESIAN_POINT('',(-0.0176761464523815,0.0103231548262708,0.02));
#16147=CARTESIAN_POINT('',(-0.0176761464523815,0.0103231548262708,0.0168));
#16148=CARTESIAN_POINT('',(-0.0172743244043549,0.0102880265428296,0.02));
#16149=CARTESIAN_POINT('',(-0.0172743244043549,0.0102880265428296,0.0168));
#16150=CARTESIAN_POINT('',(-0.0168665988504619,0.0104486767805639,0.02));
#16151=CARTESIAN_POINT('',(-0.0168665988504619,0.0104486767805639,0.0168));
#16152=CARTESIAN_POINT('',(-0.0180720649945416,0.0105540616308876,0.02));
#16153=CARTESIAN_POINT('',(-0.0174781871813015,0.0102077014239625,0.02));
#16154=CARTESIAN_POINT('',(-0.0168665988504619,0.0104486767805639,0.02));
#16155=CARTESIAN_POINT('',(-0.0168665988504619,0.0104486767805639,0.02));
#16156=CARTESIAN_POINT('',(-0.0168665988504619,0.0104486767805639,0.02));
#16157=CARTESIAN_POINT('',(-0.0168665988504619,0.0104486767805639,0.02));
#16158=CARTESIAN_POINT('',(-0.0168665988504619,0.0104486767805639,0.0168));
#16159=CARTESIAN_POINT('',(-0.0164588732965688,0.0106093270182982,0.02));
#16160=CARTESIAN_POINT('',(-0.0164588732965688,0.0106093270182982,0.0168));
#16161=CARTESIAN_POINT('',(-0.0161120057372175,0.010934851688844,0.02));
#16162=CARTESIAN_POINT('',(-0.0161120057372175,0.010934851688844,0.0168));
#16163=CARTESIAN_POINT('',(-0.0158259961724081,0.0114252507922013,0.02));
#16164=CARTESIAN_POINT('',(-0.0158259961724081,0.0114252507922013,0.0168));
#16165=CARTESIAN_POINT('',(-0.0168665988504619,0.0104486767805639,0.02));
#16166=CARTESIAN_POINT('',(-0.0162550105196222,0.0106896521371653,0.02));
#16167=CARTESIAN_POINT('',(-0.0158259961724081,0.0114252507922013,0.02));
#16168=CARTESIAN_POINT('',(-0.0158259961724081,0.0114252507922013,0.02));
#16169=CARTESIAN_POINT('',(-0.0158259961724081,0.0114252507922013,0.02));
#16170=CARTESIAN_POINT('',(-0.0158259961724081,0.0114252507922013,0.02));
#16171=CARTESIAN_POINT('',(-0.0158259961724081,0.0114252507922013,0.0168));
#16172=CARTESIAN_POINT('',(-0.0155281788732717,0.0119358957301009,0.02));
#16173=CARTESIAN_POINT('',(-0.0155281788732717,0.0119358957301009,0.0168));
#16174=CARTESIAN_POINT('',(-0.0153479264200096,0.012460339512753,0.02));
#16175=CARTESIAN_POINT('',(-0.0153479264200096,0.012460339512753,0.0168));
#16176=CARTESIAN_POINT('',(-0.0152852388126217,0.0129985821401578,0.02));
#16177=CARTESIAN_POINT('',(-0.0152852388126217,0.0129985821401578,0.0168));
#16178=CARTESIAN_POINT('',(-0.0158259961724081,0.0114252507922013,0.02));
#16179=CARTESIAN_POINT('',(-0.0153792702237035,0.0121912181990507,0.02));
#16180=CARTESIAN_POINT('',(-0.0152852388126217,0.0129985821401578,0.02));
#16181=CARTESIAN_POINT('',(-0.0152852388126217,0.0129985821401578,0.02));
#16182=CARTESIAN_POINT('',(-0.0152852388126217,0.0129985821401578,0.02));
#16183=CARTESIAN_POINT('',(-0.0155995071308665,0.013056758938076,0.02));
#16184=CARTESIAN_POINT('',(-0.0155995071308665,0.013056758938076,0.02));
#16185=CARTESIAN_POINT('',(-0.0159137754491112,0.0131149357359942,0.02));
#16186=CARTESIAN_POINT('',(-0.0159137754491112,0.0131149357359942,0.02));
#16187=CARTESIAN_POINT('',(-0.0159137754491112,0.0131149357359942,0.02));
#16188=CARTESIAN_POINT('',(-0.0159137754491112,0.0131149357359942,0.0168));
#16189=CARTESIAN_POINT('',(-0.0159835871099468,0.0125868773883488,0.02));
#16190=CARTESIAN_POINT('',(-0.0159835871099468,0.0125868773883488,0.0168));
#16191=CARTESIAN_POINT('',(-0.0161352583131537,0.0121226394062747,0.02));
#16192=CARTESIAN_POINT('',(-0.0161352583131537,0.0121226394062747,0.0168));
#16193=CARTESIAN_POINT('',(-0.016368789058732,0.011722221789772,0.02));
#16194=CARTESIAN_POINT('',(-0.016368789058732,0.011722221789772,0.0168));
#16195=CARTESIAN_POINT('',(-0.0159137754491112,0.0131149357359942,0.02));
#16196=CARTESIAN_POINT('',(-0.0160184929403645,0.0123228482145261,0.02));
#16197=CARTESIAN_POINT('',(-0.016368789058732,0.011722221789772,0.02));
#16198=CARTESIAN_POINT('',(-0.016368789058732,0.011722221789772,0.02));
#16199=CARTESIAN_POINT('',(-0.016368789058732,0.011722221789772,0.02));
#16200=CARTESIAN_POINT('',(-0.016368789058732,0.011722221789772,0.02));
#16201=CARTESIAN_POINT('',(-0.016368789058732,0.011722221789772,0.0168));
#16202=CARTESIAN_POINT('',(-0.016553339573028,0.0114057868943335,0.02));
#16203=CARTESIAN_POINT('',(-0.016553339573028,0.0114057868943335,0.0168));
#16204=CARTESIAN_POINT('',(-0.0167654080330429,0.0111981030430845,0.02));
#16205=CARTESIAN_POINT('',(-0.0167654080330429,0.0111981030430845,0.0168));
#16206=CARTESIAN_POINT('',(-0.0170049944387767,0.0110991702360251,0.02));
#16207=CARTESIAN_POINT('',(-0.0170049944387767,0.0110991702360251,0.0168));
#16208=CARTESIAN_POINT('',(-0.016368789058732,0.011722221789772,0.02));
#16209=CARTESIAN_POINT('',(-0.016645614830176,0.0112475694466142,0.02));
#16210=CARTESIAN_POINT('',(-0.0170049944387767,0.0110991702360251,0.02));
#16211=CARTESIAN_POINT('',(-0.0170049944387767,0.0110991702360251,0.02));
#16212=CARTESIAN_POINT('',(-0.0170049944387767,0.0110991702360251,0.02));
#16213=CARTESIAN_POINT('',(-0.0170049944387767,0.0110991702360251,0.02));
#16214=CARTESIAN_POINT('',(-0.0170049944387767,0.0110991702360251,0.0168));
#16215=CARTESIAN_POINT('',(-0.0172445808445105,0.0110002374289657,0.02));
#16216=CARTESIAN_POINT('',(-0.0172445808445105,0.0110002374289657,0.0168));
#16217=CARTESIAN_POINT('',(-0.0174850992089073,0.0110211801079044,0.02));
#16218=CARTESIAN_POINT('',(-0.0174850992089073,0.0110211801079044,0.0168));
#16219=CARTESIAN_POINT('',(-0.017726549531967,0.0111619982728411,0.02));
#16220=CARTESIAN_POINT('',(-0.017726549531967,0.0111619982728411,0.0168));
#16221=CARTESIAN_POINT('',(-0.0170049944387767,0.0110991702360251,0.02));
#16222=CARTESIAN_POINT('',(-0.0173643740473774,0.010950771025436,0.02));
#16223=CARTESIAN_POINT('',(-0.017726549531967,0.0111619982728411,0.02));
#16224=CARTESIAN_POINT('',(-0.017726549531967,0.0111619982728411,0.02));
#16225=CARTESIAN_POINT('',(-0.017726549531967,0.0111619982728411,0.02));
#16226=CARTESIAN_POINT('',(-0.017726549531967,0.0111619982728411,0.02));
#16227=CARTESIAN_POINT('',(-0.017726549531967,0.0111619982728411,0.0168));
#16228=CARTESIAN_POINT('',(-0.0179042629685047,0.0112656439408225,0.02));
#16229=CARTESIAN_POINT('',(-0.0179042629685047,0.0112656439408225,0.0168));
#16230=CARTESIAN_POINT('',(-0.0180309750589368,0.0113835091107419,0.02));
#16231=CARTESIAN_POINT('',(-0.0180309750589368,0.0113835091107419,0.0168));
#16232=CARTESIAN_POINT('',(-0.0181066858032633,0.0115155937825994,0.02));
#16233=CARTESIAN_POINT('',(-0.0181066858032633,0.0115155937825994,0.0168));
#16234=CARTESIAN_POINT('',(-0.017726549531967,0.0111619982728411,0.02));
#16235=CARTESIAN_POINT('',(-0.0179931196867736,0.0113174667748132,0.02));
#16236=CARTESIAN_POINT('',(-0.0181066858032633,0.0115155937825994,0.02));
#16237=CARTESIAN_POINT('',(-0.0181066858032633,0.0115155937825994,0.02));
#16238=CARTESIAN_POINT('',(-0.0181066858032633,0.0115155937825994,0.02));
#16239=CARTESIAN_POINT('',(-0.0181066858032633,0.0115155937825994,0.02));
#16240=CARTESIAN_POINT('',(-0.0181066858032633,0.0115155937825994,0.0168));
#16241=CARTESIAN_POINT('',(-0.0181823965475897,0.0116476784544569,0.02));
#16242=CARTESIAN_POINT('',(-0.0181823965475897,0.0116476784544569,0.0168));
#16243=CARTESIAN_POINT('',(-0.0182221980184489,0.0118193654566293,0.02));
#16244=CARTESIAN_POINT('',(-0.0182221980184489,0.0118193654566293,0.0168));
#16245=CARTESIAN_POINT('',(-0.0182260902158408,0.0120306547891166,0.02));
#16246=CARTESIAN_POINT('',(-0.0182260902158408,0.0120306547891166,0.0168));
#16247=CARTESIAN_POINT('',(-0.0181066858032633,0.0115155937825994,0.02));
#16248=CARTESIAN_POINT('',(-0.0182202519197529,0.0117137207903856,0.02));
#16249=CARTESIAN_POINT('',(-0.0182260902158408,0.0120306547891166,0.02));
#16250=CARTESIAN_POINT('',(-0.0182260902158408,0.0120306547891166,0.02));
#16251=CARTESIAN_POINT('',(-0.0182260902158408,0.0120306547891166,0.02));
#16252=CARTESIAN_POINT('',(-0.0182260902158408,0.0120306547891166,0.02));
#16253=CARTESIAN_POINT('',(-0.0182260902158408,0.0120306547891166,0.0168));
#16254=CARTESIAN_POINT('',(-0.0182299824132328,0.012241944121604,0.02));
#16255=CARTESIAN_POINT('',(-0.0182299824132328,0.012241944121604,0.0168));
#16256=CARTESIAN_POINT('',(-0.0181957044821698,0.0125415110199981,0.02));
#16257=CARTESIAN_POINT('',(-0.0181957044821698,0.0125415110199981,0.0168));
#16258=CARTESIAN_POINT('',(-0.0181232564226518,0.0129293554842989,0.02));
#16259=CARTESIAN_POINT('',(-0.0181232564226518,0.0129293554842989,0.0168));
#16260=CARTESIAN_POINT('',(-0.0182260902158408,0.0120306547891166,0.02));
#16261=CARTESIAN_POINT('',(-0.0182319285119287,0.0123475887878476,0.02));
#16262=CARTESIAN_POINT('',(-0.0181232564226518,0.0129293554842989,0.02));
#16263=CARTESIAN_POINT('',(-0.0181232564226518,0.0129293554842989,0.02));
#16264=CARTESIAN_POINT('',(-0.0181232564226518,0.0129293554842989,0.02));
#16265=CARTESIAN_POINT('',(-0.0199629077179049,0.00745283324102202,0.02));
#16266=CARTESIAN_POINT('',(-0.0190747306791984,0.00602288510954056,0.02));
#16267=CARTESIAN_POINT('',(-0.0190747306791984,0.00602288510954056,0.02));
#16268=CARTESIAN_POINT('',(-0.0199629077179049,0.00745283324102202,0.02));
#16269=CARTESIAN_POINT('',(-0.0208510847566113,0.00888278137250349,0.02));
#16270=CARTESIAN_POINT('',(-0.0208510847566113,0.00888278137250349,0.02));
#16271=CARTESIAN_POINT('',(-0.0191665416360731,0.00881830230403983,0.02));
#16272=CARTESIAN_POINT('',(-0.0191665416360731,0.00881830230403983,0.02));
#16273=CARTESIAN_POINT('',(-0.017481998515535,0.00875382323557617,0.02));
#16274=CARTESIAN_POINT('',(-0.017481998515535,0.00875382323557617,0.02));
#16275=CARTESIAN_POINT('',(-0.0172934027589233,0.00907719420395972,0.02));
#16276=CARTESIAN_POINT('',(-0.0172934027589233,0.00907719420395972,0.02));
#16277=CARTESIAN_POINT('',(-0.0171048070023116,0.00940056517234326,0.02));
#16278=CARTESIAN_POINT('',(-0.0171048070023116,0.00940056517234326,0.02));
#16279=CARTESIAN_POINT('',(-0.019177984615184,0.00946032448444421,0.02));
#16280=CARTESIAN_POINT('',(-0.019177984615184,0.00946032448444421,0.02));
#16281=CARTESIAN_POINT('',(-0.0212511622280564,0.00952008379654517,0.02));
#16282=CARTESIAN_POINT('',(-0.0212511622280564,0.00952008379654517,0.02));
#16283=CARTESIAN_POINT('',(-0.0222477071949705,0.0101012867195294,0.02));
#16284=CARTESIAN_POINT('',(-0.0222477071949705,0.0101012867195294,0.02));
#16285=CARTESIAN_POINT('',(-0.0232442521618847,0.0106824896425137,0.02));
#16286=CARTESIAN_POINT('',(-0.0232442521618847,0.0106824896425137,0.02));
#16287=CARTESIAN_POINT('',(-0.0234203841989289,0.0103804892772581,0.02));
#16288=CARTESIAN_POINT('',(-0.0234203841989289,0.0103804892772581,0.02));
#16289=CARTESIAN_POINT('',(-0.0235965162359733,0.0100784889120025,0.02));
#16290=CARTESIAN_POINT('',(-0.0235965162359733,0.0100784889120025,0.02));
#16291=CARTESIAN_POINT('',(-0.0226140308763801,0.0095054858045231,0.02));
#16292=CARTESIAN_POINT('',(-0.0226140308763801,0.0095054858045231,0.02));
#16293=CARTESIAN_POINT('',(-0.021631545516787,0.00893248269704371,0.02));
#16294=CARTESIAN_POINT('',(-0.021631545516787,0.00893248269704371,0.02));
#16295=CARTESIAN_POINT('',(-0.0205437018103256,0.00715093862915155,0.02));
#16296=CARTESIAN_POINT('',(-0.0205437018103256,0.00715093862915155,0.02));
#16297=CARTESIAN_POINT('',(-0.0194558581038641,0.00536939456125939,0.02));
#16298=CARTESIAN_POINT('',(-0.0194558581038641,0.00536939456125939,0.02));
#16299=CARTESIAN_POINT('',(-0.0403054442865303,-0.0185710541181935,0.02));
#16300=CARTESIAN_POINT('',(-0.0401791671277555,-0.0183545361654498,0.02));
#16301=CARTESIAN_POINT('',(-0.0401791671277555,-0.0183545361654498,0.02));
#16302=CARTESIAN_POINT('',(-0.0403054442865303,-0.0185710541181935,0.02));
#16303=CARTESIAN_POINT('',(-0.0404317214453051,-0.0187875720709374,0.02));
#16304=CARTESIAN_POINT('',(-0.0404317214453051,-0.0187875720709374,0.02));
#16305=CARTESIAN_POINT('',(-0.0401910611502787,-0.0190055580517547,0.02));
#16306=CARTESIAN_POINT('',(-0.0401910611502787,-0.0190055580517547,0.02));
#16307=CARTESIAN_POINT('',(-0.0399504008552524,-0.0192235440325722,0.02));
#16308=CARTESIAN_POINT('',(-0.0399504008552524,-0.0192235440325722,0.02));
#16309=CARTESIAN_POINT('',(-0.0399586006707572,-0.0192376036398932,0.02));
#16310=CARTESIAN_POINT('',(-0.0399586006707572,-0.0192376036398932,0.02));
#16311=CARTESIAN_POINT('',(-0.0399668004862621,-0.0192516632472142,0.02));
#16312=CARTESIAN_POINT('',(-0.0399668004862621,-0.0192516632472142,0.02));
#16313=CARTESIAN_POINT('',(-0.0399668004862621,-0.0192516632472142,0.02));
#16314=CARTESIAN_POINT('',(-0.0399668004862621,-0.0192516632472142,0.0168));
#16315=CARTESIAN_POINT('',(-0.0403202056236814,-0.0193028055875672,0.02));
#16316=CARTESIAN_POINT('',(-0.0403202056236814,-0.0193028055875672,0.0168));
#16317=CARTESIAN_POINT('',(-0.0405954862746376,-0.0193987578560875,0.02));
#16318=CARTESIAN_POINT('',(-0.0405954862746376,-0.0193987578560875,0.0168));
#16319=CARTESIAN_POINT('',(-0.0407926424391306,-0.0195395200527752,0.02));
#16320=CARTESIAN_POINT('',(-0.0407926424391306,-0.0195395200527752,0.0168));
#16321=CARTESIAN_POINT('',(-0.0399668004862621,-0.0192516632472142,0.02));
#16322=CARTESIAN_POINT('',(-0.0404969081923911,-0.0193283767577437,0.02));
#16323=CARTESIAN_POINT('',(-0.0407926424391306,-0.0195395200527752,0.02));
#16324=CARTESIAN_POINT('',(-0.0407926424391306,-0.0195395200527752,0.02));
#16325=CARTESIAN_POINT('',(-0.0407926424391306,-0.0195395200527752,0.02));
#16326=CARTESIAN_POINT('',(-0.0407926424391306,-0.0195395200527752,0.02));
#16327=CARTESIAN_POINT('',(-0.0407926424391306,-0.0195395200527752,0.0168));
#16328=CARTESIAN_POINT('',(-0.0409897986036235,-0.0196802822494629,0.02));
#16329=CARTESIAN_POINT('',(-0.0409897986036235,-0.0196802822494629,0.0168));
#16330=CARTESIAN_POINT('',(-0.0411719054731461,-0.0198938838810502,0.02));
#16331=CARTESIAN_POINT('',(-0.0411719054731461,-0.0198938838810502,0.0168));
#16332=CARTESIAN_POINT('',(-0.0413389630476984,-0.0201803249475372,0.02));
#16333=CARTESIAN_POINT('',(-0.0413389630476984,-0.0201803249475372,0.0168));
#16334=CARTESIAN_POINT('',(-0.0407926424391306,-0.0195395200527752,0.02));
#16335=CARTESIAN_POINT('',(-0.04108837668587,-0.0197506633478067,0.02));
#16336=CARTESIAN_POINT('',(-0.0413389630476984,-0.0201803249475372,0.02));
#16337=CARTESIAN_POINT('',(-0.0413389630476984,-0.0201803249475372,0.02));
#16338=CARTESIAN_POINT('',(-0.0413389630476984,-0.0201803249475372,0.02));
#16339=CARTESIAN_POINT('',(-0.0413389630476984,-0.0201803249475372,0.02));
#16340=CARTESIAN_POINT('',(-0.0413389630476984,-0.0201803249475372,0.0168));
#16341=CARTESIAN_POINT('',(-0.041561560705937,-0.0205619964209453,0.02));
#16342=CARTESIAN_POINT('',(-0.041561560705937,-0.0205619964209453,0.0168));
#16343=CARTESIAN_POINT('',(-0.0416374480672022,-0.0209186929041441,0.02));
#16344=CARTESIAN_POINT('',(-0.0416374480672022,-0.0209186929041441,0.0168));
#16345=CARTESIAN_POINT('',(-0.0415666251314942,-0.0212504143971336,0.02));
#16346=CARTESIAN_POINT('',(-0.0415666251314942,-0.0212504143971336,0.0168));
#16347=CARTESIAN_POINT('',(-0.0413389630476984,-0.0201803249475372,0.02));
#16348=CARTESIAN_POINT('',(-0.0416728595350562,-0.0207528321576493,0.02));
#16349=CARTESIAN_POINT('',(-0.0415666251314942,-0.0212504143971336,0.02));
#16350=CARTESIAN_POINT('',(-0.0415666251314942,-0.0212504143971336,0.02));
#16351=CARTESIAN_POINT('',(-0.0415666251314942,-0.0212504143971336,0.02));
#16352=CARTESIAN_POINT('',(-0.0415666251314942,-0.0212504143971336,0.02));
#16353=CARTESIAN_POINT('',(-0.0415666251314942,-0.0212504143971336,0.0168));
#16354=CARTESIAN_POINT('',(-0.0414958021957862,-0.0215821358901231,0.02));
#16355=CARTESIAN_POINT('',(-0.0414958021957862,-0.0215821358901231,0.0168));
#16356=CARTESIAN_POINT('',(-0.0412789280627755,-0.0218538289220672,0.02));
#16357=CARTESIAN_POINT('',(-0.0412789280627755,-0.0218538289220672,0.0168));
#16358=CARTESIAN_POINT('',(-0.0409160027324621,-0.0220654934929659,0.02));
#16359=CARTESIAN_POINT('',(-0.0409160027324621,-0.0220654934929659,0.0168));
#16360=CARTESIAN_POINT('',(-0.0415666251314942,-0.0212504143971336,0.02));
#16361=CARTESIAN_POINT('',(-0.0414603907279322,-0.0217479966366179,0.02));
#16362=CARTESIAN_POINT('',(-0.0409160027324621,-0.0220654934929659,0.02));
#16363=CARTESIAN_POINT('',(-0.0409160027324621,-0.0220654934929659,0.02));
#16364=CARTESIAN_POINT('',(-0.0409160027324621,-0.0220654934929659,0.02));
#16365=CARTESIAN_POINT('',(-0.0409160027324621,-0.0220654934929659,0.02));
#16366=CARTESIAN_POINT('',(-0.0409160027324621,-0.0220654934929659,0.0168));
#16367=CARTESIAN_POINT('',(-0.040138412716894,-0.0225189979558212,0.02));
#16368=CARTESIAN_POINT('',(-0.040138412716894,-0.0225189979558212,0.0168));
#16369=CARTESIAN_POINT('',(-0.0393681117280804,-0.0221346862467065,0.02));
#16370=CARTESIAN_POINT('',(-0.0393681117280804,-0.0221346862467065,0.0168));
#16371=CARTESIAN_POINT('',(-0.0386050997660213,-0.020912558365622,0.02));
#16372=CARTESIAN_POINT('',(-0.0386050997660213,-0.020912558365622,0.0168));
#16373=CARTESIAN_POINT('',(-0.0409160027324621,-0.0220654934929659,0.02));
#16374=CARTESIAN_POINT('',(-0.03974961770911,-0.0227457501872488,0.02));
#16375=CARTESIAN_POINT('',(-0.0386050997660213,-0.020912558365622,0.02));
#16376=CARTESIAN_POINT('',(-0.0386050997660213,-0.020912558365622,0.02));
#16377=CARTESIAN_POINT('',(-0.0386050997660213,-0.020912558365622,0.02));
#16378=CARTESIAN_POINT('',(-0.0384038507521244,-0.0205920449512651,0.02));
#16379=CARTESIAN_POINT('',(-0.0384038507521244,-0.0205920449512651,0.02));
#16380=CARTESIAN_POINT('',(-0.0382026017382276,-0.0202715315369082,0.02));
#16381=CARTESIAN_POINT('',(-0.0382026017382276,-0.0202715315369082,0.02));
#16382=CARTESIAN_POINT('',(-0.0380828138838524,-0.0203413939650096,0.02));
#16383=CARTESIAN_POINT('',(-0.0380828138838524,-0.0203413939650096,0.02));
#16384=CARTESIAN_POINT('',(-0.0379630260294773,-0.0204112563931109,0.02));
#16385=CARTESIAN_POINT('',(-0.0379630260294773,-0.0204112563931109,0.02));
#16386=CARTESIAN_POINT('',(-0.0379630260294773,-0.0204112563931109,0.02));
#16387=CARTESIAN_POINT('',(-0.0379630260294773,-0.0204112563931109,0.0168));
#16388=CARTESIAN_POINT('',(-0.0376608382027908,-0.0205874977610287,0.02));
#16389=CARTESIAN_POINT('',(-0.0376608382027908,-0.0205874977610287,0.0168));
#16390=CARTESIAN_POINT('',(-0.0374755875821596,-0.0207824631554801,0.02));
#16391=CARTESIAN_POINT('',(-0.0374755875821596,-0.0207824631554801,0.0168));
#16392=CARTESIAN_POINT('',(-0.0374072741675838,-0.0209961525764651,0.02));
#16393=CARTESIAN_POINT('',(-0.0374072741675838,-0.0209961525764651,0.0168));
#16394=CARTESIAN_POINT('',(-0.0379630260294773,-0.0204112563931109,0.02));
#16395=CARTESIAN_POINT('',(-0.0375097442894475,-0.0206756184449876,0.02));
#16396=CARTESIAN_POINT('',(-0.0374072741675838,-0.0209961525764651,0.02));
#16397=CARTESIAN_POINT('',(-0.0374072741675838,-0.0209961525764651,0.02));
#16398=CARTESIAN_POINT('',(-0.0374072741675838,-0.0209961525764651,0.02));
#16399=CARTESIAN_POINT('',(-0.0374072741675838,-0.0209961525764651,0.02));
#16400=CARTESIAN_POINT('',(-0.0374072741675838,-0.0209961525764651,0.0168));
#16401=CARTESIAN_POINT('',(-0.037338960753008,-0.0212098419974502,0.02));
#16402=CARTESIAN_POINT('',(-0.037338960753008,-0.0212098419974502,0.0168));
#16403=CARTESIAN_POINT('',(-0.0373883328329963,-0.0214599072411862,0.02));
#16404=CARTESIAN_POINT('',(-0.0373883328329963,-0.0214599072411862,0.0168));
#16405=CARTESIAN_POINT('',(-0.0375553904075486,-0.0217463483076731,0.02));
#16406=CARTESIAN_POINT('',(-0.0375553904075486,-0.0217463483076731,0.0168));
#16407=CARTESIAN_POINT('',(-0.0374072741675838,-0.0209961525764651,0.02));
#16408=CARTESIAN_POINT('',(-0.0373048040457201,-0.0213166867079427,0.02));
#16409=CARTESIAN_POINT('',(-0.0375553904075486,-0.0217463483076731,0.02));
#16410=CARTESIAN_POINT('',(-0.0375553904075486,-0.0217463483076731,0.02));
#16411=CARTESIAN_POINT('',(-0.0375553904075486,-0.0217463483076731,0.02));
#16412=CARTESIAN_POINT('',(-0.0375553904075486,-0.0217463483076731,0.02));
#16413=CARTESIAN_POINT('',(-0.0375553904075486,-0.0217463483076731,0.0168));
#16414=CARTESIAN_POINT('',(-0.0377425648628061,-0.0220672822774544,0.02));
#16415=CARTESIAN_POINT('',(-0.0377425648628061,-0.0220672822774544,0.0168));
#16416=CARTESIAN_POINT('',(-0.038052459223521,-0.0223729182301072,0.02));
#16417=CARTESIAN_POINT('',(-0.038052459223521,-0.0223729182301072,0.0168));
#16418=CARTESIAN_POINT('',(-0.0384850734896933,-0.0226632561656315,0.02));
#16419=CARTESIAN_POINT('',(-0.0384850734896933,-0.0226632561656315,0.0168));
#16420=CARTESIAN_POINT('',(-0.0375553904075486,-0.0217463483076731,0.02));
#16421=CARTESIAN_POINT('',(-0.0378361520904348,-0.022227749262345,0.02));
#16422=CARTESIAN_POINT('',(-0.0384850734896933,-0.0226632561656315,0.02));
#16423=CARTESIAN_POINT('',(-0.0384850734896933,-0.0226632561656315,0.02));
#16424=CARTESIAN_POINT('',(-0.0384850734896933,-0.0226632561656315,0.02));
#16425=CARTESIAN_POINT('',(-0.0383142857446665,-0.0228834507227031,0.02));
#16426=CARTESIAN_POINT('',(-0.0383142857446665,-0.0228834507227031,0.02));
#16427=CARTESIAN_POINT('',(-0.0381433060901275,-0.0231038927063688,0.02));
#16428=CARTESIAN_POINT('',(-0.0381433060901275,-0.0231038927063688,0.02));
#16429=CARTESIAN_POINT('',(-0.0398139721693922,-0.020390740398253,0.0200000000000002));
#16430=CARTESIAN_POINT('',(-0.0398139721693922,-0.020390740398253,0.02));
#16431=CARTESIAN_POINT('',(-0.0375380467165257,-0.0226208826176344,0.02));
#16432=CARTESIAN_POINT('',(-0.0375379289379228,-0.0226209979256977,0.02));
#16433=CARTESIAN_POINT('',(-0.0397595803742263,-0.0204079460636791,0.0200000000000002));
#16434=CARTESIAN_POINT('',(-0.0397595803742263,-0.0204079460636791,0.02));
#16435=CARTESIAN_POINT('',(-0.0370529979251843,-0.0219911173958177,0.02));
#16436=CARTESIAN_POINT('',(-0.0370529979251843,-0.0219911173958177,0.02));
#16437=CARTESIAN_POINT('',(-0.0370529979251843,-0.0219911173958177,0.02));
#16438=CARTESIAN_POINT('',(-0.0370529979251843,-0.0219911173958177,0.0168));
#16439=CARTESIAN_POINT('',(-0.0367853559471058,-0.0215322118128595,0.02));
#16440=CARTESIAN_POINT('',(-0.0367853559471058,-0.0215322118128595,0.0168));
#16441=CARTESIAN_POINT('',(-0.0366887119688924,-0.0211326026514355,0.02));
#16442=CARTESIAN_POINT('',(-0.0366887119688924,-0.0211326026514355,0.0168));
#16443=CARTESIAN_POINT('',(-0.0367630659905443,-0.0207922899115459,0.02));
#16444=CARTESIAN_POINT('',(-0.0367630659905443,-0.0207922899115459,0.0168));
#16445=CARTESIAN_POINT('',(-0.0370529979251843,-0.0219911173958177,0.02));
#16446=CARTESIAN_POINT('',(-0.0366515349580665,-0.0213027590213803,0.02));
#16447=CARTESIAN_POINT('',(-0.0367630659905443,-0.0207922899115459,0.02));
#16448=CARTESIAN_POINT('',(-0.0367630659905443,-0.0207922899115459,0.02));
#16449=CARTESIAN_POINT('',(-0.0367630659905443,-0.0207922899115459,0.02));
#16450=CARTESIAN_POINT('',(-0.0367630659905443,-0.0207922899115459,0.02));
#16451=CARTESIAN_POINT('',(-0.0367630659905443,-0.0207922899115459,0.0168));
#16452=CARTESIAN_POINT('',(-0.0368374200121962,-0.0204519771716562,0.02));
#16453=CARTESIAN_POINT('',(-0.0368374200121962,-0.0204519771716562,0.0168));
#16454=CARTESIAN_POINT('',(-0.0370995507401585,-0.0201506237536337,0.02));
#16455=CARTESIAN_POINT('',(-0.0370995507401585,-0.0201506237536337,0.0168));
#16456=CARTESIAN_POINT('',(-0.0375494581744313,-0.0198882296574782,0.02));
#16457=CARTESIAN_POINT('',(-0.0375494581744313,-0.0198882296574782,0.0168));
#16458=CARTESIAN_POINT('',(-0.0367630659905443,-0.0207922899115459,0.02));
#16459=CARTESIAN_POINT('',(-0.0368745970230221,-0.0202818208017113,0.02));
#16460=CARTESIAN_POINT('',(-0.0375494581744313,-0.0198882296574782,0.02));
#16461=CARTESIAN_POINT('',(-0.0375494581744313,-0.0198882296574782,0.02));
#16462=CARTESIAN_POINT('',(-0.0375494581744313,-0.0198882296574782,0.02));
#16463=CARTESIAN_POINT('',(-0.0400144751850297,-0.0239765360822272,0.02));
#16464=CARTESIAN_POINT('',(-0.0374449413510394,-0.0254751343638949,0.02));
#16465=CARTESIAN_POINT('',(-0.0374449413510394,-0.0254751343638949,0.02));
#16466=CARTESIAN_POINT('',(-0.0400144751850297,-0.0239765360822272,0.02));
#16467=CARTESIAN_POINT('',(-0.0425840090190199,-0.0224779378005596,0.02));
#16468=CARTESIAN_POINT('',(-0.0425840090190199,-0.0224779378005596,0.02));
#16469=CARTESIAN_POINT('',(-0.0427581731003431,-0.0227765638600581,0.02));
#16470=CARTESIAN_POINT('',(-0.0427581731003431,-0.0227765638600581,0.02));
#16471=CARTESIAN_POINT('',(-0.0429323371816663,-0.0230751899195567,0.02));
#16472=CARTESIAN_POINT('',(-0.0429323371816663,-0.0230751899195567,0.02));
#16473=CARTESIAN_POINT('',(-0.0417232109520582,-0.0237803740529744,0.02));
#16474=CARTESIAN_POINT('',(-0.0417232109520582,-0.0237803740529744,0.02));
#16475=CARTESIAN_POINT('',(-0.0405140847224502,-0.024485558186392,0.02));
#16476=CARTESIAN_POINT('',(-0.0405140847224502,-0.024485558186392,0.02));
#16477=CARTESIAN_POINT('',(-0.0413035629592578,-0.0258392171792602,0.02));
#16478=CARTESIAN_POINT('',(-0.0413035629592578,-0.0258392171792602,0.02));
#16479=CARTESIAN_POINT('',(-0.0420930411960654,-0.0271928761721283,0.02));
#16480=CARTESIAN_POINT('',(-0.0420930411960654,-0.0271928761721283,0.02));
#16481=CARTESIAN_POINT('',(-0.0433021674256735,-0.0264876920387106,0.02));
#16482=CARTESIAN_POINT('',(-0.0433021674256735,-0.0264876920387106,0.02));
#16483=CARTESIAN_POINT('',(-0.0445112936552815,-0.025782507905293,0.02));
#16484=CARTESIAN_POINT('',(-0.0445112936552815,-0.025782507905293,0.02));
#16485=CARTESIAN_POINT('',(-0.0446854577366047,-0.0260811339647915,0.02));
#16486=CARTESIAN_POINT('',(-0.0446854577366047,-0.0260811339647915,0.02));
#16487=CARTESIAN_POINT('',(-0.0448596218179278,-0.02637976002429,0.02));
#16488=CARTESIAN_POINT('',(-0.0448596218179278,-0.02637976002429,0.02));
#16489=CARTESIAN_POINT('',(-0.0422900879839376,-0.0278783583059577,0.02));
#16490=CARTESIAN_POINT('',(-0.0422900879839376,-0.0278783583059577,0.02));
#16491=CARTESIAN_POINT('',(-0.0397205541499473,-0.0293769565876254,0.02));
#16492=CARTESIAN_POINT('',(-0.0397205541499473,-0.0293769565876254,0.02));
#16493=CARTESIAN_POINT('',(-0.0395463900686241,-0.0290783305281268,0.02));
#16494=CARTESIAN_POINT('',(-0.0395463900686241,-0.0290783305281268,0.02));
#16495=CARTESIAN_POINT('',(-0.039372225987301,-0.0287797044686283,0.02));
#16496=CARTESIAN_POINT('',(-0.039372225987301,-0.0287797044686283,0.02));
#16497=CARTESIAN_POINT('',(-0.0404655010525838,-0.0281420868149705,0.02));
#16498=CARTESIAN_POINT('',(-0.0404655010525838,-0.0281420868149705,0.02));
#16499=CARTESIAN_POINT('',(-0.0415587761178665,-0.0275044691613129,0.02));
#16500=CARTESIAN_POINT('',(-0.0415587761178665,-0.0275044691613129,0.02));
#16501=CARTESIAN_POINT('',(-0.0407692978810589,-0.0261508101684448,0.02));
#16502=CARTESIAN_POINT('',(-0.0407692978810589,-0.0261508101684448,0.02));
#16503=CARTESIAN_POINT('',(-0.0399798196442513,-0.0247971511755766,0.02));
#16504=CARTESIAN_POINT('',(-0.0399798196442513,-0.0247971511755766,0.02));
#16505=CARTESIAN_POINT('',(-0.0388865445789685,-0.0254347688292343,0.02));
#16506=CARTESIAN_POINT('',(-0.0388865445789685,-0.0254347688292343,0.02));
#16507=CARTESIAN_POINT('',(-0.0377932695136857,-0.026072386482892,0.02));
#16508=CARTESIAN_POINT('',(-0.0377932695136857,-0.026072386482892,0.02));
#16509=CARTESIAN_POINT('',(-0.0318498020023108,-0.050589564204216,0.02));
#16510=CARTESIAN_POINT('',(-0.0321284478356441,-0.050589564204216,0.02));
#16511=CARTESIAN_POINT('',(-0.0321284478356441,-0.050589564204216,0.02));
#16512=CARTESIAN_POINT('',(-0.0318498020023108,-0.050589564204216,0.02));
#16513=CARTESIAN_POINT('',(-0.0315711561689774,-0.050589564204216,0.02));
#16514=CARTESIAN_POINT('',(-0.0315711561689774,-0.050589564204216,0.02));
#16515=CARTESIAN_POINT('',(-0.0305620415856442,-0.047952845454216,0.02));
#16516=CARTESIAN_POINT('',(-0.0305620415856442,-0.047952845454216,0.02));
#16517=CARTESIAN_POINT('',(-0.0295529270023108,-0.045316126704216,0.02));
#16518=CARTESIAN_POINT('',(-0.0295529270023108,-0.045316126704216,0.02));
#16519=CARTESIAN_POINT('',(-0.0295366509606441,-0.045316126704216,0.02));
#16520=CARTESIAN_POINT('',(-0.0295366509606441,-0.045316126704216,0.02));
#16521=CARTESIAN_POINT('',(-0.0295213155128981,-0.045316126704216,0.02));
#16522=CARTESIAN_POINT('',(-0.0295213155128981,-0.045316126704216,0.02));
#16523=CARTESIAN_POINT('',(-0.0127494217210757,-0.0466870968957511,0.0200000000000013));
#16524=CARTESIAN_POINT('',(-0.0127494217210757,-0.0466870968957511,0.02));
#16525=CARTESIAN_POINT('',(-0.0295772519112326,-0.046805707114735,0.02));
#16526=CARTESIAN_POINT('',(-0.0295776665856442,-0.0468057100375493,0.02));
#16527=CARTESIAN_POINT('',(-0.0295776665856442,-0.0486976371208827,0.02));
#16528=CARTESIAN_POINT('',(-0.0295776665856442,-0.0486976371208827,0.02));
#16529=CARTESIAN_POINT('',(-0.0295776665856442,-0.050589564204216,0.02));
#16530=CARTESIAN_POINT('',(-0.0295776665856442,-0.050589564204216,0.02));
#16531=CARTESIAN_POINT('',(-0.0292580051273108,-0.050589564204216,0.02));
#16532=CARTESIAN_POINT('',(-0.0292580051273108,-0.050589564204216,0.02));
#16533=CARTESIAN_POINT('',(-0.0289383436689774,-0.050589564204216,0.02));
#16534=CARTESIAN_POINT('',(-0.0289383436689774,-0.050589564204216,0.02));
#16535=CARTESIAN_POINT('',(-0.0289383436689774,-0.047614954829216,0.02));
#16536=CARTESIAN_POINT('',(-0.0289383436689774,-0.047614954829216,0.02));
#16537=CARTESIAN_POINT('',(-0.0289383436689774,-0.044640345454216,0.02));
#16538=CARTESIAN_POINT('',(-0.0289383436689774,-0.044640345454216,0.02));
#16539=CARTESIAN_POINT('',(-0.0294591770023108,-0.044640345454216,0.02));
#16540=CARTESIAN_POINT('',(-0.0294591770023108,-0.044640345454216,0.02));
#16541=CARTESIAN_POINT('',(-0.0299800103356441,-0.044640345454216,0.02));
#16542=CARTESIAN_POINT('',(-0.0299800103356441,-0.044640345454216,0.02));
#16543=CARTESIAN_POINT('',(-0.0309220676273108,-0.0470941214958827,0.02));
#16544=CARTESIAN_POINT('',(-0.0309220676273108,-0.0470941214958827,0.02));
#16545=CARTESIAN_POINT('',(-0.0318641249189775,-0.0495478975375493,0.02));
#16546=CARTESIAN_POINT('',(-0.0318641249189775,-0.0495478975375493,0.02));
#16547=CARTESIAN_POINT('',(-0.0318804009606442,-0.0495478975375493,0.02));
#16548=CARTESIAN_POINT('',(-0.0318804009606442,-0.0495478975375493,0.02));
#16549=CARTESIAN_POINT('',(-0.0318966770023108,-0.0495478975375493,0.02));
#16550=CARTESIAN_POINT('',(-0.0318966770023108,-0.0495478975375493,0.02));
#16551=CARTESIAN_POINT('',(-0.0328465467939775,-0.0470941214958827,0.02));
#16552=CARTESIAN_POINT('',(-0.0328465467939775,-0.0470941214958827,0.02));
#16553=CARTESIAN_POINT('',(-0.0337964165856442,-0.044640345454216,0.02));
#16554=CARTESIAN_POINT('',(-0.0337964165856442,-0.044640345454216,0.02));
#16555=CARTESIAN_POINT('',(-0.0343133436689774,-0.044640345454216,0.02));
#16556=CARTESIAN_POINT('',(-0.0343133436689774,-0.044640345454216,0.02));
#16557=CARTESIAN_POINT('',(-0.0348302707523108,-0.044640345454216,0.02));
#16558=CARTESIAN_POINT('',(-0.0348302707523108,-0.044640345454216,0.02));
#16559=CARTESIAN_POINT('',(-0.0348302707523108,-0.047614954829216,0.02));
#16560=CARTESIAN_POINT('',(-0.0348302707523108,-0.047614954829216,0.02));
#16561=CARTESIAN_POINT('',(-0.0348302707523108,-0.050589564204216,0.02));
#16562=CARTESIAN_POINT('',(-0.0348302707523108,-0.050589564204216,0.02));
#16563=CARTESIAN_POINT('',(-0.0344845676273108,-0.050589564204216,0.02));
#16564=CARTESIAN_POINT('',(-0.0344845676273108,-0.050589564204216,0.02));
#16565=CARTESIAN_POINT('',(-0.0341388645023108,-0.050589564204216,0.02));
#16566=CARTESIAN_POINT('',(-0.0341388645023108,-0.050589564204216,0.02));
#16567=CARTESIAN_POINT('',(-0.0341388645023108,-0.0486728975375493,0.02));
#16568=CARTESIAN_POINT('',(-0.0341388645023108,-0.0486728975375493,0.02));
#16569=CARTESIAN_POINT('',(-0.034138677253016,-0.0467562301608002,0.01999999975));
#16570=CARTESIAN_POINT('',(-0.0341388645023108,-0.0467562308708827,0.02));
#16571=CARTESIAN_POINT('',(-0.053675441425842,-0.0468303170310321,0.0200000000000019));
#16572=CARTESIAN_POINT('',(-0.053675441425842,-0.0468303170310321,0.02));
#16573=CARTESIAN_POINT('',(-0.0341961561689774,-0.045323939204216,0.02));
#16574=CARTESIAN_POINT('',(-0.0341965095844208,-0.045323939204216,0.02));
#16575=CARTESIAN_POINT('',(-0.0341798801273108,-0.045323939204216,0.02));
#16576=CARTESIAN_POINT('',(-0.0341798801273108,-0.045323939204216,0.02));
#16577=CARTESIAN_POINT('',(-0.0341636040856442,-0.045323939204216,0.02));
#16578=CARTESIAN_POINT('',(-0.0341636040856442,-0.045323939204216,0.02));
#16579=CARTESIAN_POINT('',(-0.0270184217939775,-0.044640345454216,0.02));
#16580=CARTESIAN_POINT('',(-0.0266727186689774,-0.044640345454216,0.02));
#16581=CARTESIAN_POINT('',(-0.0266727186689774,-0.044640345454216,0.02));
#16582=CARTESIAN_POINT('',(-0.0270184217939775,-0.044640345454216,0.02));
#16583=CARTESIAN_POINT('',(-0.0273641249189775,-0.044640345454216,0.02));
#16584=CARTESIAN_POINT('',(-0.0273641249189775,-0.044640345454216,0.02));
#16585=CARTESIAN_POINT('',(-0.0273641249189775,-0.0465648246208827,0.02));
#16586=CARTESIAN_POINT('',(-0.0273641249189775,-0.0465648246208827,0.02));
#16587=CARTESIAN_POINT('',(-0.0273641249189775,-0.0484893037875493,0.02));
#16588=CARTESIAN_POINT('',(-0.0273641249189775,-0.0484893037875493,0.02));
#16589=CARTESIAN_POINT('',(-0.0273641249189775,-0.0484893037875493,0.02));
#16590=CARTESIAN_POINT('',(-0.0273641249189775,-0.0484893037875493,0.0168));
#16591=CARTESIAN_POINT('',(-0.0273641249189775,-0.0491681232319938,0.02));
#16592=CARTESIAN_POINT('',(-0.0273641249189775,-0.0491681232319938,0.0168));
#16593=CARTESIAN_POINT('',(-0.0271592638078663,-0.0497015433708827,0.02));
#16594=CARTESIAN_POINT('',(-0.0271592638078663,-0.0497015433708827,0.0168));
#16595=CARTESIAN_POINT('',(-0.0267495415856442,-0.050089564204216,0.02));
#16596=CARTESIAN_POINT('',(-0.0267495415856442,-0.050089564204216,0.0168));
#16597=CARTESIAN_POINT('',(-0.0273641249189775,-0.0484893037875493,0.02));
#16598=CARTESIAN_POINT('',(-0.0273641249189775,-0.049507532954216,0.02));
#16599=CARTESIAN_POINT('',(-0.0267495415856442,-0.050089564204216,0.02));
#16600=CARTESIAN_POINT('',(-0.0267495415856442,-0.050089564204216,0.02));
#16601=CARTESIAN_POINT('',(-0.0267495415856442,-0.050089564204216,0.02));
#16602=CARTESIAN_POINT('',(-0.0267495415856442,-0.050089564204216,0.02));
#16603=CARTESIAN_POINT('',(-0.0267495415856442,-0.050089564204216,0.0168));
#16604=CARTESIAN_POINT('',(-0.0263398193634219,-0.0504775850375493,0.02));
#16605=CARTESIAN_POINT('',(-0.0263398193634219,-0.0504775850375493,0.0168));
#16606=CARTESIAN_POINT('',(-0.0257768853356441,-0.050671595454216,0.02));
#16607=CARTESIAN_POINT('',(-0.0257768853356441,-0.050671595454216,0.0168));
#16608=CARTESIAN_POINT('',(-0.0250607395023108,-0.050671595454216,0.02));
#16609=CARTESIAN_POINT('',(-0.0250607395023108,-0.050671595454216,0.0168));
#16610=CARTESIAN_POINT('',(-0.0267495415856442,-0.050089564204216,0.02));
#16611=CARTESIAN_POINT('',(-0.0261349582523108,-0.050671595454216,0.02));
#16612=CARTESIAN_POINT('',(-0.0250607395023108,-0.050671595454216,0.02));
#16613=CARTESIAN_POINT('',(-0.0250607395023108,-0.050671595454216,0.02));
#16614=CARTESIAN_POINT('',(-0.0250607395023108,-0.050671595454216,0.02));
#16615=CARTESIAN_POINT('',(-0.0250607395023108,-0.050671595454216,0.02));
#16616=CARTESIAN_POINT('',(-0.0250607395023108,-0.050671595454216,0.0168));
#16617=CARTESIAN_POINT('',(-0.0243445936689775,-0.050671595454216,0.02));
#16618=CARTESIAN_POINT('',(-0.0243445936689775,-0.050671595454216,0.0168));
#16619=CARTESIAN_POINT('',(-0.0237905572106441,-0.0504760659403271,0.02));
#16620=CARTESIAN_POINT('',(-0.0237905572106441,-0.0504760659403271,0.0168));
#16621=CARTESIAN_POINT('',(-0.0233986301273108,-0.0500850069125493,0.02));
#16622=CARTESIAN_POINT('',(-0.0233986301273108,-0.0500850069125493,0.0168));
#16623=CARTESIAN_POINT('',(-0.0250607395023108,-0.050671595454216,0.02));
#16624=CARTESIAN_POINT('',(-0.0239865207523108,-0.050671595454216,0.02));
#16625=CARTESIAN_POINT('',(-0.0233986301273108,-0.0500850069125493,0.02));
#16626=CARTESIAN_POINT('',(-0.0233986301273108,-0.0500850069125493,0.02));
#16627=CARTESIAN_POINT('',(-0.0233986301273108,-0.0500850069125493,0.02));
#16628=CARTESIAN_POINT('',(-0.0233986301273108,-0.0500850069125493,0.02));
#16629=CARTESIAN_POINT('',(-0.0233986301273108,-0.0500850069125493,0.0168));
#16630=CARTESIAN_POINT('',(-0.0230067030439775,-0.0496939478847716,0.02));
#16631=CARTESIAN_POINT('',(-0.0230067030439775,-0.0496939478847716,0.0168));
#16632=CARTESIAN_POINT('',(-0.0228107395023108,-0.0491568385097716,0.02));
#16633=CARTESIAN_POINT('',(-0.0228107395023108,-0.0491568385097716,0.0168));
#16634=CARTESIAN_POINT('',(-0.0228107395023108,-0.0484736787875493,0.02));
#16635=CARTESIAN_POINT('',(-0.0228107395023108,-0.0484736787875493,0.0168));
#16636=CARTESIAN_POINT('',(-0.0233986301273108,-0.0500850069125493,0.02));
#16637=CARTESIAN_POINT('',(-0.0228107395023108,-0.0494984183708827,0.02));
#16638=CARTESIAN_POINT('',(-0.0228107395023108,-0.0484736787875493,0.02));
#16639=CARTESIAN_POINT('',(-0.0228107395023108,-0.0484736787875493,0.02));
#16640=CARTESIAN_POINT('',(-0.0228107395023108,-0.0484736787875493,0.02));
#16641=CARTESIAN_POINT('',(-0.0228107395023108,-0.0465570121208827,0.02));
#16642=CARTESIAN_POINT('',(-0.0228107395023108,-0.0465570121208827,0.02));
#16643=CARTESIAN_POINT('',(-0.0228107395023108,-0.044640345454216,0.02));
#16644=CARTESIAN_POINT('',(-0.0228107395023108,-0.044640345454216,0.02));
#16645=CARTESIAN_POINT('',(-0.0231570936689774,-0.044640345454216,0.02));
#16646=CARTESIAN_POINT('',(-0.0231570936689774,-0.044640345454216,0.02));
#16647=CARTESIAN_POINT('',(-0.0235034478356442,-0.044640345454216,0.02));
#16648=CARTESIAN_POINT('',(-0.0235034478356442,-0.044640345454216,0.02));
#16649=CARTESIAN_POINT('',(-0.0235034478356442,-0.0465811006625493,0.02));
#16650=CARTESIAN_POINT('',(-0.0235034478356442,-0.0465811006625493,0.02));
#16651=CARTESIAN_POINT('',(-0.0235034478356442,-0.0485218558708827,0.02));
#16652=CARTESIAN_POINT('',(-0.0235034478356442,-0.0485218558708827,0.02));
#16653=CARTESIAN_POINT('',(-0.0235034478356442,-0.0485218558708827,0.02));
#16654=CARTESIAN_POINT('',(-0.0235034478356442,-0.0485218558708827,0.0168));
#16655=CARTESIAN_POINT('',(-0.0235034478356442,-0.0490183836486604,0.02));
#16656=CARTESIAN_POINT('',(-0.0235034478356442,-0.0490183836486604,0.0168));
#16657=CARTESIAN_POINT('',(-0.0236390815161997,-0.0493996770514382,0.02));
#16658=CARTESIAN_POINT('',(-0.0236390815161997,-0.0493996770514382,0.0168));
#16659=CARTESIAN_POINT('',(-0.0239103488773108,-0.049665736079216,0.02));
#16660=CARTESIAN_POINT('',(-0.0239103488773108,-0.049665736079216,0.0168));
#16661=CARTESIAN_POINT('',(-0.0235034478356442,-0.0485218558708827,0.02));
#16662=CARTESIAN_POINT('',(-0.0235034478356442,-0.0492666475375493,0.02));
#16663=CARTESIAN_POINT('',(-0.0239103488773108,-0.049665736079216,0.02));
#16664=CARTESIAN_POINT('',(-0.0239103488773108,-0.049665736079216,0.02));
#16665=CARTESIAN_POINT('',(-0.0239103488773108,-0.049665736079216,0.02));
#16666=CARTESIAN_POINT('',(-0.0239103488773108,-0.049665736079216,0.02));
#16667=CARTESIAN_POINT('',(-0.0239103488773108,-0.049665736079216,0.0168));
#16668=CARTESIAN_POINT('',(-0.0241816162384219,-0.0499317951069938,0.02));
#16669=CARTESIAN_POINT('',(-0.0241816162384219,-0.0499317951069938,0.0168));
#16670=CARTESIAN_POINT('',(-0.0245802707523108,-0.0500648246208827,0.02));
#16671=CARTESIAN_POINT('',(-0.0245802707523108,-0.0500648246208827,0.0168));
#16672=CARTESIAN_POINT('',(-0.0251063124189775,-0.0500648246208827,0.02));
#16673=CARTESIAN_POINT('',(-0.0251063124189775,-0.0500648246208827,0.0168));
#16674=CARTESIAN_POINT('',(-0.0239103488773108,-0.049665736079216,0.02));
#16675=CARTESIAN_POINT('',(-0.0243172499189775,-0.0500648246208827,0.02));
#16676=CARTESIAN_POINT('',(-0.0251063124189775,-0.0500648246208827,0.02));
#16677=CARTESIAN_POINT('',(-0.0251063124189775,-0.0500648246208827,0.02));
#16678=CARTESIAN_POINT('',(-0.0251063124189775,-0.0500648246208827,0.02));
#16679=CARTESIAN_POINT('',(-0.0251063124189775,-0.0500648246208827,0.02));
#16680=CARTESIAN_POINT('',(-0.0251063124189775,-0.0500648246208827,0.0168));
#16681=CARTESIAN_POINT('',(-0.0256080485300886,-0.0500648246208827,0.02));
#16682=CARTESIAN_POINT('',(-0.0256080485300886,-0.0500648246208827,0.0168));
#16683=CARTESIAN_POINT('',(-0.0259945502661997,-0.0499311440653271,0.02));
#16684=CARTESIAN_POINT('',(-0.0259945502661997,-0.0499311440653271,0.0168));
#16685=CARTESIAN_POINT('',(-0.0262658176273108,-0.049663782954216,0.02));
#16686=CARTESIAN_POINT('',(-0.0262658176273108,-0.049663782954216,0.0168));
#16687=CARTESIAN_POINT('',(-0.0251063124189775,-0.0500648246208827,0.02));
#16688=CARTESIAN_POINT('',(-0.0258589165856442,-0.0500648246208827,0.02));
#16689=CARTESIAN_POINT('',(-0.0262658176273108,-0.049663782954216,0.02));
#16690=CARTESIAN_POINT('',(-0.0262658176273108,-0.049663782954216,0.02));
#16691=CARTESIAN_POINT('',(-0.0262658176273108,-0.049663782954216,0.02));
#16692=CARTESIAN_POINT('',(-0.0262658176273108,-0.049663782954216,0.02));
#16693=CARTESIAN_POINT('',(-0.0262658176273108,-0.049663782954216,0.0168));
#16694=CARTESIAN_POINT('',(-0.0265370849884219,-0.0493964218431049,0.02));
#16695=CARTESIAN_POINT('',(-0.0265370849884219,-0.0493964218431049,0.0168));
#16696=CARTESIAN_POINT('',(-0.0266727186689775,-0.0490131753153271,0.02));
#16697=CARTESIAN_POINT('',(-0.0266727186689775,-0.0490131753153271,0.0168));
#16698=CARTESIAN_POINT('',(-0.0266727186689774,-0.0485140433708827,0.02));
#16699=CARTESIAN_POINT('',(-0.0266727186689774,-0.0485140433708827,0.0168));
#16700=CARTESIAN_POINT('',(-0.0262658176273108,-0.049663782954216,0.02));
#16701=CARTESIAN_POINT('',(-0.0266727186689774,-0.0492627412875493,0.02));
#16702=CARTESIAN_POINT('',(-0.0266727186689774,-0.0485140433708827,0.02));
#16703=CARTESIAN_POINT('',(-0.0266727186689774,-0.0485140433708827,0.02));
#16704=CARTESIAN_POINT('',(-0.0266727186689774,-0.0485140433708827,0.02));
#16705=CARTESIAN_POINT('',(-0.0189318332523108,-0.0461279756625493,0.02));
#16706=CARTESIAN_POINT('',(-0.0181440728356441,-0.044640345454216,0.02));
#16707=CARTESIAN_POINT('',(-0.0181440728356441,-0.044640345454216,0.02));
#16708=CARTESIAN_POINT('',(-0.0189318332523108,-0.0461279756625493,0.02));
#16709=CARTESIAN_POINT('',(-0.0197195936689775,-0.0476156058708827,0.02));
#16710=CARTESIAN_POINT('',(-0.0197195936689775,-0.0476156058708827,0.02));
#16711=CARTESIAN_POINT('',(-0.0205125624189775,-0.0461279756625493,0.02));
#16712=CARTESIAN_POINT('',(-0.0205125624189775,-0.0461279756625493,0.02));
#16713=CARTESIAN_POINT('',(-0.0213055311689774,-0.044640345454216,0.02));
#16714=CARTESIAN_POINT('',(-0.0213055311689774,-0.044640345454216,0.02));
#16715=CARTESIAN_POINT('',(-0.0216798801273108,-0.044640345454216,0.02));
#16716=CARTESIAN_POINT('',(-0.0216798801273108,-0.044640345454216,0.02));
#16717=CARTESIAN_POINT('',(-0.0220542290856442,-0.044640345454216,0.02));
#16718=CARTESIAN_POINT('',(-0.0220542290856442,-0.044640345454216,0.02));
#16719=CARTESIAN_POINT('',(-0.0210613905439774,-0.0464613089958827,0.02));
#16720=CARTESIAN_POINT('',(-0.0210613905439774,-0.0464613089958827,0.02));
#16721=CARTESIAN_POINT('',(-0.0200685520023108,-0.0482822725375493,0.02));
#16722=CARTESIAN_POINT('',(-0.0200685520023108,-0.0482822725375493,0.02));
#16723=CARTESIAN_POINT('',(-0.0200685520023108,-0.0494359183708827,0.02));
#16724=CARTESIAN_POINT('',(-0.0200685520023108,-0.0494359183708827,0.02));
#16725=CARTESIAN_POINT('',(-0.0200685520023108,-0.050589564204216,0.02));
#16726=CARTESIAN_POINT('',(-0.0200685520023108,-0.050589564204216,0.02));
#16727=CARTESIAN_POINT('',(-0.0197189426273108,-0.050589564204216,0.02));
#16728=CARTESIAN_POINT('',(-0.0197189426273108,-0.050589564204216,0.02));
#16729=CARTESIAN_POINT('',(-0.0193693332523108,-0.050589564204216,0.02));
#16730=CARTESIAN_POINT('',(-0.0193693332523108,-0.050589564204216,0.02));
#16731=CARTESIAN_POINT('',(-0.0193693332523108,-0.0494521944125493,0.02));
#16732=CARTESIAN_POINT('',(-0.0193693332523108,-0.0494521944125493,0.02));
#16733=CARTESIAN_POINT('',(-0.0193693332523108,-0.0483148246208827,0.02));
#16734=CARTESIAN_POINT('',(-0.0193693332523108,-0.0483148246208827,0.02));
#16735=CARTESIAN_POINT('',(-0.0183784478356441,-0.0464775850375493,0.02));
#16736=CARTESIAN_POINT('',(-0.0183784478356441,-0.0464775850375493,0.02));
#16737=CARTESIAN_POINT('',(-0.0173875624189775,-0.044640345454216,0.02));
#16738=CARTESIAN_POINT('',(-0.0173875624189775,-0.044640345454216,0.02));
#16739=CARTESIAN_POINT('',(-0.0131154270023108,-0.0465003714958827,0.02));
#16740=CARTESIAN_POINT('',(-0.0131154270023108,-0.0456299287875493,0.02));
#16741=CARTESIAN_POINT('',(-0.0131154270023108,-0.0456299287875493,0.02));
#16742=CARTESIAN_POINT('',(-0.0131154270023108,-0.0465003714958827,0.02));
#16743=CARTESIAN_POINT('',(-0.0131154270023108,-0.047370814204216,0.02));
#16744=CARTESIAN_POINT('',(-0.0131154270023108,-0.047370814204216,0.02));
#16745=CARTESIAN_POINT('',(-0.0139533176273108,-0.047370814204216,0.02));
#16746=CARTESIAN_POINT('',(-0.0139533176273108,-0.047370814204216,0.02));
#16747=CARTESIAN_POINT('',(-0.0147912082523108,-0.047370814204216,0.02));
#16748=CARTESIAN_POINT('',(-0.0147912082523108,-0.047370814204216,0.02));
#16749=CARTESIAN_POINT('',(-0.0147912082523108,-0.0476514131625493,0.02));
#16750=CARTESIAN_POINT('',(-0.0147912082523108,-0.0476514131625493,0.02));
#16751=CARTESIAN_POINT('',(-0.0147912082523108,-0.0479320121208827,0.02));
#16752=CARTESIAN_POINT('',(-0.0147912082523108,-0.0479320121208827,0.02));
#16753=CARTESIAN_POINT('',(-0.0139533176273108,-0.0479320121208827,0.02));
#16754=CARTESIAN_POINT('',(-0.0139533176273108,-0.0479320121208827,0.02));
#16755=CARTESIAN_POINT('',(-0.0131154270023108,-0.0479320121208827,0.02));
#16756=CARTESIAN_POINT('',(-0.0131154270023108,-0.0479320121208827,0.02));
#16757=CARTESIAN_POINT('',(-0.0131154270023108,-0.0487991996208827,0.02));
#16758=CARTESIAN_POINT('',(-0.0131154270023108,-0.0487991996208827,0.02));
#16759=CARTESIAN_POINT('',(-0.0131154270023108,-0.0496663871208827,0.02));
#16760=CARTESIAN_POINT('',(-0.0131154270023108,-0.0496663871208827,0.02));
#16761=CARTESIAN_POINT('',(-0.0128322238773108,-0.0496663871208827,0.02));
#16762=CARTESIAN_POINT('',(-0.0128322238773108,-0.0496663871208827,0.02));
#16763=CARTESIAN_POINT('',(-0.0125490207523108,-0.0496663871208827,0.02));
#16764=CARTESIAN_POINT('',(-0.0125490207523108,-0.0496663871208827,0.02));
#16765=CARTESIAN_POINT('',(-0.0125490207523108,-0.0487991996208827,0.02));
#16766=CARTESIAN_POINT('',(-0.0125490207523108,-0.0487991996208827,0.02));
#16767=CARTESIAN_POINT('',(-0.0125490207523108,-0.0479320121208827,0.02));
#16768=CARTESIAN_POINT('',(-0.0125490207523108,-0.0479320121208827,0.02));
#16769=CARTESIAN_POINT('',(-0.0117150363773108,-0.0479320121208827,0.02));
#16770=CARTESIAN_POINT('',(-0.0117150363773108,-0.0479320121208827,0.02));
#16771=CARTESIAN_POINT('',(-0.0108810520023108,-0.0479320121208827,0.02));
#16772=CARTESIAN_POINT('',(-0.0108810520023108,-0.0479320121208827,0.02));
#16773=CARTESIAN_POINT('',(-0.0108810520023108,-0.0476514131625493,0.02));
#16774=CARTESIAN_POINT('',(-0.0108810520023108,-0.0476514131625493,0.02));
#16775=CARTESIAN_POINT('',(-0.0108810520023108,-0.047370814204216,0.02));
#16776=CARTESIAN_POINT('',(-0.0108810520023108,-0.047370814204216,0.02));
#16777=CARTESIAN_POINT('',(-0.0117150363773108,-0.047370814204216,0.02));
#16778=CARTESIAN_POINT('',(-0.0117150363773108,-0.047370814204216,0.02));
#16779=CARTESIAN_POINT('',(-0.0125490207523108,-0.047370814204216,0.02));
#16780=CARTESIAN_POINT('',(-0.0125490207523108,-0.047370814204216,0.02));
#16781=CARTESIAN_POINT('',(-0.0125490207523108,-0.0465003714958827,0.02));
#16782=CARTESIAN_POINT('',(-0.0125490207523108,-0.0465003714958827,0.02));
#16783=CARTESIAN_POINT('',(-0.0125490207523108,-0.0456299287875493,0.02));
#16784=CARTESIAN_POINT('',(-0.0125490207523108,-0.0456299287875493,0.02));
#16785=CARTESIAN_POINT('',(-0.00633027075231081,-0.0479222464958827,0.02));
#16786=CARTESIAN_POINT('',(-0.00633027075231081,-0.0452549287875493,0.02));
#16787=CARTESIAN_POINT('',(-0.00633027075231081,-0.0452549287875493,0.02));
#16788=CARTESIAN_POINT('',(-0.00633027075231081,-0.0479222464958827,0.02));
#16789=CARTESIAN_POINT('',(-0.00633027075231081,-0.050589564204216,0.02));
#16790=CARTESIAN_POINT('',(-0.00633027075231081,-0.050589564204216,0.02));
#16791=CARTESIAN_POINT('',(-0.00598456762731082,-0.050589564204216,0.02));
#16792=CARTESIAN_POINT('',(-0.00598456762731082,-0.050589564204216,0.02));
#16793=CARTESIAN_POINT('',(-0.00563886450231082,-0.050589564204216,0.02));
#16794=CARTESIAN_POINT('',(-0.00563886450231082,-0.050589564204216,0.02));
#16795=CARTESIAN_POINT('',(-0.00563886450231082,-0.0479222464958827,0.02));
#16796=CARTESIAN_POINT('',(-0.00563886450231082,-0.0479222464958827,0.02));
#16797=CARTESIAN_POINT('',(-0.00563886450231082,-0.0452549287875493,0.02));
#16798=CARTESIAN_POINT('',(-0.00563886450231082,-0.0452549287875493,0.02));
#16799=CARTESIAN_POINT('',(-0.00469680721064415,-0.0452549287875493,0.02));
#16800=CARTESIAN_POINT('',(-0.00469680721064415,-0.0452549287875493,0.02));
#16801=CARTESIAN_POINT('',(-0.00375474991897748,-0.0452549287875493,0.02));
#16802=CARTESIAN_POINT('',(-0.00375474991897748,-0.0452549287875493,0.02));
#16803=CARTESIAN_POINT('',(-0.00375474991897748,-0.0449476371208826,0.02));
#16804=CARTESIAN_POINT('',(-0.00375474991897748,-0.0449476371208826,0.02));
#16805=CARTESIAN_POINT('',(-0.00375474991897748,-0.044640345454216,0.02));
#16806=CARTESIAN_POINT('',(-0.00375474991897748,-0.044640345454216,0.02));
#16807=CARTESIAN_POINT('',(-0.00598456762731081,-0.044640345454216,0.02));
#16808=CARTESIAN_POINT('',(-0.00598456762731081,-0.044640345454216,0.02));
#16809=CARTESIAN_POINT('',(-0.00821438533564415,-0.044640345454216,0.02));
#16810=CARTESIAN_POINT('',(-0.00821438533564415,-0.044640345454216,0.02));
#16811=CARTESIAN_POINT('',(-0.00821438533564415,-0.0449476371208826,0.02));
#16812=CARTESIAN_POINT('',(-0.00821438533564415,-0.0449476371208826,0.02));
#16813=CARTESIAN_POINT('',(-0.00821438533564415,-0.0452549287875493,0.02));
#16814=CARTESIAN_POINT('',(-0.00821438533564415,-0.0452549287875493,0.02));
#16815=CARTESIAN_POINT('',(-0.00183222387731081,-0.050589564204216,0.02));
#16816=CARTESIAN_POINT('',(-0.00349042700231081,-0.050589564204216,0.02));
#16817=CARTESIAN_POINT('',(-0.00349042700231081,-0.050589564204216,0.02));
#16818=CARTESIAN_POINT('',(-0.00183222387731081,-0.050589564204216,0.02));
#16819=CARTESIAN_POINT('',(-0.000174020752310812,-0.050589564204216,0.02));
#16820=CARTESIAN_POINT('',(-0.000174020752310812,-0.050589564204216,0.02));
#16821=CARTESIAN_POINT('',(-0.000174020752310812,-0.047614954829216,0.02));
#16822=CARTESIAN_POINT('',(-0.000174020752310812,-0.047614954829216,0.02));
#16823=CARTESIAN_POINT('',(-0.000174020752310812,-0.044640345454216,0.02));
#16824=CARTESIAN_POINT('',(-0.000174020752310812,-0.044640345454216,0.02));
#16825=CARTESIAN_POINT('',(-0.000519723877310811,-0.044640345454216,0.02));
#16826=CARTESIAN_POINT('',(-0.000519723877310811,-0.044640345454216,0.02));
#16827=CARTESIAN_POINT('',(-0.00086542700231081,-0.044640345454216,0.02));
#16828=CARTESIAN_POINT('',(-0.00086542700231081,-0.044640345454216,0.02));
#16829=CARTESIAN_POINT('',(-0.00086542700231081,-0.0473018037875493,0.02));
#16830=CARTESIAN_POINT('',(-0.00086542700231081,-0.0473018037875493,0.02));
#16831=CARTESIAN_POINT('',(-0.00086542700231081,-0.0499632621208827,0.02));
#16832=CARTESIAN_POINT('',(-0.00086542700231081,-0.0499632621208827,0.02));
#16833=CARTESIAN_POINT('',(-0.00217792700231081,-0.0499632621208827,0.02));
#16834=CARTESIAN_POINT('',(-0.00217792700231081,-0.0499632621208827,0.02));
#16835=CARTESIAN_POINT('',(-0.00349042700231081,-0.0499632621208827,0.02));
#16836=CARTESIAN_POINT('',(-0.00349042700231081,-0.0499632621208827,0.02));
#16837=CARTESIAN_POINT('',(0.0223585313310225,-0.0481156058708827,0.02));
#16838=CARTESIAN_POINT('',(0.0217374375810225,-0.0481156058708827,0.02));
#16839=CARTESIAN_POINT('',(0.0217374375810225,-0.0481156058708827,0.02));
#16840=CARTESIAN_POINT('',(0.0223585313310225,-0.0481156058708827,0.02));
#16841=CARTESIAN_POINT('',(0.0229796250810225,-0.0481156058708827,0.02));
#16842=CARTESIAN_POINT('',(0.0229796250810225,-0.0481156058708827,0.02));
#16843=CARTESIAN_POINT('',(0.0229796250810225,-0.0493525850375493,0.02));
#16844=CARTESIAN_POINT('',(0.0229796250810225,-0.0493525850375493,0.02));
#16845=CARTESIAN_POINT('',(0.0229796250810225,-0.050589564204216,0.02));
#16846=CARTESIAN_POINT('',(0.0229796250810225,-0.050589564204216,0.02));
#16847=CARTESIAN_POINT('',(0.0233253282060225,-0.050589564204216,0.02));
#16848=CARTESIAN_POINT('',(0.0233253282060225,-0.050589564204216,0.02));
#16849=CARTESIAN_POINT('',(0.0236710313310225,-0.050589564204216,0.02));
#16850=CARTESIAN_POINT('',(0.0236710313310225,-0.050589564204216,0.02));
#16851=CARTESIAN_POINT('',(0.0236710313310225,-0.047614954829216,0.02));
#16852=CARTESIAN_POINT('',(0.0236710313310225,-0.047614954829216,0.02));
#16853=CARTESIAN_POINT('',(0.0236710313310225,-0.044640345454216,0.02));
#16854=CARTESIAN_POINT('',(0.0236710313310225,-0.044640345454216,0.02));
#16855=CARTESIAN_POINT('',(0.0228552761226892,-0.044640345454216,0.02));
#16856=CARTESIAN_POINT('',(0.0228552761226892,-0.044640345454216,0.02));
#16857=CARTESIAN_POINT('',(0.0220395209143559,-0.044640345454216,0.02));
#16858=CARTESIAN_POINT('',(0.0220395209143559,-0.044640345454216,0.02));
#16859=CARTESIAN_POINT('',(0.0220395209143559,-0.044640345454216,0.02));
#16860=CARTESIAN_POINT('',(0.0220395209143559,-0.044640345454216,0.0168));
#16861=CARTESIAN_POINT('',(0.0213094861921336,-0.044640345454216,0.02));
#16862=CARTESIAN_POINT('',(0.0213094861921336,-0.044640345454216,0.0168));
#16863=CARTESIAN_POINT('',(0.0207702066782447,-0.0447801023986604,0.02));
#16864=CARTESIAN_POINT('',(0.0207702066782447,-0.0447801023986604,0.0168));
#16865=CARTESIAN_POINT('',(0.0204216823726892,-0.0450596162875493,0.02));
#16866=CARTESIAN_POINT('',(0.0204216823726892,-0.0450596162875493,0.0168));
#16867=CARTESIAN_POINT('',(0.0220395209143559,-0.044640345454216,0.02));
#16868=CARTESIAN_POINT('',(0.0209444688310225,-0.044640345454216,0.02));
#16869=CARTESIAN_POINT('',(0.0204216823726892,-0.0450596162875493,0.02));
#16870=CARTESIAN_POINT('',(0.0204216823726892,-0.0450596162875493,0.02));
#16871=CARTESIAN_POINT('',(0.0204216823726892,-0.0450596162875493,0.02));
#16872=CARTESIAN_POINT('',(0.0204216823726892,-0.0450596162875493,0.02));
#16873=CARTESIAN_POINT('',(0.0204216823726892,-0.0450596162875493,0.0168));
#16874=CARTESIAN_POINT('',(0.0200731580671336,-0.0453391301764382,0.02));
#16875=CARTESIAN_POINT('',(0.0200731580671336,-0.0453391301764382,0.0168));
#16876=CARTESIAN_POINT('',(0.0198988959143558,-0.0457597030931049,0.02));
#16877=CARTESIAN_POINT('',(0.0198988959143558,-0.0457597030931049,0.0168));
#16878=CARTESIAN_POINT('',(0.0198988959143558,-0.0463213350375493,0.02));
#16879=CARTESIAN_POINT('',(0.0198988959143558,-0.0463213350375493,0.0168));
#16880=CARTESIAN_POINT('',(0.0204216823726892,-0.0450596162875493,0.02));
#16881=CARTESIAN_POINT('',(0.0198988959143558,-0.0454788871208827,0.02));
#16882=CARTESIAN_POINT('',(0.0198988959143558,-0.0463213350375493,0.02));
#16883=CARTESIAN_POINT('',(0.0198988959143558,-0.0463213350375493,0.02));
#16884=CARTESIAN_POINT('',(0.0198988959143558,-0.0463213350375493,0.02));
#16885=CARTESIAN_POINT('',(0.0198988959143558,-0.0463213350375493,0.02));
#16886=CARTESIAN_POINT('',(0.0198988959143558,-0.0463213350375493,0.0168));
#16887=CARTESIAN_POINT('',(0.0198988959143558,-0.0471077933708826,0.02));
#16888=CARTESIAN_POINT('',(0.0198988959143558,-0.0471077933708826,0.0168));
#16889=CARTESIAN_POINT('',(0.0202977674421336,-0.0476394773986604,0.02));
#16890=CARTESIAN_POINT('',(0.0202977674421336,-0.0476394773986604,0.0168));
#16891=CARTESIAN_POINT('',(0.0210955104976892,-0.0479163871208827,0.02));
#16892=CARTESIAN_POINT('',(0.0210955104976892,-0.0479163871208827,0.0168));
#16893=CARTESIAN_POINT('',(0.0198988959143558,-0.0463213350375493,0.02));
#16894=CARTESIAN_POINT('',(0.0198988959143558,-0.0475010225375493,0.02));
#16895=CARTESIAN_POINT('',(0.0210955104976892,-0.0479163871208827,0.02));
#16896=CARTESIAN_POINT('',(0.0210955104976892,-0.0479163871208827,0.02));
#16897=CARTESIAN_POINT('',(0.0210955104976892,-0.0479163871208827,0.02));
#16898=CARTESIAN_POINT('',(0.0202875677893559,-0.0492529756625493,0.02));
#16899=CARTESIAN_POINT('',(0.0202875677893559,-0.0492529756625493,0.02));
#16900=CARTESIAN_POINT('',(0.0194796250810225,-0.050589564204216,0.02));
#16901=CARTESIAN_POINT('',(0.0194796250810225,-0.050589564204216,0.02));
#16902=CARTESIAN_POINT('',(0.0198884792476892,-0.050589564204216,0.02));
#16903=CARTESIAN_POINT('',(0.0198884792476892,-0.050589564204216,0.02));
#16904=CARTESIAN_POINT('',(0.0202973334143558,-0.050589564204216,0.02));
#16905=CARTESIAN_POINT('',(0.0202973334143558,-0.050589564204216,0.02));
#16906=CARTESIAN_POINT('',(0.0264509792476892,-0.0479222464958827,0.02));
#16907=CARTESIAN_POINT('',(0.0264509792476892,-0.0452549287875493,0.02));
#16908=CARTESIAN_POINT('',(0.0264509792476892,-0.0452549287875493,0.02));
#16909=CARTESIAN_POINT('',(0.0264509792476892,-0.0479222464958827,0.02));
#16910=CARTESIAN_POINT('',(0.0264509792476892,-0.050589564204216,0.02));
#16911=CARTESIAN_POINT('',(0.0264509792476892,-0.050589564204216,0.02));
#16912=CARTESIAN_POINT('',(0.0267966823726892,-0.050589564204216,0.02));
#16913=CARTESIAN_POINT('',(0.0267966823726892,-0.050589564204216,0.02));
#16914=CARTESIAN_POINT('',(0.0271423854976892,-0.050589564204216,0.02));
#16915=CARTESIAN_POINT('',(0.0271423854976892,-0.050589564204216,0.02));
#16916=CARTESIAN_POINT('',(0.0271423854976892,-0.0479222464958827,0.02));
#16917=CARTESIAN_POINT('',(0.0271423854976892,-0.0479222464958827,0.02));
#16918=CARTESIAN_POINT('',(0.0271423854976892,-0.0452549287875493,0.02));
#16919=CARTESIAN_POINT('',(0.0271423854976892,-0.0452549287875493,0.02));
#16920=CARTESIAN_POINT('',(0.0280844427893558,-0.0452549287875493,0.02));
#16921=CARTESIAN_POINT('',(0.0280844427893558,-0.0452549287875493,0.02));
#16922=CARTESIAN_POINT('',(0.0290265000810225,-0.0452549287875493,0.02));
#16923=CARTESIAN_POINT('',(0.0290265000810225,-0.0452549287875493,0.02));
#16924=CARTESIAN_POINT('',(0.0290265000810225,-0.0449476371208826,0.02));
#16925=CARTESIAN_POINT('',(0.0290265000810225,-0.0449476371208826,0.02));
#16926=CARTESIAN_POINT('',(0.0290265000810225,-0.044640345454216,0.02));
#16927=CARTESIAN_POINT('',(0.0290265000810225,-0.044640345454216,0.02));
#16928=CARTESIAN_POINT('',(0.0267966823726892,-0.044640345454216,0.02));
#16929=CARTESIAN_POINT('',(0.0267966823726892,-0.044640345454216,0.02));
#16930=CARTESIAN_POINT('',(0.0245668646643558,-0.044640345454216,0.02));
#16931=CARTESIAN_POINT('',(0.0245668646643558,-0.044640345454216,0.02));
#16932=CARTESIAN_POINT('',(0.0245668646643558,-0.0449476371208826,0.02));
#16933=CARTESIAN_POINT('',(0.0245668646643558,-0.0449476371208826,0.02));
#16934=CARTESIAN_POINT('',(0.0245668646643558,-0.0452549287875493,0.02));
#16935=CARTESIAN_POINT('',(0.0245668646643558,-0.0452549287875493,0.02));
#16936=CARTESIAN_POINT('',(0.0296410834143559,-0.0454906058708827,0.02));
#16937=CARTESIAN_POINT('',(0.0296410834143559,-0.0454906058708827,0.0168));
#16938=CARTESIAN_POINT('',(0.0300916042476892,-0.0452796683708827,0.02));
#16939=CARTESIAN_POINT('',(0.0300916042476892,-0.0452796683708827,0.0168));
#16940=CARTESIAN_POINT('',(0.0305421250810225,-0.0451741996208827,0.02));
#16941=CARTESIAN_POINT('',(0.0305421250810225,-0.0451741996208827,0.0168));
#16942=CARTESIAN_POINT('',(0.0309926459143559,-0.0451741996208827,0.02));
#16943=CARTESIAN_POINT('',(0.0309926459143559,-0.0451741996208827,0.0168));
#16944=CARTESIAN_POINT('',(0.0296410834143559,-0.0454906058708827,0.02));
#16945=CARTESIAN_POINT('',(0.0296410834143559,-0.0454906058708827,0.02));
#16946=CARTESIAN_POINT('',(0.0296410834143559,-0.0454906058708827,0.02));
#16947=CARTESIAN_POINT('',(0.0303168646643559,-0.0451741996208827,0.02));
#16948=CARTESIAN_POINT('',(0.0309926459143559,-0.0451741996208827,0.02));
#16949=CARTESIAN_POINT('',(0.0309926459143559,-0.0451741996208827,0.02));
#16950=CARTESIAN_POINT('',(0.0309926459143559,-0.0451741996208827,0.02));
#16951=CARTESIAN_POINT('',(0.0309926459143559,-0.0451741996208827,0.02));
#16952=CARTESIAN_POINT('',(0.0309926459143559,-0.0451741996208827,0.0168));
#16953=CARTESIAN_POINT('',(0.0316462917476892,-0.0451741996208827,0.02));
#16954=CARTESIAN_POINT('',(0.0316462917476892,-0.0451741996208827,0.0168));
#16955=CARTESIAN_POINT('',(0.0321623507754669,-0.0453918645514382,0.02));
#16956=CARTESIAN_POINT('',(0.0321623507754669,-0.0453918645514382,0.0168));
#16957=CARTESIAN_POINT('',(0.0325408229976892,-0.0458271944125493,0.02));
#16958=CARTESIAN_POINT('',(0.0325408229976892,-0.0458271944125493,0.0168));
#16959=CARTESIAN_POINT('',(0.0309926459143559,-0.0451741996208827,0.02));
#16960=CARTESIAN_POINT('',(0.0319731146643558,-0.0451741996208827,0.02));
#16961=CARTESIAN_POINT('',(0.0325408229976892,-0.0458271944125493,0.02));
#16962=CARTESIAN_POINT('',(0.0325408229976892,-0.0458271944125493,0.02));
#16963=CARTESIAN_POINT('',(0.0325408229976892,-0.0458271944125493,0.02));
#16964=CARTESIAN_POINT('',(0.0325408229976892,-0.0458271944125493,0.02));
#16965=CARTESIAN_POINT('',(0.0325408229976892,-0.0458271944125493,0.0168));
#16966=CARTESIAN_POINT('',(0.0329192952199114,-0.0462625242736604,0.02));
#16967=CARTESIAN_POINT('',(0.0329192952199114,-0.0462625242736604,0.0168));
#16968=CARTESIAN_POINT('',(0.0331085313310225,-0.0468586614264382,0.02));
#16969=CARTESIAN_POINT('',(0.0331085313310225,-0.0468586614264382,0.0168));
#16970=CARTESIAN_POINT('',(0.0331085313310225,-0.0476156058708827,0.02));
#16971=CARTESIAN_POINT('',(0.0331085313310225,-0.0476156058708827,0.0168));
#16972=CARTESIAN_POINT('',(0.0325408229976892,-0.0458271944125493,0.02));
#16973=CARTESIAN_POINT('',(0.0331085313310225,-0.046480189204216,0.02));
#16974=CARTESIAN_POINT('',(0.0331085313310225,-0.0476156058708827,0.02));
#16975=CARTESIAN_POINT('',(0.0331085313310225,-0.0476156058708827,0.02));
#16976=CARTESIAN_POINT('',(0.0331085313310225,-0.0476156058708827,0.02));
#16977=CARTESIAN_POINT('',(0.0331085313310225,-0.0476156058708827,0.02));
#16978=CARTESIAN_POINT('',(0.0331085313310225,-0.0476156058708827,0.0168));
#16979=CARTESIAN_POINT('',(0.0331085313310225,-0.0483933836486604,0.02));
#16980=CARTESIAN_POINT('',(0.0331085313310225,-0.0483933836486604,0.0168));
#16981=CARTESIAN_POINT('',(0.032926022650467,-0.0489947291347715,0.02));
#16982=CARTESIAN_POINT('',(0.032926022650467,-0.0489947291347715,0.0168));
#16983=CARTESIAN_POINT('',(0.0325610052893558,-0.049419642329216,0.02));
#16984=CARTESIAN_POINT('',(0.0325610052893558,-0.049419642329216,0.0168));
#16985=CARTESIAN_POINT('',(0.0331085313310225,-0.0476156058708827,0.02));
#16986=CARTESIAN_POINT('',(0.0331085313310225,-0.0487822725375493,0.02));
#16987=CARTESIAN_POINT('',(0.0325610052893558,-0.049419642329216,0.02));
#16988=CARTESIAN_POINT('',(0.0325610052893558,-0.049419642329216,0.02));
#16989=CARTESIAN_POINT('',(0.0325610052893558,-0.049419642329216,0.02));
#16990=CARTESIAN_POINT('',(0.0325610052893558,-0.049419642329216,0.02));
#16991=CARTESIAN_POINT('',(0.0325610052893558,-0.049419642329216,0.0168));
#16992=CARTESIAN_POINT('',(0.0321959879282447,-0.0498445555236605,0.02));
#16993=CARTESIAN_POINT('',(0.0321959879282447,-0.0498445555236605,0.0168));
#16994=CARTESIAN_POINT('',(0.031675805636578,-0.0500570121208827,0.02));
#16995=CARTESIAN_POINT('',(0.031675805636578,-0.0500570121208827,0.0168));
#16996=CARTESIAN_POINT('',(0.0310004584143558,-0.0500570121208827,0.02));
#16997=CARTESIAN_POINT('',(0.0310004584143558,-0.0500570121208827,0.0168));
#16998=CARTESIAN_POINT('',(0.0325610052893558,-0.049419642329216,0.02));
#16999=CARTESIAN_POINT('',(0.0320134792476892,-0.0500570121208827,0.02));
#17000=CARTESIAN_POINT('',(0.0310004584143558,-0.0500570121208827,0.02));
#17001=CARTESIAN_POINT('',(0.0310004584143558,-0.0500570121208827,0.02));
#17002=CARTESIAN_POINT('',(0.0310004584143558,-0.0500570121208827,0.02));
#17003=CARTESIAN_POINT('',(0.0310004584143558,-0.0500570121208827,0.02));
#17004=CARTESIAN_POINT('',(0.0310004584143558,-0.0500570121208827,0.0168));
#17005=CARTESIAN_POINT('',(0.0305855278588003,-0.0500570121208827,0.02));
#17006=CARTESIAN_POINT('',(0.0305855278588003,-0.0500570121208827,0.0168));
#17007=CARTESIAN_POINT('',(0.0301120035532447,-0.0499823593431049,0.02));
#17008=CARTESIAN_POINT('',(0.0301120035532447,-0.0499823593431049,0.0168));
#17009=CARTESIAN_POINT('',(0.0295798854976892,-0.0498330537875493,0.02));
#17010=CARTESIAN_POINT('',(0.0295798854976892,-0.0498330537875493,0.0168));
#17011=CARTESIAN_POINT('',(0.0310004584143558,-0.0500570121208827,0.02));
#17012=CARTESIAN_POINT('',(0.0303780625810225,-0.0500570121208827,0.02));
#17013=CARTESIAN_POINT('',(0.0295798854976892,-0.0498330537875493,0.02));
#17014=CARTESIAN_POINT('',(0.0295798854976892,-0.0498330537875493,0.02));
#17015=CARTESIAN_POINT('',(0.0295798854976892,-0.0498330537875493,0.02));
#17016=CARTESIAN_POINT('',(0.0295798854976892,-0.0501357881625493,0.02));
#17017=CARTESIAN_POINT('',(0.0295798854976892,-0.0501357881625493,0.02));
#17018=CARTESIAN_POINT('',(0.0295798854976892,-0.0504385225375493,0.02));
#17019=CARTESIAN_POINT('',(0.0295798854976892,-0.0504385225375493,0.02));
#17020=CARTESIAN_POINT('',(0.0295798854976892,-0.0504385225375493,0.02));
#17021=CARTESIAN_POINT('',(0.0295798854976892,-0.0504385225375493,0.0168));
#17022=CARTESIAN_POINT('',(0.0299922118865781,-0.0505939044819938,0.02));
#17023=CARTESIAN_POINT('',(0.0299922118865781,-0.0505939044819938,0.0168));
#17024=CARTESIAN_POINT('',(0.0305008924421336,-0.050671595454216,0.02));
#17025=CARTESIAN_POINT('',(0.0305008924421336,-0.050671595454216,0.0168));
#17026=CARTESIAN_POINT('',(0.0311059271643559,-0.050671595454216,0.02));
#17027=CARTESIAN_POINT('',(0.0311059271643559,-0.050671595454216,0.0168));
#17028=CARTESIAN_POINT('',(0.0295798854976892,-0.0504385225375493,0.02));
#17029=CARTESIAN_POINT('',(0.0301983750810225,-0.050671595454216,0.02));
#17030=CARTESIAN_POINT('',(0.0311059271643559,-0.050671595454216,0.02));
#17031=CARTESIAN_POINT('',(0.0311059271643559,-0.050671595454216,0.02));
#17032=CARTESIAN_POINT('',(0.0311059271643559,-0.050671595454216,0.02));
#17033=CARTESIAN_POINT('',(0.0311059271643559,-0.050671595454216,0.02));
#17034=CARTESIAN_POINT('',(0.0311059271643559,-0.050671595454216,0.0168));
#17035=CARTESIAN_POINT('',(0.0319817952199114,-0.050671595454216,0.02));
#17036=CARTESIAN_POINT('',(0.0319817952199114,-0.050671595454216,0.0168));
#17037=CARTESIAN_POINT('',(0.0326577934838003,-0.0504055364264382,0.02));
#17038=CARTESIAN_POINT('',(0.0326577934838003,-0.0504055364264382,0.0168));
#17039=CARTESIAN_POINT('',(0.0331339219560225,-0.0498734183708827,0.02));
#17040=CARTESIAN_POINT('',(0.0331339219560225,-0.0498734183708827,0.0168));
#17041=CARTESIAN_POINT('',(0.0311059271643559,-0.050671595454216,0.02));
#17042=CARTESIAN_POINT('',(0.0324197292476891,-0.050671595454216,0.02));
#17043=CARTESIAN_POINT('',(0.0331339219560225,-0.0498734183708827,0.02));
#17044=CARTESIAN_POINT('',(0.0331339219560225,-0.0498734183708827,0.02));
#17045=CARTESIAN_POINT('',(0.0331339219560225,-0.0498734183708827,0.02));
#17046=CARTESIAN_POINT('',(0.0331339219560225,-0.0498734183708827,0.02));
#17047=CARTESIAN_POINT('',(0.0331339219560225,-0.0498734183708827,0.0168));
#17048=CARTESIAN_POINT('',(0.0336100504282447,-0.0493413003153271,0.02));
#17049=CARTESIAN_POINT('',(0.0336100504282447,-0.0493413003153271,0.0168));
#17050=CARTESIAN_POINT('',(0.0338481146643558,-0.048585657954216,0.02));
#17051=CARTESIAN_POINT('',(0.0338481146643558,-0.048585657954216,0.0168));
#17052=CARTESIAN_POINT('',(0.0338481146643558,-0.0476064912875493,0.02));
#17053=CARTESIAN_POINT('',(0.0338481146643558,-0.0476064912875493,0.0168));
#17054=CARTESIAN_POINT('',(0.0331339219560225,-0.0498734183708827,0.02));
#17055=CARTESIAN_POINT('',(0.0338481146643558,-0.0490752412875493,0.02));
#17056=CARTESIAN_POINT('',(0.0338481146643558,-0.0476064912875493,0.02));
#17057=CARTESIAN_POINT('',(0.0338481146643558,-0.0476064912875493,0.02));
#17058=CARTESIAN_POINT('',(0.0338481146643558,-0.0476064912875493,0.02));
#17059=CARTESIAN_POINT('',(0.0338481146643558,-0.0476064912875493,0.02));
#17060=CARTESIAN_POINT('',(0.0338481146643558,-0.0476064912875493,0.0168));
#17061=CARTESIAN_POINT('',(0.0338481146643558,-0.0469936440653271,0.02));
#17062=CARTESIAN_POINT('',(0.0338481146643558,-0.0469936440653271,0.0168));
#17063=CARTESIAN_POINT('',(0.0337335313310225,-0.046456751704216,0.02));
#17064=CARTESIAN_POINT('',(0.0337335313310225,-0.046456751704216,0.0168));
#17065=CARTESIAN_POINT('',(0.0335043646643558,-0.045995814204216,0.02));
#17066=CARTESIAN_POINT('',(0.0335043646643558,-0.045995814204216,0.0168));
#17067=CARTESIAN_POINT('',(0.0338481146643558,-0.0476064912875493,0.02));
#17068=CARTESIAN_POINT('',(0.0338481146643558,-0.046687220454216,0.02));
#17069=CARTESIAN_POINT('',(0.0335043646643558,-0.045995814204216,0.02));
#17070=CARTESIAN_POINT('',(0.0335043646643558,-0.045995814204216,0.02));
#17071=CARTESIAN_POINT('',(0.0335043646643558,-0.045995814204216,0.02));
#17072=CARTESIAN_POINT('',(0.0335043646643558,-0.045995814204216,0.02));
#17073=CARTESIAN_POINT('',(0.0335043646643558,-0.045995814204216,0.0168));
#17074=CARTESIAN_POINT('',(0.0332751979976892,-0.045534876704216,0.02));
#17075=CARTESIAN_POINT('',(0.0332751979976892,-0.045534876704216,0.0168));
#17076=CARTESIAN_POINT('',(0.0329442518171336,-0.0451796249681049,0.02));
#17077=CARTESIAN_POINT('',(0.0329442518171336,-0.0451796249681049,0.0168));
#17078=CARTESIAN_POINT('',(0.0325115261226891,-0.0449300589958826,0.02));
#17079=CARTESIAN_POINT('',(0.0325115261226891,-0.0449300589958826,0.0168));
#17080=CARTESIAN_POINT('',(0.0335043646643558,-0.045995814204216,0.02));
#17081=CARTESIAN_POINT('',(0.0331606146643558,-0.045304407954216,0.02));
#17082=CARTESIAN_POINT('',(0.0325115261226891,-0.0449300589958826,0.02));
#17083=CARTESIAN_POINT('',(0.0325115261226891,-0.0449300589958826,0.02));
#17084=CARTESIAN_POINT('',(0.0325115261226891,-0.0449300589958826,0.02));
#17085=CARTESIAN_POINT('',(0.0325115261226891,-0.0449300589958826,0.02));
#17086=CARTESIAN_POINT('',(0.0325115261226891,-0.0449300589958826,0.0168));
#17087=CARTESIAN_POINT('',(0.0320788004282447,-0.0446804930236605,0.02));
#17088=CARTESIAN_POINT('',(0.0320788004282447,-0.0446804930236605,0.0168));
#17089=CARTESIAN_POINT('',(0.0315694688310225,-0.0445557100375494,0.02));
#17090=CARTESIAN_POINT('',(0.0315694688310225,-0.0445557100375494,0.0168));
#17091=CARTESIAN_POINT('',(0.0309835313310225,-0.0445557100375494,0.02));
#17092=CARTESIAN_POINT('',(0.0309835313310225,-0.0445557100375494,0.0168));
#17093=CARTESIAN_POINT('',(0.0325115261226891,-0.0449300589958826,0.02));
#17094=CARTESIAN_POINT('',(0.0318624375810225,-0.0445557100375494,0.02));
#17095=CARTESIAN_POINT('',(0.0309835313310225,-0.0445557100375494,0.02));
#17096=CARTESIAN_POINT('',(0.0309835313310225,-0.0445557100375494,0.02));
#17097=CARTESIAN_POINT('',(0.0309835313310225,-0.0445557100375494,0.02));
#17098=CARTESIAN_POINT('',(0.0309835313310225,-0.0445557100375494,0.02));
#17099=CARTESIAN_POINT('',(0.0309835313310225,-0.0445557100375494,0.0168));
#17100=CARTESIAN_POINT('',(0.0303602674421336,-0.0445557100375494,0.02));
#17101=CARTESIAN_POINT('',(0.0303602674421336,-0.0445557100375494,0.0168));
#17102=CARTESIAN_POINT('',(0.0298151285532447,-0.0446694253153271,0.02));
#17103=CARTESIAN_POINT('',(0.0298151285532447,-0.0446694253153271,0.0168));
#17104=CARTESIAN_POINT('',(0.0293481146643558,-0.0448968558708827,0.02));
#17105=CARTESIAN_POINT('',(0.0293481146643558,-0.0448968558708827,0.0168));
#17106=CARTESIAN_POINT('',(0.0309835313310225,-0.0445557100375494,0.02));
#17107=CARTESIAN_POINT('',(0.0300486354976892,-0.0445557100375494,0.02));
#17108=CARTESIAN_POINT('',(0.0293481146643558,-0.0448968558708827,0.02));
#17109=CARTESIAN_POINT('',(0.0293481146643558,-0.0448968558708827,0.02));
#17110=CARTESIAN_POINT('',(0.0293481146643558,-0.0448968558708827,0.02));
#17111=CARTESIAN_POINT('',(0.0152035834143559,-0.0502764131625493,0.02));
#17112=CARTESIAN_POINT('',(0.0152035834143559,-0.0502764131625493,0.02));
#17113=CARTESIAN_POINT('',(0.0104724636226892,-0.0456299287875493,0.02));
#17114=CARTESIAN_POINT('',(0.0104724636226892,-0.0456299287875493,0.02));
#17115=CARTESIAN_POINT('',(0.00181360945602251,-0.0476025850375493,0.02));
#17116=CARTESIAN_POINT('',(0.00181360945602251,-0.0476025850375493,0.02));
#17117=CARTESIAN_POINT('',(-0.0376244963176394,-0.0148671931960825,0.02));
#17118=CARTESIAN_POINT('',(-0.0376244963176394,-0.0148671931960825,0.02));
#17119=CARTESIAN_POINT('',(-0.0402806004499774,-0.0248809166839664,0.020000000000003));
#17120=CARTESIAN_POINT('',(-0.0402806004499774,-0.0248809166839664,0.02));
#17121=CARTESIAN_POINT('',(-0.0274354039692422,-0.00721410287314064,0.02));
#17122=CARTESIAN_POINT('',(-0.0274354039692422,-0.00721410287314064,0.02));
#17123=CARTESIAN_POINT('',(-0.0258965837835845,-0.00643388882511608,0.02));
#17124=CARTESIAN_POINT('',(-0.0258965837835845,-0.00643388882511608,0.02));
#17125=CARTESIAN_POINT('',(-0.0279067637296378,-0.00326804413301768,0.02));
#17126=CARTESIAN_POINT('',(-0.0279067637296378,-0.00326804413301768,0.02));
#17127=CARTESIAN_POINT('',(-0.0242261170020547,0.00132545640562067,0.02));
#17128=CARTESIAN_POINT('',(-0.0242261170020547,0.00132545640562067,0.02));
#17129=CARTESIAN_POINT('',(0.021436336734762,0.0106149494724541,0.02));
#17130=CARTESIAN_POINT('',(0.021436336734762,0.0106149494724541,0.02));
#17131=CARTESIAN_POINT('',(0.0296269405069286,-0.000527321572270457,0.02));
#17132=CARTESIAN_POINT('',(0.0296269405069286,-0.000527321572270457,0.02));
#17133=CARTESIAN_POINT('',(0.0351046487492579,-0.0219134280570235,0.02));
#17134=CARTESIAN_POINT('',(0.0351046487492579,-0.0219134280570235,0.02));
#17135=CARTESIAN_POINT('',(0.0399183235334709,-0.0191057277971181,0.02));
#17136=CARTESIAN_POINT('',(0.0399183235334709,-0.0191057277971181,0.02));
#17137=CARTESIAN_POINT('',(-6.43807120990054E-17,0.0308083035051822,0.02));
#17138=CARTESIAN_POINT('',(-6.43807120990054E-17,0.0308083035051822,0.02));
#17139=CARTESIAN_POINT('',(-0.00321004361154092,0.0308083035051822,0.02));
#17140=CARTESIAN_POINT('',(-0.0414102103421786,-0.0407425010114017,0.02));
#17141=CARTESIAN_POINT('',(-0.0414102103421786,-0.0407425010114017,0.02));
#17142=CARTESIAN_POINT('',(-0.0446245258689503,-0.0407425010114017,0.02));
#17143=CARTESIAN_POINT('',(0.0413606725579675,-0.0407139003583524,0.02));
#17144=CARTESIAN_POINT('',(0.0413606725579675,-0.0407139003583524,0.02));
#17145=CARTESIAN_POINT('',(0.0381730123830554,-0.0407139003583524,0.02));
#17146=CARTESIAN_POINT('',(0.0381223832152619,-0.0152418599758943,0.02));
#17147=CARTESIAN_POINT('',(0.0381223832152619,-0.0152418599758943,0.02));
#17148=CARTESIAN_POINT('',(0.030053722357705,-0.0139305919215634,0.02));
#17149=CARTESIAN_POINT('',(0.030053722357705,-0.0139305919215634,0.02));
#17150=CARTESIAN_POINT('',(0.0296234012661188,-0.0117352213749633,0.02));
#17151=CARTESIAN_POINT('',(0.0296234012661188,-0.0117352213749633,0.02));
#17152=CARTESIAN_POINT('',(0.0306212282569785,-0.0111687493060335,0.02));
#17153=CARTESIAN_POINT('',(0.0306212282569785,-0.0111687493060335,0.02));
#17154=CARTESIAN_POINT('',(0.0291344202686197,-0.00567555357909682,0.02));
#17155=CARTESIAN_POINT('',(0.0291344202686197,-0.00567555357909682,0.02));
#17156=CARTESIAN_POINT('',(0.0234827655879595,0.00299739608199335,0.0200000000000003));
#17157=CARTESIAN_POINT('',(0.0234827655879595,0.00299739608199335,0.02));
#17158=CARTESIAN_POINT('',(0.0151548704078887,0.0181383423815244,0.020000000000003));
#17159=CARTESIAN_POINT('',(0.0151548704078887,0.0181383423815244,0.02));
#17160=CARTESIAN_POINT('',(0.0190025915485953,0.0178745906209043,0.02));
#17161=CARTESIAN_POINT('',(0.0190025915485953,0.0178745906209043,0.02));
#17162=CARTESIAN_POINT('',(-0.0119320677238646,0.0235449213959645,0.02));
#17163=CARTESIAN_POINT('',(-0.0119320677238646,0.0235449213959645,0.0168));
#17164=CARTESIAN_POINT('',(-0.0118095926372614,0.0241960152857277,0.02));
#17165=CARTESIAN_POINT('',(-0.0118095926372614,0.0241960152857277,0.0168));
#17166=CARTESIAN_POINT('',(-0.0117995437437217,0.0246870779568787,0.02));
#17167=CARTESIAN_POINT('',(-0.0117995437437217,0.0246870779568787,0.0168));
#17168=CARTESIAN_POINT('',(-0.0119019210432454,0.0250181094094176,0.02));
#17169=CARTESIAN_POINT('',(-0.0119019210432454,0.0250181094094176,0.0168));
#17170=CARTESIAN_POINT('',(-0.0119320677238646,0.0235449213959645,0.02));
#17171=CARTESIAN_POINT('',(-0.0117483550939598,0.0245215622306093,0.02));
#17172=CARTESIAN_POINT('',(-0.0119019210432454,0.0250181094094176,0.02));
#17173=CARTESIAN_POINT('',(-0.0111553488646076,0.0196016538601851,0.02));
#17174=CARTESIAN_POINT('',(-0.0111553488646076,0.0196016538601851,0.02));
#17175=CARTESIAN_POINT('',(-0.0181232564226518,0.0129293554842989,0.02));
#17176=CARTESIAN_POINT('',(-0.0181232564226518,0.0129293554842989,0.0168));
#17177=CARTESIAN_POINT('',(-0.0180007813360486,0.0135804493740621,0.02));
#17178=CARTESIAN_POINT('',(-0.0180007813360486,0.0135804493740621,0.0168));
#17179=CARTESIAN_POINT('',(-0.0179907324425089,0.0140715120452131,0.02));
#17180=CARTESIAN_POINT('',(-0.0179907324425089,0.0140715120452131,0.0168));
#17181=CARTESIAN_POINT('',(-0.0180931097420325,0.014402543497752,0.02));
#17182=CARTESIAN_POINT('',(-0.0180931097420325,0.014402543497752,0.0168));
#17183=CARTESIAN_POINT('',(-0.0181232564226518,0.0129293554842989,0.02));
#17184=CARTESIAN_POINT('',(-0.017939543792747,0.0139059963189437,0.02));
#17185=CARTESIAN_POINT('',(-0.0180931097420325,0.014402543497752,0.02));
#17186=CARTESIAN_POINT('',(-0.0192652943915313,0.00569613983539998,0.02));
#17187=CARTESIAN_POINT('',(-0.0192652943915313,0.00569613983539998,0.02));
#17188=CARTESIAN_POINT('',(-0.0388643126510934,-0.019121382911464,0.02));
#17189=CARTESIAN_POINT('',(-0.0388643126510934,-0.019121382911464,0.02));
#17190=CARTESIAN_POINT('',(-0.0376191054323625,-0.0257737604233934,0.02));
#17191=CARTESIAN_POINT('',(-0.0376191054323625,-0.0257737604233934,0.02));
#17192=CARTESIAN_POINT('',(-0.0331460259606442,-0.047956751704216,0.02));
#17193=CARTESIAN_POINT('',(-0.0331460259606442,-0.047956751704216,0.02));
#17194=CARTESIAN_POINT('',(-0.0266727186689774,-0.0465771944125493,0.02));
#17195=CARTESIAN_POINT('',(-0.0266727186689774,-0.0465771944125493,0.02));
#17196=CARTESIAN_POINT('',(-0.0177658176273108,-0.044640345454216,0.02));
#17197=CARTESIAN_POINT('',(-0.0177658176273108,-0.044640345454216,0.02));
#17198=CARTESIAN_POINT('',(-0.0128322238773108,-0.0456299287875493,0.02));
#17199=CARTESIAN_POINT('',(-0.0128322238773108,-0.0456299287875493,0.02));
#17200=CARTESIAN_POINT('',(-0.00727232804397748,-0.0452549287875493,0.02));
#17201=CARTESIAN_POINT('',(-0.00727232804397748,-0.0452549287875493,0.02));
#17202=CARTESIAN_POINT('',(-0.00349042700231081,-0.0502764131625493,0.02));
#17203=CARTESIAN_POINT('',(-0.00349042700231081,-0.0502764131625493,0.02));
#17204=CARTESIAN_POINT('',(0.0210173854976892,-0.0493525850375493,0.02));
#17205=CARTESIAN_POINT('',(0.0210173854976892,-0.0493525850375493,0.02));
#17206=CARTESIAN_POINT('',(0.0255089219560225,-0.0452549287875493,0.02));
#17207=CARTESIAN_POINT('',(0.0255089219560225,-0.0452549287875493,0.02));
#17208=CARTESIAN_POINT('',(0.0294945990393558,-0.0451937308708827,0.02));
#17209=CARTESIAN_POINT('',(0.0294945990393558,-0.0451937308708827,0.02));
#17210=CARTESIAN_POINT('',(-0.0294920092258352,-0.0338615243886248,0.02));
#17211=CARTESIAN_POINT('',(-0.0294920092258352,-0.0338615243886248,0.02));
#17212=CARTESIAN_POINT('',(-4.52987538632606E-17,-0.00832069519040648,0.02));
#17213=CARTESIAN_POINT('',(0.0294920092258351,-0.0338615243886248,0.0268));
#17214=CARTESIAN_POINT('',(0.03627818428989,-0.0299435243886248,0.0368));
#17215=CARTESIAN_POINT('',(0.0294920092258351,-0.0424975243886248,0.0268));
#17216=CARTESIAN_POINT('',(0.0147460046129175,-0.0424975243886248,0.0268));
#17217=CARTESIAN_POINT('',(-0.0294920092258352,-0.0424975243886248,0.0268));
#17218=CARTESIAN_POINT('',(0.0295980023064587,-0.0167731097895156,0.0268));
#17219=CARTESIAN_POINT('',(0.00678617506405479,0.0211381340078118,0.0368));
#17220=CARTESIAN_POINT('',(-0.0294920092258352,-0.0338615243886248,0.0268));
#17221=CARTESIAN_POINT('',(-0.0369710046129177,-0.0295435243886248,0.0268));
#17222=CARTESIAN_POINT('',(-6.52134719224257E-17,0.0172201340078118,0.0268));
#17223=CARTESIAN_POINT('',(-0.00678617506405493,0.0211381340078118,0.0368));
#17224=CARTESIAN_POINT('',(-0.0148519976935413,0.00876771940870266,0.0268));
#17225=CARTESIAN_POINT('',(-6.36324353578495E-17,-0.0168343049231459,0.0268));
#17226=CARTESIAN_POINT('',(-6.69481953984025E-17,-0.0289652832235307,0.0268));
#17227=CARTESIAN_POINT('',(0.000133340872424037,-0.0286986014786824,0.0301335218106026));
#17228=CARTESIAN_POINT('',(0.00026667474212727,-0.0284297470627906,0.0334668685531834));
#17229=CARTESIAN_POINT('',(0.000399999999999932,-0.0281582207319017,0.0368));
#17230=CARTESIAN_POINT('',(-0.0096067987606988,-0.0108259368572542,0.0368));
#17231=CARTESIAN_POINT('',(-0.00990861008998126,-0.0108056367520937,0.0334668685531834));
#17232=CARTESIAN_POINT('',(-0.0102081117789149,-0.0107866800624956,0.0301335218106026));
#17233=CARTESIAN_POINT('',(-0.010505735380891,-0.0107688157729536,0.0268));
#17234=CARTESIAN_POINT('',(-6.36324353578495E-17,-0.0168343049231459,0.0268));
#17235=CARTESIAN_POINT('',(-0.00936197258697906,-0.00911976645314921,0.0268));
#17236=CARTESIAN_POINT('',(-0.0092137927880322,-0.00935928193471874,0.0301334148041361));
#17237=CARTESIAN_POINT('',(-0.0090647290543422,-0.00959930424383688,0.0334667535622941));
#17238=CARTESIAN_POINT('',(-0.00891459221649801,-0.00983994184582829,0.0368));
#17239=CARTESIAN_POINT('',(0.0100067987606987,-0.0115187571802818,0.0368));
#17240=CARTESIAN_POINT('',(0.0101752848321085,-0.0112675309545535,0.0334668685531834));
#17241=CARTESIAN_POINT('',(0.0103414526513388,-0.0110176332282597,0.0301335218106026));
#17242=CARTESIAN_POINT('',(0.0105057353808909,-0.0107688157729535,0.0268));
#17243=CARTESIAN_POINT('',(-6.36324353578495E-17,-0.0168343049231459,0.0268));
#17244=CARTESIAN_POINT('',(0.0113619725869789,-0.0125838680682869,0.0268));
#17245=CARTESIAN_POINT('',(0.0110804561958666,-0.0125924377977178,0.0301334148041361));
#17246=CARTESIAN_POINT('',(0.0107980589118503,-0.0126015196233173,0.0334667535622941));
#17247=CARTESIAN_POINT('',(0.0105145922164979,-0.0126112231379385,0.0368));
#17248=CARTESIAN_POINT('',(0.00159999999999993,-0.028051749785671,0.0368));
#17249=CARTESIAN_POINT('',(0.00173332985750817,-0.0283020909022836,0.0334667535622941));
#17250=CARTESIAN_POINT('',(0.00186666340783449,-0.0285511950370012,0.0301334148041361));
#17251=CARTESIAN_POINT('',(0.00199999999999993,-0.0287992802480016,0.0268));
#17252=CARTESIAN_POINT('',(-0.0154993422866611,-0.00788575548168003,0.0268));
#17253=CARTESIAN_POINT('',(0.000399999999999932,-0.00832069519040648,0.0368));
#17254=CARTESIAN_POINT('',(-0.00288650115322945,-0.013320261843906,0.0368));
#17255=CARTESIAN_POINT('',(0.0154993422866609,-0.00788575548168,0.0268));
#17256=CARTESIAN_POINT('',(0.00199999999999993,-0.0347314038060777,0.0268));
#17257=CARTESIAN_POINT('',(0.00448650115322934,-0.0160915431360161,0.0368));
#17258=MECHANICAL_DESIGN_GEOMETRIC_PRESENTATION_REPRESENTATION('',(#10081),
#17259);
#17259=(
GEOMETRIC_REPRESENTATION_CONTEXT(3)
GLOBAL_UNCERTAINTY_ASSIGNED_CONTEXT((#17260))
GLOBAL_UNIT_ASSIGNED_CONTEXT((#17263,#17262,#17261))
REPRESENTATION_CONTEXT('Part 1','TOP_LEVEL_ASSEMBLY_PART')
);
#17260=UNCERTAINTY_MEASURE_WITH_UNIT(LENGTH_MEASURE(2.E-5),#17263,
'DISTANCE_ACCURACY_VALUE','Maximum Tolerance applied to model');
#17261=(
NAMED_UNIT(*)
SI_UNIT($,.STERADIAN.)
SOLID_ANGLE_UNIT()
);
#17262=(
NAMED_UNIT(*)
PLANE_ANGLE_UNIT()
SI_UNIT($,.RADIAN.)
);
#17263=(
LENGTH_UNIT()
NAMED_UNIT(*)
SI_UNIT($,.METRE.)
);
#17264=PRODUCT_DEFINITION_SHAPE('','',#17265);
#17265=PRODUCT_DEFINITION('','',#17267,#17266);
#17266=PRODUCT_DEFINITION_CONTEXT('',#17273,'design');
#17267=PRODUCT_DEFINITION_FORMATION_WITH_SPECIFIED_SOURCE('','',#17269,
 .NOT_KNOWN.);
#17268=PRODUCT_RELATED_PRODUCT_CATEGORY('','',(#17269));
#17269=PRODUCT('Part 1','Part 1','Part 1',(#17271));
#17270=PRODUCT_CATEGORY('','');
#17271=PRODUCT_CONTEXT('',#17273,'mechanical');
#17272=APPLICATION_PROTOCOL_DEFINITION('international standard',
'ap242_managed_model_based_3d_engineering',2020,#17273);
#17273=APPLICATION_CONTEXT('managed model based 3d engineering');
ENDSEC;
END-ISO-10303-21;
